,home_team,away_team,Time,HS,AS,HST,AST,HC,AC,HF,AF,HY,AY,HR,AR,HTR,FTR,FTHG,FTAG,date,away_expected_points,away_xg,away_np_xg,away_np_xg_difference,away_ppda,away_deep_completions,home_expected_points,home_xg,home_np_xg,home_np_xg_difference,home_ppda,home_deep_completions,game_id,home_club_position,away_club_position,home_club_manager_name,away_club_manager_name,referee,home_club_formation,away_club_formation,home_club_id,away_club_id,home_xi_market_value,home_xi_average_age,home_xi_average_height,home_xi_total_caps,away_xi_market_value,away_xi_average_age,away_xi_average_height,away_xi_total_caps
0,Athletic Club,Barcelona,20:00,11,11,5,2,3,8,14,9,1,1,0,0,D,H,1,0,2019-08-16,1.8714,1.03621,1.03621,0.5790810000000001,7.0625,5,0.7887,0.457129,0.457129,-0.5790810000000001,15.0,3,3208627.0,6.0,15.0,Gaizka Garitano,Ernesto Valverde,Carlos del Cerro Grande,4-2-3-1,4-3-3 Attacking,621.0,131.0,153000000.0,26.781158608674012,180.45454545454547,87.0,720000000.0,26.795594549187978,180.8181818181818,617.0
1,Celta Vigo,Real Madrid,16:00,7,17,4,11,6,4,17,12,5,2,0,1,A,A,1,3,2019-08-17,1.7477,1.99723,1.99723,0.48557,14.08695652173913,8,0.9905,1.51166,1.51166,-0.48557,11.36842105263158,5,3208619.0,19.0,1.0,Fran Escribá,Zinédine Zidane,Estrada Fernández,4-4-2,4-3-3 Attacking,940.0,418.0,121000000.0,25.334577810963847,178.36363636363637,175.0,510000000.0,28.524671769024952,182.9090909090909,628.0
2,Valencia,Real Sociedad,18:00,14,12,6,3,3,3,13,14,4,4,1,0,D,D,1,1,2019-08-17,0.9553,1.79528,1.05213,-0.5185500000000001,7.269230769230769,6,1.7859999999999998,2.31396,1.57068,0.5185500000000001,18.3,7,3208624.0,11.0,12.0,Marcelino,Imanol Alguacil,Jesús Gil Manzano,4-4-2 double 6,4-2-3-1,1049.0,681.0,263000000.0,28.576193142928254,180.9090909090909,185.0,218000000.0,25.2278016302657,182.27272727272728,206.0
3,Mallorca,Eibar,19:00,16,11,4,5,9,3,13,14,2,3,0,0,H,H,2,1,2019-08-17,0.6798,0.794158,0.794158,-0.894402,6.954545454545454,6,2.076,1.68856,1.68856,0.894402,15.176470588235292,3,3208620.0,4.0,13.0,Vicente Moreno,José Luis Mendilibar,Mario Melero López,4-3-1-2,4-4-2 double 6,237.0,1533.0,18600000.0,27.42082011075851,180.8181818181818,53.0,42100000.0,29.035156493062036,182.1818181818182,20.0
4,Leganes,Osasuna,20:00,13,4,2,2,8,0,17,11,1,4,1,0,D,A,0,1,2019-08-17,0.373,0.188265,0.188265,-1.079755,9.833333333333334,2,2.383,1.26802,1.26802,1.079755,6.423076923076923,7,3208626.0,17.0,8.0,Mauricio Pellegrino,Jagoba Arrasate,Javier Alberola Rojas,5-3-2,4-2-3-1,1244.0,331.0,59300000.0,27.629145666106652,180.36363636363637,288.0,20100000.0,27.414597722605937,179.9090909090909,58.0
5,Villarreal,Granada,20:00,12,14,7,7,2,7,10,16,3,1,0,0,D,D,4,4,2019-08-17,1.3907,1.96668,1.2234,0.0346600000000001,12.826086956521738,2,1.3313,1.93202,1.18874,-0.0346600000000001,8.434782608695652,6,3208628.0,9.0,10.0,Javier Calleja,Diego Martínez,Adrián Cordero Vega,4-2-3-1,4-2-3-1,1050.0,16795.0,113000000.0,27.547259038018794,180.36363636363637,308.0,16900000.0,28.053263642586025,183.1818181818182,5.0
6,Alaves,Levante,16:00,9,16,2,4,2,9,18,15,2,1,0,0,D,H,1,0,2019-08-18,1.4713,0.859231,0.859231,0.1750709999999999,4.913043478260869,3,1.1599,0.68416,0.68416,-0.1750709999999999,13.15,3,3208623.0,7.0,18.0,Asier Garitano,Paco López,César Soto Grado,4-1-4-1,4-4-2 Diamond,1108.0,3368.0,61000000.0,27.71526351813826,182.45454545454547,80.0,58500000.0,27.364071930807043,180.27272727272728,116.0
7,Espanyol,Sevilla,18:00,7,12,2,4,8,4,11,17,2,2,0,0,A,A,0,2,2019-08-18,2.9074,2.40044,2.40044,2.2545610000000003,11.130434782608695,6,0.0532,0.145879,0.145879,-2.2545610000000003,11.275862068965518,0,3208622.0,20.0,2.0,David Gallego,Julen Lopetegui,Juan Martínez Munuera,4-4-2,4-3-3 Attacking,714.0,368.0,77500000.0,28.189658390890425,180.0909090909091,9.0,126500000.0,28.466181320390763,180.8181818181818,194.0
8,Real Betis,Real Valladolid,20:00,13,14,4,3,6,1,11,19,2,6,1,0,D,A,1,2,2019-08-18,0.8815999999999999,0.736026,0.736026,-0.504004,8.133333333333333,2,1.8218,1.24003,1.24003,0.504004,23.818181818181817,3,3208625.0,14.0,3.0,Rubi,Sergio,Santiago Jaime Latre,4-2-3-1,4-4-2,150.0,366.0,187500000.0,28.21230788376579,184.0,138.0,43300000.0,28.883828013191465,180.0909090909091,29.0
9,Atletico Madrid,Getafe,21:00,5,6,5,0,3,4,19,22,3,4,1,1,H,H,1,0,2019-08-18,0.0974,0.333556,0.333556,-1.369944,11.571428571428571,2,2.8418,2.44678,1.7035,1.369944,6.894736842105263,5,3208621.0,5.0,16.0,Diego Simeone,Pepe Bordalás,Guillermo Cuadra Fernández,4-4-2 double 6,4-4-2 double 6,13.0,3709.0,655000000.0,25.35847178146973,181.0909090909091,643.0,95000000.0,28.920166760002488,182.45454545454547,195.0
10,Granada,Sevilla,19:00,12,11,0,6,6,6,13,14,1,1,0,0,D,A,0,1,2019-08-23,2.271,1.39211,1.39211,0.963778,7.541666666666667,3,0.4884,0.428332,0.428332,-0.963778,11.333333333333334,6,3208643.0,14.0,1.0,Diego Martínez,Julen Lopetegui,José María Sánchez Martínez,4-2-3-1,4-3-3 Attacking,16795.0,368.0,16900000.0,28.069690747308815,183.1818181818182,5.0,124500000.0,29.058552672515713,180.72727272727272,235.0
11,Levante,Villarreal,21:00,16,23,4,6,7,3,5,9,1,2,0,0,A,H,2,1,2019-08-23,1.8518,2.82602,2.82602,2.234877,11.0,9,0.9146,2.07744,0.591143,-2.234877,9.884615384615383,2,3208645.0,10.0,13.0,Paco López,Javier Calleja,José Luis Munuera Montero,4-3-3 Attacking,4-4-2 double 6,3368.0,1050.0,63500000.0,28.703876547819053,180.0909090909091,85.0,114500000.0,28.28647875054446,180.54545454545453,307.0
12,Celta Vigo,Valencia,20:00,11,9,6,1,6,4,8,12,1,2,0,0,H,H,1,0,2019-08-24,0.2722,0.675601,0.675601,-0.958149,10.689655172413794,11,2.593,2.37702,1.63375,0.958149,18.916666666666668,8,3208641.0,12.0,16.0,Fran Escribá,Marcelino,Alejandro Hernández Hernández,4-4-2,4-4-2,940.0,1049.0,126000000.0,25.307199303092524,178.0909090909091,191.0,269000000.0,28.02389397050588,182.63636363636363,192.0
13,Getafe,Athletic Club,20:00,6,4,2,2,4,6,15,11,2,1,0,0,D,D,1,1,2019-08-24,1.4973,0.454246,0.454246,0.1884349999999999,5.421052631578948,2,0.978,0.265811,0.265811,-0.1884349999999999,7.0,4,3208642.0,15.0,5.0,Pepe Bordalás,Gaizka Garitano,Mateu Lahoz,4-4-2,4-2-3-1,3709.0,621.0,107000000.0,28.023893970505878,182.0909090909091,237.0,155500000.0,27.593304710347834,181.0,85.0
14,Osasuna,Eibar,16:00,6,12,2,0,6,6,15,12,4,4,0,0,D,D,0,0,2019-08-24,1.1032,0.65217,0.65217,-0.2042629999999999,4.541666666666667,4,1.5364000000000002,0.856433,0.856433,0.2042629999999999,4.125,6,3208647.0,8.0,17.0,Jagoba Arrasate,José Luis Mendilibar,Medié Jiménez,4-4-2 double 6,4-4-2 double 6,331.0,1533.0,20400000.0,26.60469168066704,180.27272727272728,58.0,44000000.0,29.305208138883703,179.54545454545453,20.0
15,Real Madrid,Real Valladolid,18:00,22,9,4,2,4,3,12,11,2,2,0,0,D,D,1,1,2019-08-24,1.0106,1.22209,1.22209,-0.5058900000000002,18.944444444444443,2,1.7207,1.72798,1.72798,0.5058900000000002,7.72,13,3208648.0,3.0,4.0,Zinédine Zidane,Sergio,Pablo González Fuertes,4-3-3 Attacking,4-4-2,418.0,366.0,555000000.0,29.117540912202102,183.36363636363637,596.0,47300000.0,27.13359467363574,180.72727272727272,72.0
16,Alaves,Espanyol,16:00,10,5,2,1,3,5,13,10,3,1,0,0,D,D,0,0,2019-08-25,0.7070000000000001,0.159461,0.159461,-0.5164580000000001,8.722222222222221,1,1.8239,0.675919,0.675919,0.5164580000000001,14.851851851851851,5,3208639.0,7.0,18.0,Asier Garitano,David Gallego,Eduardo Prieto Iglesias,4-1-4-1,4-1-4-1,1108.0,714.0,46800000.0,27.63088793478937,180.36363636363637,21.0,87300000.0,27.15325742019787,179.63636363636363,14.0
17,Mallorca,Real Sociedad,16:00,12,12,4,4,5,5,16,12,1,2,0,0,D,A,0,1,2019-08-25,1.9997000000000005,1.59382,1.59382,0.721825,8.176470588235293,7,0.7412000000000001,0.871995,0.871995,-0.721825,16.714285714285715,6,3208646.0,11.0,6.0,Vicente Moreno,Imanol Alguacil,Valentin Pizarro Gomez,4-2-3-1,4-2-3-1,237.0,681.0,18600000.0,27.442722917055566,180.8181818181818,53.0,218000000.0,25.24970443656275,182.27272727272728,206.0
18,Leganes,Atletico Madrid,18:00,10,6,4,4,9,4,12,13,4,5,0,0,D,A,0,1,2019-08-25,2.2734,1.39426,1.39426,1.014382,10.285714285714286,7,0.4832999999999999,0.379878,0.379878,-1.014382,10.851851851851851,10,3208644.0,19.0,2.0,Mauricio Pellegrino,Diego Simeone,De Burgos Bengoetxea,5-3-2,4-4-2 double 6,1244.0,13.0,59000000.0,27.11567419575633,181.0,353.0,665000000.0,25.632754651235143,182.0909090909091,629.0
19,Barcelona,Real Betis,20:00,20,4,7,3,11,0,14,12,1,1,0,0,D,H,5,2,2019-08-25,0.063,0.145785,0.145785,-2.705095,21.058823529411764,0,2.8905,2.85088,2.85088,2.705095,4.978260869565218,23,3208640.0,9.0,20.0,Ernesto Valverde,Rubi,González González,4-3-3 Attacking,4-2-3-1,131.0,150.0,615000000.0,27.0621616576442,180.45454545454547,558.0,195500000.0,26.575322008586895,180.8181818181818,324.0
20,Sevilla,Celta Vigo,19:00,19,2,5,1,9,1,16,9,4,2,0,0,D,D,1,1,2019-08-30,0.5286,0.454026,0.454026,-1.053844,14.894736842105264,2,2.2086,1.50787,1.50787,1.053844,5.757575757575758,10,3208656.0,2.0,8.0,Julen Lopetegui,Fran Escribá,Carlos del Cerro Grande,4-3-3 Attacking,4-4-2,368.0,940.0,119500000.0,28.97392819364072,180.63636363636363,234.0,126000000.0,25.323626407815315,178.0909090909091,191.0
21,Athletic Club,Real Sociedad,21:00,15,2,5,2,3,0,17,17,2,3,0,0,H,H,2,0,2019-08-30,0.4546,0.217717,0.217717,-0.946793,8.277777777777779,5,2.254,1.16451,1.16451,0.946793,9.085714285714284,5,3208649.0,3.0,10.0,Gaizka Garitano,Imanol Alguacil,Estrada Fernández,4-2-3-1,4-2-3-1,621.0,681.0,168000000.0,26.619127621181008,179.72727272727272,107.0,239000000.0,25.557837097878167,182.1818181818182,189.0
22,Real Betis,Leganes,20:00,17,19,5,7,11,8,14,15,4,2,0,0,D,H,2,1,2019-08-31,0.6577999999999999,1.44559,1.44559,-1.07885,14.944444444444445,5,2.138,2.52444,2.52444,1.07885,4.047619047619048,16,3208651.0,15.0,20.0,Rubi,Mauricio Pellegrino,Guillermo Cuadra Fernández,4-2-3-1,5-3-2,150.0,1244.0,181500000.0,28.168751166697778,181.9090909090909,426.0,67300000.0,27.384979154999687,181.0909090909091,260.0
23,Levante,Real Valladolid,18:00,16,15,3,4,6,6,9,10,2,2,0,0,D,H,2,0,2019-08-31,0.2657,1.02789,1.02789,-1.7506800000000002,8.789473684210526,7,2.6117,2.77857,2.77857,1.7506800000000002,8.80952380952381,8,3208654.0,4.0,13.0,Paco López,Sergio,Adrián Cordero Vega,4-4-2 double 6,4-4-2,3368.0,366.0,61500000.0,27.985564059486034,181.27272727272728,35.0,47500000.0,26.291083317777364,181.0,72.0
24,Osasuna,Barcelona,16:00,15,8,5,4,3,2,16,9,3,4,0,0,H,D,2,2,2019-08-31,0.3039,0.360967,0.360967,-0.626255,4.1,2,2.5305,1.7305,0.987222,0.626255,12.0,5,3208655.0,6.0,11.0,Jagoba Arrasate,Ernesto Valverde,Juan Martínez Munuera,4-4-2 double 6,4-3-3 Attacking,331.0,131.0,22600000.0,27.89845062535001,178.36363636363637,55.0,615000000.0,27.078588762366994,180.45454545454547,558.0
25,Getafe,Alaves,18:00,15,5,1,1,4,2,11,17,3,1,0,0,D,D,1,1,2019-08-31,1.4427,1.01227,1.01227,0.0401359999999999,11.625,3,1.1427,0.972134,0.972134,-0.0401359999999999,5.583333333333333,7,3208653.0,17.0,7.0,Pepe Bordalás,Asier Garitano,Mario Melero López,4-4-2,5-4-1,3709.0,1108.0,94500000.0,29.010266940451743,182.54545454545453,195.0,41800000.0,27.481052828075416,181.8181818181818,23.0
26,Valencia,Mallorca,16:00,9,12,4,1,7,4,6,19,0,1,0,0,H,H,2,0,2019-09-01,0.5479,1.16388,1.16388,0.559992,10.04,7,2.2183,2.09044,0.603888,-0.559992,13.421052631578949,5,3208657.0,9.0,14.0,Marcelino,Vicente Moreno,Javier Alberola Rojas,4-4-2 double 6,4-4-1-1,1049.0,237.0,289000000.0,27.47458154439674,181.27272727272728,248.0,18600000.0,27.46188787256549,180.8181818181818,53.0
27,Atletico Madrid,Eibar,18:00,7,6,3,2,1,1,9,15,0,3,0,0,A,H,3,2,2019-09-01,0.5316,0.847966,0.847966,-0.963434,10.44,3,2.2272000000000003,1.8114,1.8114,0.963434,7.428571428571429,7,3208650.0,1.0,18.0,Diego Simeone,José Luis Mendilibar,Santiago Jaime Latre,4-4-2 double 6,4-2-3-1,13.0,1533.0,600000000.0,25.212370107647313,180.45454545454547,450.0,34300000.0,30.45709663368801,179.0909090909091,55.0
28,Espanyol,Granada,18:00,15,14,3,6,8,6,6,13,2,3,0,0,A,A,0,3,2019-09-01,1.5623,1.58505,1.58505,0.24181,14.75,4,1.1576,1.34324,1.34324,-0.24181,15.77777777777778,10,3208652.0,19.0,12.0,David Gallego,Diego Martínez,César Soto Grado,4-3-3 Attacking,4-2-3-1,714.0,16795.0,97000000.0,27.675191338435692,179.63636363636363,13.0,18900000.0,28.205836600087114,182.54545454545453,99.0
29,Villarreal,Real Madrid,20:00,10,17,5,5,1,8,8,14,1,4,0,1,D,D,2,2,2019-09-01,1.0699,1.76659,1.76659,-0.3716600000000001,8.548387096774194,7,1.6624,2.13825,2.13825,0.3716600000000001,18.31578947368421,4,3208658.0,16.0,5.0,Javier Calleja,Zinédine Zidane,Jesús Gil Manzano,4-4-2 double 6,4-4-2 double 6,1050.0,418.0,107500000.0,27.935287163213243,181.0909090909091,303.0,545000000.0,27.98357289527721,183.8181818181818,504.0
30,Mallorca,Athletic Club,20:00,10,11,1,5,4,6,15,18,4,3,0,0,D,D,0,0,2019-09-13,0.7591,1.39203,0.648757,-0.7984629999999999,5.833333333333333,3,1.9909,2.1905,1.44722,0.7984629999999999,9.421052631578949,5,3208665.0,15.0,4.0,Vicente Moreno,Gaizka Garitano,Pablo González Fuertes,4-2-3-1,4-2-3-1,237.0,621.0,20200000.0,27.687636114740837,181.1818181818182,105.0,168000000.0,26.657457532200855,179.72727272727272,107.0
31,Real Sociedad,Atletico Madrid,17:30,14,12,5,2,5,5,13,10,1,3,0,0,D,H,2,0,2019-09-14,0.6084,1.06745,1.06745,-1.02106,14.36842105263158,14,2.1774,2.08851,2.08851,1.02106,9.571428571428571,6,3208667.0,7.0,2.0,Imanol Alguacil,Diego Simeone,Mateu Lahoz,4-2-3-1,4-4-2 double 6,681.0,13.0,197500000.0,25.807728206085496,181.45454545454547,233.0,598000000.0,26.128305643706053,180.72727272727272,500.0
32,Barcelona,Valencia,20:00,17,9,10,3,2,5,11,11,1,4,0,0,H,H,5,2,2019-09-14,0.4851999999999999,1.27064,1.27064,-1.34005,19.294117647058822,8,2.3251,2.61069,2.61069,1.34005,8.161290322580646,12,3208660.0,5.0,13.0,Ernesto Valverde,Albert Celades,José María Sánchez Martínez,4-3-3 Attacking,4-4-2 double 6,131.0,1049.0,645000000.0,25.823657519756082,180.27272727272728,579.0,279000000.0,28.061477194947418,180.63636363636363,230.0
33,Real Madrid,Levante,12:00,25,8,11,3,9,6,13,10,2,2,0,0,H,H,3,2,2019-09-14,0.5353,1.81125,1.81125,-1.49985,24.53333333333333,3,2.3041,3.3111,3.3111,1.49985,6.064516129032258,17,3208666.0,3.0,8.0,Zinédine Zidane,Paco López,De Burgos Bengoetxea,4-2-3-1,5-4-1,418.0,3368.0,520000000.0,28.249393317155125,182.1818181818182,613.0,52500000.0,28.168004480119468,181.9090909090909,35.0
34,Leganes,Villarreal,15:00,10,8,4,4,8,6,14,11,2,0,0,0,A,A,0,3,2019-09-14,2.5524,1.83013,1.83013,1.430214,10.904761904761903,5,0.2919,0.399916,0.399916,-1.430214,18.0,6,3208664.0,20.0,10.0,Mauricio Pellegrino,Javier Calleja,Medié Jiménez,4-4-2 double 6,4-3-3 Attacking,1244.0,1050.0,67000000.0,25.947358596229233,179.9090909090909,229.0,99500000.0,28.607056188165018,182.45454545454547,302.0
35,Eibar,Espanyol,11:00,11,7,1,2,7,2,14,16,2,4,0,1,D,A,1,2,2019-09-15,2.4469,1.64516,1.64516,1.077418,9.0,3,0.3604,0.567742,0.567742,-1.077418,8.6,3,3208663.0,19.0,17.0,José Luis Mendilibar,David Gallego,Valentin Pizarro Gomez,4-4-2 double 6,4-4-2,1533.0,714.0,42500000.0,30.415779976354926,179.0,55.0,88000000.0,28.539356605065027,182.0,14.0
36,Alaves,Sevilla,13:00,7,19,0,7,2,6,13,7,5,5,0,0,A,A,0,1,2019-09-15,1.5700999999999998,1.091,1.091,0.3173389999999999,8.8,13,1.0984999999999998,0.773661,0.773661,-0.3173389999999999,11.166666666666666,1,3208659.0,11.0,1.0,Asier Garitano,Julen Lopetegui,Alejandro Hernández Hernández,4-4-2 double 6,4-3-3 Attacking,1108.0,368.0,60500000.0,28.044054508120215,181.36363636363637,20.0,152000000.0,28.38777922966835,180.72727272727272,259.0
37,Celta Vigo,Granada,15:00,4,13,0,3,3,5,11,13,4,2,2,0,A,A,0,2,2019-09-15,2.2676000000000003,1.1436,1.1436,0.909879,6.5,2,0.4502,0.233721,0.233721,-0.909879,13.933333333333334,2,3208662.0,14.0,6.0,Fran Escribá,Diego Martínez,Eduardo Prieto Iglesias,4-4-2,4-2-3-1,940.0,16795.0,162500000.0,24.90946425238006,177.54545454545453,131.0,18900000.0,28.24416651110696,182.54545454545453,99.0
38,Real Valladolid,Osasuna,17:30,11,17,1,5,10,6,9,10,0,1,0,0,D,D,1,1,2019-09-15,2.6676999999999995,2.68375,2.68375,1.893144,10.05,10,0.2215,0.790606,0.790606,-1.893144,10.7,3,3208668.0,12.0,9.0,Sergio,Jagoba Arrasate,José Luis Munuera Montero,4-4-2 double 6,4-4-2 double 6,366.0,331.0,47500000.0,26.332151079584346,181.0,72.0,22600000.0,27.93951838715699,178.36363636363637,55.0
39,Real Betis,Getafe,20:00,7,12,2,4,5,6,11,28,3,6,2,0,A,D,1,1,2019-09-15,1.7656999999999998,1.49492,0.751644,0.4928309999999999,6.153846153846154,8,0.8828,1.00209,0.258813,-0.4928309999999999,6.153846153846154,1,3208661.0,16.0,18.0,Rubi,Pepe Bordalás,González González,4-2-3-1,4-4-2,150.0,3709.0,174500000.0,28.46145230539481,183.0,240.0,108500000.0,28.032854209445585,182.8181818181818,204.0
40,Osasuna,Real Betis,20:00,12,7,6,2,9,4,15,9,1,2,0,0,D,D,0,0,2019-09-20,0.1906999999999999,0.334273,0.334273,-1.866447,18.63636363636364,3,2.6990000000000003,2.20072,2.20072,1.866447,7.774193548387097,4,3208675.0,9.0,16.0,Jagoba Arrasate,Rubi,Carlos del Cerro Grande,4-4-2 double 6,4-2-3-1,331.0,150.0,32400000.0,28.596353680542588,179.27272727272728,55.0,169000000.0,27.576628710098934,181.0909090909091,367.0
41,Levante,Eibar,15:00,13,18,4,4,6,7,9,11,0,2,0,0,D,D,0,0,2019-09-21,1.0053999999999998,1.12755,1.12755,-0.4854499999999999,12.36842105263158,2,1.7383,1.613,1.613,0.4854499999999999,9.916666666666666,9,3208674.0,10.0,19.0,Paco López,José Luis Mendilibar,Javier Alberola Rojas,4-4-2,4-2-3-1,3368.0,1533.0,66000000.0,27.269491630887934,180.9090909090909,35.0,35600000.0,30.172609047352374,178.8181818181818,55.0
42,Atletico Madrid,Celta Vigo,17:30,20,6,5,3,13,3,14,12,3,5,0,0,D,D,0,0,2019-09-21,0.4754,0.582564,0.582564,-1.1373760000000002,17.916666666666668,3,2.3054,1.71994,1.71994,1.1373760000000002,9.148148148148149,10,3208670.0,6.0,13.0,Diego Simeone,Fran Escribá,Mario Melero López,4-4-2 double 6,4-2-3-1,13.0,940.0,568000000.0,26.317217348018172,180.9090909090909,528.0,123500000.0,26.201232032854207,178.9090909090909,236.0
43,Granada,Barcelona,20:00,9,8,4,1,4,5,22,12,3,2,0,0,H,H,2,0,2019-09-21,0.2592,0.557709,0.557709,-0.571841,5.2727272727272725,10,2.5958999999999994,1.87283,1.12955,0.571841,14.73076923076923,2,3208673.0,5.0,8.0,Diego Martínez,Ernesto Valverde,Guillermo Cuadra Fernández,4-2-3-1,4-3-3 Attacking,16795.0,131.0,18700000.0,27.791674444651857,181.36363636363637,99.0,585000000.0,27.043494493186483,182.0,586.0
44,Villarreal,Real Valladolid,12:00,18,7,6,3,4,8,12,8,2,1,0,0,D,H,2,0,2019-09-21,0.2531,0.434119,0.434119,-0.8582110000000001,16.22222222222222,1,2.6033,2.03561,1.29233,0.8582110000000001,5.0,6,3208678.0,7.0,12.0,Javier Calleja,Sergio,César Soto Grado,4-2-3-1,4-4-2 double 6,1050.0,366.0,97500000.0,28.567481799514653,181.54545454545453,302.0,46500000.0,27.336942318461823,180.63636363636363,45.0
45,Sevilla,Real Madrid,20:00,9,7,0,4,9,6,16,15,3,2,0,0,D,A,0,1,2019-09-22,2.1748,1.23916,1.23916,0.8445360000000001,10.448275862068966,9,0.5596000000000001,0.394624,0.394624,-0.8445360000000001,8.923076923076923,1,3208676.0,4.0,2.0,Julen Lopetegui,Zinédine Zidane,Juan Martínez Munuera,4-3-3 Attacking,4-2-3-1,368.0,418.0,146500000.0,28.926389148155064,181.8181818181818,238.0,613000000.0,28.671022338373465,183.8181818181818,567.0
46,Getafe,Mallorca,11:00,14,7,5,3,7,2,15,17,4,5,0,0,H,H,4,2,2019-09-22,0.2037,0.726341,0.726341,-1.239899,5.166666666666667,1,2.6895,2.70951,1.96624,1.239899,6.85,13,3208672.0,11.0,17.0,Pepe Bordalás,Vicente Moreno,Santiago Jaime Latre,4-4-2,4-1-4-1,3709.0,237.0,133000000.0,28.052019164955507,182.8181818181818,204.0,17800000.0,28.583162217659137,180.54545454545453,105.0
47,Espanyol,Real Sociedad,13:00,17,10,3,5,5,7,7,12,1,0,0,0,A,A,1,3,2019-09-22,2.0612,1.49572,1.49572,0.7938519999999999,11.68,8,0.6866,0.701868,0.701868,-0.7938519999999999,9.894736842105264,10,3208671.0,18.0,3.0,David Gallego,Imanol Alguacil,Adrián Cordero Vega,4-4-2 double 6,4-2-3-1,714.0,681.0,80000000.0,27.616700889801507,180.72727272727272,16.0,227500000.0,26.5412233215108,180.9090909090909,177.0
48,Valencia,Leganes,15:00,13,13,4,4,6,6,14,23,3,4,0,0,D,D,1,1,2019-09-22,1.2285,1.52139,1.52139,0.598931,11.576923076923077,3,1.4985,1.66574,0.922459,-0.598931,9.0,5,3208677.0,14.0,20.0,Albert Celades,Mauricio Pellegrino,Estrada Fernández,4-4-2,3-4-1-2,1049.0,1244.0,313000000.0,27.880530147470598,182.45454545454547,196.0,56500000.0,26.578059859374026,180.72727272727272,166.0
49,Athletic Club,Alaves,17:30,13,5,4,1,3,2,11,19,1,4,0,0,H,H,2,0,2019-09-22,0.3024,0.522331,0.522331,-0.6695890000000001,10.533333333333331,1,2.523,1.9352,1.19192,0.6695890000000001,9.136363636363637,5,3208669.0,1.0,15.0,Gaizka Garitano,Asier Garitano,Jesús Gil Manzano,4-2-3-1,4-1-4-1,621.0,1108.0,187500000.0,27.348889303714767,179.72727272727272,107.0,55300000.0,28.79223445958559,181.36363636363637,20.0
50,Barcelona,Villarreal,20:00,8,11,4,3,6,5,4,13,4,2,0,0,H,H,2,1,2019-09-24,1.1797,0.54607,0.54607,-0.0977949999999999,12.88888888888889,4,1.3981,0.643865,0.643865,0.0977949999999999,13.727272727272728,15,3208679.0,6.0,8.0,Ernesto Valverde,Javier Calleja,De Burgos Bengoetxea,4-3-3 Attacking,4-2-3-1,131.0,1050.0,695000000.0,28.05600149337316,181.36363636363637,777.0,126000000.0,27.128865658639782,180.63636363636363,305.0
51,Real Betis,Levante,19:00,17,17,5,3,5,2,11,11,2,2,0,0,D,H,3,1,2019-09-24,0.8318,1.93984,1.93984,-0.7985200000000001,23.666666666666668,6,1.9511,2.73836,2.73836,0.7985200000000001,10.545454545454543,14,3208680.0,9.0,11.0,Rubi,Paco López,Eduardo Prieto Iglesias,4-4-2 double 6,4-3-3 Attacking,150.0,3368.0,149500000.0,29.46450127558957,183.0,410.0,48300000.0,29.416962230103913,181.54545454545453,6.0
52,Real Valladolid,Granada,18:00,9,6,5,4,6,3,21,18,3,2,0,0,D,D,1,1,2019-09-24,0.7126,0.650478,0.650478,-0.616782,7.461538461538462,3,1.9579,1.26726,1.26726,0.616782,10.090909090909092,2,3208688.0,15.0,5.0,Sergio,Diego Martínez,Valentin Pizarro Gomez,4-4-2 double 6,4-4-2 double 6,366.0,16795.0,46800000.0,27.560699396428348,179.27272727272728,29.0,20100000.0,27.52411175409122,184.63636363636363,42.0
53,Leganes,Athletic Club,18:00,7,9,3,2,4,5,11,12,0,1,0,0,D,D,1,1,2019-09-25,2.1563,1.29281,0.549662,0.053458,5.032258064516129,2,0.5708,0.496204,0.496204,-0.053458,14.91304347826087,4,3208683.0,20.0,4.0,Mauricio Pellegrino,Gaizka Garitano,González González,5-3-2,4-2-3-1,1244.0,621.0,60000000.0,25.527471843693608,180.9090909090909,212.0,151000000.0,27.69560077157613,181.45454545454547,47.0
54,Mallorca,Atletico Madrid,18:00,9,13,3,3,8,5,8,15,3,5,0,1,A,A,0,2,2019-09-25,1.783,1.21545,1.21545,0.5419729999999999,8.73076923076923,10,0.9073,0.673477,0.673477,-0.5419729999999999,20.0,3,3208684.0,19.0,3.0,Vicente Moreno,Diego Simeone,Alejandro Hernández Hernández,4-1-4-1,4-4-2 double 6,237.0,13.0,25100000.0,27.913384356916186,180.27272727272728,101.0,523000000.0,26.774687324995337,182.9090909090909,442.0
55,Valencia,Getafe,19:00,8,18,4,5,4,5,14,26,1,4,0,0,H,D,3,3,2019-09-25,2.0607,2.65542,2.65542,0.9772299999999998,7.236842105263157,8,0.738,1.67819,1.67819,-0.9772299999999998,5.0,4,3208687.0,14.0,10.0,Albert Celades,Pepe Bordalás,José Luis Munuera Montero,4-4-2,4-4-2,1049.0,3709.0,230500000.0,27.045485657395307,180.27272727272728,106.0,133000000.0,28.060232717316907,182.8181818181818,204.0
56,Real Madrid,Osasuna,20:00,15,4,4,0,7,5,13,13,2,2,0,0,H,H,2,0,2019-09-25,0.105,0.11469,0.11469,-1.87246,8.257142857142858,5,2.8131,1.98715,1.98715,1.87246,7.46875,4,3208685.0,1.0,12.0,Zinédine Zidane,Jagoba Arrasate,Mateu Lahoz,4-3-3 Attacking,4-4-2 double 6,418.0,331.0,409000000.0,25.717379130110135,182.0,341.0,24200000.0,27.62889677058055,178.27272727272728,54.0
57,Eibar,Sevilla,18:00,11,7,4,4,3,1,11,19,3,4,0,0,A,H,3,2,2019-09-26,1.0274,1.3532,1.3532,0.3971059999999999,8.91304347826087,5,1.6526,1.69937,0.956094,-0.3971059999999999,9.757575757575758,6,3208682.0,18.0,7.0,José Luis Mendilibar,Julen Lopetegui,Pablo González Fuertes,4-2-3-1,4-3-3 Attacking,1533.0,368.0,38100000.0,30.598220396988367,180.0,56.0,134500000.0,28.624727770518327,179.54545454545453,225.0
58,Celta Vigo,Espanyol,19:00,14,10,3,4,6,4,5,17,2,5,0,0,D,D,1,1,2019-09-26,1.6744,1.50653,1.50653,0.3818299999999999,15.2,7,1.0423,1.1247,1.1247,-0.3818299999999999,8.703703703703704,9,3208681.0,13.0,16.0,Fran Escribá,David Gallego,José María Sánchez Martínez,4-4-2 double 6,4-4-2 double 6,940.0,714.0,131000000.0,25.768900504013438,176.63636363636363,190.0,74500000.0,28.134901375147784,180.54545454545453,21.0
59,Real Sociedad,Alaves,20:00,21,5,7,0,5,3,7,20,1,4,0,1,H,H,3,0,2019-09-26,0.0177,0.195935,0.195935,-2.126505,12.636363636363637,1,2.9697,3.80899,2.32244,2.126505,9.26086956521739,11,3208686.0,2.0,17.0,Imanol Alguacil,Asier Garitano,Medié Jiménez,4-2-3-1,4-1-4-1,681.0,1108.0,201000000.0,25.15611971874805,181.0,175.0,54600000.0,25.92346462572335,181.27272727272728,35.0
60,Villarreal,Real Betis,20:00,17,11,10,6,3,7,13,8,2,2,0,0,H,H,5,1,2019-09-27,0.1716,0.667105,0.667105,-1.546055,11.210526315789474,7,2.7459,2.95644,2.21316,1.546055,9.862068965517242,5,3208701.0,8.0,11.0,Javier Calleja,Rubi,Estrada Fernández,4-3-3 Attacking,4-4-2 double 6,1050.0,150.0,112000000.0,28.036836537863234,181.63636363636363,311.0,152000000.0,27.718748055503703,184.72727272727272,123.0
61,Athletic Club,Valencia,12:00,14,10,3,6,7,7,14,12,2,5,0,0,A,A,0,1,2019-09-28,2.1865,2.10545,2.10545,1.0569699999999995,11.1,10,0.5992,1.04848,1.04848,-1.0569699999999995,9.307692307692308,6,3208693.0,7.0,9.0,Gaizka Garitano,Albert Celades,Mario Melero López,4-2-3-1,4-4-2 double 6,621.0,1049.0,187500000.0,27.365316408437558,179.72727272727272,107.0,265000000.0,27.897952834297804,182.45454545454547,193.0
62,Getafe,Barcelona,15:00,8,10,1,6,4,1,23,17,4,4,0,1,A,A,0,2,2019-09-28,1.5469,1.3084,1.3084,0.2276,5.65,3,1.1536,1.0808,1.0808,-0.2276,7.970588235294118,7,3208697.0,16.0,5.0,Pepe Bordalás,Ernesto Valverde,Jesús Gil Manzano,4-4-2,4-3-3 Attacking,3709.0,131.0,126500000.0,27.709787816563995,180.72727272727272,204.0,615000000.0,26.78190529525232,182.0,597.0
63,Granada,Leganes,17:30,11,15,4,6,8,3,19,12,3,4,0,0,H,H,1,0,2019-09-28,1.5697,0.989332,0.989332,0.271034,7.4,2,1.0867,0.718298,0.718298,-0.271034,7.2,6,3208698.0,2.0,20.0,Diego Martínez,Mauricio Pellegrino,Adrián Cordero Vega,4-2-3-1,3-4-1-2,16795.0,1244.0,23500000.0,27.810839400161782,181.36363636363637,99.0,61000000.0,25.666106651732935,183.27272727272728,298.0
64,Atletico Madrid,Real Madrid,20:00,7,14,1,3,5,7,14,14,1,2,0,0,D,D,0,0,2019-09-28,0.8356999999999999,0.379757,0.379757,-0.439655,9.192307692307692,4,1.7816,0.819412,0.819412,0.439655,14.0,4,3208694.0,3.0,1.0,Diego Simeone,Zinédine Zidane,González González,4-4-2 double 6,4-3-3 Attacking,13.0,418.0,588000000.0,26.38616140874868,182.0,529.0,603000000.0,28.53811212743451,184.0,535.0
65,Alaves,Mallorca,15:00,11,5,6,1,4,1,16,14,2,3,0,0,D,H,2,0,2019-09-29,0.1462,0.16946,0.16946,-0.9288,11.26086956521739,2,2.7487000000000004,1.84115,1.09826,0.9288,7.818181818181818,6,3208692.0,13.0,19.0,Asier Garitano,Vicente Moreno,Carlos del Cerro Grande,4-4-2,4-2-3-1,1108.0,237.0,39500000.0,27.883765789309937,181.36363636363637,51.0,26400000.0,27.687636114740837,179.63636363636363,101.0
66,Levante,Osasuna,17:30,10,18,5,3,7,11,12,12,6,0,1,0,H,D,1,1,2019-09-29,0.6561,0.758419,0.758419,-0.794451,7.608695652173913,6,2.0988,1.55287,1.55287,0.794451,8.565217391304348,8,3208699.0,15.0,12.0,Paco López,Jagoba Arrasate,César Soto Grado,4-4-2 double 6,4-4-2 double 6,3368.0,331.0,65000000.0,27.922842386908098,181.0,37.0,43700000.0,28.620994337626783,179.27272727272728,55.0
67,Espanyol,Real Valladolid,11:00,16,9,2,6,4,3,16,13,2,0,1,0,A,A,0,2,2019-09-29,2.2879,2.13178,1.38863,0.441452,13.45,6,0.5236,0.947178,0.947178,-0.441452,5.866666666666666,9,3208696.0,18.0,10.0,David Gallego,Sergio,Guillermo Cuadra Fernández,4-2-3-1,4-4-2 double 6,714.0,366.0,78500000.0,27.952958745566548,181.0909090909091,25.0,37800000.0,27.824777549623548,179.45454545454547,29.0
68,Eibar,Celta Vigo,13:00,7,3,3,2,6,5,17,15,3,1,0,0,D,H,2,0,2019-09-29,1.0823,0.826593,0.0833155,-0.9445945,4.833333333333333,4,1.487,1.02791,1.02791,0.9445945,11.038461538461538,8,3208695.0,14.0,17.0,José Luis Mendilibar,Fran Escribá,Juan Martínez Munuera,4-3-3 Attacking,4-4-2 double 6,1533.0,940.0,43800000.0,29.24348204841018,178.8181818181818,56.0,129000000.0,25.868458714454608,179.8181818181818,240.0
69,Sevilla,Real Sociedad,20:00,21,5,8,2,7,0,9,8,1,1,0,0,D,H,3,2,2019-09-29,0.7241000000000001,0.774246,0.774246,-0.827704,14.88888888888889,4,2.018,1.60195,1.60195,0.827704,16.294117647058822,17,3208700.0,4.0,6.0,Julen Lopetegui,Imanol Alguacil,Javier Alberola Rojas,4-3-3 Attacking,4-2-3-1,368.0,681.0,162000000.0,28.19438740588638,179.54545454545453,305.0,206500000.0,27.216476883828012,182.36363636363637,149.0
70,Real Betis,Eibar,20:00,12,8,3,2,4,9,7,20,3,6,0,1,A,D,1,1,2019-10-04,0.8824,1.18435,0.441072,-1.3027479999999998,7.333333333333333,1,1.8283,1.74382,1.74382,1.3027479999999998,11.545454545454543,7,3208704.0,15.0,14.0,Rubi,José Luis Mendilibar,Alejandro Hernández Hernández,4-4-2 double 6,4-3-3 Attacking,150.0,1533.0,151000000.0,28.073921971252563,182.27272727272728,341.0,41300000.0,29.72609047352374,178.45454545454547,56.0
71,Leganes,Levante,12:00,25,9,10,2,9,4,10,7,3,5,0,0,A,A,1,2,2019-10-05,0.1633,1.08538,0.342101,-2.142789,21.5,4,2.7502,3.28469,2.48489,2.142789,6.576923076923077,7,3208706.0,20.0,9.0,Mauricio Pellegrino,Paco López,José Luis Munuera Montero,3-4-1-2,4-4-2 double 6,1244.0,3368.0,57200000.0,25.766909339804617,181.54545454545453,155.0,64500000.0,28.07342418020036,181.0909090909091,6.0
72,Real Madrid,Granada,15:00,17,8,10,5,6,2,12,18,4,5,0,0,H,H,4,2,2019-10-05,0.5997,1.6065,0.863224,-1.920076,9.2,3,2.1954,2.7833,2.7833,1.920076,8.3,6,3208709.0,1.0,4.0,Zinédine Zidane,Diego Martínez,Santiago Jaime Latre,4-3-3 Attacking,4-2-3-1,418.0,16795.0,564000000.0,27.947980835044493,183.1818181818182,408.0,23500000.0,27.830004355671704,181.36363636363637,99.0
73,Valencia,Alaves,17:30,11,10,3,4,4,7,7,16,1,3,0,0,H,H,2,1,2019-10-05,1.1629,1.4742,1.4742,0.5094519999999999,14.904761904761903,5,1.5607,1.7079,0.964748,-0.5094519999999999,18.1,0,3208711.0,7.0,17.0,Albert Celades,Asier Garitano,Eduardo Prieto Iglesias,4-4-2 double 6,4-4-2 double 6,1049.0,1108.0,257000000.0,28.46842138012569,181.8181818181818,175.0,44800000.0,27.91960674506876,183.0,35.0
74,Osasuna,Villarreal,20:00,16,16,4,5,8,9,9,15,2,2,0,0,A,H,2,1,2019-10-05,2.3506,2.52105,2.52105,1.38291,14.466666666666669,5,0.4680999999999999,1.13814,1.13814,-1.38291,13.444444444444445,10,3208708.0,10.0,11.0,Jagoba Arrasate,Javier Calleja,Valentin Pizarro Gomez,4-4-2 double 6,4-3-3 Attacking,331.0,1050.0,42500000.0,29.274842884699147,178.63636363636363,55.0,136000000.0,27.61222077033165,181.27272727272728,366.0
75,Mallorca,Espanyol,11:00,9,11,3,3,2,4,11,11,1,3,0,0,H,H,2,0,2019-10-06,0.9952,0.731578,0.731578,-0.2980520000000001,6.785714285714286,5,1.669,1.02963,1.02963,0.2980520000000001,19.142857142857142,1,3208707.0,18.0,19.0,Vicente Moreno,David Gallego,De Burgos Bengoetxea,4-2-3-1,4-2-3-1,237.0,714.0,20300000.0,28.0171737913011,180.72727272727272,53.0,72000000.0,27.333208885570283,178.63636363636363,19.0
76,Celta Vigo,Athletic Club,13:00,13,6,2,2,6,4,8,20,0,5,0,0,D,H,1,0,2019-10-06,0.1616,0.127135,0.127135,-1.788155,12.304347826086955,3,2.7122,1.91529,1.91529,1.788155,14.11111111111111,4,3208705.0,16.0,8.0,Fran Escribá,Gaizka Garitano,Medié Jiménez,4-4-2 double 6,4-2-3-1,940.0,621.0,123500000.0,26.24229979466119,178.9090909090909,236.0,169500000.0,27.849667102233834,181.63636363636363,105.0
77,Real Valladolid,Atletico Madrid,15:00,5,9,1,1,3,4,15,14,6,4,0,0,D,D,0,0,2019-10-06,1.0699,0.768197,0.768197,0.5414100000000001,7.0344827586206895,5,1.5313,0.969549,0.226787,-0.5414100000000001,13.588235294117649,2,3208712.0,13.0,3.0,Sergio,Diego Simeone,José María Sánchez Martínez,4-4-2 double 6,4-4-2 double 6,366.0,13.0,36800000.0,27.915873312177215,180.72727272727272,31.0,620000000.0,26.137763673697965,182.45454545454547,616.0
78,Real Sociedad,Getafe,17:30,6,13,3,4,3,8,20,15,2,4,1,0,H,A,1,2,2019-10-06,1.4018,0.86893,0.86893,0.098441,6.208333333333333,3,1.2338,0.770489,0.770489,-0.098441,4.476190476190476,2,3208710.0,6.0,12.0,Imanol Alguacil,Pepe Bordalás,Pablo González Fuertes,4-3-3 Attacking,4-4-2,681.0,3709.0,205000000.0,26.554912575446455,180.8181818181818,173.0,117000000.0,28.741459772260598,183.1818181818182,243.0
79,Barcelona,Sevilla,20:00,15,16,8,4,7,10,10,12,5,3,2,0,H,H,4,0,2019-10-06,1.7977,3.03653,3.03653,0.6332900000000001,11.433333333333334,8,1.0003,2.40324,2.40324,-0.6332900000000001,10.521739130434783,5,3208703.0,2.0,5.0,Ernesto Valverde,Julen Lopetegui,Mateu Lahoz,4-3-3 Attacking,4-3-3 Attacking,131.0,368.0,644000000.0,27.15649306203721,180.8181818181818,737.0,139500000.0,29.147408375334454,179.8181818181818,259.0
80,Granada,Osasuna,20:00,6,9,2,4,2,7,12,17,2,8,0,1,H,H,1,0,2019-10-18,1.6039,0.658856,0.658856,0.297877,7.7894736842105265,3,0.9553,0.360979,0.360979,-0.297877,8.11111111111111,4,3208719.0,3.0,13.0,Diego Martínez,Jagoba Arrasate,Estrada Fernández,4-4-2 double 6,4-2-3-1,16795.0,331.0,28500000.0,26.782651981830625,184.54545454545453,47.0,39200000.0,28.051521373903302,179.0909090909091,58.0
81,Eibar,Barcelona,12:00,5,9,0,4,2,2,16,14,5,0,0,0,A,A,0,3,2019-10-19,2.6128,1.72534,1.72534,1.5125430000000002,12.833333333333334,10,0.2344,0.212797,0.212797,-1.5125430000000002,16.217391304347824,4,3208716.0,16.0,1.0,José Luis Mendilibar,Ernesto Valverde,Mario Melero López,4-4-2 double 6,4-3-3 Attacking,1533.0,131.0,37600000.0,31.172422375707797,179.72727272727272,20.0,785000000.0,27.86584531143053,179.36363636363637,902.0
82,Atletico Madrid,Valencia,15:00,15,11,4,3,2,4,18,12,2,1,0,1,H,D,1,1,2019-10-19,0.6678,0.757907,0.757907,-0.0422559999999999,11.38888888888889,12,2.0463,1.54344,0.800163,0.0422559999999999,9.433333333333334,7,3208715.0,6.0,8.0,Diego Simeone,Albert Celades,Adrián Cordero Vega,4-4-2 double 6,4-3-3 Attacking,13.0,1049.0,603000000.0,26.45859000684463,184.1818181818182,536.0,235000000.0,28.329537676560264,182.36363636363637,196.0
83,Getafe,Leganes,17:30,5,7,2,3,2,3,17,19,1,4,0,0,D,H,2,0,2019-10-19,0.6174,0.372249,0.372249,-0.671251,5.727272727272728,5,2.0715,1.0435,1.0435,0.671251,4.194444444444445,1,3208718.0,9.0,20.0,Pepe Bordalás,Mauricio Pellegrino,Juan Martínez Munuera,4-4-2,3-4-1-2,3709.0,1244.0,130500000.0,28.034347582602205,183.36363636363637,204.0,35700000.0,29.210627838964594,181.63636363636363,189.0
84,Mallorca,Real Madrid,20:00,5,13,1,4,4,4,20,14,2,2,0,1,H,H,1,0,2019-10-19,1.8508,0.808026,0.808026,0.562377,5.225806451612903,8,0.736,0.245649,0.245649,-0.562377,13.909090909090908,1,3208720.0,15.0,2.0,Vicente Moreno,Zinédine Zidane,Javier Alberola Rojas,4-2-3-1,4-4-2 double 6,237.0,418.0,20300000.0,28.05276585153382,180.72727272727272,53.0,448000000.0,26.760500280007467,182.1818181818182,592.0
85,Sevilla,Levante,20:00,19,12,5,5,9,1,10,11,2,2,0,0,D,H,1,0,2019-10-20,0.1776,0.459674,0.459674,-2.124686,13.27777777777778,2,2.7327,2.58436,2.58436,2.124686,4.84375,8,3208722.0,5.0,11.0,Julen Lopetegui,Paco López,Guillermo Cuadra Fernández,4-3-3 Attacking,4-3-3 Attacking,368.0,3368.0,156000000.0,28.48683964905731,179.27272727272728,242.0,63400000.0,27.897703938771702,181.0,6.0
86,Espanyol,Villarreal,15:00,18,11,3,5,7,3,11,14,2,1,0,0,A,A,0,1,2019-10-20,2.166,1.64809,1.64809,0.901868,9.894736842105264,3,0.6035999999999999,0.746222,0.746222,-0.901868,7.0,6,3208717.0,19.0,7.0,Pablo Machín,Javier Calleja,Carlos del Cerro Grande,3-4-2-1,4-3-3 Attacking,714.0,1050.0,82300000.0,27.25132225748242,181.0,38.0,117500000.0,28.47563935038268,181.0909090909091,315.0
87,Athletic Club,Real Valladolid,17:30,19,9,7,3,3,4,12,9,2,3,0,0,H,D,1,1,2019-10-20,0.7131000000000001,0.672979,0.672979,-0.8325610000000001,14.0,3,2.0229,1.50554,1.50554,0.8325610000000001,9.041666666666666,1,3208714.0,10.0,14.0,Gaizka Garitano,Sergio,Jesús Gil Manzano,4-2-3-1,4-4-2 double 6,621.0,366.0,169500000.0,26.93597162591002,179.36363636363637,107.0,36800000.0,27.787194325182007,181.9090909090909,58.0
88,Alaves,Celta Vigo,11:00,12,14,5,2,4,6,20,5,5,1,0,0,D,H,2,0,2019-10-20,0.6786,1.1334,1.1334,-0.94969,9.38888888888889,7,2.0955,2.08309,2.08309,0.94969,9.77777777777778,8,3208713.0,12.0,18.0,Asier Garitano,Fran Escribá,González González,4-4-2 double 6,4-4-2 double 6,1108.0,940.0,65800000.0,28.223259286914313,180.8181818181818,22.0,116000000.0,25.867463132350192,179.36363636363637,167.0
89,Real Sociedad,Real Betis,13:00,18,12,6,5,11,2,23,12,4,2,0,0,H,H,3,1,2019-10-20,0.7596,0.63684,0.63684,-0.69264,10.95,5,1.9536,1.32948,1.32948,0.69264,6.666666666666667,11,3208721.0,4.0,17.0,Imanol Alguacil,Rubi,César Soto Grado,4-2-3-1,4-4-2 double 6,681.0,150.0,211000000.0,25.02793852280505,181.1818181818182,195.0,167500000.0,29.38634808039325,183.36363636363637,173.0
90,Villarreal,Alaves,20:00,19,12,8,3,5,4,12,13,2,2,0,0,H,H,4,1,2019-10-25,0.2293,0.591294,0.591294,-1.969686,13.2,1,2.6623,2.56098,2.56098,1.969686,7.3,5,3208731.0,7.0,13.0,Javier Calleja,Asier Garitano,Medié Jiménez,4-3-3 Attacking,4-4-2,1050.0,1108.0,117000000.0,28.548067948478625,182.0,315.0,65800000.0,28.23694854084998,180.8181818181818,22.0
91,Leganes,Mallorca,15:00,9,9,3,1,4,5,19,13,4,1,0,0,H,H,1,0,2019-10-26,0.5869,0.858516,0.858516,-0.903184,9.333333333333334,3,2.1691000000000003,1.7617,1.7617,0.903184,8.535714285714286,1,3208727.0,20.0,15.0,Luis Cembranos,Vicente Moreno,Eduardo Prieto Iglesias,4-3-3 Attacking,4-3-3 Attacking,1244.0,237.0,54300000.0,28.192396241677557,180.72727272727272,191.0,20300000.0,28.071930807043746,180.72727272727272,53.0
92,Real Valladolid,Eibar,17:30,8,13,4,3,4,3,13,13,1,2,0,0,H,H,2,0,2019-10-26,0.1935,0.395075,0.395075,-1.559885,6.090909090909091,4,2.691,1.95496,1.95496,1.559885,14.5,2,3208732.0,8.0,16.0,Sergio,José Luis Mendilibar,José Luis Munuera Montero,4-4-2 double 6,4-3-3 Attacking,366.0,1533.0,36800000.0,27.803621429904798,181.9090909090909,58.0,41300000.0,29.17578246531019,179.8181818181818,20.0
93,Atletico Madrid,Athletic Club,20:00,9,9,2,2,7,7,14,9,2,2,0,0,H,H,2,0,2019-10-26,0.1719,0.328031,0.328031,-1.620939,15.76923076923077,4,2.718,1.94897,1.94897,1.620939,9.333333333333334,4,3208723.0,6.0,12.0,Diego Simeone,Gaizka Garitano,Andrés Hernández,4-4-2 double 6,4-2-3-1,13.0,621.0,515000000.0,26.084997822164144,180.36363636363637,447.0,172500000.0,26.59174911330969,180.0909090909091,108.0
94,Sevilla,Getafe,17:30,15,9,8,4,5,0,13,18,2,3,0,0,D,H,2,0,2019-10-27,0.2742,0.62652,0.62652,-1.51407,7.675675675675675,4,2.5833,2.14059,2.14059,1.51407,3.857142857142857,4,3208730.0,5.0,11.0,Julen Lopetegui,Pepe Bordalás,José María Sánchez Martínez,4-3-3 Attacking,4-4-2 double 6,368.0,3709.0,156000000.0,28.506004604567234,179.27272727272728,242.0,107300000.0,28.435069379627905,184.0909090909091,114.0
95,Celta Vigo,Real Sociedad,11:00,9,9,1,4,3,7,20,12,5,2,1,0,D,A,0,1,2019-10-27,1.4306,0.967791,0.967791,0.1214759999999999,9.466666666666669,4,1.2128,0.846315,0.846315,-0.1214759999999999,11.047619047619047,1,3208725.0,18.0,4.0,Fran Escribá,Imanol Alguacil,Valentin Pizarro Gomez,4-4-2 double 6,4-2-3-1,940.0,681.0,128500000.0,25.634496919917865,178.9090909090909,193.0,228500000.0,25.400784020907224,181.72727272727272,205.0
96,Granada,Real Betis,13:00,13,12,3,0,4,2,13,8,3,4,0,0,D,H,1,0,2019-10-27,0.6164,0.683829,0.683829,-0.934481,14.909090909090908,5,2.144,1.61831,1.61831,0.934481,20.72222222222222,5,3208726.0,1.0,17.0,Diego Martínez,Rubi,Mateu Lahoz,4-2-3-1,4-1-4-1,16795.0,150.0,27500000.0,26.594735859622926,182.1818181818182,99.0,153000000.0,27.849418206707732,182.0909090909091,347.0
97,Levante,Espanyol,15:00,7,14,3,3,4,7,10,26,2,3,0,0,A,A,0,1,2019-10-27,1.9113,0.928166,0.928166,0.5966150000000001,5.888888888888889,1,0.7242,0.331551,0.331551,-0.5966150000000001,9.3,1,3208728.0,14.0,19.0,Paco López,Pablo Machín,Pablo González Fuertes,4-3-3 Attacking,3-4-2-1,3368.0,714.0,63000000.0,28.15282185302719,181.0909090909091,6.0,78800000.0,27.500466679111444,181.1818181818182,35.0
98,Osasuna,Valencia,20:00,21,2,13,1,6,1,8,6,1,1,0,1,D,H,3,1,2019-10-27,0.1568,0.836057,0.836057,-2.249663,14.22222222222222,4,2.7482,3.08572,3.08572,2.249663,5.366666666666666,13,3208729.0,9.0,10.0,Jagoba Arrasate,Albert Celades,Santiago Jaime Latre,4-4-2 double 6,4-4-2,331.0,1049.0,42700000.0,29.04486341858005,179.8181818181818,58.0,270500000.0,27.81656399726215,180.8181818181818,72.0
99,Alaves,Atletico Madrid,18:00,11,9,3,3,4,1,23,16,3,3,0,0,D,D,1,1,2019-10-29,2.4337,1.72516,1.72516,1.282413,5.258064516129032,6,0.3769,0.442747,0.442747,-1.282413,7.230769230769231,2,3208742.0,16.0,5.0,Asier Garitano,Diego Simeone,Estrada Fernández,4-4-2 double 6,4-4-2 double 6,1108.0,13.0,65800000.0,28.247899943998508,180.8181818181818,22.0,403000000.0,26.349324870885447,181.0909090909091,374.0
100,Barcelona,Real Valladolid,20:15,18,9,9,1,6,3,9,14,0,3,0,0,H,H,5,1,2019-10-29,0.1547,1.2024,1.2024,-2.57616,12.961538461538462,2,2.7704,3.77856,3.77856,2.57616,10.521739130434783,12,3208744.0,1.0,13.0,Ernesto Valverde,Sergio,Javier Alberola Rojas,4-3-3 Attacking,5-4-1,131.0,366.0,609000000.0,28.131416837782343,181.27272727272728,906.0,39500000.0,27.246344346960367,180.9090909090909,20.0
101,Real Betis,Celta Vigo,20:00,11,18,7,5,5,10,16,17,6,1,0,0,H,H,2,1,2019-10-30,1.7577,1.59702,0.853745,-0.263865,6.24,9,0.9621,1.11761,1.11761,0.263865,14.31578947368421,0,3208745.0,15.0,18.0,Rubi,Fran Escribá,Jesús Gil Manzano,4-2-3-1,4-4-2,150.0,940.0,155500000.0,27.49847551490262,182.8181818181818,183.0,128500000.0,25.92346462572335,177.0909090909091,184.0
102,Athletic Club,Espanyol,19:00,7,12,5,5,2,5,13,20,0,1,0,0,H,H,3,0,2019-10-30,1.4473,0.561641,0.561641,0.1514699999999999,4.7560975609756095,3,1.0924,0.410171,0.410171,-0.1514699999999999,9.884615384615383,4,3208743.0,8.0,19.0,Gaizka Garitano,Pablo Machín,Juan Martínez Munuera,4-2-3-1,3-5-2 flat,621.0,714.0,187500000.0,26.786136519196067,179.72727272727272,107.0,71800000.0,27.755086802314725,181.54545454545453,27.0
103,Real Madrid,Leganes,20:15,22,5,11,3,8,3,12,12,1,5,0,0,H,H,5,0,2019-10-30,0.0011,0.240435,0.240435,-3.879625,26.615384615384617,2,2.9978,5.60648,4.12006,3.879625,7.533333333333333,24,3208749.0,2.0,20.0,Zinédine Zidane,Luis Cembranos,César Soto Grado,4-3-3 Attacking,4-2-3-1,418.0,1244.0,613000000.0,27.73492626470039,182.36363636363637,543.0,55000000.0,24.323066392881586,181.27272727272728,276.0
104,Real Sociedad,Levante,18:00,17,13,5,4,9,5,15,12,3,4,0,0,A,A,1,2,2019-10-30,1.5802999999999998,2.03092,2.03092,0.3156400000000001,11.0,7,1.1888,1.71528,1.71528,-0.3156400000000001,5.956521739130435,12,3208750.0,6.0,11.0,Imanol Alguacil,Paco López,Mario Melero López,4-2-3-1,4-4-2 double 6,681.0,3368.0,186500000.0,24.07591313546139,182.27272727272728,259.0,71500000.0,27.383734677369173,180.63636363636363,118.0
105,Valencia,Sevilla,18:00,10,10,3,1,6,1,12,17,6,3,0,0,A,D,1,1,2019-10-30,0.7865,0.46703,0.46703,-0.5612699999999999,8.333333333333334,4,1.8797,1.0283,1.0283,0.5612699999999999,21.15384615384616,4,3208751.0,12.0,3.0,Albert Celades,Julen Lopetegui,Carlos del Cerro Grande,4-2-3-1,4-3-3 Attacking,1049.0,368.0,317000000.0,26.430962603447202,181.1818181818182,258.0,155000000.0,28.443034036463192,179.0909090909091,260.0
106,Getafe,Granada,20:15,8,10,3,2,2,3,22,11,5,5,0,0,H,H,3,1,2019-10-31,2.0904000000000003,1.91693,1.91693,0.78963,7.352941176470588,3,0.6429,1.1273,1.1273,-0.78963,7.541666666666667,2,3208747.0,9.0,4.0,Pepe Bordalás,Diego Martínez,González González,4-4-2,5-4-1,3709.0,16795.0,135000000.0,27.70331653288532,181.27272727272728,204.0,23400000.0,29.03714765727086,184.36363636363637,122.0
107,Eibar,Villarreal,18:00,25,9,8,2,8,3,11,12,0,3,0,0,D,H,2,1,2019-10-31,0.5,1.40491,1.40491,-1.37709,12.714285714285714,6,2.3234,2.782,2.782,1.37709,12.96,4,3208746.0,14.0,7.0,José Luis Mendilibar,Javier Calleja,Guillermo Cuadra Fernández,4-4-2 double 6,4-2-3-1,1533.0,1050.0,42300000.0,30.447140812643894,179.0,56.0,144500000.0,26.627092278016303,182.63636363636363,267.0
108,Mallorca,Osasuna,18:00,11,12,3,4,5,3,9,10,1,5,0,0,H,D,2,2,2019-10-31,0.4421,0.869837,0.869837,0.2000849999999999,12.066666666666666,4,2.3777000000000004,2.15631,0.669752,-0.2000849999999999,16.5,7,3208748.0,17.0,10.0,Vicente Moreno,Jagoba Arrasate,Adrián Cordero Vega,4-3-3 Attacking,4-4-2 double 6,237.0,331.0,23300000.0,28.149835106713955,180.8181818181818,51.0,29500000.0,27.39518387156991,180.0,57.0
109,Espanyol,Valencia,12:00,13,11,4,4,5,5,20,14,0,1,0,0,H,A,1,2,2019-11-02,1.9396,1.9466,1.20332,0.667276,8.631578947368421,5,0.7899999999999999,1.27932,0.536044,-0.667276,8.533333333333333,7,3208753.0,19.0,11.0,Pablo Machín,Albert Celades,Valentin Pizarro Gomez,5-3-2,4-4-2 double 6,714.0,1049.0,80000000.0,28.01393814946176,181.72727272727272,33.0,273000000.0,27.833488893037146,183.45454545454547,207.0
110,Levante,Barcelona,15:00,9,9,3,6,2,3,9,13,1,6,0,0,A,H,3,1,2019-11-02,2.3851,2.13479,1.39152,0.4644670000000001,6.818181818181818,8,0.4306,0.927053,0.927053,-0.4644670000000001,24.466666666666665,3,3208756.0,10.0,1.0,Paco López,Ernesto Valverde,Alejandro Hernández Hernández,4-4-2 double 6,4-3-3 Attacking,3368.0,131.0,71500000.0,27.391948229730573,180.63636363636363,118.0,739000000.0,28.20210316719557,180.27272727272728,830.0
111,Sevilla,Atletico Madrid,17:30,11,14,4,5,6,3,13,16,4,3,0,0,H,D,1,1,2019-11-02,2.5553,2.45211,1.69342,0.805001,9.8125,9,0.3029,0.888419,0.888419,-0.805001,6.333333333333333,3,3208759.0,5.0,4.0,Julen Lopetegui,Diego Simeone,González González,4-3-3 Attacking,4-4-2 double 6,368.0,13.0,182000000.0,27.681164831062162,181.0,380.0,525000000.0,26.104162777674073,180.36363636363637,447.0
112,Real Madrid,Real Betis,20:00,22,13,7,3,9,4,11,17,2,4,0,0,D,D,0,0,2019-11-02,0.1269,0.437853,0.437853,-2.378607,20.571428571428573,3,2.8029,2.81646,2.81646,2.378607,8.96,9,3208758.0,2.0,15.0,Zinédine Zidane,Rubi,José María Sánchez Martínez,4-3-3 Attacking,3-4-2-1,418.0,150.0,593000000.0,28.26980275029556,182.0,676.0,175500000.0,27.94474519320515,181.9090909090909,359.0
113,Celta Vigo,Getafe,17:30,6,9,2,5,4,4,6,19,3,3,0,0,A,A,0,1,2019-11-03,1.5154,0.389551,0.389551,0.2558669999999999,7.3125,5,0.8704,0.133684,0.133684,-0.2558669999999999,7.75,3,3208752.0,18.0,7.0,Fran Escribá,Pepe Bordalás,Mateu Lahoz,4-4-2 double 6,4-4-2 double 6,940.0,3709.0,121500000.0,25.66087984568477,177.9090909090909,194.0,104300000.0,28.83056437060544,182.63636363636363,145.0
114,Real Valladolid,Mallorca,11:00,12,14,6,1,2,6,15,20,5,4,0,0,H,H,3,0,2019-11-03,0.374,0.590538,0.590538,-0.6298919999999999,7.222222222222222,6,2.4548,1.96371,1.22043,0.6298919999999999,7.518518518518518,6,3208761.0,13.0,17.0,Sergio,Vicente Moreno,Medié Jiménez,4-4-2 double 6,4-2-3-1,366.0,237.0,40800000.0,27.417584468919173,183.0909090909091,58.0,35000000.0,27.71377014498164,180.9090909090909,101.0
115,Villarreal,Athletic Club,13:00,11,12,7,2,8,10,10,8,2,0,0,0,D,D,0,0,2019-11-03,1.6259,1.31553,1.31553,0.2987900000000001,10.909090909090908,3,1.0751,1.01674,1.01674,-0.2987900000000001,8.25,10,3208760.0,9.0,12.0,Javier Calleja,Gaizka Garitano,Santiago Jaime Latre,4-1-4-1,4-2-3-1,1050.0,621.0,124000000.0,28.13813701698712,181.63636363636363,311.0,190500000.0,28.047290149959554,181.27272727272728,105.0
116,Osasuna,Alaves,15:00,19,11,6,3,5,1,13,17,4,2,0,0,H,H,4,2,2019-11-03,0.1848,1.45796,0.714682,-1.675438,7.851851851851852,6,2.7372,3.87668,2.39012,1.675438,6.285714285714286,8,3208757.0,8.0,16.0,Jagoba Arrasate,Asier Garitano,José Luis Munuera Montero,4-4-2 double 6,4-4-2,331.0,1108.0,42700000.0,28.683964905730818,179.1818181818182,55.0,67800000.0,28.32082633314666,180.9090909090909,22.0
117,Leganes,Eibar,17:30,12,7,5,4,4,2,16,20,5,2,0,0,D,A,1,2,2019-11-03,0.8751,1.0478,1.0478,-0.5137399999999999,13.0,1,1.8198,1.56154,1.56154,0.5137399999999999,6.2,4,3208755.0,20.0,14.0,Luis Cembranos,José Luis Mendilibar,Pablo González Fuertes,4-3-3 Attacking,4-4-2 double 6,1244.0,1533.0,54300000.0,28.31186609420696,182.0,281.0,40800000.0,30.991475328230976,178.63636363636363,56.0
118,Granada,Real Sociedad,20:00,5,9,3,5,4,5,15,19,0,2,0,0,D,A,1,2,2019-11-03,2.1941,1.02564,1.02564,0.8619630000000001,5.333333333333333,5,0.4847,0.163677,0.163677,-0.8619630000000001,14.25,1,3208754.0,6.0,3.0,Diego Martínez,Imanol Alguacil,Eduardo Prieto Iglesias,4-2-3-1,4-2-3-1,16795.0,681.0,27000000.0,25.932175969136953,182.8181818181818,47.0,211500000.0,25.769896086117853,180.72727272727272,138.0
119,Real Sociedad,Leganes,20:00,11,6,5,2,5,1,14,23,2,6,0,1,D,D,1,1,2019-11-08,0.5082,0.326909,0.326909,-0.866661,10.285714285714286,1,2.2131000000000003,1.19357,1.19357,0.866661,4.181818181818182,3,3208770.0,5.0,20.0,Imanol Alguacil,Javier Aguirre,Juan Martínez Munuera,4-2-3-1,5-4-1,681.0,1244.0,220500000.0,25.784829817684024,182.45454545454547,153.0,50800000.0,28.241926451372034,178.1818181818182,263.0
120,Eibar,Real Madrid,17:30,14,10,1,5,6,6,9,8,0,0,0,0,A,A,0,4,2019-11-09,2.6845,2.84489,1.35834,0.47447,20.33333333333333,10,0.2113,0.88387,0.88387,-0.47447,11.96774193548387,5,3208767.0,15.0,2.0,José Luis Mendilibar,Zinédine Zidane,Adrián Cordero Vega,4-4-2 double 6,4-3-3 Attacking,1533.0,418.0,38300000.0,30.62186547196814,178.45454545454547,55.0,553000000.0,28.37832119967644,181.8181818181818,721.0
121,Barcelona,Celta Vigo,20:00,10,6,7,5,2,2,18,14,4,1,0,0,H,H,4,1,2019-11-09,0.345,0.317045,0.317045,-0.436059,18.3,0,2.4507,1.49638,0.753104,0.436059,11.26086956521739,7,3208765.0,1.0,18.0,Ernesto Valverde,Óscar García,Guillermo Cuadra Fernández,4-3-3 Attacking,5-3-2,131.0,940.0,730000000.0,26.090971314790615,179.9090909090909,580.0,103500000.0,25.570530769709418,176.54545454545453,215.0
122,Alaves,Real Valladolid,12:00,14,7,5,1,6,7,21,16,3,3,0,0,H,H,3,0,2019-11-09,0.0395,0.280826,0.280826,-1.826394,7.761904761904762,2,2.9306,2.8505,2.10722,1.826394,7.962962962962963,7,3208762.0,14.0,13.0,Asier Garitano,Sergio,Mario Melero López,4-4-2 double 6,4-4-2 double 6,1108.0,366.0,62300000.0,28.864911953207642,181.27272727272728,17.0,47800000.0,27.896210565615082,182.1818181818182,56.0
123,Valencia,Granada,15:00,12,13,4,1,7,4,11,15,0,5,0,0,D,H,2,0,2019-11-09,0.7316,0.417522,0.417522,-0.6287480000000001,15.615384615384617,2,1.9292,1.04627,1.04627,0.6287480000000001,8.4,7,3208771.0,6.0,9.0,Albert Celades,Diego Martínez,Estrada Fernández,4-4-2 double 6,4-2-3-1,1049.0,16795.0,311000000.0,27.192831808848236,181.8181818181818,211.0,26700000.0,27.600024889552607,182.36363636363637,47.0
124,Real Betis,Sevilla,20:00,18,10,5,6,4,4,12,21,2,3,0,0,D,A,1,2,2019-11-10,0.8618,0.993088,0.993088,-0.571652,9.807692307692308,2,1.8611,1.56474,1.56474,0.571652,10.25,5,3208766.0,17.0,4.0,Rubi,Julen Lopetegui,Andrés Hernández,3-4-2-1,4-3-3 Attacking,150.0,368.0,175500000.0,27.96664799950221,181.9090909090909,359.0,172000000.0,28.30937713894593,179.54545454545453,305.0
125,Getafe,Osasuna,17:30,14,4,5,1,9,5,15,16,2,4,0,0,D,D,0,0,2019-11-10,0.3056,0.065756,0.065756,-1.000634,7.9411764705882355,2,2.4371,1.06639,1.06639,1.000634,4.62962962962963,2,3208768.0,7.0,10.0,Pepe Bordalás,Jagoba Arrasate,César Soto Grado,4-4-2,5-4-1,3709.0,331.0,135500000.0,27.614709725592682,182.54545454545453,205.0,30700000.0,28.513222574824216,180.27272727272728,58.0
126,Mallorca,Villarreal,11:00,5,22,3,6,2,5,18,17,2,3,0,0,H,H,3,1,2019-11-10,2.4237,3.04498,2.3017,2.2209846,5.366666666666666,8,0.4017,1.56727,0.0807154,-2.2209846,11.538461538461538,2,3208769.0,16.0,11.0,Vicente Moreno,Javier Calleja,Carlos del Cerro Grande,4-2-3-1,4-3-3 Attacking,237.0,1050.0,39300000.0,26.08873125505569,180.36363636363637,101.0,126500000.0,28.67973368178707,181.9090909090909,311.0
127,Athletic Club,Levante,13:00,23,8,10,2,10,2,13,13,3,2,0,0,A,H,2,1,2019-11-10,0.7087,0.873861,0.873861,-0.917469,12.941176470588236,5,2.0455,1.79133,1.79133,0.917469,6.285714285714286,7,3208763.0,8.0,12.0,Gaizka Garitano,Paco López,Javier Alberola Rojas,4-2-3-1,4-4-2 double 6,621.0,3368.0,187500000.0,26.816252877854524,179.72727272727272,107.0,71500000.0,27.41385103602763,180.63636363636363,118.0
128,Atletico Madrid,Espanyol,15:00,18,10,5,1,9,2,12,15,2,2,0,0,D,H,3,1,2019-11-10,0.0672,0.379993,0.379993,-2.6716170000000004,4.297297297297297,7,2.8911,3.05161,3.05161,2.6716170000000004,8.153846153846153,11,3208764.0,3.0,19.0,Diego Simeone,Pablo Machín,Jesús Gil Manzano,4-4-2 double 6,3-4-2-1,13.0,714.0,508000000.0,27.398419513409248,182.45454545454547,506.0,71000000.0,29.15462634559144,182.45454545454547,24.0
129,Levante,Mallorca,20:00,13,14,6,7,3,6,13,9,2,1,1,0,D,H,2,1,2019-11-22,0.9921,1.41139,1.41139,-0.42378,13.11111111111111,9,1.7406,1.83517,1.83517,0.42378,11.95,6,3208777.0,9.0,17.0,Paco López,Vicente Moreno,Valentin Pizarro Gomez,4-4-2 double 6,4-2-3-1,3368.0,237.0,66500000.0,27.8551428038081,181.27272727272728,37.0,34800000.0,27.198058614896397,180.0909090909091,101.0
130,Leganes,Barcelona,12:00,9,11,4,6,0,6,11,10,1,2,0,0,H,A,1,2,2019-11-23,2.3725,1.68235,1.68235,1.198245,4.315789473684211,4,0.4237,0.484105,0.484105,-1.198245,12.653846153846152,1,3208776.0,20.0,1.0,Javier Aguirre,Ernesto Valverde,Santiago Jaime Latre,5-4-1,4-2-3-1,1244.0,131.0,65800000.0,28.216041316657332,179.8181818181818,357.0,687500000.0,27.37402775185116,181.8181818181818,854.0
131,Real Betis,Valencia,15:00,25,9,8,3,5,4,9,13,2,2,0,0,D,H,2,1,2019-11-23,0.8125,0.910796,0.910796,-0.7186639999999999,14.5,2,1.9174,1.62946,1.62946,0.7186639999999999,5.25,12,3208772.0,15.0,10.0,Rubi,Albert Celades,De Burgos Bengoetxea,4-1-4-1,4-4-2 double 6,150.0,1049.0,151500000.0,28.203596540352184,181.72727272727272,345.0,286500000.0,27.28293198929749,180.1818181818182,198.0
132,Granada,Atletico Madrid,17:30,9,17,3,6,2,8,15,17,4,3,0,0,D,D,1,1,2019-11-23,2.385,2.0596,2.0596,1.3896070000000005,6.2,10,0.4293,0.669993,0.669993,-1.3896070000000005,11.5,1,3208775.0,8.0,4.0,Diego Martínez,Diego Simeone,Medié Jiménez,4-2-3-1,4-4-2 double 6,16795.0,13.0,25700000.0,29.23253064526165,182.8181818181818,5.0,413000000.0,26.978532760873623,181.36363636363637,473.0
133,Real Madrid,Real Sociedad,20:00,18,11,10,6,4,3,13,16,1,1,0,0,D,H,3,1,2019-11-23,1.1494,1.41126,1.41126,-0.2880199999999999,11.695652173913045,4,1.5895,1.69928,1.69928,0.2880199999999999,10.107142857142858,9,3208779.0,2.0,6.0,Zinédine Zidane,Imanol Alguacil,Jesús Gil Manzano,4-3-3 Attacking,4-2-3-1,418.0,681.0,583000000.0,27.55049467985813,181.9090909090909,749.0,263500000.0,25.71339680169249,181.0909090909091,179.0
134,Real Valladolid,Sevilla,20:00,7,4,1,2,8,4,13,25,3,4,0,1,A,A,0,1,2019-11-24,2.2056000000000004,1.11673,0.373453,0.0099079999999999,7.88,7,0.5142,0.363545,0.363545,-0.0099079999999999,7.764705882352941,4,3208781.0,14.0,3.0,Sergio,Julen Lopetegui,Eduardo Prieto Iglesias,4-4-2 double 6,4-3-3 Attacking,366.0,368.0,42100000.0,28.1448571961919,179.63636363636363,29.0,173000000.0,28.379316781780847,180.45454545454547,281.0
135,Espanyol,Getafe,11:00,6,11,2,2,3,3,23,12,3,4,0,0,D,D,1,1,2019-11-24,0.9653,0.773228,0.773228,-0.3510919999999999,7.615384615384615,2,1.685,1.12432,1.12432,0.3510919999999999,3.129032258064516,0,3208774.0,19.0,7.0,Pablo Machín,Pepe Bordalás,Pablo González Fuertes,3-4-1-2,4-4-2,714.0,3709.0,82000000.0,26.868023147283928,180.54545454545453,34.0,133500000.0,26.907597535934293,180.9090909090909,221.0
136,Osasuna,Athletic Club,13:00,12,6,7,4,6,2,15,18,4,3,0,0,A,A,1,2,2019-11-24,1.3273,1.21625,1.21625,-0.0546699999999999,7.032258064516129,1,1.3645,1.27092,1.27092,0.0546699999999999,5.555555555555555,4,3208778.0,11.0,5.0,Jagoba Arrasate,Gaizka Garitano,José María Sánchez Martínez,4-4-2 double 6,4-2-3-1,331.0,621.0,42300000.0,28.12967456909962,178.45454545454547,56.0,172500000.0,26.186547196814136,181.45454545454547,109.0
137,Eibar,Alaves,15:00,18,7,7,5,10,4,10,11,1,2,0,0,D,A,0,2,2019-11-24,1.2653,1.47648,1.47648,-0.1433500000000001,9.1875,6,1.4687,1.61983,1.61983,0.1433500000000001,4.333333333333333,5,3208773.0,16.0,13.0,José Luis Mendilibar,Asier Garitano,Mateu Lahoz,4-4-2 double 6,4-2-3-1,1533.0,1108.0,41100000.0,30.651235144048282,180.27272727272728,20.0,55300000.0,26.849355982826207,180.1818181818182,38.0
138,Villarreal,Celta Vigo,17:30,15,11,1,7,8,2,12,9,3,2,0,0,D,A,1,3,2019-11-24,1.87,1.75554,1.75554,0.5529200000000001,16.4,7,0.8503000000000001,1.20262,1.20262,-0.5529200000000001,6.371428571428571,7,3208780.0,12.0,18.0,Javier Calleja,Óscar García,José Luis Munuera Montero,4-1-4-1,4-2-3-1,1050.0,940.0,150000000.0,27.249331093273597,181.0,334.0,112000000.0,26.60319830751042,177.27272727272728,217.0
139,Celta Vigo,Real Valladolid,20:00,13,9,5,2,11,3,11,17,1,3,0,0,D,D,0,0,2019-11-29,0.3974,0.263566,0.263566,-1.168244,9.466666666666669,2,2.3681000000000005,1.43181,1.43181,1.168244,10.210526315789474,9,3208785.0,18.0,15.0,Óscar García,Sergio,Javier Alberola Rojas,4-3-3 Attacking,4-4-2 double 6,940.0,366.0,112500000.0,26.71569908530894,177.0,213.0,41100000.0,28.2304772571713,180.9090909090909,31.0
140,Valencia,Villarreal,20:00,13,24,7,7,6,4,8,17,1,2,0,0,D,H,2,1,2019-11-30,1.598,1.94325,1.19997,-0.3891500000000001,5.777777777777778,6,1.1039,1.58912,1.58912,0.3891500000000001,14.833333333333334,11,3208791.0,8.0,13.0,Albert Celades,Javier Calleja,César Soto Grado,4-4-2 double 6,4-3-3 Attacking,1049.0,1050.0,350500000.0,27.026320701885382,181.9090909090909,220.0,126000000.0,26.64974177089167,182.36363636363637,231.0
141,Mallorca,Real Betis,17:30,16,15,7,3,6,5,16,15,3,4,1,0,A,A,1,2,2019-11-30,1.3077,2.27656,1.53328,-0.0945199999999999,9.285714285714286,6,1.4403,2.37108,1.6278,0.0945199999999999,10.25,10,3208788.0,17.0,12.0,Vicente Moreno,Rubi,Juan Martínez Munuera,4-2-3-1,4-1-4-1,237.0,150.0,34300000.0,27.28417646692801,180.1818181818182,99.0,172500000.0,28.499035529836352,182.0909090909091,360.0
142,Alaves,Real Madrid,12:00,8,12,2,6,9,4,18,11,4,3,0,0,D,A,1,2,2019-11-30,2.2316,2.08673,2.08673,1.7223000000000002,7.6,9,0.5146999999999999,1.10771,0.36443,-1.7223000000000002,17.666666666666668,2,3208782.0,14.0,2.0,Asier Garitano,Zinédine Zidane,Guillermo Cuadra Fernández,4-4-2,4-3-3 Attacking,1108.0,418.0,63000000.0,28.53636985875179,180.1818181818182,17.0,424000000.0,29.41347769273847,181.72727272727272,511.0
143,Real Sociedad,Eibar,15:00,15,10,4,4,6,4,8,12,1,4,0,0,D,H,4,1,2019-11-30,0.6979,0.605108,0.605108,-0.785542,10.12121212121212,2,2.0296,1.39065,1.39065,0.785542,7.470588235294118,8,3208789.0,5.0,16.0,Imanol Alguacil,José Luis Mendilibar,Carlos del Cerro Grande,4-2-3-1,4-2-3-1,681.0,1533.0,263500000.0,25.732561757202415,181.0909090909091,179.0,38400000.0,31.57040632194636,179.36363636363637,56.0
144,Sevilla,Leganes,11:00,16,8,8,4,7,4,16,7,3,3,0,0,D,H,1,0,2019-12-01,0.4592,1.05322,1.05322,-1.38759,20.05555555555556,5,2.3648,2.44081,2.44081,1.38759,8.714285714285714,3,3208790.0,3.0,20.0,Julen Lopetegui,Javier Aguirre,De Burgos Bengoetxea,4-3-3 Attacking,5-3-2,368.0,1244.0,170000000.0,28.22425486901873,180.54545454545453,293.0,61300000.0,27.80113247464377,181.1818181818182,328.0
145,Athletic Club,Granada,13:00,14,8,6,1,4,3,18,16,5,4,0,0,H,H,2,0,2019-12-01,0.1908,0.233324,0.233324,-0.848056,9.68,2,2.6874,1.82466,1.08138,0.848056,5.814814814814815,1,3208783.0,4.0,10.0,Gaizka Garitano,Diego Martínez,Adrián Cordero Vega,4-2-3-1,4-3-3 Attacking,621.0,16795.0,172500000.0,26.205712152324065,181.45454545454547,109.0,28700000.0,28.377325617572023,183.63636363636363,99.0
146,Espanyol,Osasuna,15:00,12,14,5,8,2,3,12,16,1,4,0,1,H,A,2,4,2019-12-01,2.3934,3.03712,2.29384,1.4790839999999998,10.857142857142858,4,0.4422,1.55803,0.814756,-1.4790839999999998,6.285714285714286,3,3208786.0,19.0,9.0,Pablo Machín,Jagoba Arrasate,Mario Melero López,3-5-2 flat,4-4-2 double 6,714.0,331.0,80000000.0,27.08530894157178,181.0,21.0,44300000.0,27.712276771825028,179.27272727272728,58.0
147,Getafe,Levante,17:30,13,7,9,2,6,7,22,14,2,3,0,0,D,H,4,0,2019-12-01,0.2691,0.476355,0.476355,-0.8377549999999999,5.785714285714286,2,2.5875,2.05726,1.31411,0.8377549999999999,6.666666666666667,5,3208787.0,7.0,11.0,Pepe Bordalás,Paco López,Estrada Fernández,4-4-2 double 6,4-4-2 double 6,3709.0,3368.0,85800000.0,29.29973243730944,183.0909090909091,101.0,58400000.0,27.804865907535312,181.36363636363637,117.0
148,Atletico Madrid,Barcelona,20:00,17,13,2,5,9,5,12,11,4,4,0,0,D,A,0,1,2019-12-01,1.4051999999999998,1.18842,1.18842,0.02489,6.172413793103448,14,1.2996,1.16353,1.16353,-0.02489,17.095238095238095,8,3208784.0,6.0,1.0,Diego Simeone,Ernesto Valverde,Mateu Lahoz,4-4-2 double 6,4-3-3 Attacking,13.0,131.0,590000000.0,26.54495675440234,182.1818181818182,558.0,735000000.0,27.957189969510296,181.27272727272728,756.0
149,Villarreal,Atletico Madrid,20:00,23,18,3,3,11,6,11,11,2,1,0,0,D,D,0,0,2019-12-06,1.5899,1.71887,1.71887,0.3056899999999998,10.384615384615383,12,1.1504,1.41318,1.41318,-0.3056899999999998,8.09375,6,3208800.0,13.0,6.0,Javier Calleja,Diego Simeone,Andrés Hernández,4-3-3 Attacking,4-4-2 double 6,1050.0,13.0,144000000.0,27.05768153817435,182.54545454545453,227.0,560000000.0,26.158670897890612,182.8181818181818,561.0
150,Real Madrid,Espanyol,12:00,18,6,8,2,5,3,15,13,4,3,1,0,H,H,2,0,2019-12-07,0.1164,0.286726,0.286726,-2.266934,10.96,3,2.8122000000000003,2.55366,2.55366,2.266934,9.526315789473683,8,3208799.0,2.0,20.0,Zinédine Zidane,Pablo Machín,Santiago Jaime Latre,4-3-3 Attacking,3-5-2 flat,418.0,714.0,558000000.0,26.331404393006036,183.0,600.0,80500000.0,28.066952896521684,182.9090909090909,27.0
151,Granada,Alaves,15:00,13,5,3,1,6,2,16,17,1,4,0,2,D,H,3,0,2019-12-07,0.1051,0.37368,0.37368,-1.51465,9.588235294117649,2,2.8297,2.63161,1.88833,1.51465,7.0,4,3208795.0,9.0,15.0,Diego Martínez,Asier Garitano,Jesús Gil Manzano,4-2-3-1,4-4-2,16795.0,1108.0,30200000.0,27.53008524671769,184.9090909090909,47.0,53100000.0,29.058552672515713,182.45454545454547,12.0
152,Levante,Valencia,17:30,17,10,6,6,5,1,14,14,5,2,1,0,H,A,2,4,2019-12-07,1.9758,2.95856,2.95856,1.5764299999999998,14.0,8,0.8097,2.12541,1.38213,-1.5764299999999998,17.22222222222222,4,3208797.0,12.0,7.0,Paco López,Albert Celades,Medié Jiménez,4-4-2 double 6,4-3-3 Attacking,3368.0,1049.0,71300000.0,28.193391823781965,179.8181818181818,87.0,273000000.0,28.936096073673074,180.63636363636363,190.0
153,Barcelona,Mallorca,20:00,25,9,17,3,8,4,15,10,3,0,0,0,H,H,5,2,2019-12-07,0.0956,1.0224,1.0224,-3.2599599999999995,20.23529411764705,2,2.8565,4.28236,4.28236,3.2599599999999995,5.777777777777778,42,3208792.0,1.0,17.0,Ernesto Valverde,Vicente Moreno,José Luis Munuera Montero,4-3-3 Attacking,4-4-1-1,131.0,237.0,700000000.0,28.707609980710597,182.8181818181818,877.0,34800000.0,27.23912637670338,180.0909090909091,101.0
154,Eibar,Getafe,11:00,6,6,3,3,3,8,16,15,5,1,1,0,D,A,0,1,2019-12-08,2.0262,0.913932,0.913932,0.646111,5.8,2,0.6201000000000001,0.267821,0.267821,-0.646111,3.5,4,3208794.0,16.0,4.0,José Luis Mendilibar,Pepe Bordalás,Eduardo Prieto Iglesias,4-4-2 double 6,4-4-2,1533.0,3709.0,36400000.0,30.742330906601953,181.1818181818182,20.0,129000000.0,26.365254184556033,182.45454545454547,240.0
155,Real Betis,Athletic Club,13:00,10,8,6,2,3,3,12,15,2,4,0,0,H,H,3,2,2019-12-08,0.5665,0.985449,0.242299,-1.742281,9.04,1,2.1976,1.98458,1.98458,1.742281,11.941176470588236,4,3208793.0,11.0,8.0,Rubi,Gaizka Garitano,Valentin Pizarro Gomez,4-1-4-1,4-2-3-1,150.0,621.0,118500000.0,27.657270860556284,181.63636363636363,251.0,166000000.0,25.578744322070808,181.8181818181818,124.0
156,Real Valladolid,Real Sociedad,15:00,4,16,2,2,1,4,10,19,0,4,0,0,D,D,0,0,2019-12-08,2.4303,1.87222,1.87222,1.362242,4.25,12,0.3756,0.509978,0.509978,-1.362242,13.08,1,3208801.0,14.0,5.0,Sergio,Imanol Alguacil,Pablo González Fuertes,4-4-2 double 6,4-2-3-1,366.0,681.0,42100000.0,27.82826208698899,179.0,29.0,226000000.0,25.117292016676,181.63636363636363,201.0
157,Leganes,Celta Vigo,17:30,15,9,8,4,3,5,14,11,3,3,0,1,H,H,3,2,2019-12-08,0.8451,0.47817,0.47817,-0.492884,5.555555555555555,2,1.8051,0.971054,0.971054,0.492884,13.625,6,3208796.0,19.0,18.0,Javier Aguirre,Óscar García,José María Sánchez Martínez,3-4-1-2,4-3-3 Attacking,1244.0,940.0,59300000.0,26.630576815381744,180.0909090909091,214.0,110500000.0,26.169124509986933,180.0,163.0
158,Osasuna,Sevilla,20:00,10,13,1,4,2,6,22,10,4,4,1,0,D,D,1,1,2019-12-08,2.0426,1.46737,1.46737,0.8060080000000001,8.555555555555555,5,0.6923,0.661362,0.661362,-0.8060080000000001,8.470588235294118,2,3208798.0,10.0,3.0,Jagoba Arrasate,Julen Lopetegui,Estrada Fernández,4-4-2 double 6,4-3-3 Attacking,331.0,368.0,42200000.0,26.636550308008214,180.0909090909091,57.0,171000000.0,27.78346089229046,179.1818181818182,265.0
159,Alaves,Leganes,20:00,10,3,3,1,2,0,14,17,2,3,0,0,A,D,1,1,2019-12-13,0.7648999999999999,0.915597,0.915597,-0.6471530000000001,14.26086956521739,4,1.9415,1.56275,1.56275,0.6471530000000001,3.607142857142857,4,3208802.0,14.0,19.0,Asier Garitano,Javier Aguirre,César Soto Grado,4-4-2 double 6,5-4-1,1108.0,1244.0,60800000.0,27.79217223570406,182.0909090909091,33.0,64800000.0,27.036276522929498,179.27272727272728,283.0
160,Granada,Levante,12:00,18,13,4,6,8,6,14,12,4,3,0,0,D,A,1,2,2019-12-14,1.1251,0.917727,0.917727,-0.2928030000000001,5.857142857142857,8,1.5739,1.21053,1.21053,0.2928030000000001,7.0,4,3208808.0,9.0,12.0,Diego Martínez,Paco López,Carlos del Cerro Grande,4-4-2 double 6,4-4-2 double 6,16795.0,3368.0,30500000.0,26.938709476697156,184.54545454545453,47.0,71900000.0,28.447016364880838,180.45454545454547,87.0
161,Real Sociedad,Barcelona,15:00,19,9,5,5,8,5,7,8,0,1,0,0,D,D,2,2,2019-12-14,0.3505,1.18314,1.18314,-0.9525,12.807692307692308,9,2.5177,2.87892,2.13564,0.9525,13.571428571428571,9,3208809.0,6.0,1.0,Imanol Alguacil,Ernesto Valverde,Javier Alberola Rojas,4-1-4-1,4-3-3 Attacking,681.0,131.0,241000000.0,24.76137141434883,181.63636363636363,234.0,725000000.0,29.40153070748553,181.54545454545453,955.0
162,Athletic Club,Eibar,17:30,8,8,3,2,6,7,7,12,3,3,0,0,D,D,0,0,2019-12-14,1.1065999999999998,0.276155,0.276155,-0.082797,7.592592592592593,2,1.3064,0.358952,0.358952,0.082797,7.333333333333333,1,3208803.0,8.0,16.0,Gaizka Garitano,José Luis Mendilibar,Mario Melero López,4-2-3-1,4-4-2 double 6,621.0,1533.0,176000000.0,27.2326550930247,181.36363636363637,105.0,42400000.0,28.231721734801816,181.0909090909091,56.0
163,Atletico Madrid,Osasuna,20:00,19,15,9,3,6,5,16,10,2,1,0,0,D,H,2,0,2019-12-14,0.2151,0.528091,0.528091,-2.0368090000000003,9.363636363636363,4,2.6826,2.5649,2.5649,2.0368090000000003,7.419354838709677,11,3208804.0,5.0,11.0,Diego Simeone,Jagoba Arrasate,José Luis Munuera Montero,4-4-2 double 6,4-5-1 flat,13.0,331.0,613000000.0,25.615083068881837,181.1818181818182,556.0,43500000.0,28.444527409619813,179.0909090909091,56.0
164,Sevilla,Villarreal,17:30,24,9,5,3,14,2,12,11,2,0,0,0,A,A,1,2,2019-12-15,1.3017,1.62777,1.62777,-0.11175,30.727272727272727,4,1.4414999999999998,1.73952,1.73952,0.11175,5.52,12,3208810.0,3.0,13.0,Julen Lopetegui,Javier Calleja,Adrián Cordero Vega,4-3-3 Attacking,4-3-3 Attacking,368.0,1050.0,145500000.0,29.020969448074172,180.8181818181818,261.0,144000000.0,27.08232219525854,182.54545454545453,227.0
165,Espanyol,Real Betis,15:00,16,10,4,5,7,5,26,13,4,1,0,0,H,D,2,2,2019-12-15,0.4354,0.502557,0.502557,-1.086033,8.2,4,2.3419000000000003,1.58859,1.58859,1.086033,5.3023255813953485,3,3208806.0,20.0,10.0,Pablo Machín,Rubi,Guillermo Cuadra Fernández,3-5-2 flat,4-1-4-1,714.0,150.0,73500000.0,27.586086740090845,182.9090909090909,28.0,166500000.0,27.995768776056252,182.45454545454547,183.0
166,Valencia,Real Madrid,20:00,9,19,6,6,1,2,11,15,1,2,0,0,D,D,1,1,2019-12-15,1.1058,1.97126,1.97126,-0.3151199999999998,10.727272727272728,10,1.6356,2.28638,2.28638,0.3151199999999998,26.071428571428573,2,3208811.0,7.0,2.0,Albert Celades,Zinédine Zidane,José María Sánchez Martínez,4-4-2,4-3-3 Attacking,1049.0,418.0,304500000.0,28.086864538609916,180.45454545454547,147.0,483000000.0,28.17746251011138,181.8181818181818,723.0
167,Getafe,Real Valladolid,11:00,7,10,3,3,4,3,28,10,3,3,0,0,H,H,2,0,2019-12-15,0.3208,0.435816,0.435816,-1.444834,7.555555555555555,1,2.5168,1.88065,1.88065,1.444834,5.973684210526316,9,3208807.0,4.0,15.0,Pepe Bordalás,Sergio,Mateu Lahoz,4-4-2,4-4-2 double 6,3709.0,366.0,129000000.0,27.78993217596914,181.63636363636363,221.0,47000000.0,26.412295438989485,182.27272727272728,47.0
168,Celta Vigo,Mallorca,13:00,18,8,7,2,3,3,14,16,3,5,0,1,D,D,2,2,2019-12-15,0.8560000000000001,1.51622,0.772945,-0.6722650000000001,7.6875,0,1.8823,2.18849,1.44521,0.6722650000000001,4.681818181818182,4,3208805.0,18.0,17.0,Óscar García,Vicente Moreno,De Burgos Bengoetxea,4-2-3-1,4-2-3-1,940.0,237.0,109000000.0,26.077779851907163,179.0,262.0,34300000.0,27.32524422873499,180.1818181818182,99.0
169,Barcelona,Real Madrid,19:00,9,17,2,4,2,6,5,17,3,5,0,0,D,D,0,0,2019-12-18,1.4092000000000002,0.844042,0.844042,0.1211619999999999,11.028571428571428,7,1.2364,0.72288,0.72288,-0.1211619999999999,16.176470588235293,11,3208724.0,2.0,3.0,Ernesto Valverde,Zinédine Zidane,Alejandro Hernández Hernández,4-3-3 Attacking,4-3-1-2,131.0,418.0,730000000.0,28.927384730259472,180.45454545454547,860.0,548000000.0,28.1533196440794,184.0909090909091,555.0
170,Eibar,Granada,20:00,21,12,7,1,5,5,17,13,3,3,0,0,H,H,3,0,2019-12-20,0.8536999999999999,1.72232,1.72232,-0.8317300000000001,4.0,3,1.9325,2.55405,2.55405,0.8317300000000001,5.363636363636363,12,3208814.0,16.0,11.0,José Luis Mendilibar,Diego Martínez,Pablo González Fuertes,4-4-2 double 6,4-4-2 double 6,1533.0,16795.0,45800000.0,28.524671769024952,181.27272727272728,56.0,28500000.0,26.98848858191774,184.36363636363637,5.0
171,Mallorca,Sevilla,12:00,8,13,1,6,3,6,15,12,6,3,0,0,A,A,0,2,2019-12-21,2.2219,1.80841,1.06514,0.2768589999999999,5.791666666666667,7,0.5305,0.788281,0.788281,-0.2768589999999999,7.219512195121951,5,3208817.0,17.0,3.0,Vicente Moreno,Julen Lopetegui,Jesús Gil Manzano,4-2-3-1,4-3-3 Attacking,237.0,368.0,33100000.0,27.787941011760314,180.27272727272728,101.0,159500000.0,28.579926575819798,180.9090909090909,246.0
172,Barcelona,Alaves,15:00,8,5,4,3,3,4,10,11,2,4,0,0,H,H,4,1,2019-12-21,0.4551,0.432162,0.432162,-0.256847,21.95238095238096,0,2.3007,1.43229,0.689009,0.256847,6.642857142857143,12,3208812.0,1.0,15.0,Ernesto Valverde,Asier Garitano,Mario Melero López,4-3-3 Attacking,4-4-1-1,131.0,1108.0,624000000.0,29.578744322070808,180.72727272727272,950.0,52700000.0,27.97560823844191,179.27272727272728,21.0
173,Villarreal,Getafe,17:30,11,7,4,0,2,5,8,18,2,5,0,1,D,H,1,0,2019-12-21,0.1659999999999999,0.646333,0.646333,-1.984497,11.96,0,2.7373,2.63083,2.63083,1.984497,7.142857142857143,5,3208820.0,10.0,6.0,Javier Calleja,Pepe Bordalás,Santiago Jaime Latre,4-2-3-1,4-4-2,1050.0,3709.0,144000000.0,27.098749299981332,182.54545454545453,227.0,130500000.0,28.66778669653413,182.0,204.0
174,Real Valladolid,Valencia,20:00,14,5,6,2,5,4,10,12,0,3,0,0,D,D,1,1,2019-12-21,1.5254,0.835691,0.835691,0.1111909999999999,13.75,4,1.0979,0.7245,0.7245,-0.1111909999999999,11.56,5,3208821.0,14.0,7.0,Sergio,Albert Celades,Valentin Pizarro Gomez,4-4-2 double 6,4-4-2 double 6,366.0,1049.0,40100000.0,26.719681413726587,180.0,65.0,303500000.0,27.72098811523863,181.72727272727272,147.0
175,Real Madrid,Athletic Club,20:00,20,8,8,2,6,4,8,14,1,0,0,0,D,D,0,0,2019-12-22,0.1094999999999999,0.415201,0.415201,-2.538529,16.17391304347826,0,2.8281,2.95373,2.95373,2.538529,10.22222222222222,12,3208819.0,2.0,8.0,Zinédine Zidane,Gaizka Garitano,Adrián Cordero Vega,4-3-3 Attacking,5-3-2,418.0,621.0,468000000.0,26.529027440731753,181.36363636363637,657.0,176500000.0,27.001680044801194,184.54545454545453,119.0
176,Levante,Celta Vigo,17:30,13,12,7,5,8,7,8,15,3,6,0,0,A,H,3,1,2019-12-22,0.5206,1.4501,1.4501,-1.23988,7.0,7,2.2903,2.68998,2.68998,1.23988,12.941176470588236,8,3208816.0,9.0,18.0,Paco López,Óscar García,Eduardo Prieto Iglesias,4-4-2 double 6,3-5-2,3368.0,940.0,71900000.0,28.468919171177898,180.45454545454547,87.0,113500000.0,26.342604691680666,179.63636363636363,236.0
177,Real Betis,Atletico Madrid,15:00,15,8,2,5,5,3,11,14,4,3,0,0,D,A,1,2,2019-12-22,1.8303,1.41727,1.41727,0.4947560000000001,12.571428571428571,3,0.8853,0.922514,0.922514,-0.4947560000000001,7.2105263157894735,4,3208813.0,13.0,4.0,Rubi,Diego Simeone,Estrada Fernández,4-1-4-1,4-4-2 double 6,150.0,13.0,167500000.0,28.81712401219588,181.63636363636363,359.0,595000000.0,26.009831373281067,182.0,600.0
178,Osasuna,Real Sociedad,13:00,19,13,7,7,8,3,11,12,6,2,1,0,A,A,3,4,2019-12-22,0.9038,2.29198,2.29198,-0.81365,10.0,10,1.8971,3.10563,3.10563,0.81365,11.2,13,3208818.0,12.0,5.0,Jagoba Arrasate,Imanol Alguacil,Medié Jiménez,4-4-2 double 6,4-1-4-1,331.0,681.0,43800000.0,28.583411113185242,180.0909090909091,56.0,261000000.0,25.49486652977413,181.0909090909091,178.0
179,Leganes,Espanyol,11:00,11,9,5,3,1,5,11,15,1,6,0,0,H,H,2,0,2019-12-22,1.1194000000000002,0.649033,0.649033,-0.196107,3.8260869565217392,4,1.5067,0.84514,0.84514,0.196107,8.545454545454545,2,3208815.0,19.0,20.0,Javier Aguirre,Pablo Machín,Javier Alberola Rojas,5-3-2,3-1-4-2,1244.0,714.0,62800000.0,27.351876050028,179.27272727272728,380.0,73500000.0,27.60525169560077,182.9090909090909,28.0
180,Real Valladolid,Leganes,18:00,14,12,5,5,4,3,16,13,3,2,0,0,A,D,2,2,2020-01-03,1.8087,2.14709,2.14709,0.58084,12.038461538461538,6,0.9285,1.56625,1.56625,-0.58084,4.666666666666667,6,3208831.0,14.0,19.0,Sergio,Javier Aguirre,Juan Martínez Munuera,4-4-2 double 6,5-3-2,366.0,1244.0,48300000.0,27.851409370916556,181.8181818181818,58.0,62800000.0,27.38473025947359,179.27272727272728,380.0
181,Sevilla,Athletic Club,20:00,9,6,2,1,9,1,16,20,2,4,0,0,A,D,1,1,2020-01-03,0.4941,0.237728,0.237728,-0.837502,10.766666666666667,1,2.2107,1.07523,1.07523,0.837502,9.157894736842104,5,3208829.0,4.0,8.0,Julen Lopetegui,Gaizka Garitano,González González,4-3-3 Attacking,3-5-2,368.0,621.0,167500000.0,28.059983821790805,179.9090909090909,271.0,182000000.0,27.146786136519196,184.0909090909091,119.0
182,Valencia,Eibar,12:00,9,10,1,3,6,5,13,20,1,3,0,1,H,H,1,0,2020-01-04,1.0807,0.817026,0.817026,-0.2849439999999998,8.59375,4,1.5973,1.10197,1.10197,0.2849439999999998,10.77777777777778,8,3208830.0,6.0,16.0,Albert Celades,José Luis Mendilibar,Andrés Hernández,4-4-2 double 6,4-4-2 double 6,1049.0,1533.0,362500000.0,26.450625350009332,182.1818181818182,165.0,42300000.0,29.1854893908282,180.72727272727272,56.0
183,Getafe,Real Madrid,15:00,15,10,4,8,7,4,20,14,3,2,0,0,A,A,0,3,2020-01-04,1.987,2.09016,2.09016,0.82389,6.875,3,0.7852,1.26627,1.26627,-0.82389,8.225806451612904,3,3208826.0,7.0,2.0,Pepe Bordalás,Zinédine Zidane,José Luis Munuera Montero,4-4-2,4-3-3 Attacking,3709.0,418.0,133000000.0,28.420135648061727,181.36363636363637,255.0,540000000.0,28.296185676062475,183.36363636363637,716.0
184,Atletico Madrid,Levante,17:30,17,6,8,3,5,5,9,10,1,3,0,0,H,H,2,1,2020-01-04,0.7265999999999999,0.736284,0.736284,-0.826796,10.11111111111111,2,2.0112,1.56308,1.56308,0.826796,11.478260869565217,7,3208823.0,3.0,11.0,Diego Simeone,Paco López,De Burgos Bengoetxea,4-4-2 double 6,4-4-2 double 6,13.0,3368.0,600000000.0,26.107149523987303,182.0,601.0,65900000.0,27.813577250948914,180.72727272727272,118.0
185,Espanyol,Barcelona,20:00,8,14,3,7,4,5,17,11,2,2,0,1,H,D,2,2,2020-01-04,2.4763,2.3097,2.3097,1.5788259999999998,8.277777777777779,10,0.3681999999999999,0.730874,0.730874,-1.5788259999999998,14.89655172413793,1,3208825.0,20.0,1.0,Abelardo,Ernesto Valverde,Carlos del Cerro Grande,4-4-1-1,4-3-3 Attacking,714.0,131.0,73000000.0,28.3922593491382,182.63636363636363,27.0,653000000.0,29.71190342853587,181.8181818181818,912.0
186,Granada,Mallorca,11:00,7,17,4,5,3,4,23,11,5,1,0,0,H,H,1,0,2020-01-05,0.7811999999999999,0.78276,0.78276,-0.6057199999999999,12.384615384615383,4,1.95,1.38848,1.38848,0.6057199999999999,6.705882352941177,7,3208827.0,10.0,18.0,Diego Martínez,Vicente Moreno,César Soto Grado,4-2-3-1,3-4-2-1,16795.0,237.0,25500000.0,27.802376952274287,182.54545454545453,57.0,35400000.0,27.940513969261403,180.27272727272728,72.0
187,Real Sociedad,Villarreal,13:00,10,14,2,2,7,2,16,14,5,4,0,0,H,A,1,2,2020-01-05,1.5983,1.29087,0.547717,-0.462903,10.933333333333334,12,1.0517,1.01062,1.01062,0.462903,8.434782608695652,9,3208828.0,5.0,9.0,Imanol Alguacil,Javier Calleja,José María Sánchez Martínez,4-3-3 Attacking,4-3-3 Attacking,681.0,1050.0,261000000.0,25.533196440793976,181.0909090909091,178.0,144000000.0,27.139817061788314,182.54545454545453,227.0
188,Alaves,Real Betis,15:00,6,10,1,3,3,6,18,15,7,3,0,1,H,D,1,1,2020-01-05,2.7097,2.02653,1.28338,0.979353,5.666666666666667,7,0.1770999999999999,0.304027,0.304027,-0.979353,8.432432432432432,1,3208822.0,15.0,13.0,Asier Garitano,Rubi,Mateu Lahoz,4-4-2 double 6,4-1-4-1,1108.0,150.0,58300000.0,28.997075477568288,180.9090909090909,20.0,167500000.0,28.941820670773442,181.8181818181818,365.0
189,Celta Vigo,Osasuna,20:00,20,8,7,1,6,1,14,19,4,3,0,0,D,D,1,1,2020-01-05,0.5517,0.76674,0.76674,-1.14469,8.93939393939394,6,2.2233,1.91143,1.91143,1.14469,6.590909090909091,6,3208824.0,17.0,12.0,Óscar García,Jagoba Arrasate,Guillermo Cuadra Fernández,4-4-2 double 6,4-4-2 double 6,940.0,331.0,99500000.0,25.528218530271918,178.0909090909091,120.0,43500000.0,27.598780411922096,180.36363636363637,57.0
190,Leganes,Getafe,20:00,8,8,2,4,4,4,22,18,6,4,0,0,A,A,0,3,2020-01-17,2.7059,1.96098,1.96098,1.680139,7.481481481481482,3,0.1817,0.280841,0.280841,-1.680139,3.5454545454545454,3,3208836.0,19.0,5.0,Javier Aguirre,Pepe Bordalás,Estrada Fernández,5-3-2,4-4-2,1244.0,3709.0,57800000.0,27.72422375707797,178.63636363636363,151.0,129000000.0,28.070437433887125,183.45454545454547,239.0
191,Osasuna,Real Valladolid,17:30,21,5,5,3,9,1,16,10,2,2,0,0,D,D,0,0,2020-01-18,0.6273,0.618269,0.618269,-0.980691,10.38095238095238,2,2.1282,1.59896,1.59896,0.980691,7.95,10,3208839.0,13.0,15.0,Jagoba Arrasate,Sergio,Javier Alberola Rojas,4-4-2 double 6,5-3-2,331.0,366.0,38100000.0,28.8442536245411,180.45454545454547,6.0,46500000.0,27.635119158733122,182.36363636363637,58.0
192,Eibar,Atletico Madrid,20:00,9,12,4,4,6,7,16,14,1,2,0,0,H,H,2,0,2020-01-18,1.3283,1.03685,1.03685,0.0019200000000001,5.708333333333333,5,1.334,1.03493,1.03493,-0.0019200000000001,12.130434782608695,0,3208835.0,16.0,3.0,José Luis Mendilibar,Diego Simeone,Jesús Gil Manzano,4-2-3-1,4-4-2 double 6,1533.0,13.0,37700000.0,29.058552672515713,180.0909090909091,55.0,535000000.0,27.158733121772137,183.63636363636363,573.0
193,Levante,Alaves,12:00,20,14,3,6,7,6,12,20,2,4,0,0,D,A,0,1,2020-01-18,1.7933,1.73657,1.73657,0.5667499999999999,6.9375,7,0.9584,1.16982,1.16982,-0.5667499999999999,6.5,7,3208837.0,12.0,14.0,Paco López,Asier Garitano,Guillermo Cuadra Fernández,4-4-2 double 6,4-4-2 double 6,3368.0,1108.0,61900000.0,28.32107522867277,181.54545454545453,37.0,70800000.0,28.683467114678614,182.0,20.0
194,Real Madrid,Sevilla,15:00,13,8,4,3,2,4,17,12,3,1,0,0,D,H,2,1,2020-01-18,0.4945,0.373928,0.373928,-0.997632,15.157894736842104,3,2.2525,1.37156,1.37156,0.997632,9.114285714285714,7,3208840.0,2.0,4.0,Zinédine Zidane,Julen Lopetegui,Juan Martínez Munuera,4-3-3 Attacking,4-3-3 Attacking,418.0,368.0,505000000.0,27.096509240246405,181.1818181818182,668.0,152000000.0,28.451496484350695,181.63636363636363,358.0
195,Mallorca,Valencia,11:00,13,8,6,1,1,6,18,11,4,4,0,1,H,H,4,1,2020-01-19,0.2593,0.449368,0.449368,-1.732842,8.904761904761905,11,2.6071,2.18221,2.18221,1.732842,13.347826086956522,5,3208838.0,17.0,7.0,Vicente Moreno,Albert Celades,Mario Melero López,4-4-2 double 6,4-4-2 double 6,237.0,1049.0,27300000.0,28.0769087175658,181.1818181818182,58.0,286500000.0,27.673697965279075,181.0,110.0
196,Real Betis,Real Sociedad,13:00,14,7,6,0,6,2,8,10,3,1,0,0,H,H,3,0,2020-01-19,0.1694999999999999,0.281591,0.281591,-1.980659,8.653846153846153,8,2.7288,2.26225,2.26225,1.980659,11.22222222222222,9,3208834.0,11.0,6.0,Rubi,Imanol Alguacil,Adrián Cordero Vega,4-1-4-1,4-1-4-1,150.0,681.0,143500000.0,27.912886565863975,182.54545454545453,343.0,232000000.0,23.851907161968764,181.8181818181818,257.0
197,Villarreal,Espanyol,15:00,21,16,5,5,4,4,15,18,1,3,0,1,A,A,1,2,2020-01-19,1.2261,2.04252,2.04252,0.5557400000000001,13.818181818181818,4,1.5042,2.23006,1.48678,-0.5557400000000001,4.392857142857143,8,3208841.0,9.0,20.0,Javier Calleja,Abelardo,Pablo González Fuertes,4-5-1 flat,4-4-2 double 6,1050.0,714.0,127500000.0,28.92713583473337,181.36363636363637,343.0,85500000.0,28.929375894468297,183.45454545454547,18.0
198,Athletic Club,Celta Vigo,17:30,22,7,6,3,13,0,18,12,4,3,0,0,D,D,1,1,2020-01-19,0.1025,0.716642,0.716642,-1.976528,19.266666666666666,7,2.8415,3.43632,2.69317,1.976528,5.655172413793103,10,3208832.0,8.0,18.0,Gaizka Garitano,Óscar García,Medié Jiménez,4-2-3-1,4-3-3 Attacking,621.0,940.0,181000000.0,28.52716072428598,179.45454545454547,50.0,116000000.0,26.020036089851285,179.63636363636363,147.0
199,Barcelona,Granada,20:00,18,5,6,1,7,0,11,17,0,4,0,1,D,H,1,0,2020-01-19,0.3532,0.187953,0.187953,-1.244637,22.58333333333333,0,2.4142,1.43259,1.43259,1.244637,3.5,16,3208833.0,1.0,10.0,Quique Setién,Diego Martínez,Valentin Pizarro Gomez,4-3-3 Attacking,4-2-3-1,131.0,16795.0,629000000.0,29.117789807728204,180.72727272727272,920.0,29000000.0,27.151017360462948,182.8181818181818,59.0
200,Osasuna,Levante,20:00,15,6,3,2,5,5,18,11,3,3,0,0,D,H,2,0,2020-01-24,0.3803999999999999,0.601469,0.601469,-0.5963309999999999,7.137931034482759,3,2.4393,1.94107,1.1978,0.5963309999999999,4.108108108108108,2,3208847.0,10.0,13.0,Jagoba Arrasate,Paco López,César Soto Grado,4-4-2 double 6,5-3-2,331.0,3368.0,45300000.0,26.862796341235764,180.54545454545453,59.0,61900000.0,27.702818741833116,181.27272727272728,35.0
201,Sevilla,Granada,20:00,12,8,4,1,3,6,13,18,4,1,0,0,H,H,2,0,2020-01-25,0.9805,0.475664,0.475664,-0.331913,7.45,1,1.6303,0.807577,0.807577,0.331913,8.590909090909092,7,3208849.0,3.0,11.0,Julen Lopetegui,Diego Martínez,Alejandro Hernández Hernández,4-3-3 Attacking,4-3-3 Attacking,368.0,16795.0,149000000.0,29.060543836724534,181.1818181818182,197.0,28500000.0,27.083815568415158,183.45454545454547,99.0
202,Alaves,Villarreal,17:30,12,11,6,6,7,4,10,12,2,1,0,0,A,A,1,2,2020-01-25,1.4369999999999998,1.07139,1.07139,0.096378,13.157894736842104,3,1.2372,0.975012,0.975012,-0.096378,9.782608695652174,8,3208842.0,14.0,8.0,Asier Garitano,Javier Calleja,José Luis Munuera Montero,4-4-2 double 6,4-3-3 Attacking,1108.0,1050.0,74300000.0,28.130421255677927,182.1818181818182,20.0,99500000.0,29.604380561259415,180.1818181818182,282.0
203,Valencia,Barcelona,15:00,8,14,6,5,2,0,13,16,1,3,0,0,D,H,2,0,2020-01-25,1.0605,1.15303,1.15303,0.458443,8.80952380952381,13,1.6371,1.43787,0.694587,-0.458443,37.09090909090909,4,3208850.0,7.0,2.0,Albert Celades,Quique Setién,Jesús Gil Manzano,4-4-2 double 6,3-5-2 flat,1049.0,131.0,291500000.0,27.433762678115862,181.45454545454547,164.0,750000000.0,27.46163897703939,179.72727272727272,753.0
204,Espanyol,Athletic Club,12:00,9,11,3,3,2,3,14,14,3,1,0,0,A,D,1,1,2020-01-25,1.4092000000000002,0.660786,0.660786,0.1081179999999999,9.4,6,1.1821,0.552668,0.552668,-0.1081179999999999,10.38888888888889,7,3208845.0,20.0,9.0,Abelardo,Gaizka Garitano,José María Sánchez Martínez,4-4-2 double 6,5-3-2,714.0,621.0,100500000.0,28.54234335137826,183.0909090909091,18.0,188500000.0,27.099744882085744,181.9090909090909,50.0
205,Atletico Madrid,Leganes,11:00,14,10,3,4,7,6,10,19,2,6,0,1,D,D,0,0,2020-01-26,0.7352000000000001,0.37528,0.37528,-0.6150169999999999,8.821428571428571,2,1.9136,0.990297,0.990297,0.6150169999999999,7.56,4,3208843.0,4.0,19.0,Diego Simeone,Javier Aguirre,Mateu Lahoz,4-4-2 double 6,5-4-1,13.0,1244.0,542000000.0,25.980212805674817,183.0,444.0,39800000.0,28.528156306390393,179.0,281.0
206,Celta Vigo,Eibar,13:00,18,5,5,3,6,3,9,16,1,0,0,0,D,D,0,0,2020-01-26,0.5317,0.223406,0.223406,-0.807614,10.774193548387096,1,2.143,1.03102,1.03102,0.807614,6.823529411764706,7,3208844.0,18.0,15.0,Óscar García,José Luis Mendilibar,González González,4-1-4-1,4-2-3-1,940.0,1533.0,104500000.0,26.21417460021156,178.54545454545453,169.0,37700000.0,29.08045547881277,180.0909090909091,55.0
207,Getafe,Real Betis,15:00,7,8,3,1,8,4,19,12,2,4,0,1,D,H,1,0,2020-01-26,1.2098,1.33797,1.33797,0.6293190000000001,7.444444444444445,4,1.4684,1.45193,0.708651,-0.6293190000000001,10.409090909090908,4,3208846.0,5.0,12.0,Pepe Bordalás,Rubi,Eduardo Prieto Iglesias,4-4-2,4-1-4-1,3709.0,150.0,120800000.0,28.42486466305768,183.0909090909091,239.0,150500000.0,29.30570592993591,182.0,349.0
208,Real Sociedad,Mallorca,17:30,14,8,5,4,7,3,15,7,0,2,0,0,D,H,3,0,2020-01-26,0.2776,0.885045,0.885045,-1.801555,18.61904761904762,2,2.5945,2.6866,2.6866,1.801555,4.90625,9,3208848.0,6.0,17.0,Imanol Alguacil,Vicente Moreno,Santiago Jaime Latre,4-1-4-1,4-4-2 double 6,681.0,237.0,254500000.0,23.895712774562877,181.9090909090909,261.0,30600000.0,27.016364880841266,180.63636363636363,58.0
209,Real Valladolid,Real Madrid,20:00,4,12,0,3,3,5,7,11,1,3,0,0,D,A,0,1,2020-01-26,1.6404,0.5486,0.5486,0.357909,5.914285714285715,3,0.8445,0.190691,0.190691,-0.357909,18.11111111111111,4,3208851.0,16.0,1.0,Sergio,Zinédine Zidane,De Burgos Bengoetxea,4-3-1-2,4-3-3 Attacking,366.0,418.0,46500000.0,27.657021965030182,182.36363636363637,58.0,488000000.0,28.56549063530583,182.72727272727272,692.0
210,Valencia,Celta Vigo,20:00,9,11,5,4,4,7,14,20,6,3,0,0,D,H,1,0,2020-02-01,1.5667999999999995,1.35798,1.35798,0.25498,12.173913043478262,5,1.1399,1.103,1.103,-0.25498,11.904761904761903,3,3209800.0,5.0,19.0,Albert Celades,Óscar García,Pablo González Fuertes,4-4-2,5-3-2,1049.0,940.0,318500000.0,27.45267873809968,181.0,196.0,95500000.0,26.314230601704935,179.72727272727272,160.0
211,Real Madrid,Atletico Madrid,15:00,16,4,5,1,5,6,18,11,2,3,0,0,D,H,1,0,2020-02-01,0.7216,0.454401,0.454401,-0.627869,12.129032258064516,0,1.9405,1.08227,1.08227,0.627869,6.1875,5,3209798.0,1.0,6.0,Zinédine Zidane,Diego Simeone,Estrada Fernández,4-3-2-1,4-4-2 double 6,418.0,13.0,553000000.0,28.626470039201045,182.8181818181818,751.0,477000000.0,26.907597535934293,183.27272727272728,392.0
212,Granada,Espanyol,12:00,8,22,2,4,3,9,15,17,3,3,0,0,D,H,2,1,2020-02-01,2.6132,2.69997,1.9567,1.081049,5.833333333333333,3,0.2645,0.875651,0.875651,-1.081049,5.548387096774194,4,3209795.0,10.0,20.0,Diego Martínez,Abelardo,Guillermo Cuadra Fernández,4-4-2 double 6,4-4-2 double 6,16795.0,714.0,38800000.0,27.778731877294504,183.36363636363637,99.0,76500000.0,29.97249704436563,184.0909090909091,11.0
213,Mallorca,Real Valladolid,17:30,16,15,4,7,8,5,11,10,4,1,0,0,D,A,0,1,2020-02-01,1.8907,1.09282,1.09282,0.5427239999999999,11.272727272727272,4,0.8077,0.550096,0.550096,-0.5427239999999999,9.05,2,3209797.0,18.0,14.0,Vicente Moreno,Sergio,Medié Jiménez,4-4-2 double 6,4-4-2 double 6,237.0,366.0,32500000.0,27.58882459087798,181.1818181818182,60.0,53300000.0,28.520689440607306,181.45454545454547,56.0
214,Leganes,Real Sociedad,11:00,12,2,5,1,3,1,24,19,4,3,0,0,A,H,2,1,2020-02-02,0.2601,0.108866,0.108866,-1.311134,5.538461538461538,1,2.5458000000000003,1.42,1.42,1.311134,7.277777777777778,8,3209796.0,17.0,8.0,Javier Aguirre,Imanol Alguacil,Mario Melero López,5-4-1,4-1-4-1,1244.0,681.0,46500000.0,27.343662497666603,178.8181818181818,279.0,156500000.0,25.357725094891418,180.36363636363637,107.0
215,Eibar,Real Betis,13:00,8,14,3,6,2,7,15,16,2,2,0,0,D,D,1,1,2020-02-02,0.4416,0.959112,0.959112,-0.581088,4.375,11,2.3868,2.28348,1.5402,0.581088,8.666666666666666,5,3209794.0,16.0,12.0,José Luis Mendilibar,Rubi,Juan Martínez Munuera,4-2-3-1,4-1-4-1,1533.0,150.0,38200000.0,29.631261278078526,179.8181818181818,55.0,182500000.0,27.332711094518075,183.0909090909091,186.0
216,Athletic Club,Getafe,15:00,8,9,2,3,5,4,11,19,2,5,0,0,A,A,0,2,2020-02-02,2.4957000000000003,2.25172,1.50845,0.7739630000000001,12.23076923076923,3,0.3483,0.734487,0.734487,-0.7739630000000001,5.818181818181818,6,3209792.0,9.0,4.0,Gaizka Garitano,Pepe Bordalás,Javier Alberola Rojas,4-2-3-1,4-4-2,621.0,3709.0,192000000.0,26.883952460954514,180.54545454545453,108.0,144800000.0,27.621927695849664,183.0,239.0
217,Sevilla,Alaves,17:30,14,4,3,3,6,1,13,12,2,1,0,0,D,D,1,1,2020-02-02,0.7984,0.984092,0.984092,0.078052,19.35,1,1.9048,1.64919,0.90604,-0.078052,3.357142857142857,8,3209799.0,3.0,15.0,Julen Lopetegui,Asier Garitano,Carlos del Cerro Grande,4-3-3 Attacking,5-3-2,368.0,1108.0,168000000.0,28.65857756206832,180.45454545454547,281.0,71300000.0,27.813826146475016,183.1818181818182,35.0
218,Villarreal,Osasuna,17:30,9,17,4,5,4,6,19,15,3,2,0,0,H,H,3,1,2020-02-02,0.5507,0.915717,0.915717,-0.257613,8.964285714285714,5,2.2292,1.9166,1.17333,0.257613,7.555555555555555,4,3209801.0,7.0,11.0,Javier Calleja,Jagoba Arrasate,Valentin Pizarro Gomez,4-1-4-1,4-2-3-1,1050.0,331.0,125000000.0,29.72733495115425,180.27272727272728,186.0,37600000.0,26.65571526351814,180.72727272727272,56.0
219,Barcelona,Levante,20:00,23,10,9,5,8,3,6,10,2,0,0,0,H,H,2,1,2020-02-02,0.2853,1.21881,1.21881,-2.16854,24.47058823529412,2,2.595,3.38735,3.38735,2.16854,10.409090909090908,20,3209793.0,2.0,13.0,Quique Setién,Paco López,Adrián Cordero Vega,4-3-3 Attacking,4-4-2 double 6,131.0,3368.0,715000000.0,27.94374961110074,181.0909090909091,859.0,66400000.0,28.913944371849915,181.27272727272728,4.0
220,Alaves,Eibar,20:00,9,5,5,1,3,5,16,10,3,2,0,0,D,H,2,1,2020-02-07,0.2832,0.159152,0.159152,-1.284988,5.782608695652174,4,2.5245,1.44414,1.44414,1.284988,12.526315789473683,5,3209802.0,14.0,16.0,Asier Garitano,José Luis Mendilibar,Eduardo Prieto Iglesias,4-2-3-1,4-3-3 Attacking,1108.0,1533.0,69800000.0,28.43830502146724,183.0909090909091,35.0,35700000.0,30.004853462759005,180.72727272727272,20.0
221,Levante,Leganes,12:00,9,12,5,4,2,2,18,15,2,3,0,0,H,H,2,0,2020-02-08,1.581,1.18902,1.18902,0.255425,8.137931034482758,2,1.1118,0.933595,0.933595,-0.255425,9.565217391304348,4,3209808.0,11.0,18.0,Paco López,Javier Aguirre,González González,4-4-2 double 6,3-4-1-2,3368.0,1244.0,73400000.0,27.91238877481177,180.45454545454547,116.0,54000000.0,27.197063032791984,177.45454545454547,241.0
222,Getafe,Valencia,15:00,22,5,10,0,10,0,12,6,4,4,0,1,D,H,3,0,2020-02-08,0.0387,0.257146,0.257146,-3.021794,7.444444444444445,3,2.9334,3.27894,3.27894,3.021794,7.310344827586207,16,3209807.0,3.0,7.0,Pepe Bordalás,Albert Celades,De Burgos Bengoetxea,4-4-2,4-4-2,3709.0,1049.0,141800000.0,28.460456723290402,183.0909090909091,239.0,374500000.0,26.224628212307888,182.45454545454547,184.0
223,Real Valladolid,Villarreal,17:30,8,8,1,3,2,4,14,22,3,3,0,0,H,D,1,1,2020-02-08,2.0772,1.38092,1.38092,0.7346659999999999,3.928571428571429,7,0.6444,0.646254,0.646254,-0.7346659999999999,10.8,2,3209811.0,15.0,8.0,Sergio,Javier Calleja,Andrés Hernández,4-4-2 double 6,4-1-4-1,366.0,1050.0,51300000.0,28.166013315910643,180.45454545454547,63.0,125000000.0,29.743762055877042,180.27272727272728,186.0
224,Atletico Madrid,Granada,20:00,6,10,3,2,2,3,16,19,4,6,0,0,H,H,1,0,2020-02-08,1.2937,0.89501,0.89501,-0.03075,5.4324324324324325,3,1.342,0.92576,0.92576,0.03075,6.366666666666666,6,3209803.0,4.0,10.0,Diego Simeone,Diego Martínez,César Soto Grado,4-4-2 double 6,4-2-3-1,13.0,16795.0,485000000.0,26.445149648435066,181.54545454545453,380.0,27200000.0,27.017858253997886,182.54545454545453,75.0
225,Celta Vigo,Sevilla,17:30,13,12,7,4,3,4,16,14,3,2,0,0,A,H,2,1,2020-02-09,1.1665,1.13918,1.13918,-0.2441999999999999,7.857142857142857,5,1.5457,1.38338,1.38338,0.2441999999999999,9.303030303030305,9,3209805.0,17.0,5.0,Óscar García,Julen Lopetegui,Santiago Jaime Latre,4-3-3 Attacking,4-3-3 Attacking,940.0,368.0,116500000.0,26.766224877107835,180.0,195.0,190000000.0,28.535872067699582,182.0909090909091,225.0
226,Osasuna,Real Madrid,15:00,14,17,4,7,4,3,11,15,2,2,0,0,A,A,1,4,2020-02-09,2.6327000000000003,2.74949,2.74949,2.06652,8.285714285714286,7,0.2557999999999999,0.68297,0.68297,-2.06652,8.81081081081081,5,3209809.0,12.0,1.0,Jagoba Arrasate,Zinédine Zidane,Jesús Gil Manzano,4-4-2 double 6,4-3-3 Attacking,331.0,418.0,36600000.0,26.535747619936533,180.0,59.0,533000000.0,28.691182875987806,183.0909090909091,751.0
227,Real Betis,Barcelona,20:00,7,10,3,6,0,8,21,17,5,5,1,1,D,A,2,3,2020-02-09,2.0302,1.85454,1.85454,1.538771,7.857142857142857,13,0.7039,1.05905,0.315769,-1.538771,10.311111111111112,4,3209804.0,13.0,2.0,Rubi,Quique Setién,José María Sánchez Martínez,4-2-3-1,4-3-1-2,150.0,131.0,209500000.0,26.647999502208947,183.1818181818182,296.0,704000000.0,27.719992533134214,180.9090909090909,854.0
228,Espanyol,Mallorca,11:00,12,7,7,3,1,7,26,15,6,2,0,0,D,H,1,0,2020-02-09,0.5036,0.669911,0.669911,-1.1453189999999998,7.619047619047619,2,2.2823,1.81523,1.81523,1.1453189999999998,6.340909090909091,6,3209806.0,20.0,19.0,Abelardo,Vicente Moreno,Mateu Lahoz,4-4-2 double 6,4-1-4-1,714.0,237.0,98000000.0,29.212867898699518,184.1818181818182,18.0,31500000.0,27.737664115487522,180.63636363636363,52.0
229,Real Sociedad,Athletic Club,13:00,14,6,4,3,4,4,7,15,2,2,0,1,D,H,2,1,2020-02-09,0.286,0.643736,0.643736,-1.6300239999999997,7.25,1,2.5717,2.27376,2.27376,1.6300239999999997,3.911764705882353,13,3209810.0,6.0,9.0,Imanol Alguacil,Gaizka Garitano,José Luis Munuera Montero,4-2-3-1,4-4-2 double 6,681.0,621.0,230500000.0,24.641901561819427,179.8181818181818,128.0,99500000.0,27.290647750606684,181.9090909090909,74.0
230,Valencia,Atletico Madrid,20:00,9,8,3,3,11,4,12,16,3,3,0,0,A,D,2,2,2020-02-14,0.9192,1.07192,1.07192,-0.49027,10.655172413793103,6,1.7919,1.56219,1.56219,0.49027,6.52,12,3209966.0,7.0,6.0,Albert Celades,Diego Simeone,Medié Jiménez,4-4-2 double 6,4-4-2 double 6,1049.0,13.0,275500000.0,26.41279323004169,182.45454545454547,202.0,415000000.0,27.01437371663244,181.8181818181818,441.0
231,Mallorca,Alaves,12:00,14,10,6,0,8,5,16,15,0,2,0,0,D,H,1,0,2020-02-15,0.3807,0.784895,0.784895,-0.511915,4.931034482758621,3,2.4381,2.04009,1.29681,0.511915,9.25,4,3209963.0,18.0,14.0,Vicente Moreno,Asier Garitano,Valentin Pizarro Gomez,4-2-3-1,4-4-2 double 6,237.0,1108.0,31400000.0,26.99943998506627,180.27272727272728,59.0,71400000.0,28.24416651110696,182.8181818181818,35.0
232,Barcelona,Getafe,15:00,12,7,5,2,2,3,12,30,3,2,0,0,H,H,2,1,2020-02-15,0.8564,1.18616,1.18616,-0.6936199999999999,7.762711864406779,3,1.8815,1.87978,1.87978,0.6936199999999999,5.357142857142857,5,3209959.0,2.0,3.0,Quique Setién,Pepe Bordalás,Guillermo Cuadra Fernández,4-3-3 Attacking,4-4-2,131.0,3709.0,604000000.0,27.51913384356916,179.72727272727272,753.0,136100000.0,27.79466119096509,183.1818181818182,284.0
233,Villarreal,Levante,17:30,14,11,6,2,5,10,15,15,3,1,0,0,H,H,2,1,2020-02-15,1.7515,1.24428,1.24428,0.408397,10.944444444444445,3,0.9526,0.835883,0.835883,-0.408397,7.518518518518518,6,3209967.0,8.0,13.0,Javier Calleja,Paco López,Mario Melero López,4-2-3-1,4-4-2 double 6,1050.0,3368.0,110000000.0,29.762927011386974,180.27272727272728,186.0,62000000.0,27.72347707049966,180.54545454545453,116.0
234,Granada,Real Valladolid,20:00,11,6,5,4,10,5,19,13,3,2,0,0,D,H,2,1,2020-02-15,0.3528,0.638079,0.638079,-1.497131,9.863636363636363,3,2.4837,2.13521,2.13521,1.497131,5.516129032258065,2,3209961.0,9.0,15.0,Diego Martínez,Sergio,Juan Martínez Munuera,5-4-1,4-4-2 double 6,16795.0,366.0,32400000.0,26.73088171240122,184.63636363636363,56.0,48850000.0,27.774500653350756,180.9090909090909,56.0
235,Real Madrid,Celta Vigo,20:00,15,5,4,3,9,3,10,10,2,2,0,0,A,D,2,2,2020-02-16,0.7584000000000001,1.17019,1.17019,0.00943,13.714285714285714,3,1.9857,1.90404,1.16076,-0.00943,5.9375,22,3209964.0,1.0,17.0,Zinédine Zidane,Óscar García,Javier Alberola Rojas,4-3-3 Attacking,3-5-2,418.0,940.0,546500000.0,29.077468732499536,183.45454545454547,506.0,75000000.0,27.384232468421377,181.8181818181818,204.0
236,Athletic Club,Osasuna,17:30,12,6,2,2,4,0,14,20,4,4,0,0,A,A,0,1,2020-02-16,1.4414,0.836206,0.836206,0.0730969999999999,15.7,3,1.1798000000000002,0.763109,0.763109,-0.0730969999999999,5.909090909090909,8,3209958.0,10.0,11.0,Gaizka Garitano,Jagoba Arrasate,Pablo González Fuertes,3-5-2,5-3-2,621.0,331.0,164200000.0,25.940389521498354,183.1818181818182,113.0,22125000.0,29.55833488893037,182.36363636363637,57.0
237,Leganes,Real Betis,13:00,11,3,1,2,4,2,15,20,5,3,0,1,D,D,0,0,2020-02-16,1.2066,0.487887,0.487887,-0.075332,3.392857142857143,3,1.3479,0.563219,0.563219,0.075332,12.766666666666667,2,3209962.0,19.0,12.0,Javier Aguirre,Rubi,Estrada Fernández,5-4-1,4-2-3-1,1244.0,150.0,45350000.0,27.18785389832618,180.0909090909091,138.0,148600000.0,27.757326862049652,183.9090909090909,271.0
238,Sevilla,Espanyol,11:00,18,5,6,3,9,2,17,9,3,4,0,1,D,D,2,2,2020-02-16,0.5659,0.622409,0.622409,-1.036731,13.045454545454543,2,2.1931,1.65914,1.65914,1.036731,3.129032258064516,12,3209965.0,4.0,20.0,Julen Lopetegui,Abelardo,Adrián Cordero Vega,4-3-3 Attacking,4-2-3-1,368.0,714.0,192200000.0,28.439549499097755,181.27272727272728,296.0,73800000.0,28.874867774251758,181.45454545454547,23.0
239,Real Betis,Mallorca,20:00,19,11,6,4,7,1,13,12,2,1,0,0,D,D,3,3,2020-02-21,0.1896999999999999,0.913546,0.913546,-0.6993340000000001,16.285714285714285,5,2.7223,3.09931,1.61288,0.6993340000000001,7.05,13,3209971.0,13.0,18.0,Rubi,Vicente Moreno,Jesús Gil Manzano,4-2-3-1,4-2-3-1,150.0,237.0,153800000.0,28.776056250388898,181.45454545454547,439.0,44400000.0,26.627590069068507,179.9090909090909,114.0
240,Celta Vigo,Leganes,12:00,3,11,1,2,2,9,13,17,3,3,1,0,D,H,1,0,2020-02-22,1.4811,0.371163,0.371163,0.242988,5.742857142857143,7,0.8853000000000001,0.128175,0.128175,-0.242988,10.333333333333334,1,3209972.0,17.0,19.0,Óscar García,Javier Aguirre,José Luis Munuera Montero,4-4-2 double 6,5-4-1,940.0,1244.0,83400000.0,27.717005786820984,181.1818181818182,191.0,39600000.0,27.42778918548939,181.8181818181818,138.0
241,Barcelona,Eibar,15:00,13,12,11,5,5,5,8,19,0,2,0,0,H,H,5,0,2020-02-22,0.0168,0.477994,0.477994,-4.182656000000001,10.560975609756095,0,2.9739,4.66065,4.66065,4.182656000000001,7.047619047619048,13,3209970.0,1.0,16.0,Quique Setién,José Luis Mendilibar,César Soto Grado,4-3-1-2,4-2-3-1,131.0,1533.0,515000000.0,28.79571899695103,181.72727272727272,876.0,33225000.0,29.38261464750171,179.45454545454547,55.0
242,Real Sociedad,Valencia,17:30,19,6,7,1,6,7,19,9,1,1,0,0,H,H,3,0,2020-02-22,0.1352,0.25727,0.25727,-2.14153,10.304347826086955,3,2.7836,2.3988,2.3988,2.14153,7.102564102564102,5,3209976.0,4.0,7.0,Imanol Alguacil,Albert Celades,González González,4-3-3 Attacking,4-2-3-1,681.0,1049.0,237700000.0,24.71009893597163,183.45454545454547,265.0,200000000.0,27.917864476386036,181.72727272727272,165.0
243,Levante,Real Madrid,20:00,8,19,2,7,3,7,16,10,1,2,0,0,D,H,1,0,2020-02-22,2.2967,1.90806,1.90806,1.2005400000000002,9.55,14,0.4952,0.70752,0.70752,-1.2005400000000002,10.892857142857142,6,3209974.0,10.0,2.0,Paco López,Zinédine Zidane,Alejandro Hernández Hernández,4-4-2 double 6,4-3-3 Attacking,3368.0,418.0,60425000.0,28.64040818866281,180.45454545454547,116.0,506500000.0,30.01207143301599,181.63636363636363,668.0
244,Getafe,Sevilla,17:30,10,8,2,5,5,3,14,17,7,3,0,0,A,A,0,3,2020-02-23,2.8891,2.82001,2.82001,2.359492,4.888888888888889,7,0.0685,0.460518,0.460518,-2.359492,6.074074074074074,4,3209973.0,6.0,3.0,Pepe Bordalás,Julen Lopetegui,Estrada Fernández,4-4-2 double 6,3-4-3,3709.0,368.0,112200000.0,27.866591998008836,183.36363636363637,271.0,206700000.0,27.675938025014002,181.8181818181818,296.0
245,Atletico Madrid,Villarreal,20:00,16,10,9,4,6,1,14,6,1,2,0,0,D,H,3,1,2020-02-23,0.2438,0.440221,0.440221,-1.738939,8.25,3,2.63,2.17916,2.17916,1.738939,11.763157894736842,10,3209969.0,5.0,8.0,Diego Simeone,Javier Calleja,De Burgos Bengoetxea,4-4-2 double 6,4-3-3 Attacking,13.0,1050.0,444000000.0,27.24609545143426,182.54545454545453,439.0,125200000.0,29.10459834484475,179.9090909090909,188.0
246,Alaves,Athletic Club,13:00,4,13,4,5,2,9,17,12,4,4,0,0,D,H,2,1,2020-02-23,0.3827,0.593519,0.593519,-0.503751,12.153846153846152,3,2.4377000000000004,1.84055,1.09727,0.503751,10.238095238095235,3,3209968.0,14.0,11.0,Asier Garitano,Gaizka Garitano,Mateu Lahoz,4-4-2 double 6,5-3-2,1108.0,621.0,66100000.0,28.54881463505694,182.1818181818182,20.0,178700000.0,27.346898139505946,182.36363636363637,106.0
247,Osasuna,Granada,11:00,14,10,1,4,6,3,19,11,3,1,0,0,A,A,0,3,2020-02-23,2.1163,1.68194,1.68194,0.898115,8.615384615384615,3,0.6388,0.783825,0.783825,-0.898115,3.269230769230769,7,3209975.0,12.0,9.0,Jagoba Arrasate,Diego Martínez,José María Sánchez Martínez,4-1-4-1,5-3-2,331.0,16795.0,29225000.0,28.33600896023894,181.0,58.0,34400000.0,27.740401966274657,183.36363636363637,101.0
248,Real Valladolid,Espanyol,15:00,21,6,6,2,4,2,10,18,1,5,0,1,D,H,2,1,2020-02-23,1.4846,1.26303,0.519748,-0.628642,11.0,1,1.1861,1.14839,1.14839,0.628642,13.5,3,3209977.0,15.0,20.0,Sergio,Abelardo,Eduardo Prieto Iglesias,4-4-2 double 6,4-2-3-1,366.0,714.0,47250000.0,28.580922157924213,181.45454545454547,56.0,71600000.0,29.51577375396677,183.63636363636363,14.0
249,Real Sociedad,Real Valladolid,20:00,13,6,4,1,8,4,15,11,1,1,0,0,D,H,1,0,2020-02-28,0.3047999999999999,0.86626,0.86626,-1.6968100000000002,16.266666666666666,0,2.5536,2.56307,2.56307,1.6968100000000002,6.962962962962963,10,3209985.0,4.0,15.0,Imanol Alguacil,Sergio,Valentin Pizarro Gomez,4-3-3 Attacking,4-3-3 Attacking,681.0,366.0,237700000.0,24.72652604069442,183.45454545454547,265.0,48050000.0,27.28268309377139,182.0909090909091,65.0
250,Eibar,Levante,12:00,13,11,9,4,3,6,15,16,3,2,0,0,H,H,3,0,2020-02-29,0.1336999999999999,0.60028,0.60028,-1.7274399999999996,6.352941176470588,2,2.7995000000000005,3.07099,2.32772,1.7274399999999996,6.705882352941177,10,3209979.0,16.0,11.0,José Luis Mendilibar,Paco López,Pablo González Fuertes,4-4-2 double 6,4-4-2 double 6,1533.0,3368.0,23200000.0,31.495488768589382,180.0,2.0,60425000.0,28.65957314417273,180.45454545454547,116.0
251,Valencia,Real Betis,15:00,10,14,5,5,6,7,13,9,2,3,0,0,D,H,2,1,2020-02-29,1.0854,0.793569,0.793569,-0.2581010000000001,6.625,7,1.5861,1.05167,1.05167,0.2581010000000001,13.666666666666666,5,3209987.0,7.0,14.0,Albert Celades,Rubi,Adrián Cordero Vega,4-4-2 double 6,4-1-4-1,1049.0,150.0,284000000.0,26.93124261091407,182.45454545454547,244.0,131100000.0,28.558272665048847,181.9090909090909,351.0
252,Leganes,Alaves,17:30,19,8,6,4,6,4,18,18,3,3,0,0,D,D,1,1,2020-02-29,1.3531,0.977076,0.977076,-0.005081,5.724137931034483,1,1.3198,0.982157,0.982157,0.005081,3.592592592592593,2,3209982.0,19.0,13.0,Javier Aguirre,Asier Garitano,Juan Martínez Munuera,3-4-1-2,4-4-2 double 6,1244.0,1108.0,44850000.0,28.3327733183996,181.36363636363637,142.0,61700000.0,29.668595606993964,183.0,20.0
253,Granada,Celta Vigo,20:00,14,6,0,2,6,1,14,11,3,5,0,0,D,D,0,0,2020-02-29,0.6751,0.27654,0.27654,-0.641503,5.32,3,1.9555,0.918043,0.918043,0.641503,13.4,2,3209981.0,9.0,17.0,Diego Martínez,Óscar García,Guillermo Cuadra Fernández,3-4-3,4-3-3 Attacking,16795.0,940.0,34225000.0,26.303528094082505,184.0909090909091,77.0,89000000.0,26.995955447700826,178.9090909090909,217.0
254,Sevilla,Osasuna,11:00,12,14,5,4,7,1,9,14,2,2,0,1,H,H,3,2,2020-03-01,1.5128,1.80118,1.0579,-0.5916399999999999,8.741935483870968,3,1.2242000000000002,1.64954,1.64954,0.5916399999999999,5.823529411764706,8,3209986.0,3.0,12.0,Julen Lopetegui,Jagoba Arrasate,Carlos del Cerro Grande,4-3-3 Attacking,4-4-2 double 6,368.0,331.0,136500000.0,27.672204592122455,181.0,327.0,28050000.0,28.39151266255989,180.63636363636363,60.0
255,Athletic Club,Villarreal,13:00,18,10,6,3,5,6,11,13,6,6,0,0,D,H,1,0,2020-03-01,0.26,0.879429,0.879429,-0.289021,5.695652173913044,4,2.6219,2.72308,1.16845,0.289021,5.7317073170731705,3,3209978.0,10.0,8.0,Gaizka Garitano,Javier Calleja,Medié Jiménez,4-2-3-1,4-4-2 double 6,621.0,1050.0,125100000.0,27.773007280194136,180.9090909090909,80.0,127400000.0,28.83155995270985,179.8181818181818,185.0
256,Espanyol,Atletico Madrid,15:00,9,5,3,2,3,4,20,18,3,4,0,0,H,D,1,1,2020-03-01,0.829,0.761475,0.761475,-0.529805,4.916666666666667,6,1.8307,1.29128,1.29128,0.529805,9.538461538461538,3,3209980.0,20.0,6.0,Abelardo,Diego Simeone,Javier Alberola Rojas,4-1-4-1,4-4-2 double 6,714.0,13.0,68000000.0,30.329662124323317,182.8181818181818,8.0,468000000.0,27.03528094082509,181.54545454545453,571.0
257,Mallorca,Getafe,17:30,4,9,1,5,4,3,13,24,4,5,1,0,D,A,0,1,2020-03-01,2.2016,0.913015,0.913015,0.8403596,4.340909090909091,2,0.4372999999999999,0.0726554,0.0726554,-0.8403596,6.380952380952381,1,3209983.0,18.0,5.0,Vicente Moreno,Pepe Bordalás,Mario Melero López,4-4-2 double 6,4-4-2,237.0,3709.0,37800000.0,26.605936158297553,179.45454545454547,71.0,131500000.0,27.606247277705187,181.27272727272728,245.0
258,Real Madrid,Barcelona,20:00,13,9,5,4,8,2,13,10,2,2,0,0,D,H,2,0,2020-03-01,1.709,1.52303,1.52303,0.46133,11.08695652173913,12,1.0181,1.0617,1.0617,-0.46133,14.074074074074074,14,3209984.0,1.0,2.0,Zinédine Zidane,Quique Setién,Mateu Lahoz,4-2-3-1,4-4-2 double 6,418.0,131.0,499500000.0,27.999751104473898,182.63636363636363,592.0,571000000.0,28.802936967208016,179.8181818181818,927.0
259,Alaves,Valencia,20:00,13,6,2,2,3,3,9,10,5,3,0,0,A,D,1,1,2020-03-06,1.3505,0.931772,0.931772,-0.0070199999999999,12.555555555555555,6,1.3127,0.938792,0.938792,0.0070199999999999,13.296296296296296,6,3209997.0,14.0,7.0,Asier Garitano,Albert Celades,Jesús Gil Manzano,4-4-2 double 6,4-1-4-1,1108.0,1049.0,63300000.0,28.57221081451061,182.9090909090909,20.0,222800000.0,28.27552734739593,181.0,238.0
260,Getafe,Celta Vigo,20:00,19,3,6,2,9,1,18,14,6,5,1,0,D,D,0,0,2020-03-07,0.4197,0.156144,0.156144,-0.993876,9.31578947368421,1,2.2872,1.15002,1.15002,0.993876,5.138888888888889,4,3210002.0,4.0,17.0,Pepe Bordalás,Óscar García,José María Sánchez Martínez,4-4-2,3-4-1-2,3709.0,940.0,138500000.0,28.716819115176406,182.0909090909091,249.0,78900000.0,26.83915126625599,182.0909090909091,187.0
261,Barcelona,Real Sociedad,17:30,13,9,6,1,4,4,12,10,4,3,0,0,D,H,1,0,2020-03-07,0.2972,0.550322,0.550322,-0.916298,15.157894736842104,6,2.5631,2.2099,1.46662,0.916298,9.20689655172414,11,3209999.0,1.0,5.0,Quique Setién,Imanol Alguacil,Juan Martínez Munuera,4-3-3 Attacking,4-3-3 Attacking,131.0,681.0,552000000.0,29.073735299607993,181.0,918.0,189800000.0,24.226246033227554,181.63636363636363,206.0
262,Eibar,Mallorca,12:00,13,10,2,4,4,3,16,8,5,3,0,0,A,A,1,2,2020-03-07,1.303,0.90604,0.90604,-0.06036,21.181818181818183,1,1.3606,0.9664,0.9664,0.06036,3.9375,8,3210001.0,16.0,18.0,José Luis Mendilibar,Vicente Moreno,Estrada Fernández,4-4-2 double 6,5-3-2,1533.0,237.0,31500000.0,31.205027689627276,180.45454545454547,21.0,42550000.0,25.868458714454608,180.54545454545453,109.0
263,Atletico Madrid,Sevilla,15:00,21,12,3,4,8,4,14,16,2,4,0,0,D,D,2,2,2020-03-07,1.0544,1.61538,0.872107,-0.432873,7.916666666666667,4,1.6751,2.04826,1.30498,0.432873,8.96774193548387,4,3209998.0,6.0,3.0,Diego Simeone,Julen Lopetegui,Alejandro Hernández Hernández,4-4-2 double 6,4-3-3 Attacking,13.0,368.0,496500000.0,26.596478128305645,182.45454545454547,498.0,205700000.0,27.626905606371725,181.0,358.0
264,Osasuna,Espanyol,11:00,17,8,6,2,6,2,17,12,3,3,0,1,D,H,1,0,2020-03-08,0.102,0.174034,0.174034,-1.369186,6.125,4,2.8239,2.2865,1.54322,1.369186,5.333333333333333,6,3210004.0,11.0,20.0,Jagoba Arrasate,Abelardo,De Burgos Bengoetxea,4-2-3-1,4-4-2 double 6,331.0,714.0,32100000.0,29.44210067824031,180.8181818181818,57.0,72000000.0,30.295314541721112,182.63636363636363,8.0
265,Real Valladolid,Athletic Club,13:00,19,10,2,5,8,1,9,13,1,2,0,0,A,A,1,4,2020-03-08,1.0564,1.59457,1.59457,-0.4424600000000001,7.84375,1,1.6906,2.03703,2.03703,0.4424600000000001,8.35,3,3210006.0,15.0,10.0,Sergio,Gaizka Garitano,José Luis Munuera Montero,3-4-3,4-2-3-1,366.0,621.0,55200000.0,26.8998817746251,181.0,81.0,145800000.0,26.36176964719059,181.9090909090909,109.0
266,Levante,Granada,15:00,11,10,3,7,6,4,21,13,3,3,0,0,H,D,1,1,2020-03-08,1.4924,1.22846,1.22846,0.15988,7.84,5,1.1864,1.06858,1.06858,-0.15988,9.055555555555555,10,3210003.0,13.0,9.0,Paco López,Diego Martínez,Eduardo Prieto Iglesias,4-4-2 double 6,3-4-1-2,3368.0,16795.0,64900000.0,28.35417833364445,180.63636363636363,87.0,27900000.0,27.340177960301162,184.0,5.0
267,Villarreal,Leganes,17:30,15,12,5,7,2,5,10,11,4,3,0,0,H,A,1,2,2020-03-08,0.8942000000000001,1.7502,1.00693,-1.37662,14.625,2,1.8299,2.38355,2.38355,1.37662,9.555555555555555,9,3210005.0,8.0,19.0,Javier Calleja,Javier Aguirre,César Soto Grado,4-3-3 Attacking,4-2-3-1,1050.0,1244.0,125200000.0,29.142928255864604,179.9090909090909,188.0,48000000.0,27.777487399663993,180.0909090909091,165.0
268,Real Betis,Real Madrid,20:00,14,13,3,4,6,2,8,11,1,1,0,0,D,H,2,1,2020-03-08,1.3867,1.39172,0.64844,-0.6873299999999999,8.0,6,1.2928,1.33577,1.33577,0.6873299999999999,19.352941176470587,5,3210000.0,12.0,2.0,Rubi,Zinédine Zidane,González González,4-1-4-1,4-3-3 Attacking,150.0,418.0,130600000.0,28.563499471097007,181.54545454545453,243.0,427500000.0,28.71457905544148,182.63636363636363,671.0
269,Eibar,Real Sociedad,19:00,13,6,4,2,3,1,12,10,3,2,0,0,A,A,1,2,2020-03-10,0.8052999999999999,1.30335,0.560202,0.2002739999999999,15.733333333333333,2,1.8946,1.84648,0.359928,-0.2002739999999999,10.0,3,3209960.0,16.0,5.0,José Luis Mendilibar,Imanol Alguacil,Medié Jiménez,4-2-3-1,4-2-3-1,1533.0,681.0,32575000.0,29.41920228983884,179.63636363636363,55.0,194900000.0,24.775558459336693,181.54545454545453,142.0
270,Sevilla,Real Betis,21:00,13,12,5,1,11,2,13,16,0,2,0,0,D,H,2,0,2020-06-11,0.2427,0.481345,0.481345,-0.8953349999999999,8.0,6,2.6253,2.11983,1.37668,0.8953349999999999,12.28,8,3210024.0,3.0,13.0,Julen Lopetegui,Rubi,Mateu Lahoz,4-3-3 Attacking,4-3-3 Attacking,368.0,150.0,227200000.0,27.541036649866218,180.72727272727272,251.0,157800000.0,27.241117540912203,182.0,101.0
271,Valencia,Levante,21:00,12,14,3,4,0,6,11,13,1,4,0,1,D,D,1,1,2020-06-12,1.761,1.45366,0.71038,-0.2902499999999999,17.571428571428573,8,0.9261,1.00063,1.00063,0.2902499999999999,11.904761904761903,11,3210025.0,7.0,12.0,Albert Celades,Paco López,Javier Alberola Rojas,4-4-2 double 6,4-4-2 double 6,1049.0,3368.0,256500000.0,26.327919855640594,180.72727272727272,216.0,81300000.0,28.92862920788999,180.36363636363637,85.0
272,Granada,Getafe,18:30,10,6,4,2,2,3,17,16,6,4,0,0,A,H,2,1,2020-06-12,0.2992,0.786113,0.786113,-1.393307,6.125,5,2.5455999999999994,2.17942,2.17942,1.393307,3.869565217391304,1,3210019.0,9.0,6.0,Diego Martínez,Pepe Bordalás,Medié Jiménez,4-4-2 double 6,4-4-2 double 6,16795.0,3709.0,53900000.0,28.041565552859186,183.36363636363637,101.0,77100000.0,29.041876672266813,182.72727272727272,211.0
273,Leganes,Real Valladolid,18:30,11,6,2,2,2,1,21,20,2,4,0,0,A,A,1,2,2020-06-13,1.4278,1.23093,1.23093,0.8434750000000001,10.76,1,1.2208,1.13073,0.387455,-0.8434750000000001,2.727272727272727,4,3210020.0,19.0,15.0,Javier Aguirre,Sergio,Mario Melero López,4-4-1-1,4-4-2 double 6,1244.0,366.0,50250000.0,27.95669217845809,179.36363636363637,214.0,51850000.0,27.92408686453861,181.63636363636363,58.0
274,Mallorca,Barcelona,21:00,13,12,3,7,9,3,16,5,1,2,0,0,A,A,0,4,2020-06-13,2.665,2.69892,2.69892,2.0501380000000005,8.409090909090908,19,0.2296,0.648782,0.648782,-2.0501380000000005,21.047619047619047,2,3210021.0,18.0,1.0,Vicente Moreno,Quique Setién,Carlos del Cerro Grande,4-4-2 double 6,4-3-3 Attacking,237.0,131.0,64900000.0,27.590317964034593,180.45454545454547,109.0,510500000.0,29.238006346835917,181.27272727272728,933.0
275,Espanyol,Alaves,13:00,19,1,9,0,2,1,16,19,4,3,0,1,H,H,2,0,2020-06-13,0.1014999999999999,0.0516535,0.0516535,-1.9635565,16.25,1,2.809,2.01521,2.01521,1.9635565,4.64,3,3210018.0,20.0,14.0,Abelardo,Asier Garitano,Pablo González Fuertes,4-4-2 double 6,4-4-2 double 6,714.0,1108.0,67600000.0,28.771327235392945,181.8181818181818,10.0,51400000.0,27.885010266940455,182.54545454545453,33.0
276,Celta Vigo,Villarreal,16:00,4,15,0,4,2,8,5,20,1,1,0,0,D,A,0,1,2020-06-13,2.6309,1.61991,1.61991,1.490272,6.78125,10,0.2141,0.129638,0.129638,-1.490272,15.3,3,3210017.0,17.0,8.0,Óscar García,Javier Calleja,Valentin Pizarro Gomez,4-3-3 Attacking,4-3-3 Attacking,940.0,1050.0,86550000.0,27.100491568664054,179.8181818181818,98.0,150200000.0,29.096135896957254,181.36363636363637,254.0
277,Real Madrid,Eibar,18:30,6,9,5,5,3,3,11,12,1,1,0,0,H,H,3,1,2020-06-14,0.4549,0.434682,0.434682,-0.8374980000000001,10.243243243243244,2,2.2918,1.27218,1.27218,0.8374980000000001,10.8,5,3210022.0,2.0,16.0,Zinédine Zidane,José Luis Mendilibar,Guillermo Cuadra Fernández,4-3-3 Attacking,4-3-3 Attacking,418.0,1533.0,475500000.0,29.528716321324122,181.45454545454547,666.0,30175000.0,29.008773567295126,178.72727272727272,30.0
278,Real Sociedad,Osasuna,21:00,9,8,4,1,1,6,5,12,1,3,0,0,A,D,1,1,2020-06-14,1.5785,1.1455,0.402225,-0.494915,17.5,4,1.0565,0.89714,0.89714,0.494915,11.23076923076923,5,3210023.0,4.0,11.0,Imanol Alguacil,Jagoba Arrasate,Adrián Cordero Vega,4-2-3-1,5-3-2,681.0,331.0,251200000.0,25.977474954887683,181.1818181818182,196.0,27975000.0,29.337564557277084,181.8181818181818,57.0
279,Athletic Club,Atletico Madrid,13:00,10,9,3,2,5,7,10,9,3,0,0,0,D,D,1,1,2020-06-14,2.1432,1.18398,1.18398,0.821107,12.285714285714286,7,0.567,0.362873,0.362873,-0.821107,19.83333333333333,2,3210016.0,10.0,5.0,Gaizka Garitano,Diego Simeone,González González,4-2-3-1,4-4-2 double 6,621.0,13.0,171900000.0,27.410366498662185,179.72727272727272,107.0,476500000.0,27.183373778856325,182.0,578.0
280,Real Betis,Granada,21:00,18,8,6,5,11,2,13,18,2,4,0,0,A,D,2,2,2020-06-15,0.9524,1.03374,1.03374,0.2868520000000001,21.73684210526316,3,1.7096,1.49004,0.746888,-0.2868520000000001,3.5,6,3210037.0,14.0,9.0,Rubi,Diego Martínez,César Soto Grado,4-3-3 Attacking,4-2-3-1,150.0,16795.0,130100000.0,28.47663493248709,182.8181818181818,346.0,49000000.0,26.412046543463383,180.8181818181818,56.0
281,Levante,Sevilla,18:30,11,10,5,4,5,6,12,10,1,1,0,0,D,D,1,1,2020-06-15,1.592,1.06949,1.06949,0.262159,10.043478260869565,1,1.0691,0.807331,0.807331,-0.262159,13.0,5,3210040.0,13.0,3.0,Paco López,Julen Lopetegui,Andrés Hernández,4-4-2 double 6,4-3-3 Attacking,3368.0,368.0,63225000.0,28.76261589197934,181.54545454545453,35.0,198000000.0,28.401219588077904,180.8181818181818,358.0
282,Getafe,Espanyol,18:30,21,5,4,3,5,5,15,9,3,2,0,1,D,D,0,0,2020-06-16,0.5236999999999999,0.786529,0.786529,-1.216991,11.25,4,2.2688,2.00352,2.00352,1.216991,5.2,10,3210039.0,5.0,19.0,Pepe Bordalás,Abelardo,José Luis Munuera Montero,4-4-2,4-4-2 double 6,3709.0,714.0,95300000.0,28.1192209570033,184.0,149.0,71450000.0,28.73573517516023,183.27272727272728,14.0
283,Villarreal,Mallorca,18:30,10,15,4,5,2,6,16,10,3,4,0,0,H,H,1,0,2020-06-16,1.3371,1.65754,1.65754,0.0322199999999999,12.125,7,1.3422,1.62532,1.62532,-0.0322199999999999,9.28,5,3210043.0,7.0,18.0,Javier Calleja,Vicente Moreno,Estrada Fernández,4-3-3 Attacking,5-4-1,1050.0,237.0,146600000.0,28.824093086926766,180.0,343.0,55200000.0,25.958807790429965,179.0,73.0
284,Barcelona,Leganes,21:00,10,6,5,2,3,2,16,16,5,3,0,0,H,H,2,0,2020-06-16,0.7439,0.85627,0.85627,0.0686909999999999,22.83333333333333,5,1.976,1.53086,0.787579,-0.0686909999999999,5.111111111111111,4,3210036.0,1.0,20.0,Quique Setién,Javier Aguirre,Juan Martínez Munuera,4-3-3 Attacking,5-3-2,131.0,1244.0,562000000.0,27.86783647563935,181.63636363636363,702.0,32450000.0,28.526414037707674,180.0,48.0
285,Eibar,Athletic Club,18:30,12,6,6,3,8,3,10,11,3,2,0,0,D,D,2,2,2020-06-17,1.2543,1.72308,0.979805,-0.110395,8.214285714285714,0,1.4412,1.83348,1.0902,0.110395,7.92,4,3210038.0,16.0,10.0,José Luis Mendilibar,Gaizka Garitano,Eduardo Prieto Iglesias,4-4-2 double 6,4-2-3-1,1533.0,621.0,34575000.0,29.851782714205715,181.45454545454547,20.0,133900000.0,27.332462198991973,181.1818181818182,80.0
286,Real Valladolid,Celta Vigo,18:30,6,11,1,4,5,8,18,15,3,3,0,0,D,D,0,0,2020-06-17,2.068,1.0575,0.314226,-0.1219009999999999,8.5,6,0.6271,0.436127,0.436127,0.1219009999999999,9.857142857142858,1,3210044.0,15.0,17.0,Sergio,Óscar García,Jesús Gil Manzano,4-4-2 double 6,5-3-2,366.0,940.0,52650000.0,28.202352062721673,181.54545454545453,58.0,88500000.0,27.07609980710597,179.9090909090909,205.0
287,Osasuna,Atletico Madrid,21:00,13,10,3,6,3,2,12,8,3,3,0,0,A,A,0,5,2020-06-17,2.5269,2.40229,2.40229,1.5413919999999997,7.869565217391305,5,0.3306,0.860898,0.860898,-1.5413919999999997,10.363636363636363,4,3210041.0,11.0,4.0,Jagoba Arrasate,Diego Simeone,De Burgos Bengoetxea,4-1-4-1,4-4-2,331.0,13.0,24525000.0,28.870387654781904,181.45454545454547,9.0,487000000.0,26.786883205774373,181.0909090909091,618.0
288,Alaves,Real Sociedad,18:30,15,9,7,1,5,6,21,11,3,4,1,1,D,H,2,0,2020-06-18,0.3626,0.318266,0.318266,-1.202614,4.555555555555555,2,2.4368,1.52088,1.52088,1.202614,7.45945945945946,4,3210035.0,12.0,6.0,Asier Garitano,Imanol Alguacil,Santiago Jaime Latre,4-4-2 double 6,4-2-3-1,1108.0,681.0,47900000.0,28.499284425362454,182.0909090909091,19.0,220100000.0,25.896335013378135,182.1818181818182,151.0
289,Real Madrid,Valencia,21:00,19,4,14,2,8,2,12,11,0,2,0,1,D,H,3,0,2020-06-18,0.1638,0.156776,0.156776,-1.866964,19.625,1,2.7192,2.02374,2.02374,1.866964,9.551724137931034,12,3210042.0,2.0,8.0,Zinédine Zidane,Albert Celades,José María Sánchez Martínez,4-1-4-1,4-4-2,418.0,1049.0,508500000.0,29.12127434509365,182.72727272727272,712.0,273500000.0,26.581793292265573,182.27272727272728,237.0
290,Granada,Villarreal,18:30,14,5,4,1,5,0,17,15,0,3,0,0,A,A,0,1,2020-06-19,1.2718,0.803321,0.803321,-0.080312,11.142857142857142,4,1.3594,0.883633,0.883633,0.080312,10.26923076923077,9,3210059.0,10.0,6.0,Diego Martínez,Javier Calleja,Guillermo Cuadra Fernández,4-2-3-1,4-3-3 Attacking,16795.0,1050.0,52300000.0,27.262522556157055,183.63636363636363,47.0,82200000.0,28.549561321635245,180.72727272727272,136.0
291,Mallorca,Leganes,18:30,7,16,3,4,3,7,15,11,3,6,0,0,H,D,1,1,2020-06-19,1.9087,1.08784,1.08784,0.6094759999999999,6.6,3,0.7666,0.478364,0.478364,-0.6094759999999999,13.22222222222222,3,3210060.0,18.0,19.0,Vicente Moreno,Javier Aguirre,Mateu Lahoz,4-2-3-1,3-5-2,237.0,1244.0,64400000.0,27.29960798954639,179.63636363636363,109.0,53450000.0,27.373529960798955,179.0909090909091,122.0
292,Sevilla,Barcelona,21:00,8,10,4,4,2,9,17,8,3,2,0,0,D,D,0,0,2020-06-19,1.1918000000000002,0.741303,0.741303,-0.083623,15.0,6,1.4342,0.824926,0.824926,0.083623,24.642857142857142,0,3210062.0,4.0,2.0,Julen Lopetegui,Quique Setién,González González,4-3-3 Attacking,4-3-3 Attacking,368.0,131.0,227200000.0,27.562939456163278,180.72727272727272,251.0,428500000.0,30.642772696160787,181.45454545454547,1007.0
293,Espanyol,Levante,13:00,10,14,3,8,8,5,11,10,2,0,0,0,D,A,1,3,2020-06-20,2.7198,2.56766,2.56766,2.075882,12.923076923076923,4,0.1833,0.491778,0.491778,-2.075882,9.22222222222222,3,3210057.0,20.0,11.0,Abelardo,Paco López,Carlos del Cerro Grande,4-4-2 double 6,4-4-2 double 6,714.0,3368.0,65200000.0,29.67257793541161,180.8181818181818,10.0,84800000.0,27.81556841515774,180.63636363636363,116.0
294,Athletic Club,Real Betis,16:00,12,9,3,5,11,5,16,11,4,0,0,0,H,H,1,0,2020-06-20,1.3064999999999998,2.13638,1.3931,-0.85452,12.785714285714286,6,1.437,2.24762,2.24762,0.85452,10.423076923076923,6,3210054.0,9.0,14.0,Gaizka Garitano,Rubi,Valentin Pizarro Gomez,4-2-3-1,4-3-3 Attacking,621.0,150.0,163900000.0,27.24335760064713,180.0909090909091,108.0,147700000.0,27.033289776616265,180.45454545454547,429.0
295,Getafe,Eibar,18:30,9,8,2,2,2,1,18,15,3,0,0,0,D,D,1,1,2020-06-20,1.3242,0.816384,0.816384,-0.0039919999999999,6.176470588235294,3,1.3092,0.820376,0.820376,0.0039919999999999,3.85,5,3210058.0,5.0,17.0,Pepe Bordalás,José Luis Mendilibar,Javier Alberola Rojas,4-4-2 double 6,4-4-2 double 6,3709.0,1533.0,102300000.0,28.16700889801506,179.8181818181818,206.0,29225000.0,30.70275651795159,180.8181818181818,56.0
296,Atletico Madrid,Real Valladolid,21:00,15,6,4,2,10,1,14,12,4,2,0,0,D,H,1,0,2020-06-20,0.7964,0.281386,0.281386,-0.486735,19.41176470588235,0,1.7786,0.768121,0.768121,0.486735,6.32258064516129,5,3210055.0,3.0,15.0,Diego Simeone,Sergio,Pablo González Fuertes,4-4-2 double 6,4-3-3 Attacking,13.0,366.0,429000000.0,25.718125816688442,181.27272727272728,600.0,21325000.0,27.562192769584968,181.27272727272728,3.0
297,Valencia,Osasuna,18:30,7,13,3,3,1,7,7,19,1,2,0,0,H,H,2,0,2020-06-21,1.1225,1.60978,1.60978,-0.28932,10.055555555555555,4,1.6042999999999998,1.8991,1.8991,0.28932,11.470588235294118,2,3210063.0,8.0,12.0,Albert Celades,Jagoba Arrasate,Medié Jiménez,4-4-2,5-3-2,1049.0,331.0,224700000.0,27.396677244726526,181.0,190.0,27975000.0,29.35672951278701,181.8181818181818,57.0
298,Real Sociedad,Real Madrid,21:00,10,10,2,6,4,1,16,15,4,2,0,0,D,A,1,2,2020-06-21,2.1774,1.30503,0.561749,0.079622,12.8,4,0.558,0.482127,0.482127,-0.079622,11.20689655172414,1,3210061.0,7.0,1.0,Imanol Alguacil,Zinédine Zidane,Estrada Fernández,4-2-3-1,4-3-3 Attacking,681.0,418.0,251300000.0,24.966959118909838,182.27272727272728,261.0,469500000.0,28.37707672204592,183.0,677.0
299,Celta Vigo,Alaves,13:00,15,4,10,2,7,4,14,10,1,1,0,1,H,H,6,0,2020-06-21,0.0421,0.168445,0.168445,-1.166165,19.33333333333333,2,2.9272,2.82117,1.33461,1.166165,3.888888888888889,7,3210056.0,16.0,13.0,Óscar García,Asier Garitano,Adrián Cordero Vega,4-3-3 Attacking,4-4-2 double 6,940.0,1108.0,91500000.0,27.244104287225436,179.45454545454547,189.0,46100000.0,27.73368178706988,183.0,15.0
300,Villarreal,Sevilla,18:30,7,14,5,6,3,8,16,12,3,3,0,0,H,D,2,2,2020-06-22,1.4746,1.2636,1.2636,0.17503,6.026315789473684,6,1.2049,1.08857,1.08857,-0.17503,14.304347826086955,7,3210081.0,6.0,4.0,Javier Calleja,Julen Lopetegui,José María Sánchez Martínez,4-4-2 double 6,4-3-3 Attacking,1050.0,368.0,168200000.0,28.674257980212804,181.0,309.0,172300000.0,27.649306203720986,181.45454545454547,267.0
301,Leganes,Granada,21:00,9,4,3,1,4,2,12,16,4,4,0,0,D,D,0,0,2020-06-22,0.3102,0.147341,0.147341,-0.22748,9.083333333333334,0,2.4615,1.11797,0.374821,0.22748,5.068965517241379,3,3210077.0,19.0,9.0,Javier Aguirre,Diego Martínez,De Burgos Bengoetxea,3-5-2,4-4-2 double 6,1244.0,16795.0,29350000.0,28.868396490573083,179.8181818181818,80.0,54100000.0,26.121585464501276,181.27272727272728,103.0
302,Levante,Atletico Madrid,18:30,12,12,0,7,10,4,12,14,4,2,0,0,A,A,0,1,2020-06-23,1.5829,1.0251,1.0251,0.2766619999999998,7.736842105263157,5,1.0795,0.748438,0.748438,-0.2766619999999998,7.068965517241379,8,3210078.0,12.0,3.0,Paco López,Diego Simeone,José Luis Munuera Montero,4-4-2 double 6,4-4-2 double 6,3368.0,13.0,57125000.0,29.112811897206146,180.54545454545453,86.0,424500000.0,27.051210254495675,182.36363636363637,496.0
303,Real Valladolid,Getafe,18:30,6,15,2,1,7,8,12,19,5,2,0,0,D,D,1,1,2020-06-23,0.8525,0.675045,0.675045,0.329453,5.333333333333333,5,1.8251,1.08861,0.345592,-0.329453,11.416666666666666,2,3210082.0,15.0,5.0,Sergio,Pepe Bordalás,César Soto Grado,4-4-2,4-4-2,366.0,3709.0,54250000.0,27.434260469168066,181.0,58.0,115700000.0,27.237135212494557,182.0909090909091,240.0
304,Barcelona,Athletic Club,21:00,18,6,4,0,6,2,10,16,2,1,0,0,D,H,1,0,2020-06-23,0.4514,0.649841,0.649841,-1.187859,17.391304347826086,3,2.3303000000000003,1.8377,1.8377,1.187859,5.608695652173913,13,3210074.0,2.0,10.0,Quique Setién,Gaizka Garitano,Jesús Gil Manzano,4-3-3 Attacking,4-2-3-1,131.0,621.0,551000000.0,29.90678862547446,180.27272727272728,991.0,126700000.0,25.80075913135461,182.72727272727272,89.0
305,Real Madrid,Mallorca,21:00,14,11,6,4,5,4,18,12,4,1,0,0,H,H,2,0,2020-06-24,0.6916,0.573505,0.573505,-0.7802949999999998,14.608695652173912,0,2.0335,1.3538,1.3538,0.7802949999999998,7.8076923076923075,8,3210079.0,1.0,18.0,Zinédine Zidane,Vicente Moreno,Mario Melero López,4-2-3-1,3-4-2-1,418.0,237.0,469500000.0,28.418393379379005,182.1818181818182,675.0,64050000.0,26.970070312986124,180.63636363636363,102.0
306,Alaves,Osasuna,18:30,5,7,0,1,7,3,12,14,2,3,0,0,D,A,0,1,2020-06-24,2.0869,1.1029,1.1029,0.7132160000000001,4.970588235294118,2,0.6124,0.389684,0.389684,-0.7132160000000001,8.6875,3,3210073.0,14.0,11.0,Asier Garitano,Jagoba Arrasate,Alejandro Hernández Hernández,4-4-2 double 6,4-4-2 double 6,1108.0,331.0,58400000.0,27.93678053636986,181.9090909090909,25.0,31650000.0,27.826519818306267,180.8181818181818,9.0
307,Real Sociedad,Celta Vigo,18:30,13,4,6,1,7,3,18,15,4,2,0,0,A,A,0,1,2020-06-24,1.6568,0.848154,0.104876,-0.523899,11.166666666666666,0,0.9755,0.628775,0.628775,0.523899,6.25,6,3210080.0,7.0,16.0,Imanol Alguacil,Óscar García,Eduardo Prieto Iglesias,4-2-3-1,4-3-3 Attacking,681.0,940.0,236700000.0,25.8851347147035,182.8181818181818,213.0,94700000.0,26.547694605189474,177.9090909090909,47.0
308,Eibar,Valencia,18:30,14,7,5,0,10,8,12,7,4,2,0,1,H,H,1,0,2020-06-25,1.0968,0.389713,0.389713,-0.165656,8.777777777777779,9,1.4373,0.555369,0.555369,0.165656,10.333333333333334,4,3210076.0,17.0,8.0,José Luis Mendilibar,Albert Celades,Santiago Jaime Latre,4-4-2,4-2-3-1,1533.0,1049.0,33375000.0,30.137016987119658,181.36363636363637,20.0,276500000.0,27.40887312550557,182.27272727272728,267.0
309,Real Betis,Espanyol,21:00,13,9,6,2,6,5,18,18,4,4,0,0,D,H,1,0,2020-06-25,1.4146999999999998,1.12604,1.12604,0.0522599999999999,13.25,2,1.232,1.07378,1.07378,-0.0522599999999999,4.730769230769231,5,3210075.0,13.0,20.0,Alexis Trujillo,Abelardo,Juan Martínez Munuera,3-4-2-1,4-4-2 double 6,150.0,714.0,145700000.0,27.998008835791175,182.63636363636363,396.0,63250000.0,27.732686204965468,181.45454545454547,24.0
310,Sevilla,Real Valladolid,21:00,15,11,3,5,5,1,16,17,3,2,0,0,A,D,1,1,2020-06-26,0.5094000000000001,0.583726,0.583726,-0.270443,17.772727272727273,1,2.2542,1.59745,0.854169,0.270443,5.238095238095238,7,3210091.0,4.0,15.0,Julen Lopetegui,Sergio,Valentin Pizarro Gomez,4-3-3 Attacking,4-2-3-1,368.0,366.0,195500000.0,29.311181631510177,180.63636363636363,289.0,22000000.0,28.340240184182687,180.27272727272728,5.0
311,Athletic Club,Mallorca,13:00,12,14,6,2,1,8,17,16,1,2,0,0,H,H,3,1,2020-06-27,0.3148999999999999,1.16492,0.421642,-1.6031479999999998,11.952380952380953,2,2.5424,2.76806,2.02479,1.6031479999999998,13.4,6,3210083.0,9.0,18.0,Gaizka Garitano,Vicente Moreno,Pablo González Fuertes,4-2-3-1,3-4-2-1,621.0,237.0,171000000.0,27.16246655466368,180.63636363636363,111.0,53950000.0,27.353867214236825,179.9090909090909,73.0
312,Celta Vigo,Barcelona,16:00,10,18,6,2,3,8,19,10,3,4,0,0,A,D,2,2,2020-06-27,1.5098,2.13485,2.13485,0.19683,5.066666666666666,8,1.2416,1.93802,1.93802,-0.19683,15.909090909090908,8,3210085.0,17.0,2.0,Óscar García,Quique Setién,Guillermo Cuadra Fernández,3-5-2,4-3-3 Attacking,940.0,131.0,75800000.0,26.559890485968513,182.9090909090909,207.0,450000000.0,28.765353742766475,179.36363636363637,824.0
313,Osasuna,Leganes,18:30,6,21,5,7,2,4,12,15,1,1,0,0,H,H,2,1,2020-06-27,1.8067,1.48812,1.48812,0.5919790000000001,8.75,9,0.9139,0.896141,0.896141,-0.5919790000000001,7.12,2,3210090.0,11.0,19.0,Jagoba Arrasate,Javier Aguirre,Javier Alberola Rojas,4-4-2 double 6,3-5-2,331.0,1244.0,42000000.0,28.88955261029183,181.27272727272728,58.0,44650000.0,27.64407939767283,178.9090909090909,76.0
314,Atletico Madrid,Alaves,21:00,14,6,4,2,3,1,13,14,3,2,0,0,D,H,2,1,2020-06-27,0.7162,1.12577,0.382496,-0.7432540000000001,30.846153846153847,2,2.0059,1.86903,1.12575,0.7432540000000001,5.125,7,3210084.0,3.0,14.0,Diego Simeone,Asier Garitano,Mario Melero López,4-4-2 double 6,4-1-4-1,13.0,1108.0,548500000.0,26.27988301910273,181.0909090909091,644.0,38350000.0,26.27888743699832,183.36363636363637,25.0
315,Espanyol,Real Madrid,21:00,8,14,5,6,0,5,18,12,1,1,0,0,A,A,0,1,2020-06-28,2.4564,2.41536,2.41536,1.4101500000000002,7.875,5,0.3801,1.00521,1.00521,-1.4101500000000002,14.84,4,3210086.0,20.0,1.0,Francisco Rufete,Zinédine Zidane,Mateu Lahoz,4-4-2 double 6,4-3-3 Attacking,714.0,418.0,83300000.0,28.473648186173854,182.72727272727272,28.0,512500000.0,29.190218405824158,182.54545454545453,545.0
316,Granada,Eibar,18:30,14,13,5,6,8,5,8,13,1,0,0,0,A,A,1,2,2020-06-28,1.5177,1.68478,1.68478,0.1918499999999998,8.153846153846153,5,1.2222,1.49293,1.49293,-0.1918499999999998,7.461538461538462,3,3210088.0,10.0,16.0,Diego Martínez,José Luis Mendilibar,Carlos del Cerro Grande,4-2-3-1,4-2-3-1,16795.0,1533.0,46500000.0,26.272416153319647,181.45454545454547,94.0,25300000.0,30.1917740028623,179.0,64.0
317,Villarreal,Valencia,16:00,17,4,4,0,1,4,9,18,0,2,0,0,H,H,2,0,2020-06-28,0.0970999999999999,0.182323,0.182323,-2.232607,17.5,2,2.8313,2.41493,2.41493,2.232607,16.333333333333332,6,3210092.0,6.0,8.0,Javier Calleja,Albert Celades,González González,4-4-2 double 6,4-4-2,1050.0,1049.0,166200000.0,28.31485284052019,181.54545454545453,305.0,272500000.0,26.804803683653788,180.72727272727272,257.0
318,Levante,Real Betis,13:00,9,17,4,8,2,5,13,14,0,4,0,0,H,H,4,2,2020-06-28,1.1694,1.51929,1.51929,-0.1712099999999998,7.695652173913044,11,1.5408,1.6905,1.6905,0.1712099999999998,22.23076923076923,5,3210089.0,12.0,13.0,Paco López,Alexis Trujillo,Santiago Jaime Latre,4-4-2 double 6,3-4-2-1,3368.0,150.0,84100000.0,28.299172422375708,180.54545454545453,118.0,135600000.0,28.925891357102856,184.0909090909091,161.0
319,Getafe,Real Sociedad,21:00,11,5,4,1,5,4,22,11,6,3,0,0,H,H,2,1,2020-06-29,0.7178,0.731053,0.731053,0.0835809999999999,7.214285714285714,5,1.9838,1.3901,0.647472,-0.0835809999999999,6.774193548387097,2,3210087.0,5.0,7.0,Pepe Bordalás,Imanol Alguacil,Adrián Cordero Vega,4-4-2 double 6,5-4-1,3709.0,681.0,92900000.0,27.237881899072864,183.0909090909091,150.0,198400000.0,24.873125505569035,184.0,214.0
320,Mallorca,Celta Vigo,18:30,9,12,7,8,2,11,16,12,3,2,0,0,H,H,5,1,2020-06-30,1.2762,1.55871,0.815433,-0.1227909999999999,10.08695652173913,13,1.4151,1.6815,0.938224,0.1227909999999999,14.590909090909092,1,3210098.0,18.0,17.0,Vicente Moreno,Óscar García,De Burgos Bengoetxea,4-4-1-1,4-1-4-1,237.0,940.0,66600000.0,26.886690311741646,180.36363636363637,107.0,89700000.0,27.381494617634246,180.8181818181818,143.0
321,Leganes,Sevilla,20:00,9,11,3,6,4,2,23,10,4,3,0,0,A,A,0,3,2020-06-30,1.2427,0.710464,0.710464,-0.046194,9.869565217391305,3,1.3843,0.756658,0.756658,0.046194,10.12121212121212,2,3210097.0,19.0,4.0,Javier Aguirre,Julen Lopetegui,César Soto Grado,4-3-3 Attacking,4-3-3 Attacking,1244.0,368.0,35350000.0,28.072677493622052,179.27272727272728,174.0,235700000.0,26.748304399228424,181.0909090909091,370.0
322,Barcelona,Atletico Madrid,21:00,12,10,5,3,3,1,11,15,3,5,0,0,D,D,2,2,2020-06-30,1.3519,1.78128,0.294725,-0.7692849999999999,16.48,3,1.3327,1.80729,1.06401,0.7692849999999999,8.588235294117647,4,3210094.0,2.0,3.0,Quique Setién,Diego Simeone,Andrés Hernández,4-3-1-2,4-4-2 double 6,131.0,13.0,444000000.0,29.928442536245413,180.72727272727272,942.0,444500000.0,26.969572521933916,182.27272727272728,470.0
323,Real Betis,Villarreal,21:00,9,15,1,6,1,5,10,16,4,1,1,0,A,A,0,2,2020-07-01,2.8496,2.91561,2.17233,1.772161,8.71875,6,0.0955999999999999,0.400169,0.400169,-1.772161,18.80952380952381,4,3210095.0,13.0,5.0,Alexis Trujillo,Javier Calleja,Jesús Gil Manzano,3-4-2-1,4-4-2 double 6,150.0,1050.0,149700000.0,28.044801194698525,182.0,396.0,135600000.0,28.2217659137577,180.54545454545453,225.0
324,Real Valladolid,Levante,21:00,15,8,4,3,8,3,10,12,2,1,0,0,D,D,0,0,2020-07-01,0.284,0.206917,0.206917,-0.4205179999999999,12.0625,6,2.5268,1.37071,0.627435,0.4205179999999999,16.3125,11,3210102.0,14.0,12.0,Sergio,Paco López,Medié Jiménez,4-2-3-1,4-4-2 double 6,366.0,3368.0,45850000.0,28.564246157675317,180.54545454545453,56.0,81925000.0,28.497791052205834,180.54545454545453,116.0
325,Alaves,Granada,18:30,11,7,4,4,6,2,18,17,3,2,0,0,A,A,0,2,2020-07-01,1.5404,1.23821,1.23821,0.2184300000000001,7.115384615384615,5,1.1321,1.01978,1.01978,-0.2184300000000001,4.8,5,3210093.0,15.0,10.0,Asier Garitano,Diego Martínez,Eduardo Prieto Iglesias,4-4-2 double 6,3-5-2,1108.0,16795.0,48900000.0,29.580735486279636,182.36363636363637,14.0,41000000.0,25.969510298052395,183.54545454545453,59.0
326,Valencia,Athletic Club,18:30,10,12,1,4,3,5,9,12,1,0,0,0,A,A,0,2,2020-07-01,1.0135,0.91393,0.91393,-0.3563200000000001,10.923076923076923,5,1.6657,1.27025,1.27025,0.3563200000000001,9.857142857142858,8,3210101.0,9.0,8.0,Voro,Gaizka Garitano,Estrada Fernández,4-4-2 double 6,4-2-3-1,1049.0,621.0,239700000.0,27.420322319706305,182.45454545454547,245.0,171900000.0,27.45690996204343,179.72727272727272,107.0
327,Eibar,Osasuna,18:30,11,9,4,6,9,4,8,12,1,1,0,0,A,A,0,2,2020-07-02,1.4451,0.965632,0.965632,0.120639,9.63157894736842,4,1.227,0.844993,0.844993,-0.120639,7.9411764705882355,3,3210096.0,16.0,11.0,José Luis Mendilibar,Jagoba Arrasate,José Luis Munuera Montero,4-4-2 double 6,4-2-3-1,1533.0,331.0,31375000.0,29.935411610976292,180.45454545454547,21.0,31650000.0,27.848422624603323,180.8181818181818,9.0
328,Real Sociedad,Espanyol,18:30,12,4,4,3,4,3,11,15,2,1,0,0,A,H,2,1,2020-07-02,0.2817,0.11827,0.11827,-1.27011,14.75,0,2.5077000000000003,1.38838,1.38838,1.27011,6.666666666666667,3,3210100.0,7.0,20.0,Imanol Alguacil,Francisco Rufete,José María Sánchez Martínez,4-2-3-1,4-2-3-1,681.0,714.0,216900000.0,27.43127372285483,182.27272727272728,151.0,73300000.0,27.29711903428536,181.45454545454547,24.0
329,Real Madrid,Getafe,21:00,8,10,4,3,6,5,15,22,5,5,0,0,D,H,1,0,2020-07-02,0.2781,0.35097,0.35097,-0.6617,8.022222222222222,1,2.5671,1.75594,1.01267,0.6617,4.2727272727272725,3,3210099.0,1.0,6.0,Zinédine Zidane,Pepe Bordalás,Juan Martínez Munuera,4-3-3 Attacking,4-5-1 flat,418.0,3709.0,459500000.0,28.86316968452492,182.27272727272728,725.0,115500000.0,28.176715823533073,182.8181818181818,239.0
330,Atletico Madrid,Mallorca,21:00,15,13,3,1,4,5,14,11,2,1,0,0,H,H,3,0,2020-07-03,0.1961,0.595505,0.595505,-1.313095,14.68421052631579,4,2.7053,2.65175,1.9086,1.313095,9.379310344827584,18,3210104.0,3.0,18.0,Diego Simeone,Vicente Moreno,Javier Alberola Rojas,4-4-2 double 6,4-2-3-1,13.0,237.0,497000000.0,26.068819612967456,181.72727272727272,652.0,52000000.0,26.53549872441043,178.0909090909091,156.0
331,Celta Vigo,Real Betis,16:00,5,10,1,3,2,8,20,18,5,4,0,0,H,D,1,1,2020-07-04,1.7061,0.636627,0.636627,0.397718,6.96,3,0.8298,0.238909,0.238909,-0.397718,8.583333333333334,6,3210105.0,16.0,14.0,Óscar García,Alexis Trujillo,Pablo González Fuertes,4-1-4-1,4-2-3-1,940.0,150.0,83600000.0,27.93678053636986,179.36363636363637,188.0,126200000.0,27.57488644141622,181.54545454545453,354.0
332,Real Valladolid,Alaves,18:30,5,7,3,0,1,3,13,17,0,0,0,0,D,H,1,0,2020-07-04,0.9305,0.311545,0.311545,-0.2794699999999999,11.761904761904765,1,1.6034,0.591015,0.591015,0.2794699999999999,11.411764705882351,0,3210112.0,13.0,15.0,Sergio,Asier Garitano,Santiago Jaime Latre,4-4-2 double 6,4-2-3-1,366.0,1108.0,31850000.0,27.242362018542714,180.63636363636363,7.0,49400000.0,28.814386161408745,183.8181818181818,27.0
333,Granada,Valencia,21:00,17,4,4,3,7,3,18,14,2,2,0,0,D,D,2,2,2020-07-04,0.2666,0.851494,0.851494,-1.082356,9.363636363636363,4,2.6021,2.67712,1.93385,1.082356,5.71875,10,3210107.0,10.0,9.0,Diego Martínez,Voro,Adrián Cordero Vega,5-4-1,4-4-2 double 6,16795.0,1049.0,53100000.0,27.332462198991973,182.9090909090909,101.0,139800000.0,29.40974425984693,178.9090909090909,143.0
334,Villarreal,Barcelona,21:00,11,18,4,12,2,6,11,11,1,0,0,0,A,A,1,4,2020-07-05,2.5289,2.75294,2.75294,1.7909560000000002,10.318181818181818,22,0.3317,0.961984,0.961984,-1.7909560000000002,29.22222222222222,8,3210111.0,5.0,2.0,Javier Calleja,Quique Setién,Carlos del Cerro Grande,4-4-2 double 6,4-3-1-2,1050.0,131.0,168200000.0,28.70985004044552,181.0,309.0,535000000.0,30.34982266193765,180.8181818181818,980.0
335,Osasuna,Getafe,18:30,6,6,2,1,2,2,17,18,5,4,0,0,D,D,0,0,2020-07-05,0.8099000000000001,0.293418,0.293418,-0.374005,4.114285714285714,1,1.7564,0.667423,0.667423,0.374005,5.625,3,3210109.0,11.0,6.0,Jagoba Arrasate,Pepe Bordalás,Mario Melero López,4-4-2 double 6,4-4-2 double 6,331.0,3709.0,28425000.0,29.280567481799515,181.72727272727272,56.0,115500000.0,28.865658639785952,183.0909090909091,239.0
336,Athletic Club,Real Madrid,13:00,7,10,1,4,3,2,13,8,4,3,0,0,D,A,0,1,2020-07-05,2.9173,2.90047,2.1572,1.917098,9.307692307692308,6,0.0505,0.240102,0.240102,-1.917098,12.5,2,3210103.0,8.0,1.0,Gaizka Garitano,Zinédine Zidane,González González,4-2-3-1,4-3-3 Attacking,621.0,418.0,171900000.0,27.46786136519196,179.72727272727272,107.0,413500000.0,27.921100118225375,181.54545454545453,722.0
337,Espanyol,Leganes,16:00,7,4,2,2,0,3,14,22,4,3,1,0,D,A,0,1,2020-07-05,0.9512,0.423597,0.423597,-0.281517,14.192307692307692,3,1.6286,0.705114,0.705114,0.281517,5.21875,2,3210106.0,20.0,19.0,Francisco Rufete,Javier Aguirre,Guillermo Cuadra Fernández,4-4-2 double 6,5-4-1,714.0,1244.0,87600000.0,28.97168813390579,182.36363636363637,24.0,31650000.0,28.819364071930806,179.45454545454547,128.0
338,Levante,Real Sociedad,18:30,9,8,4,3,4,2,17,12,3,2,0,0,D,D,1,1,2020-07-06,1.1894,1.06365,1.06365,-0.12782,13.5,2,1.4879,1.19147,1.19147,0.12782,10.037037037037036,1,3210108.0,12.0,7.0,Paco López,Imanol Alguacil,Valentin Pizarro Gomez,4-4-2 double 6,4-2-3-1,3368.0,681.0,66500000.0,28.643892726028252,181.9090909090909,37.0,213300000.0,24.73946860805177,181.1818181818182,271.0
339,Sevilla,Eibar,21:00,8,19,3,3,11,8,11,16,2,1,0,0,D,H,1,0,2020-07-06,1.242,1.16838,1.16838,-0.12643,9.88888888888889,3,1.4676,1.29481,1.29481,0.12643,6.529411764705882,4,3210110.0,4.0,17.0,Julen Lopetegui,José Luis Mendilibar,Mateu Lahoz,4-3-3 Attacking,4-1-4-1,368.0,1533.0,173500000.0,29.42144234957377,180.0,264.0,32025000.0,28.23221952585402,180.54545454545453,66.0
340,Valencia,Real Valladolid,18:30,10,11,4,5,5,2,9,5,3,0,0,0,H,H,2,1,2020-07-07,0.5897,0.407041,0.407041,-0.7399089999999999,17.61904761904762,1,2.1215,1.14695,1.14695,0.7399089999999999,13.2,3,3210122.0,8.0,14.0,Voro,Sergio,De Burgos Bengoetxea,4-4-2,4-2-3-1,1049.0,366.0,192250000.0,27.034783149772885,181.54545454545453,140.0,30900000.0,27.47731939518387,181.0909090909091,38.0
341,Celta Vigo,Atletico Madrid,21:00,9,10,4,2,6,2,14,13,3,3,0,0,A,D,1,1,2020-07-07,2.2215,1.0928,1.0928,0.810946,10.695652173913045,5,0.4931999999999999,0.281854,0.281854,-0.810946,7.74074074074074,2,3210116.0,16.0,3.0,Óscar García,Diego Simeone,José María Sánchez Martínez,5-3-2,4-4-2 double 6,940.0,13.0,89800000.0,26.46083006657955,180.63636363636363,149.0,491500000.0,26.62186547196814,181.8181818181818,627.0
342,Real Betis,Osasuna,19:30,14,8,8,2,5,8,9,17,1,5,0,0,H,H,3,0,2020-07-08,0.2479,0.407994,0.407994,-1.717336,8.433333333333334,4,2.6233,2.12533,2.12533,1.717336,7.434782608695652,5,3210115.0,13.0,11.0,Alexis Trujillo,Jagoba Arrasate,Andrés Hernández,4-2-3-1,4-5-1 flat,150.0,331.0,121300000.0,27.953705432144854,182.0909090909091,370.0,27100000.0,26.691307323750856,180.0,12.0
343,Getafe,Villarreal,19:30,5,6,2,3,1,3,19,10,4,1,0,1,D,A,1,3,2020-07-08,2.542,1.95451,0.467957,-0.112281,6.2,2,0.2968,0.580238,0.580238,0.112281,8.0,2,3210118.0,6.0,5.0,Pepe Bordalás,Javier Calleja,Estrada Fernández,4-5-1 flat,4-2-3-1,3709.0,1050.0,117100000.0,27.630390143737166,183.27272727272728,239.0,147700000.0,28.293198929749238,180.0909090909091,309.0
344,Barcelona,Espanyol,21:00,9,11,2,2,6,5,8,12,0,2,1,1,D,H,1,0,2020-07-08,1.2431,0.830636,0.830636,-0.0670189999999999,28.5,2,1.4066,0.897655,0.897655,0.0670189999999999,11.23076923076923,10,3210114.0,2.0,20.0,Quique Setién,Francisco Rufete,José Luis Munuera Montero,4-3-1-2,5-4-1,131.0,714.0,544000000.0,30.285109825150894,181.1818181818182,939.0,69600000.0,27.62765229295003,183.27272727272728,28.0
345,Eibar,Leganes,18:30,4,10,1,1,8,1,21,13,3,3,0,0,D,D,0,0,2020-07-09,1.4813,0.398122,0.398122,0.2415549999999999,9.263157894736842,4,0.911,0.156567,0.156567,-0.2415549999999999,2.857142857142857,0,3210117.0,15.0,19.0,José Luis Mendilibar,Javier Aguirre,Eduardo Prieto Iglesias,4-4-2 double 6,5-4-1,1533.0,1244.0,28700000.0,30.09370916557775,181.63636363636363,19.0,27900000.0,28.83031547507933,179.45454545454547,128.0
346,Mallorca,Levante,18:30,15,14,5,2,1,5,11,20,3,1,0,0,H,H,2,0,2020-07-09,0.9438,1.008,1.008,-0.48183,5.294117647058823,4,1.7781,1.48983,1.48983,0.48183,10.043478260869565,4,3210119.0,18.0,12.0,Vicente Moreno,Paco López,César Soto Grado,4-4-1-1,4-4-2 double 6,237.0,3368.0,70100000.0,27.370792110011823,180.27272727272728,107.0,79000000.0,28.472901499595547,180.0909090909091,87.0
347,Athletic Club,Sevilla,21:00,13,20,4,7,4,7,18,9,3,2,0,0,H,A,1,2,2020-07-09,1.5045,1.80682,1.80682,0.1915200000000001,9.642857142857142,8,1.2354,1.6153,1.6153,-0.1915200000000001,13.041666666666666,1,3210113.0,10.0,4.0,Gaizka Garitano,Julen Lopetegui,Medié Jiménez,4-2-3-1,4-3-3 Attacking,621.0,368.0,153000000.0,26.274407317528468,182.36363636363637,110.0,226000000.0,27.16819115176405,181.54545454545453,446.0
348,Real Madrid,Alaves,21:00,18,10,8,4,3,2,5,17,0,1,0,0,H,H,2,0,2020-07-10,0.6353,1.31041,1.31041,-0.3021399999999998,14.205882352941176,3,2.1512,2.35582,1.61255,0.3021399999999998,12.538461538461538,14,3210120.0,1.0,17.0,Zinédine Zidane,Juan Muñiz,Jesús Gil Manzano,4-3-3 Attacking,4-4-2 double 6,418.0,1108.0,455000000.0,27.474083753344534,182.8181818181818,709.0,35700000.0,29.05929935909402,184.72727272727272,17.0
349,Real Sociedad,Granada,18:30,19,4,5,3,8,3,12,13,2,3,0,0,A,A,2,3,2020-07-10,0.5866,0.312385,0.312385,-0.876885,14.05,1,2.1022,1.18927,1.18927,0.876885,3.230769230769231,4,3210121.0,7.0,9.0,Imanol Alguacil,Diego Martínez,Juan Martínez Munuera,4-2-3-1,5-4-1,681.0,16795.0,204000000.0,25.45653661875428,181.45454545454547,159.0,60500000.0,26.52131167942256,183.72727272727272,49.0
350,Atletico Madrid,Real Betis,21:00,9,21,4,3,2,4,10,10,1,3,1,0,D,H,1,0,2020-07-11,1.6813,1.1694,1.1694,0.40583,12.625,9,1.0024,0.76357,0.76357,-0.40583,11.814814814814817,4,3210124.0,3.0,13.0,Diego Simeone,Alexis Trujillo,González González,4-4-2 double 6,4-2-3-1,13.0,150.0,489000000.0,26.71545018978284,181.27272727272728,521.0,133000000.0,28.52317839586834,181.27272727272728,342.0
351,Osasuna,Celta Vigo,16:00,15,12,5,3,3,4,10,11,2,2,0,0,D,H,2,1,2020-07-11,1.1296,0.985972,0.985972,-0.270128,10.764705882352942,4,1.5637,1.2561,1.2561,0.270128,7.5,9,3210129.0,11.0,16.0,Jagoba Arrasate,Óscar García,Valentin Pizarro Gomez,4-4-2 double 6,3-5-2,331.0,940.0,39100000.0,30.308257109078465,182.1818181818182,55.0,84300000.0,26.18679609234024,179.27272727272728,165.0
352,Real Valladolid,Barcelona,18:30,13,9,4,6,4,5,15,13,2,2,0,0,A,A,0,1,2020-07-11,1.4892999999999998,1.02109,1.02109,0.171521,7.517241379310345,10,1.1818,0.849569,0.849569,-0.171521,21.285714285714285,1,3210132.0,14.0,2.0,Sergio,Quique Setién,Mateu Lahoz,4-3-1-2,4-4-2 double 6,366.0,131.0,32550000.0,28.261340302408065,182.36363636363637,5.0,461000000.0,29.225312675004663,179.63636363636363,841.0
353,Espanyol,Eibar,13:00,14,11,3,6,7,2,13,14,2,2,0,0,A,A,0,2,2020-07-12,2.3815,2.0596,0.412639,-0.471982,12.25925925925926,1,0.4396,0.884621,0.884621,0.471982,5.2,5,3210125.0,20.0,15.0,Francisco Rufete,José Luis Mendilibar,Carlos del Cerro Grande,4-4-2 double 6,4-1-4-1,714.0,1533.0,53300000.0,27.77250948914193,181.63636363636363,24.0,30000000.0,28.421877916744446,180.27272727272728,65.0
354,Levante,Athletic Club,16:00,5,12,1,5,2,6,10,15,0,1,0,0,A,A,1,2,2020-07-12,1.0901,0.979209,0.979209,-0.123361,10.037037037037036,1,1.5413,1.10257,1.10257,0.123361,9.35,2,3210128.0,12.0,8.0,Paco López,Gaizka Garitano,Javier Alberola Rojas,4-4-2 double 6,4-2-3-1,3368.0,621.0,81900000.0,28.442038454358784,181.63636363636363,116.0,141500000.0,27.19233401779603,182.27272727272728,112.0
355,Leganes,Valencia,18:30,10,16,1,5,2,8,21,9,4,1,1,0,H,H,1,0,2020-07-12,1.3178,1.28008,0.5368,0.020774,8.75,7,1.3226,1.2593,0.516026,-0.020774,12.666666666666666,1,3210127.0,18.0,9.0,Javier Aguirre,Voro,Mario Melero López,5-4-1,4-4-2,1244.0,1049.0,30700000.0,28.391761558085992,180.8181818181818,168.0,155000000.0,28.619749859996265,181.63636363636363,127.0
356,Sevilla,Mallorca,21:00,14,14,5,5,5,5,14,7,3,2,0,0,H,H,2,0,2020-07-12,0.222,0.309223,0.309223,-0.859747,17.210526315789473,2,2.6439000000000004,1.91225,1.16897,0.859747,6.413793103448276,8,3210130.0,4.0,19.0,Julen Lopetegui,Vicente Moreno,Adrián Cordero Vega,4-3-3 Attacking,4-3-3 Attacking,368.0,237.0,216000000.0,27.638852591624666,180.0,312.0,65700000.0,27.742144234957376,179.63636363636363,94.0
357,Alaves,Getafe,18:30,3,14,1,4,2,4,26,15,4,2,0,0,D,D,0,0,2020-07-13,1.7843,0.596646,0.596646,0.478132,4.178571428571429,8,0.7013,0.118514,0.118514,-0.478132,3.607142857142857,2,3210123.0,17.0,6.0,Juan Muñiz,Pepe Bordalás,Pablo González Fuertes,4-4-2 double 6,4-4-2 double 6,1108.0,3709.0,34900000.0,29.306452616514218,185.0909090909091,17.0,123000000.0,27.515400410677618,183.0909090909091,221.0
358,Villarreal,Real Sociedad,18:30,9,11,3,6,2,10,12,11,2,2,0,0,D,A,1,2,2020-07-13,2.1479,1.24702,1.24702,0.881047,14.19047619047619,9,0.5710999999999999,0.365973,0.365973,-0.881047,12.0,3,3210131.0,5.0,7.0,Javier Calleja,Imanol Alguacil,Guillermo Cuadra Fernández,4-2-3-1,4-2-3-1,1050.0,681.0,103000000.0,27.635368054259228,180.36363636363637,236.0,222000000.0,24.98413291021094,182.8181818181818,279.0
359,Granada,Real Madrid,21:00,13,11,4,5,4,3,18,18,2,2,0,0,A,A,1,2,2020-07-13,0.9392,0.527843,0.527843,-0.402301,8.0,3,1.6979,0.930144,0.930144,0.402301,13.23076923076923,4,3210126.0,10.0,1.0,Diego Martínez,Zinédine Zidane,Santiago Jaime Latre,3-4-3,4-3-2-1,16795.0,418.0,56500000.0,26.93024702880966,182.8181818181818,111.0,474000000.0,29.072739717503577,182.8181818181818,751.0
360,Valencia,Espanyol,20:00,9,18,3,6,4,4,9,18,2,4,1,0,H,H,1,0,2020-07-16,1.297,1.20165,1.20165,-0.0399899999999999,8.451612903225806,9,1.402,1.24164,1.24164,0.0399899999999999,26.55555555555556,4,3210142.0,8.0,20.0,Voro,Francisco Rufete,Eduardo Prieto Iglesias,4-2-3-1,4-4-2 double 6,1049.0,714.0,172000000.0,25.135710285607615,179.8181818181818,266.0,67200000.0,28.721050339120154,183.1818181818182,15.0
361,Real Madrid,Villarreal,20:00,12,8,7,4,4,2,13,13,3,2,0,0,H,H,2,1,2020-07-16,0.8625,1.14058,1.14058,0.1860079999999999,13.384615384615383,1,1.8228,1.69772,0.954572,-0.1860079999999999,11.92,8,3210140.0,1.0,5.0,Zinédine Zidane,Javier Calleja,Alejandro Hernández Hernández,4-3-3 Attacking,4-2-3-1,418.0,1050.0,479000000.0,28.973430402588516,182.0,676.0,141100000.0,25.965030178582538,180.54545454545453,170.0
362,Mallorca,Granada,20:00,18,14,5,6,5,6,14,18,7,5,2,0,D,A,1,2,2020-07-16,1.2468,1.09278,1.09278,-0.1251299999999999,7.0,9,1.4535,1.21791,1.21791,0.1251299999999999,9.5,3,3210139.0,19.0,9.0,Vicente Moreno,Diego Martínez,Estrada Fernández,5-4-1,4-2-3-1,237.0,16795.0,71000000.0,26.930495924335762,180.36363636363637,107.0,42500000.0,27.823284176466927,182.27272727272728,96.0
363,Getafe,Atletico Madrid,20:00,15,11,6,3,4,3,14,11,1,2,1,0,D,A,0,2,2020-07-16,1.8822,1.74341,1.74341,0.6046799999999999,6.473684210526316,8,0.8652,1.13873,1.13873,-0.6046799999999999,10.5,3,3210138.0,7.0,3.0,Pepe Bordalás,Diego Simeone,Mateu Lahoz,4-4-2 double 6,4-4-2 double 6,3709.0,13.0,122800000.0,26.487461887872566,183.0909090909091,240.0,445000000.0,26.92701138697032,181.27272727272728,475.0
364,Real Sociedad,Sevilla,20:00,11,8,4,3,3,2,16,13,1,2,0,0,D,D,0,0,2020-07-16,1.0887,0.611057,0.611057,-0.22474,6.354838709677419,6,1.5396,0.835797,0.835797,0.22474,11.3125,4,3210141.0,6.0,4.0,Imanol Alguacil,Julen Lopetegui,Carlos del Cerro Grande,5-3-2,4-2-3-1,681.0,368.0,217000000.0,26.064090597971504,181.45454545454547,161.0,143000000.0,27.185364943065153,182.45454545454547,396.0
365,Real Betis,Alaves,20:00,14,9,7,5,6,5,14,18,6,4,1,1,D,A,1,2,2020-07-16,1.772,2.31274,2.31274,0.5094199999999998,33.666666666666664,5,0.9905,1.80332,1.80332,-0.5094199999999998,6.529411764705882,13,3210135.0,14.0,16.0,Alexis Trujillo,Juan Muñiz,Medié Jiménez,4-2-3-1,4-4-2 double 6,150.0,1108.0,131500000.0,27.230166137763675,184.0,199.0,29200000.0,27.918611162964343,185.0909090909091,17.0
366,Barcelona,Osasuna,20:00,19,9,3,5,10,2,7,14,4,1,0,1,A,A,1,2,2020-07-16,0.9644,0.672683,0.672683,-0.4771269999999999,28.0,3,1.7126,1.14981,1.14981,0.4771269999999999,5.875,16,3210134.0,2.0,11.0,Quique Setién,Jagoba Arrasate,José María Sánchez Martínez,4-3-3 Attacking,5-3-2,131.0,331.0,406500000.0,27.173169062286107,180.36363636363637,521.0,35500000.0,27.804865907535312,182.0,58.0
367,Athletic Club,Leganes,20:00,10,16,3,4,3,3,11,11,2,3,1,0,D,A,0,2,2020-07-16,2.3307,1.84675,1.84675,1.22589,13.346153846153848,8,0.4725,0.62086,0.62086,-1.22589,5.655172413793103,5,3210133.0,10.0,18.0,Gaizka Garitano,Javier Aguirre,Juan Martínez Munuera,4-2-3-1,5-4-1,621.0,1244.0,155000000.0,26.69056063717255,182.63636363636363,91.0,29650000.0,27.676186920540104,181.0,130.0
368,Eibar,Real Valladolid,17:30,13,17,7,8,3,12,19,13,4,0,0,0,H,H,3,1,2020-07-16,0.9821,2.14787,1.24715,-0.6122700000000001,8.19047619047619,2,1.7456,2.6027,1.85942,0.6122700000000001,5.225806451612903,3,3210137.0,13.0,15.0,José Luis Mendilibar,Sergio,César Soto Grado,4-2-3-1,4-4-2,1533.0,366.0,23500000.0,29.14218156928629,178.0,46.0,28950000.0,26.69653412979902,179.72727272727272,44.0
369,Celta Vigo,Levante,20:00,16,8,6,4,8,4,11,15,3,0,1,1,D,A,2,3,2020-07-16,1.1747999999999998,1.39618,1.39618,-0.25227,9.08,3,1.5384,1.64845,1.64845,0.25227,5.294117647058823,9,3210136.0,17.0,12.0,Óscar García,Paco López,José Luis Munuera Montero,4-3-3 Attacking,4-4-2 double 6,940.0,3368.0,90600000.0,26.332151079584346,179.1818181818182,145.0,77700000.0,27.063406135274718,180.72727272727272,115.0
370,Sevilla,Valencia,20:00,16,8,4,2,4,7,11,6,0,1,0,0,D,H,1,0,2020-07-19,0.8596999999999999,0.301441,0.301441,-0.4301419999999999,27.25,2,1.7063,0.731583,0.731583,0.4301419999999999,8.272727272727273,10,3208630.0,4.0,9.0,Julen Lopetegui,Voro,González González,4-3-3 Attacking,4-4-2 double 6,368.0,1049.0,223000000.0,27.069628523427294,181.63636363636363,358.0,179000000.0,28.260095824777547,180.8181818181818,200.0
371,Osasuna,Mallorca,20:00,12,12,5,4,3,5,17,10,2,0,0,0,D,D,2,2,2020-07-19,0.9339,0.595381,0.595381,-0.4139989999999999,7.1923076923076925,4,1.722,1.00938,1.00938,0.4139989999999999,6.714285714285714,6,3208636.0,10.0,19.0,Jagoba Arrasate,Vicente Moreno,Mateu Lahoz,4-4-2 double 6,4-4-2 double 6,331.0,237.0,22800000.0,29.18772945056313,178.8181818181818,8.0,36000000.0,27.692862920789,180.27272727272728,52.0
372,Levante,Getafe,20:00,13,13,4,4,6,8,10,12,2,4,0,0,D,H,1,0,2020-07-19,0.7454,1.73078,0.885053,-1.704187,7.212121212121212,8,2.0264,2.58924,2.58924,1.704187,6.176470588235294,3,3208632.0,12.0,8.0,Paco López,Pepe Bordalás,De Burgos Bengoetxea,4-4-2 double 6,4-4-2,3368.0,3709.0,28200000.0,29.867214236824097,181.72727272727272,2.0,125000000.0,27.710534503142302,180.45454545454547,221.0
373,Leganes,Real Madrid,20:00,15,7,7,4,5,2,9,11,4,1,0,0,D,D,2,2,2020-07-19,1.2968,1.06489,1.06489,-0.09566,10.058823529411764,11,1.4015,1.16055,1.16055,0.09566,15.423076923076923,7,3208629.0,18.0,1.0,Javier Aguirre,Zinédine Zidane,Guillermo Cuadra Fernández,5-4-1,4-3-3 Attacking,1244.0,418.0,30350000.0,27.14056374836662,181.27272727272728,125.0,397000000.0,26.735859622923275,182.1818181818182,440.0
374,Granada,Athletic Club,20:00,11,11,6,3,2,3,10,11,1,2,0,0,H,H,4,0,2020-07-19,0.2259,0.564731,0.564731,-1.765599,8.75,0,2.6562,2.33033,2.33033,1.765599,14.863636363636363,6,3208635.0,7.0,11.0,Diego Martínez,Gaizka Garitano,Carlos del Cerro Grande,4-2-3-1,4-2-3-1,16795.0,621.0,54800000.0,27.48627963412358,182.8181818181818,47.0,72500000.0,28.251882272416154,182.0,23.0
375,Espanyol,Celta Vigo,20:00,8,9,1,3,1,4,10,11,2,3,0,0,D,D,0,0,2020-07-19,1.3382999999999998,0.444157,0.444157,0.08135,9.346153846153848,2,1.1343,0.362807,0.362807,-0.08135,9.958333333333334,1,3208631.0,20.0,17.0,Francisco Rufete,Óscar García,Adrián Cordero Vega,4-2-3-1,4-1-4-1,714.0,940.0,52500000.0,26.160910957625536,179.27272727272728,11.0,87300000.0,26.144732748428847,177.8181818181818,77.0
376,Villarreal,Eibar,17:30,12,11,5,3,4,4,4,9,0,0,0,0,D,H,4,0,2020-07-19,0.1708,0.762647,0.762647,-2.245283,20.666666666666668,2,2.7403000000000004,3.00793,3.00793,2.245283,23.33333333333333,6,3208634.0,5.0,14.0,Javier Calleja,José Luis Mendilibar,Javier Alberola Rojas,4-2-3-1,4-4-2 double 6,1050.0,1533.0,126075000.0,29.75745130981271,180.54545454545453,309.0,16400000.0,30.46555908157551,180.0,10.0
377,Real Valladolid,Real Betis,17:30,13,10,4,3,3,5,17,10,2,2,0,0,H,H,2,0,2020-07-19,0.9624,0.548953,0.548953,-0.366178,9.375,6,1.6749,0.915131,0.915131,0.366178,17.65,9,3208638.0,13.0,15.0,Sergio,Alexis Trujillo,Santiago Jaime Latre,4-4-2 double 6,4-2-3-1,366.0,150.0,28750000.0,28.874369983199554,180.45454545454547,8.0,140500000.0,28.22773940638417,181.45454545454547,64.0
378,Alaves,Barcelona,16:00,8,16,0,8,2,1,17,15,0,0,0,0,A,A,0,5,2020-07-19,2.9552,3.62799,3.62799,3.353503,6.6875,11,0.0266,0.274487,0.274487,-3.353503,17.46153846153846,4,3208633.0,16.0,2.0,Juan Muñiz,Quique Setién,José Luis Munuera Montero,4-4-2 double 6,4-3-3 Attacking,1108.0,131.0,38700000.0,28.730259473585964,184.63636363636363,19.0,339000000.0,27.964407939767284,180.36363636363637,793.0
379,Atletico Madrid,Real Sociedad,20:00,6,10,3,4,2,3,16,9,1,2,0,0,H,D,1,1,2020-07-19,0.3471,0.335651,0.335651,-1.1644290000000002,10.727272727272728,0,2.4573,1.50008,1.50008,1.1644290000000002,20.8125,6,3208637.0,3.0,6.0,Diego Simeone,Imanol Alguacil,Pablo González Fuertes,4-4-2 double 6,5-4-1,13.0,681.0,389000000.0,28.76834048907971,183.0909090909091,551.0,235000000.0,25.43189596167009,183.36363636363637,282.0
380,Eibar,Celta Vigo,15:00,8,6,1,3,3,3,17,13,4,4,1,0,D,D,0,0,2020-09-12,1.7989,0.783653,0.783653,0.439645,5.227272727272728,2,0.8107,0.344008,0.344008,-0.439645,4.407407407407407,1,3431907.0,12.0,13.0,José Luis Mendilibar,Óscar García,Valentin Pizarro Gomez,4-4-2,4-3-3 Attacking,1533.0,940.0,32500000.0,30.025760686951653,181.72727272727272,56.0,58900000.0,27.09402028498538,179.72727272727272,271.0
381,Granada,Athletic Club,17:30,4,9,2,2,1,2,8,10,3,4,0,0,D,H,2,0,2020-09-12,1.1597,0.483337,0.483337,-0.0618069999999999,6.818181818181818,3,1.3898,0.545144,0.545144,0.0618069999999999,17.9375,2,3431909.0,5.0,18.0,Diego Martínez,Gaizka Garitano,Mateu Lahoz,4-2-3-1,4-2-3-1,16795.0,621.0,63500000.0,28.169497853276088,181.8181818181818,101.0,115500000.0,28.39947731939518,181.36363636363637,80.0
382,Cadiz,Osasuna,20:00,12,6,3,4,6,2,14,21,2,2,0,0,A,A,0,2,2020-09-12,1.3399,0.633286,0.633286,0.032352,6.7407407407407405,5,1.246,0.600934,0.600934,-0.032352,6.666666666666667,4,3431908.0,19.0,6.0,Álvaro Cervera,Jagoba Arrasate,Isidro Díaz de Mera Escuderos,4-1-4-1,4-4-2 double 6,2687.0,331.0,12600000.0,28.725779354116113,180.8181818181818,0.0,35100000.0,29.066766224877107,181.72727272727272,4.0
383,Valencia,Levante,20:00,14,19,8,8,3,4,9,14,1,3,0,0,D,H,4,2,2020-09-13,1.8442,2.37179,2.37179,0.6464799999999999,9.909090909090908,5,0.9055,1.72531,1.72531,-0.6464799999999999,14.5,4,3431911.0,2.0,15.0,Javi Gracia,Paco López,José María Sánchez Martínez,4-4-2,4-4-2,1049.0,3368.0,157800000.0,25.48466181320391,181.27272727272728,221.0,75900000.0,28.880094580299918,180.1818181818182,87.0
384,Villarreal,SD Huesca,17:30,15,10,4,3,6,6,10,22,1,1,0,0,A,D,1,1,2020-09-13,0.3495,0.556003,0.556003,-0.719857,13.238095238095235,3,2.481,2.01913,1.27586,0.719857,5.620689655172414,11,3431913.0,8.0,11.0,Unai Emery,Míchel,Estrada Fernández,4-4-2 double 6,4-2-3-1,1050.0,5358.0,164500000.0,27.9315537303217,180.63636363636363,173.0,18500000.0,29.262696783025326,180.36363636363637,1.0
385,Real Valladolid,Real Sociedad,15:00,8,8,3,2,5,3,15,17,4,1,0,0,H,D,1,1,2020-09-13,0.685,0.31178,0.31178,-0.5464309999999999,6.052631578947368,3,1.9495,0.858211,0.858211,0.5464309999999999,10.285714285714286,2,3431912.0,10.0,9.0,Sergio,Imanol Alguacil,Mario Melero López,4-2-3-1,4-1-4-1,366.0,681.0,25800000.0,29.688507249082196,180.0909090909091,2.0,167500000.0,23.844191400659575,180.8181818181818,120.0
386,Alaves,Real Betis,13:00,7,11,2,4,6,4,19,17,3,3,0,0,D,A,0,1,2020-09-13,0.3975,0.341233,0.341233,-0.835187,9.944444444444445,4,2.3667,1.17642,1.17642,0.835187,8.56,1,3431904.0,14.0,7.0,Pablo Machín,Manuel Pellegrini,Pablo González Fuertes,3-1-4-2,4-2-3-1,1108.0,150.0,51600000.0,29.15288407690872,183.54545454545453,22.0,146500000.0,29.39107709538921,182.36363636363637,292.0
387,Villarreal,Eibar,15:00,14,12,8,4,4,3,5,12,1,1,0,0,D,H,2,1,2020-09-19,0.3134,1.112,1.112,-1.88086,8.931034482758621,1,2.5655,2.99286,2.99286,1.88086,7.631578947368421,6,3431923.0,6.0,14.0,Unai Emery,José Luis Mendilibar,Jorge Figueroa Vázquez,4-4-2 double 6,4-3-3 Attacking,1050.0,1533.0,164500000.0,28.006720179204777,181.54545454545453,173.0,33400000.0,29.134714703503207,181.45454545454547,65.0
388,Getafe,Osasuna,17:30,7,10,1,3,4,1,19,13,4,2,0,0,D,H,1,0,2020-09-19,1.0509,0.486466,0.486466,-0.2162489999999999,12.5,3,1.5369000000000002,0.702715,0.702715,0.2162489999999999,6.166666666666667,2,3431917.0,9.0,8.0,Pepe Bordalás,Jagoba Arrasate,Alejandro Hernández Hernández,4-4-2 double 6,4-4-2 double 6,3709.0,331.0,128000000.0,27.528840769087175,182.0,246.0,33600000.0,29.80897268371601,181.63636363636363,2.0
389,Celta Vigo,Valencia,20:00,23,9,6,3,6,6,12,13,3,1,0,0,H,H,2,1,2020-09-19,0.2014,0.456643,0.456643,-1.878697,8.821428571428571,2,2.6887000000000003,2.33534,2.33534,1.878697,9.409090909090908,8,3431916.0,7.0,10.0,Óscar García,Javi Gracia,Jesús Gil Manzano,4-2-3-1,4-4-2 double 6,940.0,1049.0,65900000.0,26.87250326675378,176.1818181818182,155.0,163800000.0,24.969448074170863,181.72727272727272,231.0
390,SD Huesca,Cadiz,15:00,4,6,0,4,2,1,18,23,3,3,0,0,A,A,0,2,2020-09-20,2.692,1.50522,1.50522,1.281374,12.0,1,0.1765,0.223846,0.223846,-1.281374,3.678571428571429,0,3431919.0,17.0,12.0,Míchel,Álvaro Cervera,César Soto Grado,4-2-3-1,4-2-3-1,5358.0,2687.0,21300000.0,28.809582477754965,181.0909090909091,21.0,19700000.0,30.68234708481115,180.54545454545453,5.0
391,Real Betis,Real Valladolid,17:30,16,9,6,2,5,3,18,10,3,0,0,0,H,H,2,0,2020-09-20,0.251,0.290702,0.290702,-0.733778,9.035714285714286,2,2.5964,1.76775,1.02448,0.733778,6.833333333333333,1,3431915.0,3.0,16.0,Manuel Pellegrini,Sergio,Santiago Jaime Latre,4-2-3-1,4-2-3-1,150.0,366.0,146500000.0,29.410242050899136,182.36363636363637,292.0,23100000.0,29.971003671209008,181.1818181818182,2.0
392,Granada,Alaves,17:30,10,5,3,3,4,4,9,12,0,3,0,0,D,H,2,1,2020-09-20,0.2271,0.77021,0.77021,-1.68432,12.1875,2,2.6418,2.45453,2.45453,1.68432,5.608695652173913,3,3431918.0,2.0,18.0,Diego Martínez,Pablo Machín,Carlos del Cerro Grande,4-2-3-1,3-5-2,16795.0,1108.0,71500000.0,27.21199676435816,182.1818181818182,101.0,45200000.0,28.190405077468732,185.45454545454547,20.0
393,Real Sociedad,Real Madrid,20:00,6,16,1,4,1,11,17,12,2,2,0,0,D,D,0,0,2020-09-20,1.3727999999999998,0.769069,0.769069,0.05095,7.0,7,1.2614999999999998,0.718119,0.718119,-0.05095,13.241379310344827,4,3431921.0,13.0,5.0,Imanol Alguacil,Zinédine Zidane,Juan Martínez Munuera,4-2-3-1,4-2-3-1,681.0,418.0,197000000.0,23.81780847489266,181.0,182.0,464000000.0,27.66996453238753,181.45454545454547,706.0
394,Alaves,Getafe,12:00,9,11,0,4,1,5,13,13,2,2,0,0,D,D,0,0,2020-09-26,1.7367,1.31111,1.31111,0.443945,8.692307692307692,2,0.9693,0.867165,0.867165,-0.443945,6.434782608695652,3,3431924.0,19.0,11.0,Pablo Machín,Pepe Bordalás,Javier Alberola Rojas,4-4-2,4-4-2,1108.0,3709.0,49600000.0,28.9634745815444,183.54545454545453,26.0,128000000.0,27.5480057245971,182.0,246.0
395,Valencia,SD Huesca,15:00,5,17,2,4,4,4,14,20,0,1,0,0,H,D,1,1,2020-09-26,2.0675,1.10618,1.10618,0.8000879999999999,4.829268292682927,3,0.6038,0.306092,0.306092,-0.8000879999999999,11.63157894736842,3,3431931.0,9.0,17.0,Javi Gracia,Míchel,José Luis Munuera Montero,4-4-2 double 6,4-2-3-1,1049.0,5358.0,145000000.0,25.354987244104283,181.72727272727272,154.0,17900000.0,29.944147843942506,180.8181818181818,21.0
396,Elche,Real Sociedad,17:30,5,27,2,7,2,11,11,12,3,1,0,0,D,A,0,3,2020-09-26,2.6576,3.3738,2.63052,1.3939100000000002,7.620689655172414,13,0.2266999999999999,1.23661,1.23661,-1.3939100000000002,23.63636363636364,2,3431933.0,20.0,7.0,Jorge Almirón,Imanol Alguacil,Isidro Díaz de Mera Escuderos,3-4-3,4-2-3-1,1531.0,681.0,11600000.0,27.73965527969635,181.54545454545453,2.0,191000000.0,25.28579428784768,180.54545454545453,181.0
397,Real Betis,Real Madrid,20:00,15,11,5,4,8,3,9,10,5,2,1,0,H,A,2,3,2020-09-26,2.7254,3.86499,3.12171,1.7070600000000002,10.25,7,0.1934,1.41465,1.41465,-1.7070600000000002,15.681818181818182,5,3431927.0,5.0,3.0,Manuel Pellegrini,Zinédine Zidane,De Burgos Bengoetxea,4-2-3-1,4-3-1-2,150.0,418.0,149000000.0,28.489826395370542,182.63636363636363,334.0,519000000.0,27.555970381432395,183.9090909090909,635.0
398,Barcelona,Villarreal,20:00,17,5,9,1,8,4,9,10,0,1,0,0,H,H,4,0,2020-09-27,0.0328,0.244835,0.244835,-2.519245,19.15,6,2.9455,3.50735,2.76408,2.519245,14.952380952380953,17,3431926.0,1.0,12.0,Ronald Koeman,Unai Emery,Guillermo Cuadra Fernández,4-2-3-1,4-4-2 double 6,131.0,1050.0,530000000.0,28.6224877107834,180.36363636363637,741.0,169500000.0,27.866343102482734,180.72727272727272,224.0
399,Real Valladolid,Celta Vigo,17:30,10,5,4,1,4,1,26,18,3,4,0,0,A,D,1,1,2020-09-27,0.9605,1.08307,1.08307,0.3015139999999999,6.576923076923077,3,1.7297,1.52483,0.781556,-0.3015139999999999,4.075,3,3431932.0,16.0,8.0,Sergio,Óscar García,José María Sánchez Martínez,4-4-2,4-2-3-1,366.0,940.0,21900000.0,28.545827888743702,179.63636363636363,3.0,65900000.0,26.894406073050835,176.1818181818182,155.0
400,Cadiz,Sevilla,17:30,12,14,5,5,6,5,9,14,4,2,0,0,D,A,1,3,2020-09-27,2.149,2.2102,2.2102,1.1119,3.4347826086956523,13,0.6369999999999999,1.0983,1.0983,-1.1119,31.3125,3,3431929.0,15.0,4.0,Álvaro Cervera,Julen Lopetegui,Medié Jiménez,4-2-3-1,4-3-3 Attacking,2687.0,368.0,19700000.0,30.701512040321074,180.54545454545453,5.0,191000000.0,28.452492066455104,181.45454545454547,521.0
401,Eibar,Athletic Club,13:00,7,9,1,5,5,4,15,12,1,0,0,0,A,A,1,2,2020-09-27,1.4428999999999998,0.505645,0.505645,0.180329,7.388888888888889,5,1.0496,0.325316,0.325316,-0.180329,5.888888888888889,0,3431928.0,18.0,14.0,José Luis Mendilibar,Gaizka Garitano,Adrián Cordero Vega,4-3-3 Attacking,4-2-3-1,1533.0,621.0,34900000.0,29.289776616265325,179.72727272727272,65.0,159000000.0,27.377263393690498,180.54545454545453,108.0
402,Osasuna,Levante,11:00,9,11,4,5,3,7,15,16,2,0,0,0,D,A,1,3,2020-09-27,2.7936,2.99435,2.25108,1.526609,6.0,8,0.1314,0.724471,0.724471,-1.526609,9.869565217391305,1,3431930.0,13.0,10.0,Jagoba Arrasate,Paco López,Mario Melero López,4-4-2 double 6,4-4-2 double 6,331.0,3368.0,36700000.0,28.670026756269056,181.9090909090909,7.0,81200000.0,28.53487648559517,180.45454545454547,85.0
403,Atletico Madrid,Granada,15:00,17,11,10,6,1,1,16,14,3,1,0,0,H,H,6,1,2020-09-27,0.2034,1.30515,1.30515,-1.40305,9.9,4,2.7036,3.60448,2.7082,1.40305,6.928571428571429,14,3431925.0,2.0,6.0,Diego Simeone,Diego Martínez,Estrada Fernández,4-4-2 double 6,4-2-3-1,13.0,16795.0,493000000.0,27.39518387156991,180.9090909090909,480.0,67000000.0,27.625412233215105,183.45454545454547,51.0
404,Real Sociedad,Valencia,18:00,11,9,3,5,9,3,16,15,1,5,0,0,D,A,0,1,2020-09-29,1.6146,0.836796,0.836796,0.2475469999999999,11.333333333333334,4,1.0125,0.589249,0.589249,-0.2475469999999999,7.190476190476191,12,3431941.0,11.0,6.0,Imanol Alguacil,Javi Gracia,Jorge Figueroa Vázquez,4-3-3 Attacking,4-4-1-1,681.0,1049.0,136000000.0,25.521249455541035,182.1818181818182,168.0,139500000.0,23.959927820297427,180.36363636363637,211.0
405,Getafe,Real Betis,20:30,8,10,4,2,1,4,15,17,4,4,0,1,H,H,3,0,2020-09-29,0.8319000000000001,0.442837,0.442837,-0.465232,3.576923076923077,3,1.8108,0.908069,0.908069,0.465232,13.84375,1,3431937.0,7.0,9.0,Pepe Bordalás,Manuel Pellegrini,Juan Martínez Munuera,4-4-2,4-2-3-1,3709.0,150.0,126000000.0,27.692365129736796,180.63636363636363,245.0,130500000.0,28.27652292950034,181.9090909090909,325.0
406,Real Madrid,Real Valladolid,20:30,15,11,5,5,4,7,11,7,2,1,0,0,D,H,1,0,2020-09-30,0.1602,0.540187,0.540187,-2.105803,17.736842105263158,2,2.7564,2.64599,2.64599,2.105803,11.214285714285714,9,3431940.0,2.0,18.0,Zinédine Zidane,Sergio,César Soto Grado,4-3-1-2,4-2-3-1,418.0,366.0,410000000.0,28.850973803745877,182.45454545454547,745.0,22700000.0,28.84524920664551,180.0,34.0
407,SD Huesca,Atletico Madrid,18:00,9,16,3,2,5,7,13,10,1,0,0,0,D,D,0,0,2020-09-30,2.3055,1.79241,1.79241,1.160478,8.909090909090908,11,0.4896,0.631932,0.631932,-1.160478,15.428571428571429,3,3431939.0,14.0,5.0,Míchel,Diego Simeone,Adrián Cordero Vega,4-3-3 Attacking,4-4-2 double 6,5358.0,13.0,14200000.0,31.253388090349073,178.8181818181818,20.0,481000000.0,27.382987990790866,182.54545454545453,453.0
408,Villarreal,Alaves,18:00,10,8,6,3,2,0,11,13,0,2,0,0,H,H,3,1,2020-09-30,0.1291999999999999,0.618672,0.618672,-1.2971279999999998,10.87878787878788,3,2.7923,2.65908,1.9158,1.2971279999999998,7.466666666666667,6,3431943.0,8.0,20.0,Unai Emery,Pablo Machín,Medié Jiménez,4-1-4-1,4-4-2,1050.0,1108.0,151500000.0,28.866903117416463,182.45454545454547,159.0,53100000.0,28.44626967830253,182.36363636363637,31.0
409,Eibar,Elche,20:30,12,5,4,2,3,2,9,14,2,2,0,0,A,A,0,1,2020-09-30,0.569,0.378171,0.378171,0.0609269999999999,12.8,4,2.1293,1.06052,0.317244,-0.0609269999999999,4.0,6,3431936.0,19.0,17.0,José Luis Mendilibar,Jorge Almirón,Santiago Jaime Latre,4-4-2,3-4-1-2,1533.0,1531.0,33800000.0,29.30321697467488,179.0909090909091,87.0,11700000.0,27.25978470536992,182.45454545454547,3.0
410,Athletic Club,Cadiz,18:00,13,3,4,1,5,2,15,16,3,5,0,2,D,A,0,1,2020-10-01,0.9416,0.263675,0.263675,-0.281352,11.571428571428571,4,1.5545,0.545027,0.545027,0.281352,4.4,5,3431934.0,15.0,10.0,Gaizka Garitano,Álvaro Cervera,Pablo González Fuertes,4-2-3-1,4-4-1-1,621.0,2687.0,159000000.0,27.388214796839023,180.54545454545453,108.0,20500000.0,28.61999875552237,180.27272727272728,79.0
411,Sevilla,Levante,18:00,16,3,2,1,2,4,14,17,5,2,0,0,D,H,1,0,2020-10-01,0.7051000000000001,0.375244,0.375244,-0.672046,13.08,0,1.9492,1.04729,1.04729,0.672046,6.5,8,3431942.0,3.0,13.0,Julen Lopetegui,Paco López,Estrada Fernández,4-3-3 Attacking,4-4-2 double 6,368.0,3368.0,213000000.0,28.93310932735984,181.9090909090909,362.0,78200000.0,28.506253500093337,181.36363636363637,87.0
412,Celta Vigo,Barcelona,20:30,10,6,3,3,3,7,22,10,5,5,0,1,A,A,0,3,2020-10-01,1.723,0.931689,0.931689,0.363488,11.27777777777778,7,0.9211,0.568201,0.568201,-0.363488,7.648648648648648,5,3431935.0,12.0,1.0,Óscar García,Ronald Koeman,Carlos del Cerro Grande,5-3-2,4-2-3-1,940.0,131.0,50650000.0,25.393068259598035,178.63636363636363,177.0,530000000.0,28.633439113931924,180.36363636363637,741.0
413,Elche,SD Huesca,17:30,2,18,0,4,0,5,8,26,0,2,0,0,D,D,0,0,2020-10-03,2.5993000000000004,1.70374,1.70374,1.514855,7.717391304347826,12,0.238,0.188885,0.188885,-1.514855,10.391304347826088,0,3441597.0,14.0,15.0,Jorge Almirón,Míchel,Mario Melero López,3-4-2-1,4-4-2 double 6,1531.0,5358.0,14600000.0,27.188600584904485,180.63636363636363,3.0,19500000.0,30.235728952772075,181.27272727272728,21.0
414,Real Sociedad,Getafe,17:30,11,5,6,1,5,4,21,13,3,3,0,0,H,H,3,0,2020-10-03,0.1607,0.315862,0.315862,-1.137698,7.266666666666667,1,2.7425,2.19684,1.45356,1.137698,4.352941176470588,1,3441594.0,7.0,11.0,Imanol Alguacil,Pepe Bordalás,Mateu Lahoz,4-1-4-1,4-4-2,681.0,3709.0,191000000.0,26.204467674693547,181.0,206.0,126000000.0,27.70331653288532,180.63636363636363,245.0
415,Real Valladolid,Eibar,12:00,9,11,3,5,3,4,11,21,2,3,0,1,D,A,1,2,2020-10-03,1.9036,1.6913,0.948019,0.5965689999999999,7.681818181818182,2,0.7897,1.09473,0.35145,-0.5965689999999999,8.0,3,3441596.0,20.0,16.0,Sergio,José Luis Mendilibar,Isidro Díaz de Mera Escuderos,4-4-2,4-2-3-1,366.0,1533.0,22400000.0,27.72198369734304,181.0,44.0,30300000.0,28.295936780536366,180.36363636363637,97.0
416,Atletico Madrid,Villarreal,15:00,14,6,1,2,9,1,11,7,1,2,0,0,D,D,0,0,2020-10-03,0.7952,0.201508,0.201508,-0.408494,15.142857142857142,7,1.7096,0.610002,0.610002,0.408494,10.774193548387096,8,3441589.0,5.0,8.0,Diego Simeone,Unai Emery,Alejandro Hernández Hernández,4-4-2 double 6,4-1-4-1,13.0,1050.0,526000000.0,27.587082322195258,180.9090909090909,601.0,151500000.0,28.875116669777857,182.45454545454547,159.0
417,Valencia,Real Betis,20:00,5,17,2,8,4,7,11,14,2,2,0,0,A,A,0,2,2020-10-03,2.4666,1.87508,1.87508,1.399861,8.1,7,0.3470999999999999,0.475219,0.475219,-1.399861,9.85,3,3441595.0,9.0,6.0,Javi Gracia,Manuel Pellegrini,Guillermo Cuadra Fernández,4-4-2,4-2-3-1,1049.0,150.0,139000000.0,26.173604629456783,180.63636363636363,151.0,129000000.0,28.765353742766475,181.45454545454547,139.0
418,Barcelona,Sevilla,20:00,12,13,5,1,6,5,11,18,1,1,0,0,D,D,1,1,2020-10-04,1.5297999999999998,1.25522,1.25522,0.19805,11.212121212121213,2,1.1629,1.05717,1.05717,-0.19805,15.833333333333334,3,3441590.0,1.0,3.0,Ronald Koeman,Julen Lopetegui,Jesús Gil Manzano,4-2-3-1,4-3-3 Attacking,131.0,368.0,495000000.0,28.303403646319456,180.9090909090909,752.0,231000000.0,28.907721983697343,181.54545454545453,418.0
419,Levante,Real Madrid,15:00,11,13,4,3,4,6,14,8,2,1,0,0,A,A,0,2,2020-10-04,2.3993,1.87714,1.87714,1.299811,7.818181818181818,13,0.4178,0.577329,0.577329,-1.299811,10.192307692307692,6,3441592.0,17.0,2.0,Paco López,Zinédine Zidane,José Luis Munuera Montero,4-4-2 double 6,4-3-3 Attacking,3368.0,418.0,85700000.0,28.82658204218779,180.0909090909091,85.0,469000000.0,28.182689316159543,183.36363636363637,774.0
420,Cadiz,Granada,17:30,14,13,4,5,2,5,16,16,2,2,0,0,A,D,1,1,2020-10-04,1.0715,0.820558,0.820558,-0.2703920000000001,4.0,4,1.5995,1.09095,1.09095,0.2703920000000001,9.538461538461538,1,3441591.0,10.0,4.0,Álvaro Cervera,Diego Martínez,Javier Alberola Rojas,4-2-3-1,4-2-3-1,2687.0,16795.0,22600000.0,28.775807354862796,179.63636363636363,69.0,62800000.0,28.008213552361397,183.72727272727272,48.0
421,Alaves,Athletic Club,13:00,8,8,3,0,0,6,20,17,2,3,1,0,D,H,1,0,2020-10-04,1.2271,0.487749,0.487749,-0.032893,4.846153846153846,4,1.3192,0.520642,0.520642,0.032893,9.84,3,3441588.0,18.0,19.0,Pablo Machín,Gaizka Garitano,José María Sánchez Martínez,3-5-2,4-2-3-1,1108.0,621.0,49600000.0,29.531454172111253,184.36363636363637,26.0,149500000.0,26.865534192022896,181.8181818181818,110.0
422,Osasuna,Celta Vigo,11:00,14,9,5,3,6,5,19,10,3,3,0,0,H,H,2,0,2020-10-04,0.5939,0.360866,0.360866,-0.761014,5.523809523809524,8,2.1056,1.12188,1.12188,0.761014,7.142857142857143,6,3441593.0,12.0,13.0,Jagoba Arrasate,Óscar García,De Burgos Bengoetxea,4-4-2 double 6,4-2-3-1,331.0,940.0,28000000.0,29.21809470474768,182.72727272727272,8.0,59400000.0,27.11642088233464,179.1818181818182,187.0
423,Granada,Sevilla,12:00,13,8,3,3,5,1,16,11,4,4,0,1,D,H,1,0,2020-10-17,0.946,0.699011,0.699011,-0.3881989999999999,11.411764705882351,5,1.7098,1.08721,1.08721,0.3881989999999999,8.0,5,3450965.0,3.0,7.0,Diego Martínez,Julen Lopetegui,Pablo González Fuertes,4-1-4-1,4-3-3 Attacking,16795.0,368.0,57500000.0,28.795221205898823,183.36363636363637,9.0,145000000.0,29.116047539045486,182.0,270.0
424,Celta Vigo,Atletico Madrid,15:00,15,9,5,4,8,4,16,18,3,4,0,0,A,A,0,2,2020-10-17,1.1,1.51399,1.51399,-0.38338,9.51851851851852,7,1.646,1.89737,1.89737,0.38338,13.833333333333334,12,3450962.0,16.0,4.0,Óscar García,Diego Simeone,Juan Martínez Munuera,5-4-1,4-4-2 double 6,940.0,13.0,63150000.0,26.067824030863047,178.1818181818182,194.0,337000000.0,27.533071993030923,177.72727272727272,537.0
425,Real Madrid,Cadiz,17:30,14,14,2,5,4,11,7,5,2,0,0,0,A,A,0,1,2020-10-17,1.8448,1.768,1.768,0.6321000000000001,23.571428571428573,2,0.8986000000000001,1.1359,1.1359,-0.6321000000000001,6.5,10,3450968.0,2.0,8.0,Zinédine Zidane,Álvaro Cervera,Santiago Jaime Latre,4-3-3 Attacking,4-4-2 double 6,418.0,2687.0,356000000.0,30.037956567730692,181.27272727272728,617.0,21200000.0,29.359965154626344,181.0909090909091,69.0
426,Getafe,Barcelona,20:00,9,7,4,1,7,2,20,10,4,3,0,0,D,H,1,0,2020-10-17,0.4856,0.62541,0.62541,-0.3413589999999999,5.066666666666666,4,2.2964,1.70992,0.966769,0.3413589999999999,11.4,4,3450964.0,9.0,1.0,Pepe Bordalás,Ronald Koeman,César Soto Grado,4-4-2,4-2-3-1,3709.0,131.0,130000000.0,26.92676249144421,181.9090909090909,246.0,445000000.0,27.166946674133534,180.8181818181818,705.0
427,Real Betis,Real Sociedad,20:00,7,8,1,5,6,2,11,18,2,1,0,0,A,A,0,3,2020-10-18,2.5419,1.58336,0.840078,0.53555,10.76923076923077,5,0.2925,0.304528,0.304528,-0.53555,10.5,0,3450967.0,10.0,5.0,Manuel Pellegrini,Imanol Alguacil,Estrada Fernández,4-2-3-1,4-1-4-1,150.0,681.0,103000000.0,29.999128865658637,180.54545454545453,87.0,191000000.0,27.100242673137952,180.36363636363637,125.0
428,SD Huesca,Real Valladolid,17:30,12,5,7,3,3,1,14,24,1,2,0,0,A,D,2,2,2020-10-18,1.0451,0.907963,0.164685,-1.089705,10.09375,0,1.6073,1.25439,1.25439,1.089705,9.909090909090908,2,3450966.0,17.0,20.0,Míchel,Sergio,Jorge Figueroa Vázquez,4-2-3-1,4-2-3-1,5358.0,366.0,25500000.0,29.032916433327113,179.72727272727272,21.0,29200000.0,28.557277082944434,181.0,41.0
429,Alaves,Elche,17:30,13,7,2,3,2,6,11,11,2,5,0,0,A,A,0,2,2020-10-18,1.3416,0.902261,0.902261,-0.005959,12.31578947368421,1,1.3134,0.90822,0.90822,0.005959,9.428571428571429,9,3450960.0,19.0,13.0,Pablo Machín,Jorge Almirón,Adrián Cordero Vega,3-4-1-2,3-4-2-1,1108.0,1531.0,48300000.0,29.002551179142554,183.8181818181818,21.0,18000000.0,29.030676373592186,182.27272727272728,1.0
430,Athletic Club,Levante,13:00,14,6,5,1,9,3,11,10,3,1,0,0,D,H,2,0,2020-10-18,0.1632,0.281482,0.281482,-1.7886479999999998,10.578947368421051,5,2.7327,2.07013,2.07013,1.7886479999999998,7.12,9,3450961.0,14.0,18.0,Gaizka Garitano,Paco López,Javier Alberola Rojas,4-2-3-1,4-2-3-1,621.0,3368.0,156000000.0,28.08636674755771,179.0909090909091,107.0,72200000.0,28.25810466056873,180.54545454545453,82.0
431,Eibar,Osasuna,11:00,10,8,6,2,6,7,14,14,2,3,0,1,D,D,0,0,2020-10-18,2.2068000000000003,1.2646,1.2646,0.8932389999999999,6.0,6,0.5313000000000001,0.371361,0.371361,-0.8932389999999999,10.384615384615383,3,3450963.0,15.0,12.0,José Luis Mendilibar,Jagoba Arrasate,Medié Jiménez,4-4-2 double 6,4-4-2 double 6,1533.0,331.0,35800000.0,28.15083068881837,180.9090909090909,89.0,31700000.0,29.17005786820982,182.1818181818182,6.0
432,Villarreal,Valencia,15:00,16,11,6,3,3,7,13,8,4,1,1,0,D,H,2,1,2020-10-18,0.5994,0.677588,0.677588,-0.178888,14.571428571428571,1,2.16,1.59975,0.856476,0.178888,10.35,11,3450969.0,6.0,11.0,Unai Emery,Javi Gracia,Carlos del Cerro Grande,4-1-4-1,4-4-2,1050.0,1049.0,141500000.0,28.431087051210252,182.54545454545453,148.0,159500000.0,24.877854520564995,180.8181818181818,189.0
433,Elche,Valencia,20:00,3,14,2,4,0,7,15,8,3,2,0,0,H,H,2,1,2020-10-23,2.4331,1.23519,1.23519,1.069617,11.407407407407408,8,0.3325,0.165573,0.165573,-1.069617,15.833333333333334,1,3450973.0,11.0,14.0,Jorge Almirón,Javi Gracia,César Soto Grado,3-4-2-1,5-3-2,1531.0,1049.0,18500000.0,28.71557463754589,181.1818181818182,5.0,130000000.0,25.83112438553917,179.1818181818182,194.0
434,Barcelona,Real Madrid,15:00,10,15,4,9,7,7,11,13,3,2,0,0,D,A,1,3,2020-10-24,2.4195999999999995,3.20848,2.4652,0.8916899999999999,13.5,8,0.43,1.57351,1.57351,-0.8916899999999999,11.75,5,3450971.0,5.0,1.0,Ronald Koeman,Zinédine Zidane,Juan Martínez Munuera,4-2-3-1,4-3-3 Attacking,131.0,418.0,465000000.0,26.839897952834296,179.72727272727272,670.0,509000000.0,27.84468919171178,184.36363636363637,578.0
435,Osasuna,Athletic Club,17:30,7,13,2,5,2,5,18,10,3,2,0,0,D,H,1,0,2020-10-24,0.8311,0.5791,0.5791,0.3330579999999999,6.590909090909091,5,1.8271,0.989319,0.246042,-0.3330579999999999,11.038461538461538,3,3450976.0,10.0,16.0,Jagoba Arrasate,Gaizka Garitano,Guillermo Cuadra Fernández,4-2-3-1,4-2-3-1,331.0,621.0,32900000.0,30.112376330035467,182.0909090909091,3.0,156000000.0,28.102793852280502,179.0909090909091,107.0
436,Sevilla,Eibar,17:30,21,3,3,1,13,3,11,12,0,3,0,0,A,A,0,1,2020-10-24,0.1491,0.198368,0.198368,-1.7872119999999998,15.62962962962963,2,2.7435,1.98558,1.98558,1.7872119999999998,5.173913043478261,5,3450979.0,8.0,13.0,Julen Lopetegui,José Luis Mendilibar,Alejandro Hernández Hernández,4-3-3 Attacking,4-4-2 double 6,368.0,1533.0,146000000.0,28.187418331155495,180.54545454545453,482.0,42200000.0,28.586397859498472,180.0,65.0
437,Atletico Madrid,Real Betis,20:00,13,12,6,3,8,5,19,12,2,0,0,1,D,H,2,0,2020-10-24,1.1767,1.01541,1.01541,-0.22763,7.0,5,1.5124,1.24304,1.24304,0.22763,10.96551724137931,8,3450970.0,3.0,12.0,Diego Simeone,Manuel Pellegrini,Mateu Lahoz,4-3-3 Attacking,4-2-3-1,13.0,150.0,384000000.0,28.00323564183934,179.27272727272728,550.0,128500000.0,29.00976914939954,180.72727272727272,324.0
438,Real Sociedad,SD Huesca,20:00,13,6,6,4,4,5,12,11,2,1,0,0,H,H,4,1,2020-10-25,0.4201,0.591473,0.591473,-0.4629869999999999,15.0625,2,2.3632,1.79773,1.05446,0.4629869999999999,8.857142857142858,16,3450977.0,4.0,19.0,Imanol Alguacil,Míchel,Isidro Díaz de Mera Escuderos,4-1-4-1,4-4-2 double 6,681.0,5358.0,161000000.0,26.053139194822972,179.1818181818182,109.0,23300000.0,28.382054632567982,179.72727272727272,28.0
439,Getafe,Granada,17:30,10,5,1,2,6,1,19,23,4,2,0,0,A,A,0,1,2020-10-25,0.9787,0.949811,0.206534,-1.127846,5.038461538461538,2,1.6708,1.33438,1.33438,1.127846,2.5,4,3450974.0,9.0,2.0,Pepe Bordalás,Diego Martínez,Jesús Gil Manzano,4-4-2,4-1-4-1,3709.0,16795.0,130000000.0,26.948665297741275,181.9090909090909,246.0,59000000.0,27.342169124509986,183.54545454545453,58.0
440,Real Valladolid,Alaves,13:00,5,14,1,4,2,4,9,7,1,0,1,0,D,A,0,2,2020-10-25,2.7896,2.3128,1.56953,1.264317,11.333333333333334,4,0.1301,0.305213,0.305213,-1.264317,19.384615384615383,5,3450978.0,20.0,15.0,Sergio,Pablo Machín,José Luis Munuera Montero,4-4-2 double 6,4-4-2 double 6,366.0,1108.0,33100000.0,28.385041378881215,181.1818181818182,88.0,53100000.0,29.983448447514153,183.8181818181818,26.0
441,Cadiz,Villarreal,15:00,5,7,0,2,0,5,15,7,2,2,0,0,D,D,0,0,2020-10-25,1.9567,0.752296,0.752296,0.543156,4.944444444444445,4,0.6477999999999999,0.20914,0.20914,-0.543156,24.45,4,3450972.0,7.0,6.0,Álvaro Cervera,Unai Emery,De Burgos Bengoetxea,4-4-2 double 6,4-3-3 Attacking,2687.0,1050.0,21200000.0,29.3818679609234,181.0909090909091,69.0,144500000.0,28.076659822039698,182.1818181818182,141.0
442,Levante,Celta Vigo,20:00,10,10,3,3,3,2,11,19,2,2,0,0,D,D,1,1,2020-10-26,0.9463,0.818389,0.818389,0.369177,8.40625,3,1.7157999999999998,1.19249,0.449212,-0.369177,6.0344827586206895,10,3450975.0,18.0,17.0,Paco López,Óscar García,Mario Melero López,4-4-2,5-3-2,3368.0,940.0,62700000.0,29.741521996142122,180.9090909090909,4.0,59150000.0,26.553916993342046,179.1818181818182,194.0
443,Eibar,Cadiz,20:00,9,6,3,4,7,2,10,10,1,1,0,0,A,A,0,2,2020-10-30,1.8337,0.932416,0.932416,0.465481,21.75,3,0.8157999999999999,0.466935,0.466935,-0.465481,4.6875,3,3450983.0,16.0,7.0,José Luis Mendilibar,Álvaro Cervera,Mateu Lahoz,4-2-3-1,4-4-2 double 6,1533.0,2687.0,42200000.0,28.60282496422127,180.0,65.0,21200000.0,29.39555721485906,181.0909090909091,69.0
444,Real Madrid,SD Huesca,13:00,13,9,6,2,6,3,16,9,0,2,0,0,H,H,4,1,2020-10-31,0.4185999999999999,0.79915,0.79915,-1.4398300000000002,20.55555555555556,0,2.4055,2.23898,2.23898,1.4398300000000002,9.303030303030305,9,3450987.0,1.0,19.0,Zinédine Zidane,Míchel,Pablo González Fuertes,4-3-3 Attacking,4-4-2,418.0,5358.0,421000000.0,29.202165391077095,181.63636363636363,642.0,26800000.0,27.814572833053322,180.45454545454547,22.0
445,Athletic Club,Sevilla,15:15,16,7,5,3,6,1,17,19,5,5,0,0,A,H,2,1,2020-10-31,1.1655,1.15091,1.15091,-0.1778499999999998,6.392857142857143,6,1.5249,1.32876,1.32876,0.1778499999999998,13.5,3,3450981.0,13.0,10.0,Gaizka Garitano,Julen Lopetegui,Carlos del Cerro Grande,4-2-3-1,4-3-3 Attacking,621.0,368.0,151800000.0,27.133843569161844,181.1818181818182,103.0,223000000.0,28.660568726277145,182.54545454545453,505.0
446,Osasuna,Atletico Madrid,17:30,8,11,3,6,3,2,12,10,1,2,0,0,A,A,1,3,2020-10-31,2.5045,3.06286,1.5763,0.1486199999999999,10.363636363636363,9,0.3480999999999999,1.42768,1.42768,-0.1486199999999999,16.55,2,3450985.0,11.0,2.0,Jagoba Arrasate,Diego Simeone,Estrada Fernández,4-4-2 double 6,4-4-2 double 6,331.0,13.0,29400000.0,29.984941820670773,182.1818181818182,2.0,463000000.0,27.41932673760189,181.45454545454547,596.0
447,Alaves,Barcelona,20:00,4,25,3,9,2,14,16,4,4,3,1,0,H,D,1,1,2020-10-31,2.0668,2.07747,2.07747,0.96423,5.882352941176471,24,0.6778,1.11324,1.11324,-0.96423,21.22222222222222,0,3450980.0,15.0,6.0,Pablo Machín,Ronald Koeman,Alejandro Hernández Hernández,4-1-4-1,4-2-3-1,1108.0,131.0,45100000.0,29.43513160350943,183.0909090909091,26.0,520000000.0,28.268060481612846,180.9090909090909,731.0
448,Real Betis,Elche,13:00,17,4,10,2,1,1,13,12,2,1,0,0,H,H,3,1,2020-11-01,0.0937,0.478252,0.478252,-1.843348,29.142857142857142,2,2.849800000000001,3.06462,2.3216,1.843348,8.763157894736842,13,3450986.0,8.0,12.0,Manuel Pellegrini,Jorge Almirón,Medié Jiménez,4-3-3 Attacking,3-5-2 flat,150.0,1531.0,133500000.0,29.30072801941385,180.72727272727272,254.0,18000000.0,28.94032729761683,181.1818181818182,4.0
449,Celta Vigo,Real Sociedad,15:00,9,9,2,7,2,3,19,16,2,5,1,0,A,A,1,4,2020-11-01,1.4817,2.27628,2.27628,0.8963099999999999,6.394736842105263,7,1.2354,2.12312,1.37997,-0.8963099999999999,7.615384615384615,5,3450982.0,18.0,3.0,Óscar García,Imanol Alguacil,Adrián Cordero Vega,4-2-3-1,4-1-4-1,940.0,681.0,60650000.0,25.944371849916,178.54545454545453,192.0,155500000.0,24.740713085682284,180.54545454545453,111.0
450,Granada,Levante,17:30,5,19,2,4,2,8,7,14,2,3,1,0,D,D,1,1,2020-11-01,1.8792,0.813588,0.813588,0.5827019999999999,5.0588235294117645,15,0.6993,0.230886,0.230886,-0.5827019999999999,35.166666666666664,4,3450984.0,4.0,17.0,Diego Martínez,Paco López,Santiago Jaime Latre,4-2-3-1,4-4-2 double 6,16795.0,3368.0,60000000.0,29.046107896210568,182.9090909090909,57.0,67200000.0,28.915437745006535,180.0,84.0
451,Valencia,Getafe,20:00,11,16,5,5,0,3,18,25,8,5,1,1,H,D,2,2,2020-11-01,1.8485,2.35774,2.35774,1.3415500000000002,3.25,8,0.9068,1.75934,1.01619,-1.3415500000000002,6.72,4,3450988.0,14.0,9.0,Javi Gracia,Pepe Bordalás,Jorge Figueroa Vázquez,4-4-2,4-4-2,1049.0,3709.0,160000000.0,24.973679298114618,179.36363636363637,187.0,133000000.0,26.19127621181009,182.0,279.0
452,Villarreal,Real Valladolid,20:00,11,11,5,1,6,4,13,13,1,3,0,0,H,H,2,0,2020-11-02,0.5572,0.793913,0.793913,-1.0562269999999998,10.794117647058824,3,2.2309,1.85014,1.85014,1.0562269999999998,7.125,6,3450989.0,5.0,20.0,Unai Emery,Sergio,Javier Alberola Rojas,4-4-2,4-2-3-1,1050.0,366.0,171500000.0,28.201605376143366,182.36363636363637,162.0,30000000.0,29.104100553792545,179.27272727272728,35.0
453,Elche,Celta Vigo,20:00,8,14,1,6,3,3,18,12,3,4,0,0,D,D,1,1,2020-11-06,1.7571000000000003,2.15551,2.15551,1.293287,8.714285714285714,9,0.9876,1.6055,0.862223,-1.293287,12.0,4,3450992.0,10.0,18.0,Jorge Almirón,Óscar García,De Burgos Bengoetxea,3-4-3,4-3-3 Attacking,1531.0,940.0,12100000.0,28.700640905979718,182.54545454545453,2.0,78900000.0,27.518387156990855,179.45454545454547,145.0
454,Atletico Madrid,Cadiz,20:00,17,10,7,3,2,7,10,9,1,1,0,0,H,H,4,0,2020-11-07,0.1574,0.395983,0.395983,-2.229577,22.61904761904762,1,2.7605,2.62556,2.62556,2.229577,9.238095238095235,8,3450990.0,1.0,7.0,Diego Simeone,Álvaro Cervera,Adrián Cordero Vega,3-4-2-1,4-4-2 double 6,13.0,2687.0,528000000.0,27.717503577873188,182.45454545454547,730.0,22300000.0,29.568041814448385,180.63636363636363,69.0
455,Sevilla,Osasuna,17:30,9,10,1,2,3,0,11,19,2,3,0,0,D,H,1,0,2020-11-07,0.6478,0.499107,0.499107,0.091389,11.058823529411764,5,2.0554,1.151,0.407718,-0.091389,7.5625,3,3450998.0,8.0,13.0,Julen Lopetegui,Jagoba Arrasate,Juan Martínez Munuera,4-3-3 Attacking,4-4-2,368.0,331.0,230000000.0,27.551988053014746,181.45454545454547,384.0,40800000.0,28.53039636612532,184.27272727272728,41.0
456,Barcelona,Real Betis,15:15,18,12,9,6,9,5,8,10,2,2,0,1,D,H,5,2,2020-11-07,0.0477,0.86991,0.86991,-2.0884,19.73333333333333,4,2.9277,4.44487,2.95831,2.0884,10.96,19,3450991.0,5.0,9.0,Ronald Koeman,Manuel Pellegrini,Guillermo Cuadra Fernández,4-2-3-1,4-2-3-1,131.0,150.0,520000000.0,26.632319084064466,181.0,616.0,121500000.0,29.433389334826703,182.1818181818182,309.0
457,SD Huesca,Eibar,13:00,14,8,6,3,4,3,16,30,2,0,0,0,A,D,1,1,2020-11-07,0.3596,0.839508,0.839508,-1.392602,6.953488372093023,1,2.4539000000000004,2.23211,2.23211,1.392602,6.869565217391305,2,3450994.0,20.0,16.0,Míchel,José Luis Mendilibar,Mario Melero López,4-4-2 double 6,4-2-3-1,5358.0,1533.0,20100000.0,30.55292141123763,180.0909090909091,28.0,45400000.0,27.68191151764047,179.8181818181818,65.0
458,Getafe,Villarreal,13:00,13,9,5,5,3,3,18,11,3,4,0,0,A,A,1,3,2020-11-08,2.6323,2.32114,2.32114,1.76649,11.833333333333334,8,0.2476,0.55465,0.55465,-1.76649,7.285714285714286,7,3450993.0,12.0,4.0,Pepe Bordalás,Unai Emery,José Luis Munuera Montero,4-4-2 double 6,4-2-3-1,3709.0,1050.0,125000000.0,26.591251322257484,183.45454545454547,244.0,156500000.0,29.135959181133718,183.27272727272728,108.0
459,Real Sociedad,Granada,15:15,22,2,9,1,15,0,8,11,2,1,1,0,H,H,2,0,2020-11-08,0.0468,0.780649,0.0377568,-2.1924732,19.625,0,2.9187,3.72416,2.23023,2.1924732,6.733333333333333,18,3450996.0,2.0,6.0,Imanol Alguacil,Diego Martínez,Carlos del Cerro Grande,4-1-4-1,4-2-3-1,681.0,16795.0,204000000.0,27.14205712152324,182.1818181818182,163.0,41900000.0,24.69740526414038,183.45454545454547,67.0
460,Levante,Alaves,17:30,18,6,5,2,12,1,12,16,1,6,0,1,A,D,1,1,2020-11-08,0.6385000000000001,1.01595,1.01595,-0.97553,9.958333333333334,3,2.1343,1.99148,1.99148,0.97553,3.3448275862068964,17,3450995.0,17.0,15.0,Paco López,Pablo Machín,Isidro Díaz de Mera Escuderos,4-4-2 double 6,4-4-2 double 6,3368.0,1108.0,58400000.0,27.755335697840835,180.27272727272728,92.0,52100000.0,29.013751477817188,183.63636363636363,22.0
461,Real Valladolid,Athletic Club,17:30,7,17,4,2,2,11,23,11,4,2,0,0,H,H,2,1,2020-11-08,0.741,1.57936,0.836339,-0.705491,5.785714285714286,7,2.0127,2.28498,1.54183,0.705491,9.107142857142858,4,3450997.0,19.0,14.0,Sergio,Gaizka Garitano,César Soto Grado,4-4-2 double 6,4-2-3-1,366.0,621.0,33100000.0,28.844751415593304,179.54545454545453,2.0,165500000.0,27.675689129487896,180.1818181818182,107.0
462,Valencia,Real Madrid,20:00,7,16,4,6,1,8,13,14,3,2,0,0,H,H,4,1,2020-11-08,0.4122,1.05824,1.05824,0.941143,6.7407407407407405,14,2.4174,2.34693,0.117097,-0.941143,12.5,2,3450999.0,11.0,3.0,Javi Gracia,Zinédine Zidane,Jesús Gil Manzano,4-4-2,4-2-3-1,1049.0,418.0,165000000.0,25.081699956443284,180.9090909090909,190.0,396000000.0,28.77530956381059,181.36363636363637,699.0
463,Osasuna,SD Huesca,20:00,18,6,7,5,4,3,14,15,2,3,0,0,A,D,1,1,2020-11-20,1.3013,0.807899,0.807899,-0.0708789999999999,10.818181818181818,1,1.3508,0.878778,0.878778,0.0708789999999999,8.84,7,3451007.0,14.0,19.0,Jagoba Arrasate,Míchel,Valentin Pizarro Gomez,4-4-2 double 6,4-4-2,331.0,5358.0,41200000.0,30.01904050774687,181.8181818181818,37.0,20100000.0,30.588513471470353,180.0909090909091,28.0
464,Levante,Elche,13:00,13,11,5,5,5,4,15,11,1,4,0,0,H,D,1,1,2020-11-21,1.2713,0.832435,0.832435,-0.0696559999999999,13.4,4,1.3754,0.902091,0.902091,0.0696559999999999,9.742857142857142,11,3451006.0,18.0,12.0,Paco López,Jorge Almirón,Jorge Figueroa Vázquez,4-4-2,4-1-4-1,3368.0,1531.0,62900000.0,27.49523987306328,180.0,13.0,16100000.0,27.887997013253685,182.27272727272728,4.0
465,Villarreal,Real Madrid,15:15,13,6,1,1,4,2,16,14,1,2,0,0,A,D,1,1,2020-11-21,0.5034000000000001,0.652049,0.652049,-0.331792,11.464285714285714,5,2.2596000000000003,1.72712,0.983841,0.331792,10.055555555555555,5,3451009.0,4.0,3.0,Unai Emery,Zinédine Zidane,Alejandro Hernández Hernández,4-3-3 Attacking,4-2-3-1,1050.0,418.0,133500000.0,29.80573704187667,183.8181818181818,160.0,422000000.0,28.71383236886317,180.45454545454547,566.0
466,Sevilla,Celta Vigo,17:30,15,10,10,7,3,2,14,20,2,2,0,0,D,H,4,2,2020-11-21,1.2816,2.08172,2.08172,-0.1443100000000003,10.68,3,1.4625,2.22603,2.22603,0.1443100000000003,10.454545454545457,5,3451008.0,7.0,20.0,Julen Lopetegui,Eduardo Coudet,César Soto Grado,4-1-4-1,4-4-2 Diamond,368.0,940.0,225000000.0,28.519196067450686,180.8181818181818,455.0,78900000.0,27.559454918797837,179.45454545454547,145.0
467,Atletico Madrid,Barcelona,20:00,9,13,2,4,8,8,12,6,4,0,0,0,H,H,1,0,2020-11-21,1.7721,1.29964,1.29964,0.4875319999999998,18.666666666666668,7,0.9303,0.812108,0.812108,-0.4875319999999998,20.4,8,3451002.0,1.0,5.0,Diego Simeone,Ronald Koeman,José Luis Munuera Montero,3-4-2-1,4-4-2,13.0,131.0,565000000.0,26.71047227926078,181.27272727272728,588.0,575000000.0,27.910895401655157,179.54545454545453,776.0
468,Eibar,Getafe,13:00,15,8,5,3,3,4,16,22,3,4,1,0,D,D,0,0,2020-11-22,0.4185999999999999,0.352628,0.352628,-1.099622,5.304347826086956,3,2.362,1.45225,1.45225,1.099622,5.666666666666667,7,3451004.0,16.0,10.0,José Luis Mendilibar,Pepe Bordalás,Pablo González Fuertes,4-4-2,4-4-2,1533.0,3709.0,43500000.0,29.27608736232966,181.45454545454547,54.0,106000000.0,27.789185489390828,181.9090909090909,186.0
469,Cadiz,Real Sociedad,15:15,2,14,0,4,1,6,14,14,2,1,0,0,D,A,0,1,2020-11-22,2.7545,1.90588,1.90588,1.8234052,4.3478260869565215,4,0.1343,0.0824748,0.0824748,-1.8234052,11.962962962962964,0,3451003.0,8.0,2.0,Álvaro Cervera,Imanol Alguacil,Estrada Fernández,4-2-3-1,4-2-3-1,2687.0,681.0,22000000.0,28.47514155933047,178.72727272727272,15.0,217000000.0,26.57731317279572,182.0909090909091,171.0
470,Granada,Real Valladolid,17:30,16,9,6,3,5,3,16,14,4,3,0,0,A,A,1,3,2020-11-22,1.3756,1.45546,1.45546,0.0529299999999999,8.92,0,1.3276,1.40253,1.40253,-0.0529299999999999,4.8,5,3451005.0,6.0,17.0,Diego Martínez,Sergio,Medié Jiménez,4-2-3-1,4-4-2,16795.0,366.0,52500000.0,29.23302843631386,182.45454545454547,59.0,29600000.0,28.88308132661315,179.54545454545453,2.0
471,Alaves,Valencia,20:00,13,13,3,5,4,5,21,16,1,1,0,0,H,D,2,2,2020-11-22,1.3250000000000002,1.79824,1.79824,0.7148400000000001,6.647058823529412,9,1.3991,1.82668,1.0834,-0.7148400000000001,10.413793103448276,2,3451000.0,15.0,13.0,Pablo Machín,Javi Gracia,Santiago Jaime Latre,4-4-2 double 6,4-4-2,1108.0,1049.0,48900000.0,29.715885756953522,182.8181818181818,26.0,149000000.0,25.962541223321512,179.63636363636363,190.0
472,Athletic Club,Real Betis,20:00,14,7,9,1,6,3,16,8,0,0,0,0,H,H,4,0,2020-11-23,0.073,0.385631,0.385631,-2.366389,8.2,3,2.8795,2.75202,2.75202,2.366389,9.935483870967742,6,3451001.0,11.0,9.0,Gaizka Garitano,Manuel Pellegrini,Javier Alberola Rojas,4-2-3-1,4-1-4-1,621.0,150.0,154300000.0,26.267438242797585,180.8181818181818,114.0,85500000.0,29.01250700018667,182.0,187.0
473,Real Valladolid,Levante,20:00,10,10,4,3,3,11,18,11,0,3,0,0,D,D,1,1,2020-11-27,1.2207,1.11009,0.366812,-0.892878,6.157894736842105,2,1.4415,1.25969,1.25969,0.892878,10.076923076923077,2,3451018.0,17.0,19.0,Sergio,Paco López,Valentin Pizarro Gomez,4-4-2,4-4-2 double 6,366.0,3368.0,29600000.0,28.896770580548818,179.54545454545453,2.0,59100000.0,28.20110758509116,181.27272727272728,1.0
474,Elche,Cadiz,13:00,4,7,3,2,1,9,16,15,6,2,1,0,H,D,1,1,2020-11-28,1.9867,0.678171,0.678171,0.5914417999999999,9.310344827586206,1,0.5632,0.0867292,0.0867292,-0.5914417999999999,11.227272727272728,2,3451012.0,9.0,8.0,Jorge Almirón,Álvaro Cervera,Carlos del Cerro Grande,4-2-3-1,4-4-2 double 6,1531.0,2687.0,14800000.0,28.196378570095202,183.36363636363637,4.0,23900000.0,28.34546699023085,178.54545454545453,15.0
475,Valencia,Atletico Madrid,15:15,5,14,2,6,2,7,12,15,2,5,0,0,D,A,0,1,2020-11-28,2.2025,1.10533,1.10533,0.923894,5.40625,9,0.4786999999999999,0.181436,0.181436,-0.923894,15.954545454545457,1,3451019.0,15.0,1.0,Javi Gracia,Diego Simeone,De Burgos Bengoetxea,4-4-2 double 6,3-4-2-1,1049.0,13.0,148000000.0,24.73573517516023,180.27272727272728,160.0,485000000.0,26.67537801008027,179.63636363636363,504.0
476,SD Huesca,Sevilla,17:30,5,16,1,4,1,10,14,9,4,3,0,0,D,A,0,1,2020-11-28,2.6534,1.69981,1.69981,1.532201,7.0,11,0.2045,0.167609,0.167609,-1.532201,19.764705882352946,2,3451014.0,20.0,6.0,Míchel,Julen Lopetegui,Guillermo Cuadra Fernández,4-4-2,4-3-3 Attacking,5358.0,368.0,22000000.0,28.564495053201416,180.54545454545453,28.0,224000000.0,28.191898450625352,181.45454545454547,245.0
477,Real Madrid,Alaves,20:00,20,11,9,6,12,9,8,17,2,3,0,0,A,A,1,2,2020-11-28,1.8704,2.35024,1.60709,-0.05359,21.357142857142858,3,0.8876,1.66068,1.66068,0.05359,10.571428571428571,8,3451016.0,3.0,11.0,Zinédine Zidane,Pablo Machín,Adrián Cordero Vega,4-3-3 Attacking,4-4-2,418.0,1108.0,405000000.0,29.6292701138697,181.36363636363637,559.0,48900000.0,29.732312861676313,182.8181818181818,26.0
478,Barcelona,Osasuna,13:00,20,10,11,5,5,3,8,12,1,0,0,0,H,H,4,0,2020-11-29,0.1984,1.56118,1.56118,-2.35298,21.0,3,2.7127000000000003,3.91416,3.91416,2.35298,12.923076923076923,17,3451010.0,4.0,16.0,Ronald Koeman,Jagoba Arrasate,Mateu Lahoz,4-3-3 Attacking,4-4-2 double 6,131.0,331.0,462000000.0,26.36326302034721,177.27272727272728,770.0,31800000.0,29.50631572397486,182.0909090909091,40.0
479,Getafe,Athletic Club,15:15,11,5,3,2,3,2,16,23,2,4,0,0,A,D,1,1,2020-11-29,0.9735,0.277502,0.277502,-0.259223,5.041666666666667,4,1.5135,0.536725,0.536725,0.259223,4.612903225806452,2,3451013.0,12.0,10.0,Pepe Bordalás,Gaizka Garitano,Mario Melero López,4-4-2 double 6,4-2-3-1,3709.0,621.0,107500000.0,27.90293074481986,180.27272727272728,168.0,154300000.0,26.283865347520376,180.8181818181818,114.0
480,Celta Vigo,Granada,17:30,17,9,8,2,8,0,14,13,4,3,1,0,D,H,3,1,2020-11-29,0.0853,1.49416,1.49416,-3.147,17.68421052631579,2,2.872,4.64116,4.64116,3.147,4.875,13,3451011.0,18.0,7.0,Eduardo Coudet,Diego Martínez,Isidro Díaz de Mera Escuderos,4-4-2 Diamond,5-4-1,940.0,16795.0,84500000.0,27.952709850040446,180.0909090909091,195.0,77300000.0,27.36357413975484,182.72727272727272,111.0
481,Real Sociedad,Villarreal,20:00,8,10,4,2,4,4,18,12,5,3,0,0,D,D,1,1,2020-11-29,0.6639999999999999,1.10165,0.358497,-0.8154029999999999,11.681818181818182,6,2.0692,1.91705,1.1739,0.8154029999999999,14.071428571428571,6,3451017.0,2.0,5.0,Imanol Alguacil,Unai Emery,Jesús Gil Manzano,4-2-3-1,4-4-2,681.0,1050.0,240000000.0,23.941260655839713,182.1818181818182,131.0,138800000.0,29.502084500031113,183.72727272727272,209.0
482,Real Betis,Eibar,20:00,7,11,3,6,6,2,13,14,2,1,0,0,D,A,0,2,2020-11-30,2.903,3.24869,1.76226,1.24465,12.458333333333334,1,0.0578,0.51761,0.51761,-1.24465,6.1,5,3451015.0,14.0,13.0,Manuel Pellegrini,José Luis Mendilibar,Juan Martínez Munuera,4-2-3-1,4-2-3-1,150.0,1533.0,102300000.0,29.32287972123701,180.72727272727272,310.0,44500000.0,28.31908406446394,179.27272727272728,90.0
483,Athletic Club,Celta Vigo,20:00,10,6,0,4,4,5,7,15,2,1,0,0,D,A,0,2,2020-12-04,2.125,1.20044,1.20044,0.746383,9.038461538461538,9,0.6007,0.454057,0.454057,-0.746383,8.925925925925926,8,3451021.0,16.0,13.0,Gaizka Garitano,Eduardo Coudet,Jorge Figueroa Vázquez,4-2-3-1,4-4-2 Diamond,621.0,940.0,149300000.0,25.77860742953145,181.1818181818182,94.0,84500000.0,27.966399103976105,180.0909090909091,195.0
484,Levante,Getafe,13:00,12,9,8,0,5,5,12,13,2,7,0,2,H,H,3,0,2020-12-05,0.1982999999999999,0.49433,0.49433,-2.07263,10.666666666666666,4,2.703,2.56696,2.56696,2.07263,5.352941176470588,10,3451026.0,17.0,14.0,Paco López,Pepe Bordalás,Medié Jiménez,4-4-2 double 6,4-4-2 double 6,3368.0,3709.0,44500000.0,28.396988364134156,180.72727272727272,12.0,109300000.0,27.41584220023645,181.72727272727272,186.0
485,Sevilla,Real Madrid,15:15,12,10,2,3,4,3,15,20,1,3,0,0,D,A,0,1,2020-12-05,2.4102,1.69653,1.69653,1.162621,13.88,4,0.3974999999999999,0.533909,0.533909,-1.162621,6.151515151515151,6,3451028.0,6.0,3.0,Julen Lopetegui,Zinédine Zidane,José María Sánchez Martínez,4-3-3 Attacking,4-3-3 Attacking,368.0,418.0,226000000.0,29.11405637483666,182.0,362.0,450000000.0,28.199863107460644,181.72727272727272,709.0
486,Atletico Madrid,Real Valladolid,17:30,15,13,4,3,4,4,10,10,4,2,0,0,D,H,2,0,2020-12-05,0.645,0.440427,0.440427,-0.8350730000000001,12.23076923076923,3,2.0688,1.2755,1.2755,0.8350730000000001,15.625,10,3451022.0,1.0,19.0,Diego Simeone,Sergio,Pablo González Fuertes,3-4-2-1,4-2-3-1,13.0,366.0,326000000.0,28.862671893472715,181.54545454545453,541.0,30700000.0,27.836973430402587,179.72727272727272,21.0
487,Cadiz,Barcelona,20:00,7,21,3,8,5,13,10,7,0,2,0,0,H,H,2,1,2020-12-05,0.7133,1.71026,1.71026,-0.9009200000000002,3.555555555555556,27,2.0822,2.61118,2.61118,0.9009200000000002,26.63636363636364,1,3451023.0,7.0,5.0,Álvaro Cervera,Ronald Koeman,César Soto Grado,4-3-3 Attacking,4-2-3-1,2687.0,131.0,22100000.0,28.187418331155495,180.0,5.0,442000000.0,27.685147159479808,178.63636363636363,873.0
488,Alaves,Real Sociedad,20:00,5,13,1,5,2,3,3,11,1,0,1,0,D,D,0,0,2020-12-06,2.4513000000000003,1.39953,1.39953,1.150068,5.782608695652174,6,0.3372,0.249462,0.249462,-1.150068,15.764705882352942,3,3451020.0,12.0,2.0,Pablo Machín,Imanol Alguacil,José Luis Munuera Montero,4-4-2 double 6,4-2-3-1,1108.0,681.0,48900000.0,29.75421566797337,182.8181818181818,26.0,152000000.0,23.85663617696472,181.0,112.0
489,Villarreal,Elche,17:30,12,3,3,0,4,0,16,13,3,2,0,0,D,D,0,0,2020-12-06,0.6707,0.0544723,0.0544723,-0.4659497,18.8125,0,1.7528,0.520422,0.520422,0.4659497,7.771428571428571,9,3451029.0,4.0,10.0,Unai Emery,Jorge Almirón,Santiago Jaime Latre,4-3-3 Attacking,4-1-4-1,1050.0,1531.0,149000000.0,27.88675253562317,182.0,229.0,16800000.0,28.505257917988924,182.0,3.0
490,Osasuna,Real Betis,15:15,10,12,0,5,2,5,16,12,3,2,0,0,D,A,0,2,2020-12-06,2.4289,1.52162,1.52162,1.154933,8.772727272727273,6,0.3685,0.366687,0.366687,-1.154933,8.384615384615385,6,3451027.0,18.0,9.0,Jagoba Arrasate,Manuel Pellegrini,Alejandro Hernández Hernández,4-4-2 double 6,4-4-1-1,331.0,150.0,40400000.0,29.71538796590131,182.9090909090909,41.0,119300000.0,28.1961296745691,181.72727272727272,342.0
491,Granada,SD Huesca,13:00,15,16,6,7,4,2,12,16,2,0,0,0,D,D,3,3,2020-12-06,1.2743,1.68663,1.68663,-0.1433099999999998,9.076923076923077,3,1.4791999999999998,1.82994,1.82994,0.1433099999999998,7.382352941176471,3,3451025.0,8.0,20.0,Diego Martínez,Míchel,Javier Alberola Rojas,4-2-3-1,4-1-4-1,16795.0,5358.0,65800000.0,27.233401779603014,182.36363636363637,69.0,25600000.0,28.57818430713708,179.8181818181818,29.0
492,Eibar,Valencia,20:00,19,6,3,4,8,0,15,10,3,2,0,0,D,D,0,0,2020-12-07,0.9782,0.648196,0.648196,-0.444974,11.72222222222222,1,1.7048,1.09317,1.09317,0.444974,2.740740740740741,11,3451024.0,11.0,15.0,José Luis Mendilibar,Javi Gracia,Estrada Fernández,4-4-2 double 6,4-4-2 double 6,1533.0,1049.0,42200000.0,28.64687947234148,180.8181818181818,89.0,144500000.0,25.57525978470537,181.0909090909091,165.0
493,Real Valladolid,Osasuna,20:00,11,13,6,6,3,3,14,18,4,5,0,0,A,H,3,2,2020-12-11,0.9526,1.33403,1.33403,0.1998299999999999,7.56,7,1.7944,1.87748,1.1342,-0.1998299999999999,11.705882352941176,5,3451038.0,16.0,20.0,Sergio,Jagoba Arrasate,Adrián Cordero Vega,4-4-2,4-4-2 double 6,366.0,331.0,31100000.0,28.974674880219027,178.8181818181818,45.0,46000000.0,28.475390454856573,182.63636363636363,43.0
494,Valencia,Athletic Club,13:00,11,13,2,5,0,10,19,16,2,6,0,0,H,D,2,2,2020-12-12,1.0196,1.73307,0.98979,-0.4395200000000001,5.0,5,1.6961,2.17259,1.42931,0.4395200000000001,7.28,4,3451039.0,14.0,15.0,Javi Gracia,Gaizka Garitano,Carlos del Cerro Grande,4-4-2,4-2-3-1,1049.0,621.0,150500000.0,25.057308194885195,181.54545454545453,175.0,156500000.0,27.27222948167507,181.1818181818182,106.0
495,Getafe,Sevilla,15:15,8,8,2,0,5,3,14,13,2,3,0,0,D,A,0,1,2020-12-12,1.3885,0.507527,0.507527,0.1332749999999999,4.75,4,1.1107,0.374252,0.374252,-0.1332749999999999,21.84210526315789,1,3451033.0,17.0,6.0,Pepe Bordalás,Julen Lopetegui,Juan Martínez Munuera,4-3-3 Attacking,4-3-3 Attacking,3709.0,368.0,101800000.0,26.54844129176778,183.8181818181818,189.0,247000000.0,28.141123763300357,182.1818181818182,415.0
496,SD Huesca,Alaves,17:30,11,3,3,1,5,2,14,20,1,4,0,0,D,H,1,0,2020-12-12,0.9571,0.171439,0.171439,-0.2093269999999999,11.96551724137931,2,1.4329,0.380766,0.380766,0.2093269999999999,5.153846153846154,1,3451034.0,19.0,13.0,Míchel,Pablo Machín,Mario Melero López,4-3-3 Attacking,4-4-2,5358.0,1108.0,24000000.0,28.88843258042437,178.45454545454547,21.0,45200000.0,29.685520502768963,182.63636363636363,20.0
497,Real Madrid,Atletico Madrid,20:00,11,5,3,1,3,6,7,16,1,3,0,0,H,H,2,0,2020-12-12,1.5033999999999998,0.784775,0.784775,0.133075,11.806451612903226,1,1.1272,0.6517,0.6517,-0.133075,9.294117647058824,6,3451036.0,3.0,1.0,Zinédine Zidane,Diego Simeone,Mateu Lahoz,4-3-3 Attacking,3-4-2-1,418.0,13.0,449000000.0,29.382863543027813,182.0,695.0,438000000.0,28.44004729014996,182.63636363636363,690.0
498,Barcelona,Levante,20:00,24,7,13,3,12,4,4,15,2,1,0,0,D,H,1,0,2020-12-13,0.3453,0.97888,0.97888,-1.6418899999999998,18.375,5,2.4939,2.62077,2.62077,1.6418899999999998,15.866666666666667,19,3451030.0,4.0,18.0,Ronald Koeman,Paco López,De Burgos Bengoetxea,4-2-3-1,4-4-2 double 6,131.0,3368.0,459000000.0,27.723725966025757,179.36363636363637,896.0,44000000.0,28.004729014995952,180.45454545454547,12.0
500,Real Betis,Villarreal,15:15,11,7,5,2,4,8,13,14,2,3,0,0,A,D,1,1,2020-12-13,1.9552,1.10577,1.10577,0.6307619999999999,9.071428571428571,4,0.7270000000000001,0.475008,0.475008,-0.6307619999999999,14.181818181818182,2,3451035.0,10.0,5.0,Manuel Pellegrini,Unai Emery,Valentin Pizarro Gomez,4-2-3-1,4-4-2,150.0,1050.0,114300000.0,28.301661377636734,181.9090909090909,348.0,150000000.0,27.78769211623421,183.63636363636363,204.0
501,Real Sociedad,Eibar,13:00,8,16,2,4,5,4,14,11,4,3,0,0,H,D,1,1,2020-12-13,1.5409,1.55401,1.55401,0.2148899999999998,9.9,4,1.1647,1.33912,1.33912,-0.2148899999999998,9.875,5,3451037.0,2.0,11.0,Imanol Alguacil,José Luis Mendilibar,Isidro Díaz de Mera Escuderos,4-2-3-1,4-4-2 double 6,681.0,1533.0,149000000.0,23.411362080766597,182.27272727272728,134.0,44500000.0,28.22002364507498,180.8181818181818,54.0
502,Celta Vigo,Cadiz,20:00,8,12,5,2,1,5,24,9,2,1,0,0,H,H,4,0,2020-12-14,0.806,0.906249,0.906249,0.1322809999999999,16.25,2,1.9148,1.51712,0.773968,-0.1322809999999999,6.88,6,3451031.0,9.0,8.0,Eduardo Coudet,Álvaro Cervera,Guillermo Cuadra Fernández,4-4-2 double 6,4-4-2 double 6,940.0,2687.0,85500000.0,27.690125070001866,180.0,212.0,22700000.0,28.954763238130795,181.72727272727272,5.0
503,Real Madrid,Athletic Club,21:00,18,10,5,4,6,6,8,9,1,3,0,1,H,H,3,1,2020-12-15,0.2865,0.728304,0.728304,-1.852016,18.11111111111111,7,2.5926,2.58032,2.58032,1.852016,9.352941176470589,13,3451096.0,2.0,13.0,Zinédine Zidane,Gaizka Garitano,Jesús Gil Manzano,4-2-3-1,4-2-3-1,418.0,621.0,449000000.0,28.80841266878228,181.72727272727272,684.0,144800000.0,27.94399850662684,181.1818181818182,111.0
504,Barcelona,Real Sociedad,20:00,14,12,4,5,2,3,18,14,3,3,0,0,H,H,2,1,2020-12-16,0.8080999999999999,1.82452,1.82452,-0.75681,8.75,11,1.9448,2.58133,2.58133,0.75681,7.8,9,3451091.0,3.0,6.0,Ronald Koeman,Imanol Alguacil,José María Sánchez Martínez,4-2-3-1,4-3-3 Attacking,131.0,681.0,422000000.0,26.42673137950345,179.36363636363637,856.0,183000000.0,26.001120029867465,181.9090909090909,116.0
505,Athletic Club,SD Huesca,20:00,10,6,3,1,5,5,9,16,0,3,0,1,D,H,2,0,2020-12-18,0.2198999999999999,0.182818,0.182818,-0.5933569999999999,14.047619047619047,4,2.6268,1.51945,0.776175,0.5933569999999999,9.173913043478262,6,3451040.0,10.0,19.0,Gaizka Garitano,Míchel,Valentin Pizarro Gomez,4-2-3-1,4-3-3 Attacking,621.0,5358.0,156500000.0,27.10522058366001,181.54545454545453,107.0,25000000.0,28.90485968514716,178.45454545454547,21.0
506,Sevilla,Real Valladolid,20:00,14,12,3,5,7,7,14,10,3,4,0,0,H,D,1,1,2020-12-19,0.6632,0.878614,0.878614,-0.11777,13.304347826086955,3,2.0837,1.73966,0.996384,0.11777,8.0,10,3451049.0,7.0,18.0,Julen Lopetegui,Sergio,Jesús Gil Manzano,4-3-3 Attacking,4-4-2,368.0,366.0,236000000.0,28.469416962230103,180.63636363636363,495.0,28300000.0,29.073984195134095,178.54545454545453,74.0
507,Osasuna,Villarreal,17:30,6,13,1,6,2,2,17,16,2,2,1,0,A,A,1,3,2020-12-19,2.633,2.79417,2.79417,2.612379,7.352941176470588,11,0.2405,0.925068,0.181791,-2.612379,13.52,0,3451048.0,20.0,4.0,Jagoba Arrasate,Unai Emery,Jorge Figueroa Vázquez,4-4-2 double 6,4-3-3 Attacking,331.0,1050.0,47200000.0,29.311181631510177,182.1818181818182,43.0,151500000.0,26.770704996577685,183.27272727272728,199.0
508,Atletico Madrid,Elche,13:00,12,8,6,3,2,5,13,14,1,2,0,0,H,H,3,1,2020-12-19,0.2442,0.522281,0.522281,-0.834489,23.357142857142858,3,2.6106,2.10005,1.35677,0.834489,11.838709677419354,7,3451041.0,1.0,17.0,Diego Simeone,Jorge Almirón,Estrada Fernández,4-4-2 double 6,4-1-4-1,13.0,1531.0,480000000.0,27.144546076784273,180.0,631.0,17200000.0,27.714516831559955,182.0,4.0
509,Barcelona,Valencia,15:15,25,12,9,4,8,3,10,14,4,2,0,0,D,D,2,2,2020-12-19,0.5722,1.97181,1.97181,-0.56961,12.26086956521739,10,2.2501,3.2847,2.54142,0.56961,8.294117647058824,18,3451042.0,5.0,13.0,Ronald Koeman,Javi Gracia,Alejandro Hernández Hernández,4-1-4-1,4-4-2,131.0,1049.0,407000000.0,26.881712401219588,178.54545454545453,860.0,179500000.0,25.861240744197627,182.72727272727272,192.0
510,Levante,Real Sociedad,17:30,13,15,5,5,3,4,19,14,2,1,0,0,D,H,2,1,2020-12-19,1.7761,2.1027,2.1027,0.57494,8.4,14,0.9709,1.52776,1.52776,-0.57494,8.72,5,3451047.0,15.0,3.0,Paco López,Imanol Alguacil,César Soto Grado,4-4-2,4-2-3-1,3368.0,681.0,44700000.0,28.95401655155249,180.9090909090909,11.0,164000000.0,23.739904175222453,180.63636363636363,110.0
511,Celta Vigo,Alaves,13:00,11,8,3,2,3,5,18,12,2,2,0,0,H,H,2,0,2020-12-20,0.4072,0.404844,0.404844,-1.220826,13.727272727272728,7,2.3857,1.62567,1.62567,1.220826,6.424242424242424,10,3451043.0,8.0,16.0,Eduardo Coudet,Pablo Machín,Javier Alberola Rojas,4-4-2 double 6,4-4-2 double 6,940.0,1108.0,86500000.0,27.72297927944745,178.63636363636363,196.0,46400000.0,29.42940700640906,183.27272727272728,29.0
512,Granada,Real Betis,15:15,8,14,3,1,1,10,21,16,3,4,0,0,H,H,2,0,2020-12-20,1.0267,1.04957,1.04957,0.4104389999999999,4.12,4,1.6612,1.38241,0.639131,-0.4104389999999999,10.5,0,3451046.0,6.0,12.0,Diego Martínez,Manuel Pellegrini,José María Sánchez Martínez,4-3-3 Attacking,4-2-3-1,16795.0,150.0,75000000.0,27.850911579864352,182.27272727272728,111.0,110500000.0,26.19600522680605,182.54545454545453,227.0
513,Cadiz,Getafe,17:30,8,6,1,4,2,4,6,22,1,6,0,0,A,A,0,2,2020-12-20,2.2366,1.10435,1.10435,0.747852,12.083333333333334,2,0.4861,0.356498,0.356498,-0.747852,8.5,5,3451044.0,9.0,11.0,Álvaro Cervera,Pepe Bordalás,Santiago Jaime Latre,4-4-2 double 6,4-4-2 double 6,2687.0,3709.0,23200000.0,29.603882770207203,179.36363636363637,5.0,116300000.0,27.19059174911331,180.1818181818182,245.0
514,Eibar,Real Madrid,20:00,10,11,3,5,4,4,11,7,1,0,0,0,A,A,1,3,2020-12-20,2.559,2.35916,2.35916,1.7170610000000002,8.666666666666666,9,0.3024,0.642099,0.642099,-1.7170610000000002,13.290322580645162,2,3451045.0,14.0,2.0,José Luis Mendilibar,Zinédine Zidane,José Luis Munuera Montero,4-4-2 double 6,4-3-3 Attacking,1533.0,418.0,48100000.0,28.434571588575697,177.9090909090909,93.0,454000000.0,29.359716259100242,181.8181818181818,685.0
515,Villarreal,Athletic Club,21:00,17,9,6,3,6,4,10,18,1,1,0,0,A,D,1,1,2020-12-22,1.0309,0.910796,0.910796,-0.411134,9.0,6,1.6774,1.32193,1.32193,0.411134,7.315789473684211,6,3451059.0,5.0,11.0,Unai Emery,Gaizka Garitano,Medié Jiménez,4-3-3 Attacking,4-2-3-1,1050.0,621.0,150500000.0,27.698089726837164,184.45454545454547,130.0,153300000.0,27.11617198680854,180.8181818181818,113.0
516,Elche,Osasuna,16:30,7,15,2,6,4,4,8,17,1,2,0,1,A,D,2,2,2020-12-22,1.6874999999999998,1.69506,1.69506,0.4410799999999999,13.727272727272728,10,1.038,1.25398,1.25398,-0.4410799999999999,10.76923076923077,6,3451051.0,15.0,20.0,Jorge Almirón,Jagoba Arrasate,De Burgos Bengoetxea,4-1-4-1,4-4-2,1531.0,331.0,18400000.0,29.251446705245474,182.9090909090909,4.0,38900000.0,29.580735486279636,180.8181818181818,8.0
517,Valencia,Sevilla,16:30,10,19,4,3,3,5,11,17,3,2,0,0,D,A,0,1,2020-12-22,2.4485,1.85011,1.85011,1.2909989999999998,4.8,15,0.3722,0.559111,0.559111,-1.2909989999999998,13.80952380952381,1,3451058.0,16.0,6.0,Javi Gracia,Julen Lopetegui,Valentin Pizarro Gomez,3-4-3,4-3-3 Attacking,1049.0,368.0,166000000.0,27.277456287723226,182.1818181818182,140.0,247000000.0,28.187667226681597,180.63636363636363,314.0
518,SD Huesca,Levante,18:45,11,9,2,1,10,3,10,17,2,3,0,0,H,D,1,1,2020-12-22,0.6224000000000001,0.581363,0.581363,-0.045054,7.7,2,2.108,1.36969,0.626417,0.045054,8.708333333333334,3,3451053.0,19.0,14.0,Míchel,Paco López,Isidro Díaz de Mera Escuderos,4-3-3 Attacking,4-4-2 double 6,5358.0,3368.0,21100000.0,30.042984257357972,178.72727272727272,21.0,45800000.0,28.126687822786383,180.54545454545453,4.0
519,Real Sociedad,Atletico Madrid,18:45,6,8,1,3,5,5,20,17,3,3,0,0,D,A,0,2,2020-12-22,1.6143,0.546595,0.546595,0.316513,10.818181818181818,3,0.8769,0.230082,0.230082,-0.316513,7.04,8,3451056.0,4.0,1.0,Imanol Alguacil,Diego Simeone,Guillermo Cuadra Fernández,4-2-3-1,3-4-2-1,681.0,13.0,187000000.0,26.43594051396926,180.0,102.0,400000000.0,28.38628585651173,180.63636363636363,588.0
520,Real Valladolid,Barcelona,21:00,12,21,5,10,4,5,12,10,1,2,0,0,A,A,0,3,2020-12-22,2.8149,3.23865,3.23865,2.739509,12.363636363636363,24,0.1217999999999999,0.499141,0.499141,-2.739509,16.347826086956523,3,3451057.0,18.0,3.0,Sergio,Ronald Koeman,Mario Melero López,4-4-2 double 6,3-4-2-1,366.0,131.0,38600000.0,27.505195694107396,180.27272727272728,54.0,432000000.0,25.902059610478503,179.54545454545453,707.0
521,Alaves,Eibar,21:00,13,8,3,4,2,7,10,14,4,2,0,0,H,H,2,1,2020-12-23,0.5552,0.786669,0.786669,-1.100191,4.4,0,2.2304,1.88686,1.88686,1.100191,11.555555555555555,5,3451050.0,12.0,17.0,Pablo Machín,José Luis Mendilibar,Carlos del Cerro Grande,4-4-2,4-2-3-1,1108.0,1533.0,46400000.0,29.69124509986933,184.27272727272728,26.0,46500000.0,28.619500964470163,180.45454545454547,61.0
522,Real Betis,Cadiz,21:00,6,6,1,3,5,5,18,9,1,1,0,0,D,H,1,0,2020-12-23,1.147,0.282205,0.282205,-0.060291,17.61904761904762,2,1.2763,0.342496,0.342496,0.060291,3.225806451612903,10,3451054.0,9.0,10.0,Manuel Pellegrini,Álvaro Cervera,Mateu Lahoz,4-2-3-1,4-4-2 double 6,150.0,2687.0,74800000.0,29.052579179889243,180.54545454545453,402.0,18000000.0,29.456785514280384,180.45454545454547,15.0
523,Getafe,Celta Vigo,16:30,6,2,3,1,1,4,17,16,3,3,0,0,D,D,1,1,2020-12-23,2.0665,0.767168,0.0238901,-0.2417619,4.925925925925926,1,0.5863,0.265652,0.265652,0.2417619,14.590909090909092,0,3451052.0,13.0,8.0,Pepe Bordalás,Eduardo Coudet,Pablo González Fuertes,4-1-4-1,4-4-2 Diamond,3709.0,940.0,112800000.0,27.016862671893474,181.63636363636363,244.0,77000000.0,27.627154501897827,179.72727272727272,196.0
524,Real Madrid,Granada,18:45,23,10,6,1,8,1,13,11,2,1,0,0,D,H,2,0,2020-12-23,0.5096,0.79963,0.79963,-1.24451,17.5,2,2.2901,2.04414,2.04414,1.24451,6.75,5,3451055.0,2.0,7.0,Zinédine Zidane,Diego Martínez,Juan Martínez Munuera,4-3-3 Attacking,4-1-4-1,418.0,16795.0,514000000.0,28.198369734304027,182.72727272727272,562.0,71200000.0,26.427229170555663,183.0,51.0
525,Sevilla,Villarreal,16:00,10,6,3,2,4,7,13,14,1,4,0,0,H,H,2,0,2020-12-29,0.0716,0.346419,0.346419,-1.642001,8.75,3,2.8811,2.7317,1.98842,1.642001,11.814814814814817,5,3451069.0,4.0,7.0,Julen Lopetegui,Unai Emery,César Soto Grado,4-3-3 Attacking,4-4-2 double 6,368.0,1050.0,248000000.0,28.528405201916495,181.54545454545453,471.0,148500000.0,27.658515338186795,183.54545454545453,130.0
526,Barcelona,Eibar,18:15,16,9,5,3,5,7,6,15,0,2,0,0,D,D,1,1,2020-12-29,0.3552999999999999,0.592271,0.592271,-0.721409,13.59375,1,2.473,2.05695,1.31368,0.721409,12.5,11,3451062.0,5.0,16.0,Ronald Koeman,José Luis Mendilibar,Javier Alberola Rojas,3-4-2-1,4-3-3 Attacking,131.0,1533.0,399000000.0,24.90647750606683,181.36363636363637,568.0,33400000.0,28.75938025014,180.0,71.0
527,Cadiz,Real Valladolid,20:30,8,7,3,1,1,6,14,13,3,2,0,0,D,D,0,0,2020-12-29,0.7735,0.299749,0.299749,-0.487097,4.384615384615385,5,1.8175,0.786846,0.786846,0.487097,8.1875,6,3451064.0,11.0,18.0,Álvaro Cervera,Sergio,Alejandro Hernández Hernández,4-4-2 double 6,4-4-2,2687.0,366.0,17900000.0,29.08219774749549,182.0,69.0,30800000.0,30.126065583971126,178.9090909090909,74.0
528,Levante,Real Betis,20:30,10,19,5,7,3,6,9,14,3,2,1,0,H,H,4,3,2020-12-29,2.0776,2.63943,1.89616,0.2208000000000001,4.166666666666667,12,0.7054,1.67536,1.67536,-0.2208000000000001,13.4,5,3451067.0,9.0,10.0,Paco López,Manuel Pellegrini,Estrada Fernández,4-4-2 double 6,4-2-3-1,3368.0,150.0,38400000.0,28.21230788376579,180.0909090909091,14.0,93300000.0,27.703565428411423,180.27272727272728,367.0
529,Granada,Valencia,16:00,24,16,5,6,6,6,16,15,4,4,1,2,D,H,2,1,2020-12-30,0.74,1.27314,1.27314,-0.96301,5.206896551724138,8,2.0468,2.23615,2.23615,0.96301,6.32,11,3451066.0,6.0,17.0,Diego Martínez,Javi Gracia,Adrián Cordero Vega,4-4-2 double 6,4-4-2 double 6,16795.0,1049.0,73000000.0,27.844191400659575,184.27272727272728,61.0,123500000.0,27.405388588140127,180.45454545454547,140.0
530,Atletico Madrid,Getafe,18:15,10,10,3,2,5,2,7,12,2,3,0,0,H,H,1,0,2020-12-30,1.3698,0.941238,0.941238,0.022073,8.607142857142858,4,1.2948,0.919165,0.919165,-0.022073,10.789473684210526,2,3451061.0,1.0,14.0,Diego Simeone,Pepe Bordalás,Mateu Lahoz,3-1-4-2,4-4-2 double 6,13.0,3709.0,448000000.0,27.86435193827391,182.27272727272728,558.0,86250000.0,28.275278451869827,181.54545454545453,209.0
531,Elche,Real Madrid,20:30,6,14,3,6,2,3,8,18,1,4,0,0,A,D,1,1,2020-12-30,1.8109,1.55495,1.55495,1.274068,6.911764705882353,11,0.8794000000000001,1.02416,0.280882,-1.274068,35.36363636363637,1,3451065.0,15.0,2.0,Jorge Almirón,Zinédine Zidane,Jorge Figueroa Vázquez,4-1-4-1,4-3-3 Attacking,1531.0,418.0,21400000.0,29.101611598531516,180.54545454545453,6.0,414000000.0,30.481737290772198,182.0,676.0
532,Celta Vigo,SD Huesca,18:15,15,17,6,6,0,5,19,8,2,0,0,0,H,H,2,1,2020-12-30,0.3748,1.0513,1.0513,-1.80078,20.36842105263158,2,2.4847,2.85208,2.85208,1.80078,6.828571428571428,12,3451063.0,8.0,20.0,Eduardo Coudet,Míchel,José Luis Munuera Montero,4-4-2 Diamond,4-3-3 Attacking,940.0,5358.0,86500000.0,28.03758322444154,180.0909090909091,195.0,22100000.0,30.30718685831622,178.63636363636363,21.0
533,Athletic Club,Real Sociedad,13:00,4,13,0,3,2,4,23,18,5,4,0,0,A,A,0,1,2020-12-31,2.7489,1.84296,1.84296,1.670619,7.71875,6,0.1452,0.172341,0.172341,-1.670619,4.033333333333333,2,3451060.0,13.0,3.0,Gaizka Garitano,Imanol Alguacil,José María Sánchez Martínez,4-2-3-1,4-3-3 Attacking,621.0,681.0,154300000.0,26.188040569970756,181.1818181818182,115.0,231800000.0,25.487150768464936,181.8181818181818,184.0
534,Osasuna,Alaves,15:15,8,15,3,1,5,4,12,9,3,4,1,0,D,D,1,1,2020-12-31,2.3642,1.35028,0.607003,0.2887459999999999,9.454545454545457,0,0.4058,0.318257,0.318257,-0.2887459999999999,16.352941176470587,2,3451068.0,19.0,12.0,Jagoba Arrasate,Pablo Machín,Santiago Jaime Latre,4-4-2 double 6,4-4-2 double 6,331.0,1108.0,47200000.0,29.34403584095576,182.1818181818182,43.0,43200000.0,30.18679609234024,183.9090909090909,24.0
535,Villarreal,Levante,13:00,12,9,7,2,3,5,12,11,1,1,0,0,H,H,2,1,2021-01-02,0.4527,0.554357,0.554357,-1.173453,12.727272727272728,6,2.3526,1.72781,1.72781,1.173453,13.0,10,3451079.0,6.0,12.0,Unai Emery,Paco López,Pablo González Fuertes,4-3-3 Attacking,3-1-4-2,1050.0,3368.0,143500000.0,27.23589073486404,182.1818181818182,129.0,34100000.0,28.985377387841456,181.0,13.0
536,Real Betis,Sevilla,15:15,16,6,3,2,2,1,15,18,5,2,0,0,D,D,1,1,2021-01-02,0.1239,0.248156,0.248156,-0.273153,6.741935483870968,2,2.7954,2.03775,0.521309,0.273153,11.555555555555555,5,3451075.0,10.0,5.0,Manuel Pellegrini,Julen Lopetegui,Carlos del Cerro Grande,4-2-3-1,4-3-3 Attacking,150.0,368.0,118000000.0,27.109949598655966,180.27272727272728,226.0,250000000.0,28.155808599340425,181.0909090909091,408.0
537,Getafe,Real Valladolid,17:30,11,8,4,2,5,9,13,13,3,2,0,0,A,A,0,1,2021-01-02,1.7319,1.16924,1.16924,0.400569,10.5625,2,0.9465,0.768671,0.768671,-0.400569,6.703703703703703,4,3451073.0,16.0,15.0,Pepe Bordalás,Sergio,Isidro Díaz de Mera Escuderos,4-4-2,4-1-4-1,3709.0,366.0,109300000.0,28.179453674320204,181.0909090909091,239.0,30000000.0,27.370792110011823,178.0,94.0
538,Real Madrid,Celta Vigo,20:00,9,6,2,1,1,5,14,14,4,2,0,0,H,H,2,0,2021-01-02,0.7217,0.564784,0.564784,-0.6819360000000001,12.38095238095238,3,1.979,1.24672,1.24672,0.6819360000000001,14.225806451612904,4,3451076.0,2.0,8.0,Zinédine Zidane,Eduardo Coudet,De Burgos Bengoetxea,4-3-3 Attacking,4-4-2 Diamond,418.0,940.0,440000000.0,29.5010889179267,182.1818181818182,715.0,86500000.0,28.045796776802934,180.0909090909091,195.0
539,Real Sociedad,Osasuna,17:30,8,6,2,2,7,2,15,8,1,1,0,0,A,D,1,1,2021-01-03,1.061,0.609915,0.609915,-0.1754449999999999,13.157894736842104,0,1.5332,0.78536,0.78536,0.1754449999999999,6.526315789473684,2,3451077.0,4.0,19.0,Imanol Alguacil,Jagoba Arrasate,Valentin Pizarro Gomez,4-2-3-1,4-2-3-1,681.0,331.0,240000000.0,24.298923526849606,181.72727272727272,133.0,36600000.0,26.88942816252878,181.9090909090909,12.0
540,SD Huesca,Barcelona,20:00,4,20,4,7,2,6,12,11,1,0,0,0,A,A,0,1,2021-01-03,2.918,3.21201,3.21201,2.953005,6.0606060606060606,17,0.0487999999999999,0.259005,0.259005,-2.953005,21.4375,2,3451074.0,20.0,3.0,Míchel,Ronald Koeman,Guillermo Cuadra Fernández,4-3-3 Attacking,4-3-3 Attacking,5358.0,131.0,28100000.0,27.11094518076038,181.54545454545453,23.0,449000000.0,26.27166946674134,179.72727272727272,789.0
541,Alaves,Atletico Madrid,15:15,4,8,1,4,1,5,14,12,0,2,1,0,A,A,1,2,2021-01-03,2.919,2.31899,2.31899,2.164091,5.675675675675675,6,0.0447,0.154899,0.154899,-2.164091,19.0,1,3451070.0,14.0,1.0,Pablo Machín,Diego Simeone,Juan Martínez Munuera,4-3-3 Attacking,3-1-4-2,1108.0,13.0,41800000.0,27.91836226743824,183.36363636363637,27.0,428000000.0,27.93354489453052,181.1818181818182,555.0
542,Athletic Club,Elche,13:00,13,5,2,2,5,4,15,13,2,1,0,0,H,H,1,0,2021-01-03,0.289,0.137448,0.137448,-1.250322,15.823529411764708,1,2.5003,1.38777,1.38777,1.250322,6.045454545454546,9,3451071.0,9.0,17.0,Gaizka Garitano,Jorge Almirón,Mario Melero López,4-2-3-1,4-1-4-1,621.0,1531.0,149800000.0,27.47283927571402,182.0,114.0,20600000.0,28.909215356853963,182.27272727272728,3.0
543,Eibar,Granada,17:30,15,6,7,3,4,2,10,9,2,1,0,0,D,H,2,0,2021-01-03,0.594,0.917602,0.917602,-0.050945,7.0,3,2.1621,1.84192,0.968547,0.050945,5.9375,3,3451072.0,13.0,7.0,José Luis Mendilibar,Diego Martínez,Mateu Lahoz,4-4-2 double 6,4-4-2 double 6,1533.0,16795.0,48400000.0,28.159542032231972,179.72727272727272,71.0,63400000.0,28.006720179204777,183.0909090909091,56.0
544,Valencia,Cadiz,20:00,11,9,4,2,9,7,11,17,2,2,0,0,D,D,1,1,2021-01-04,0.8942,0.522228,0.522228,-0.419833,17.3125,1,1.7501000000000002,0.942061,0.942061,0.419833,6.666666666666667,8,3451078.0,18.0,11.0,Javi Gracia,Álvaro Cervera,Medié Jiménez,4-4-2,4-4-2 double 6,1049.0,2687.0,153000000.0,25.8507871321013,179.9090909090909,159.0,23100000.0,29.215854645012758,181.0909090909091,69.0
545,Athletic Club,Barcelona,20:00,8,13,3,9,3,4,10,6,2,1,0,0,A,A,2,3,2021-01-06,1.9875,1.39939,1.39939,0.7612729999999999,11.153846153846152,16,0.7401,0.638117,0.638117,-0.7612729999999999,18.526315789473685,7,3431914.0,19.0,1.0,Marcelino,Ronald Koeman,Carlos del Cerro Grande,4-4-2 double 6,4-3-3 Attacking,621.0,131.0,146800000.0,27.79018107149524,182.0,114.0,500000000.0,26.298799079086553,179.63636363636363,857.0
546,Celta Vigo,Villarreal,20:00,8,15,3,6,3,4,15,18,1,0,0,0,A,A,0,4,2021-01-08,2.8466,2.88163,2.88163,2.518595,13.464285714285714,8,0.0968,0.363035,0.363035,-2.518595,8.933333333333334,2,3451081.0,8.0,5.0,Eduardo Coudet,Unai Emery,Estrada Fernández,4-4-2 Diamond,4-3-3 Attacking,940.0,1050.0,83500000.0,25.919233401779604,179.72727272727272,132.0,140500000.0,28.55005911268745,183.72727272727272,108.0
547,Sevilla,Real Sociedad,13:00,12,10,7,4,2,9,8,18,0,3,0,0,D,H,3,2,2021-01-09,0.3279999999999999,1.05731,1.05731,-1.86699,12.521739130434783,5,2.5429000000000004,2.9243,2.9243,1.86699,13.076923076923077,13,3451089.0,4.0,6.0,Julen Lopetegui,Imanol Alguacil,Javier Alberola Rojas,4-3-3 Attacking,4-3-3 Attacking,368.0,681.0,248000000.0,28.55852156057495,181.54545454545453,471.0,227800000.0,24.10602949411984,181.54545454545453,186.0
548,Granada,Barcelona,17:30,8,13,4,4,4,1,16,3,2,3,1,0,A,A,0,4,2021-01-09,2.279,1.64578,1.64578,1.155339,16.4,9,0.4933999999999999,0.490441,0.490441,-1.155339,36.21428571428572,2,3451084.0,7.0,3.0,Diego Martínez,Ronald Koeman,De Burgos Bengoetxea,4-2-3-1,4-3-3 Attacking,16795.0,131.0,65200000.0,28.232966212432334,182.45454545454547,101.0,455000000.0,26.434696036338746,178.54545454545453,849.0
549,Osasuna,Real Madrid,20:00,8,9,2,1,2,4,9,3,0,0,0,0,D,D,0,0,2021-01-09,1.0787,0.42235,0.42235,-0.166798,10.75,13,1.4723000000000002,0.589148,0.589148,0.166798,14.785714285714286,5,3451087.0,19.0,2.0,Jagoba Arrasate,Zinédine Zidane,César Soto Grado,4-1-4-1,4-3-3 Attacking,331.0,418.0,42100000.0,28.873623296621243,181.54545454545453,7.0,454000000.0,29.95806110385166,182.72727272727272,634.0
550,Levante,Eibar,13:00,4,17,2,4,4,9,12,8,2,0,0,0,D,H,2,1,2021-01-10,1.7675,1.34206,1.34206,0.484072,7.40625,5,0.9263,0.857988,0.857988,-0.484072,12.545454545454543,5,3451086.0,11.0,15.0,Paco López,José Luis Mendilibar,Estrada Fernández,4-4-2 double 6,4-4-2 double 6,3368.0,1533.0,38400000.0,28.81637732561757,180.36363636363637,14.0,34600000.0,29.42841142430465,180.0,66.0
551,Cadiz,Alaves,15:15,10,5,7,2,4,1,17,10,1,4,0,1,D,H,3,1,2021-01-10,0.1961,0.829834,0.0865565,-2.5081735000000003,7.823529411764706,1,2.6804,2.59473,2.59473,2.5081735000000003,13.25,2,3451082.0,10.0,16.0,Álvaro Cervera,Pablo Machín,José María Sánchez Martínez,4-4-2,4-4-2,2687.0,1108.0,23300000.0,29.490635305830377,182.45454545454547,69.0,43400000.0,28.323066392881586,183.72727272727272,26.0
552,Real Valladolid,Valencia,20:00,11,17,4,6,0,4,14,14,2,3,0,0,D,A,0,1,2021-01-10,1.8276,1.09369,1.09369,0.5308830000000001,9.75,5,0.8508,0.562807,0.562807,-0.5308830000000001,8.696969696969697,4,3451088.0,17.0,14.0,Sergio,Javi Gracia,Guillermo Cuadra Fernández,4-3-3 Attacking,4-4-2,366.0,1049.0,31600000.0,26.93472714827951,177.63636363636363,54.0,164500000.0,25.04162777674071,181.36363636363637,171.0
553,Elche,Getafe,18:00,7,14,4,7,1,7,14,16,4,2,1,0,D,A,1,3,2021-01-11,2.6336000000000004,3.17089,2.42774,1.21496,9.612903225806452,7,0.254,1.21278,1.21278,-1.21496,16.785714285714285,3,3451083.0,18.0,13.0,Jorge Almirón,Pepe Bordalás,José Luis Munuera Montero,4-4-2 double 6,4-4-1-1,1531.0,3709.0,19800000.0,28.640159293136705,182.0909090909091,6.0,119300000.0,27.04150332897766,180.0909090909091,224.0
554,SD Huesca,Real Betis,20:00,10,15,3,5,3,6,12,13,2,2,0,1,D,A,0,2,2021-01-11,2.5413,2.98435,2.98435,1.8319,8.96551724137931,9,0.3255,1.15245,1.15245,-1.8319,7.851851851851852,3,3451085.0,20.0,9.0,Míchel,Manuel Pellegrini,Adrián Cordero Vega,4-4-2,4-2-3-1,5358.0,150.0,26700000.0,29.078464314603945,180.0909090909091,29.0,104500000.0,26.79907908655342,179.9090909090909,200.0
555,Atletico Madrid,Sevilla,20:30,5,13,4,2,3,12,14,11,2,0,0,0,H,H,2,0,2021-01-12,1.9382,1.19957,1.19957,0.622127,9.333333333333334,7,0.7499,0.577443,0.577443,-0.622127,17.35,6,3431905.0,4.0,16.0,Diego Simeone,Julen Lopetegui,Estrada Fernández,3-5-2 flat,4-3-3 Attacking,13.0,368.0,445000000.0,27.927322506377948,180.1818181818182,687.0,248000000.0,28.566735112936342,181.54545454545453,471.0
556,Granada,Osasuna,18:00,9,15,2,3,4,4,16,17,1,4,0,0,H,H,2,0,2021-01-12,1.0859,0.624174,0.624174,-0.206833,4.392857142857143,5,1.5379999999999998,0.831007,0.831007,0.206833,12.75,1,3431938.0,4.0,16.0,Diego Martínez,Jagoba Arrasate,Pablo González Fuertes,4-2-3-1,4-4-1-1,16795.0,331.0,75100000.0,26.880965714641277,183.36363636363637,111.0,44500000.0,29.289278825213117,181.54545454545453,5.0
557,Real Valladolid,Elche,18:00,13,9,2,3,4,5,14,19,1,3,1,0,A,D,2,2,2021-01-19,0.9045,0.575886,0.575886,-0.444934,10.681818181818182,1,1.7547,1.02082,1.02082,0.444934,6.714285714285714,8,3451097.0,16.0,18.0,Sergio,Jorge Almirón,Santiago Jaime Latre,4-3-3 Attacking,5-4-1 Diamond,366.0,1531.0,32300000.0,28.497791052205834,177.27272727272728,37.0,17900000.0,27.590815755086805,181.36363636363637,48.0
558,Alaves,Sevilla,20:30,12,7,3,3,3,2,15,14,3,3,0,0,A,A,1,2,2021-01-19,0.9715,1.03209,1.03209,0.368814,8.777777777777779,4,1.6522,1.40643,0.663276,-0.368814,14.545454545454543,5,3451090.0,17.0,4.0,Abelardo,Julen Lopetegui,Isidro Díaz de Mera Escuderos,4-4-2,4-3-3 Attacking,1108.0,368.0,46100000.0,29.30993715387966,183.45454545454547,26.0,201500000.0,28.673511293634498,181.54545454545453,471.0
559,Cadiz,Levante,18:00,8,8,2,5,5,2,13,11,3,1,0,0,D,D,2,2,2021-01-19,2.4165,2.00702,2.00702,1.2812769999999998,5.863636363636363,10,0.3909,0.725743,0.725743,-1.2812769999999998,18.1,1,3451092.0,9.0,10.0,Álvaro Cervera,Paco López,Carlos del Cerro Grande,4-4-2 double 6,4-4-2 double 6,2687.0,3368.0,21500000.0,29.701200920913447,181.72727272727272,69.0,38400000.0,29.710161159853154,180.1818181818182,6.0
560,Real Betis,Celta Vigo,20:00,12,10,4,3,5,6,13,15,2,3,0,0,H,H,2,1,2021-01-20,1.6270000000000002,0.966752,0.966752,0.3202589999999999,5.161290322580645,4,1.0186,0.646493,0.646493,-0.3202589999999999,12.923076923076923,8,3451095.0,8.0,11.0,Manuel Pellegrini,Eduardo Coudet,Juan Martínez Munuera,4-2-3-1,4-4-2 Diamond,150.0,940.0,121000000.0,26.50662684338249,181.1818181818182,227.0,74500000.0,26.93746499906664,179.9090909090909,196.0
561,Villarreal,Granada,20:30,9,3,3,2,3,0,11,11,2,4,0,1,D,D,2,2,2021-01-20,0.0714,0.135256,0.135256,-0.5370440000000001,18.1,1,2.8731,2.15885,0.6723,0.5370440000000001,7.333333333333333,6,3451099.0,5.0,7.0,Unai Emery,Diego Martínez,Valentin Pizarro Gomez,4-3-3 Attacking,4-1-4-1,1050.0,16795.0,120500000.0,28.05873934416029,184.36363636363637,112.0,73200000.0,28.0,181.63636363636363,111.0
562,Getafe,SD Huesca,18:00,12,15,5,3,3,8,15,14,2,4,0,0,D,H,1,0,2021-01-20,1.3615,0.712964,0.712964,0.05634,7.730769230769231,5,1.2565,0.656624,0.656624,-0.05634,8.357142857142858,2,3451094.0,12.0,20.0,Pepe Bordalás,Pacheta,Medié Jiménez,4-4-1-1,5-4-1,3709.0,5358.0,130500000.0,27.60848733744011,180.9090909090909,255.0,28900000.0,26.497666604442784,180.9090909090909,22.0
563,Valencia,Osasuna,18:00,10,14,3,5,9,4,8,17,1,3,0,0,A,D,1,1,2021-01-21,2.4087,1.63527,1.63527,1.195479,15.130434782608695,5,0.3966,0.439791,0.439791,-1.195479,10.470588235294118,7,3451098.0,14.0,19.0,Javi Gracia,Jagoba Arrasate,Alejandro Hernández Hernández,4-2-3-1,4-1-4-1,1049.0,331.0,172000000.0,25.90629083442225,182.0,168.0,34300000.0,27.458154439673947,182.0909090909091,14.0
564,Eibar,Atletico Madrid,20:30,12,9,2,4,3,3,24,9,2,2,0,0,D,A,1,2,2021-01-21,1.2876,1.23064,0.487358,-0.0398989999999999,9.636363636363637,4,1.3434,1.27041,0.527257,0.0398989999999999,8.973684210526315,4,3451093.0,15.0,1.0,José Luis Mendilibar,Diego Simeone,Mario Melero López,4-2-3-1,3-1-4-2,1533.0,13.0,35100000.0,29.541161097629267,180.1818181818182,86.0,423000000.0,28.125692240681975,182.1818181818182,577.0
565,Levante,Real Valladolid,20:00,11,7,3,3,8,2,16,12,0,1,0,0,D,D,2,2,2021-01-22,0.949,0.631096,0.631096,-0.4162640000000001,12.391304347826088,3,1.7098,1.04736,1.04736,0.4162640000000001,6.548387096774194,7,3451106.0,12.0,16.0,Paco López,Sergio,José Luis Munuera Montero,4-4-2 double 6,4-2-3-1,3368.0,366.0,45200000.0,28.351938273909525,180.0909090909091,14.0,29700000.0,29.39456163275465,177.8181818181818,35.0
566,SD Huesca,Villarreal,13:00,5,8,1,2,1,2,9,15,3,1,0,0,D,D,0,0,2021-01-23,1.6148,0.484831,0.484831,0.307578,9.774193548387096,3,0.8393,0.177253,0.177253,-0.307578,14.884615384615383,0,3451105.0,20.0,5.0,Pacheta,Unai Emery,Javier Alberola Rojas,3-4-3,3-4-2-1,5358.0,1050.0,27800000.0,25.45242984257358,180.27272727272728,21.0,112300000.0,29.97473710410055,183.45454545454547,168.0
567,Sevilla,Cadiz,15:15,15,9,7,3,7,6,12,6,1,3,0,0,H,H,3,0,2021-01-23,0.5166,1.16695,1.16695,-1.3498,34.84615384615385,1,2.3040000000000003,2.51675,2.51675,1.3498,3.111111111111111,9,3451109.0,4.0,10.0,Julen Lopetegui,Álvaro Cervera,Guillermo Cuadra Fernández,4-3-3 Attacking,4-4-2 double 6,368.0,2687.0,189500000.0,28.65285296496796,180.63636363636363,495.0,23200000.0,28.807417086677866,182.63636363636363,69.0
568,Real Sociedad,Real Betis,17:30,12,7,6,4,8,3,14,13,2,2,0,0,D,D,2,2,2021-01-23,0.3053,0.638534,0.638534,-1.607436,9.307692307692308,2,2.5421,2.24597,2.24597,1.607436,7.161290322580645,15,3451108.0,6.0,8.0,Imanol Alguacil,Manuel Pellegrini,César Soto Grado,4-3-3 Attacking,4-2-3-1,681.0,150.0,231800000.0,25.550121336568974,181.8181818181818,184.0,107300000.0,27.04125443345156,180.0,383.0
569,Alaves,Real Madrid,20:00,14,10,4,7,4,4,16,7,5,3,0,0,A,A,1,4,2021-01-23,1.9613,1.42254,1.42254,0.6599689999999999,14.058823529411764,7,0.7601,0.762571,0.762571,-0.6599689999999999,13.5,7,3451100.0,18.0,2.0,Abelardo,Zinédine Zidane,Alejandro Hernández Hernández,4-4-2,4-3-3 Attacking,1108.0,418.0,46100000.0,29.320888557028187,183.45454545454547,26.0,470000000.0,28.923153506315725,182.9090909090909,672.0
570,Osasuna,Granada,13:00,7,12,4,1,1,5,15,15,5,4,1,0,H,H,3,1,2021-01-24,0.4043,0.592689,0.592689,-1.288331,9.785714285714286,7,2.4056,1.88102,1.88102,1.288331,8.533333333333333,5,3451107.0,17.0,7.0,Jagoba Arrasate,Diego Martínez,Estrada Fernández,4-3-3 Attacking,4-2-3-1,331.0,16795.0,32400000.0,28.637421442349577,182.54545454545453,50.0,70000000.0,27.129363449691994,182.0909090909091,71.0
571,Elche,Barcelona,15:15,4,15,2,8,0,7,15,9,0,2,0,0,A,A,0,2,2021-01-24,2.9175,3.12144,3.12144,2.6441420000000004,8.387096774193548,7,0.0477,0.477298,0.477298,-2.6441420000000004,22.875,2,3451104.0,19.0,3.0,Jorge Almirón,Ronald Koeman,Valentin Pizarro Gomez,4-1-4-1,4-3-3 Attacking,1531.0,131.0,20600000.0,29.044365627527842,181.1818181818182,47.0,379000000.0,26.26793603384979,180.9090909090909,710.0
572,Celta Vigo,Eibar,17:30,7,9,4,2,0,6,10,16,4,3,0,0,H,D,1,1,2021-01-24,0.5727,0.591142,0.591142,-0.939308,9.466666666666669,2,2.1828,1.53045,1.53045,0.939308,10.0,2,3451103.0,9.0,15.0,Eduardo Coudet,José Luis Mendilibar,Pablo González Fuertes,4-1-4-1,4-1-4-1,940.0,1533.0,79500000.0,26.737352996079895,178.45454545454547,190.0,49400000.0,27.23165951092029,180.9090909090909,64.0
573,Atletico Madrid,Valencia,20:00,14,8,5,4,7,7,11,14,2,0,0,0,D,H,3,1,2021-01-24,0.1966999999999999,0.250249,0.250249,-1.8028610000000005,10.916666666666666,2,2.6813,2.05311,2.05311,1.8028610000000005,9.25925925925926,9,3451102.0,1.0,14.0,Diego Simeone,Javi Gracia,De Burgos Bengoetxea,3-5-2 flat,4-4-2,13.0,1049.0,493000000.0,27.416339991288655,181.8181818181818,657.0,166500000.0,25.05233028436314,181.1818181818182,125.0
574,Athletic Club,Getafe,20:00,11,6,8,2,4,4,13,18,4,4,0,0,D,H,5,1,2021-01-25,0.9007000000000001,1.29166,0.548385,-1.3279450000000002,6.34375,3,1.819,1.87633,1.87633,1.3279450000000002,7.619047619047619,3,3451101.0,11.0,13.0,Marcelino,Pepe Bordalás,Adrián Cordero Vega,4-4-2,4-2-3-1,621.0,3709.0,129000000.0,27.94524298425736,180.63636363636363,93.0,130500000.0,27.622176591375773,180.9090909090909,255.0
575,Real Valladolid,SD Huesca,20:00,14,11,4,5,6,7,12,12,2,2,0,0,A,A,1,3,2021-01-29,0.9447,1.18337,1.18337,-0.5658699999999999,23.416666666666668,2,1.7886,1.74924,1.74924,0.5658699999999999,6.575757575757576,4,3451117.0,16.0,20.0,Sergio,Pacheta,De Burgos Bengoetxea,4-2-3-1,3-5-2 flat,366.0,5358.0,28000000.0,29.22232592869143,178.9090909090909,37.0,26800000.0,26.829842573579743,181.72727272727272,22.0
576,Villarreal,Real Sociedad,20:00,4,12,2,3,1,7,10,17,1,3,0,0,H,D,1,1,2021-01-30,2.3182,1.16681,1.16681,0.934335,5.942857142857143,11,0.427,0.232475,0.232475,-0.934335,27.142857142857142,5,3451119.0,5.0,6.0,Unai Emery,Imanol Alguacil,Isidro Díaz de Mera Escuderos,4-1-4-1,4-1-4-1,1050.0,681.0,138500000.0,29.342542467799138,182.0,97.0,229000000.0,26.66890672640159,181.72727272727272,181.0
577,Valencia,Elche,17:30,14,10,4,1,4,10,18,15,1,7,0,0,H,H,1,0,2021-01-30,0.0571,0.328905,0.328905,-1.936325,7.826086956521739,1,2.9095,3.00838,2.26523,1.936325,6.461538461538462,2,3451118.0,14.0,19.0,Javi Gracia,Jorge Almirón,Pablo González Fuertes,4-4-2,3-4-3,1049.0,1531.0,172500000.0,25.47371041005538,180.1818181818182,140.0,21300000.0,28.391014871507686,182.72727272727272,47.0
578,Eibar,Sevilla,13:00,17,7,6,4,6,2,10,12,4,3,0,0,A,A,0,2,2021-01-30,1.9715,1.66557,0.922288,-0.100092,11.72222222222222,3,0.7682,1.02238,1.02238,0.100092,16.27777777777778,5,3451112.0,15.0,4.0,José Luis Mendilibar,Julen Lopetegui,José María Sánchez Martínez,4-4-2 double 6,4-3-3 Attacking,1533.0,368.0,48600000.0,28.74270424989111,179.45454545454547,91.0,204500000.0,28.097318150706244,180.72727272727272,389.0
579,Real Madrid,Levante,15:15,8,14,2,8,3,7,9,20,1,2,1,0,D,A,1,2,2021-01-30,1.8101,1.82881,1.08553,-0.1500199999999998,9.428571428571429,9,0.9137,1.23555,1.23555,0.1500199999999998,13.31578947368421,7,3451116.0,2.0,9.0,Zinédine Zidane,Paco López,Medié Jiménez,4-3-3 Attacking,4-3-3 Attacking,418.0,3368.0,465000000.0,28.537365440856203,183.1818181818182,667.0,39400000.0,30.02526289589945,181.0909090909091,5.0
580,Getafe,Alaves,13:00,5,5,1,1,5,2,20,17,3,3,0,0,D,D,0,0,2021-01-31,0.8269,0.20139,0.20139,-0.329375,8.875,1,1.6626999999999998,0.530765,0.530765,0.329375,2.9642857142857144,2,3451113.0,12.0,18.0,Pepe Bordalás,Abelardo,Santiago Jaime Latre,3-4-2-1,4-4-2 double 6,3709.0,1108.0,105300000.0,27.355858378445646,181.45454545454547,147.0,40200000.0,28.9808972683716,183.1818181818182,24.0
581,Cadiz,Atletico Madrid,15:15,11,9,6,4,2,2,7,7,1,5,0,0,A,A,2,4,2021-01-31,2.148,1.79542,1.05214,0.190879,11.318181818181818,8,0.6225,0.861261,0.861261,-0.190879,19.11111111111111,1,3451111.0,13.0,1.0,Álvaro Cervera,Diego Simeone,Jesús Gil Manzano,4-4-2 double 6,3-4-2-1,2687.0,13.0,18300000.0,29.360960736730757,179.9090909090909,69.0,533000000.0,27.50718685831622,181.27272727272728,633.0
582,Granada,Celta Vigo,17:30,10,7,5,1,6,5,16,19,2,4,0,0,D,D,0,0,2021-01-31,1.2404000000000002,0.339262,0.339262,0.015062,3.257142857142857,5,1.1858,0.3242,0.3242,-0.015062,14.470588235294118,0,3451114.0,8.0,10.0,Diego Martínez,Eduardo Coudet,Carlos del Cerro Grande,4-2-3-1,4-4-2 double 6,16795.0,940.0,80200000.0,26.16563997262149,182.1818181818182,113.0,85500000.0,27.413353244975426,179.54545454545453,201.0
583,Barcelona,Athletic Club,20:00,12,7,6,2,7,3,12,20,2,3,0,0,H,H,2,1,2021-01-31,0.1101999999999999,0.275356,0.275356,-2.256124,8.642857142857142,5,2.8201,2.53148,2.53148,2.256124,11.333333333333334,5,3451110.0,3.0,11.0,Ronald Koeman,Marcelino,Mateu Lahoz,4-2-3-1,4-4-2,131.0,621.0,480000000.0,26.490448634185803,179.54545454545453,811.0,148800000.0,28.303403646319456,180.63636363636363,113.0
584,Real Betis,Osasuna,20:00,8,15,4,5,3,4,12,6,1,1,0,0,D,H,1,0,2021-02-01,0.9444,1.38521,1.38521,-0.54809,15.8,2,1.8108,1.9333,1.9333,0.54809,6.44,8,3451115.0,7.0,17.0,Manuel Pellegrini,Jagoba Arrasate,Javier Alberola Rojas,4-2-3-1,4-1-4-1,150.0,331.0,104000000.0,28.1448571961919,181.45454545454547,186.0,35100000.0,27.942505133470227,181.45454545454547,8.0
585,Alaves,Real Valladolid,20:00,20,3,5,1,11,1,11,17,4,4,0,0,D,H,1,0,2021-02-05,0.1913,0.0534012,0.0534012,-1.5529888,12.384615384615383,1,2.6447,1.60639,1.60639,1.5529888,5.206896551724138,7,3451128.0,16.0,18.0,Abelardo,Sergio,César Soto Grado,4-4-2 double 6,4-2-3-1,1108.0,366.0,41500000.0,29.81345280318586,183.36363636363637,24.0,31500000.0,27.494742082011076,178.0909090909091,43.0
586,Levante,Granada,13:00,11,11,7,5,6,2,12,13,1,3,0,0,D,D,2,2,2021-02-06,1.1752,1.26925,1.26925,-0.25479,12.0,3,1.5391,1.52404,1.52404,0.25479,5.913043478260869,5,3451133.0,9.0,7.0,Paco López,Diego Martínez,Adrián Cordero Vega,4-4-2 double 6,4-3-3 Attacking,3368.0,16795.0,46900000.0,29.961296745690994,181.0909090909091,5.0,58200000.0,26.6014560388277,184.8181818181818,23.0
587,SD Huesca,Real Madrid,15:15,13,18,2,7,3,10,18,9,2,1,0,0,D,A,1,2,2021-02-06,2.8428,3.53921,3.53921,2.618239,6.275862068965517,9,0.1041,0.920971,0.920971,-2.618239,14.761904761904765,1,3451132.0,20.0,2.0,Pacheta,Zinédine Zidane,Estrada Fernández,3-5-2,4-3-3 Attacking,5358.0,418.0,26800000.0,26.851745379876796,181.72727272727272,22.0,435000000.0,28.41914006595732,182.72727272727272,705.0
588,Elche,Villarreal,17:30,8,9,2,4,4,2,17,5,1,2,0,0,A,D,2,2,2021-02-06,1.6917,1.51126,1.51126,0.3760799999999999,12.318181818181818,7,0.9963,1.13518,1.13518,-0.3760799999999999,9.763157894736842,2,3451131.0,19.0,5.0,Jorge Almirón,Unai Emery,Mario Melero López,4-4-2 double 6,4-3-3 Attacking,1531.0,1050.0,22500000.0,27.91836226743824,181.27272727272728,49.0,164500000.0,29.32462198991973,181.27272727272728,115.0
589,Sevilla,Getafe,20:00,17,5,5,1,3,1,10,11,1,4,0,1,D,H,3,0,2021-02-06,0.1447999999999999,0.209522,0.209522,-1.823898,19.7,0,2.7554,2.03342,2.03342,1.823898,3.4,8,3451137.0,4.0,12.0,Julen Lopetegui,Pepe Bordalás,Juan Martínez Munuera,4-3-3 Attacking,4-4-1-1,368.0,3709.0,241000000.0,27.49175533569784,182.0909090909091,343.0,111800000.0,27.665235517391576,182.0,243.0
590,Real Sociedad,Cadiz,13:00,17,2,6,1,5,1,7,7,0,2,0,1,H,H,4,1,2021-02-07,0.002,0.354151,0.354151,-3.697179,38.90909090909091,1,2.996,4.7946,4.05133,3.697179,9.5,12,3451136.0,6.0,14.0,Imanol Alguacil,Álvaro Cervera,Valentin Pizarro Gomez,4-3-3 Attacking,4-4-2 double 6,681.0,2687.0,222000000.0,26.03596540352187,182.9090909090909,171.0,18300000.0,29.38012569224068,179.9090909090909,69.0
591,Athletic Club,Valencia,15:15,11,15,2,2,6,6,10,8,2,1,0,0,H,D,1,1,2021-02-07,0.9281,0.841344,0.841344,-0.505696,10.666666666666666,8,1.7903000000000002,1.34704,1.34704,0.505696,9.51851851851852,8,3451129.0,11.0,13.0,Marcelino,Javi Gracia,José Luis Munuera Montero,4-4-2,4-4-2,621.0,1049.0,130000000.0,25.975483790678865,181.63636363636363,116.0,172500000.0,25.495613216352435,180.1818181818182,140.0
592,Osasuna,Eibar,17:30,12,12,4,3,2,1,10,11,0,0,0,0,D,H,2,1,2021-02-07,0.3699,1.07628,1.07628,-1.5450000000000002,7.535714285714286,5,2.4678,2.62128,2.62128,1.5450000000000002,9.8125,5,3451134.0,15.0,17.0,Jagoba Arrasate,José Luis Mendilibar,Jorge Figueroa Vázquez,4-4-2 double 6,4-4-2 double 6,331.0,1533.0,45800000.0,27.513658141994895,182.45454545454547,56.0,46100000.0,28.513720365876427,181.45454545454547,63.0
593,Real Betis,Barcelona,20:00,8,12,5,4,3,5,21,7,1,3,0,0,H,A,2,3,2021-02-07,0.9328,1.33284,1.33284,-0.54237,7.78125,7,1.8145,1.87521,1.87521,0.54237,18.58333333333333,2,3451135.0,8.0,3.0,Manuel Pellegrini,Ronald Koeman,Carlos del Cerro Grande,4-2-3-1,4-3-3 Attacking,150.0,131.0,83300000.0,27.948229730570596,180.1818181818182,345.0,352000000.0,27.106962852342733,180.8181818181818,710.0
594,Atletico Madrid,Celta Vigo,20:00,9,7,2,2,1,4,12,17,2,2,0,0,D,D,2,2,2021-02-08,1.8371,1.71926,1.71926,0.48953,8.03225806451613,5,0.8366,1.22973,1.22973,-0.48953,11.615384615384617,4,3451130.0,1.0,10.0,Diego Simeone,Eduardo Coudet,Guillermo Cuadra Fernández,3-5-2 flat,4-4-2 Diamond,13.0,940.0,480000000.0,28.00696907473088,182.54545454545453,582.0,83500000.0,27.896708356667286,180.54545454545453,201.0
595,Real Madrid,Getafe,20:00,14,1,4,0,8,1,8,16,1,1,0,0,D,H,2,0,2021-02-09,0.1476,0.0930356,0.0930356,-1.7705544,12.1875,1,2.7342,1.86359,1.86359,1.7705544,8.266666666666667,6,3431910.0,3.0,17.0,Zinédine Zidane,Pepe Bordalás,Javier Alberola Rojas,3-4-3,4-4-2,418.0,3709.0,385500000.0,28.163275465123515,182.0,702.0,98100000.0,27.03552983635119,179.63636363636363,137.0
596,Celta Vigo,Elche,20:00,9,7,6,2,3,6,11,15,3,2,0,0,H,H,3,1,2021-02-12,0.3642999999999999,0.836576,0.836576,-1.483094,10.571428571428571,0,2.4691,2.31967,2.31967,1.483094,10.304347826086955,13,3451147.0,9.0,19.0,Eduardo Coudet,Jorge Almirón,De Burgos Bengoetxea,4-4-2 double 6,4-4-2,940.0,1531.0,94500000.0,27.907659759815818,180.54545454545453,201.0,24700000.0,28.627963412357666,181.8181818181818,47.0
597,Granada,Atletico Madrid,13:00,6,10,1,4,7,3,14,20,0,5,0,0,D,A,1,2,2021-02-13,1.3906,0.929672,0.929672,0.102584,4.333333333333333,8,1.2529,0.827088,0.827088,-0.102584,12.142857142857142,5,3451151.0,8.0,1.0,Diego Martínez,Diego Simeone,Mateu Lahoz,3-4-3,3-5-2 flat,16795.0,13.0,62500000.0,28.341235766287102,183.36363636363637,61.0,455000000.0,28.4009706925518,183.1818181818182,547.0
598,Sevilla,SD Huesca,15:15,14,9,4,5,6,6,14,15,3,4,0,0,D,H,1,0,2021-02-13,1.4559000000000002,1.39522,1.39522,0.0662199999999999,13.26086956521739,1,1.2264,1.329,1.329,-0.0662199999999999,7.105263157894737,11,3451154.0,4.0,20.0,Julen Lopetegui,Pacheta,Medié Jiménez,4-3-3 Attacking,3-5-2 flat,368.0,5358.0,143000000.0,29.245473212619004,182.36363636363637,344.0,31000000.0,26.870910335386725,181.72727272727272,22.0
599,Eibar,Real Valladolid,17:30,14,5,2,1,7,3,15,12,2,3,0,0,D,D,1,1,2021-02-13,0.6162,0.968574,0.225296,-1.697014,6.529411764705882,1,2.1333,1.92231,1.92231,1.697014,4.666666666666667,7,3451149.0,17.0,18.0,José Luis Mendilibar,Sergio,Isidro Díaz de Mera Escuderos,4-4-2 double 6,4-4-2 double 6,1533.0,366.0,52800000.0,28.544583411113184,179.45454545454547,71.0,30150000.0,27.789683280443032,178.1818181818182,59.0
600,Barcelona,Alaves,20:00,17,6,9,2,5,4,10,14,0,2,0,0,H,H,5,1,2021-02-13,0.1854,0.710997,0.710997,-2.1493230000000003,23.9,4,2.7219,2.86032,2.86032,2.1493230000000003,11.0,6,3451146.0,3.0,16.0,Ronald Koeman,Abelardo,Jorge Figueroa Vázquez,4-3-3 Attacking,4-4-2 double 6,131.0,1108.0,403000000.0,25.57077966523552,181.36363636363637,667.0,41400000.0,28.479870574326426,184.0909090909091,26.0
601,Getafe,Real Sociedad,13:00,4,3,0,2,2,5,23,19,3,3,1,0,A,A,0,1,2021-02-14,2.4663000000000004,1.03317,1.03317,0.7701629999999999,6.428571428571429,4,0.3051,0.263007,0.263007,-0.7701629999999999,8.541666666666666,4,3451150.0,13.0,5.0,Pepe Bordalás,Imanol Alguacil,Pablo González Fuertes,4-4-2,4-1-4-1,3709.0,681.0,100100000.0,27.103229419451182,182.8181818181818,156.0,226000000.0,27.47383485781843,182.0,171.0
602,Real Madrid,Valencia,15:15,16,4,7,1,6,1,13,12,0,3,0,0,H,H,2,0,2021-02-14,0.4901999999999999,0.0596554,0.0596554,-0.8031996,15.714285714285714,1,2.0958,0.862855,0.862855,0.8031996,9.153846153846152,10,3451153.0,2.0,14.0,Zinédine Zidane,Javi Gracia,José María Sánchez Martínez,4-3-3 Attacking,4-4-2,418.0,1049.0,475000000.0,28.797710161159852,182.45454545454547,753.0,168500000.0,25.7738784145355,181.36363636363637,137.0
603,Levante,Osasuna,17:30,13,7,4,2,2,1,13,10,1,2,0,0,D,A,0,1,2021-02-14,0.4967,0.685142,0.685142,-0.3017649999999999,10.428571428571429,5,2.2928,1.73006,0.986907,0.3017649999999999,5.739130434782608,6,3451152.0,11.0,12.0,Paco López,Jagoba Arrasate,Santiago Jaime Latre,3-1-4-2,4-2-3-1,3368.0,331.0,35400000.0,28.653599651546266,180.72727272727272,13.0,45400000.0,28.23122394374961,182.63636363636363,10.0
604,Villarreal,Real Betis,20:00,9,15,5,4,7,3,19,13,3,2,0,0,A,A,1,2,2021-02-14,1.4512999999999998,1.35008,1.35008,0.913785,11.48,5,1.223,1.17957,0.436295,-0.913785,6.454545454545454,5,3451155.0,6.0,7.0,Unai Emery,Manuel Pellegrini,Jesús Gil Manzano,4-3-3 Attacking,4-2-3-1,1050.0,150.0,165500000.0,27.550245784332027,181.72727272727272,145.0,125300000.0,27.82029743015369,181.1818181818182,376.0
605,Cadiz,Athletic Club,20:00,11,13,2,8,5,8,15,13,3,2,0,0,A,A,0,4,2021-02-15,2.5973,2.36113,2.36113,1.793876,9.421052631578949,6,0.2732,0.567254,0.567254,-1.793876,9.0625,2,3451148.0,15.0,10.0,Álvaro Cervera,Marcelino,Alejandro Hernández Hernández,4-4-2 double 6,4-4-2 double 6,2687.0,621.0,19700000.0,30.025760686951653,181.54545454545453,64.0,162500000.0,27.457407753095637,180.8181818181818,87.0
606,Levante,Atletico Madrid,18:00,7,14,4,6,1,8,10,10,1,3,0,0,D,D,1,1,2021-02-17,1.8380000000000003,1.16962,1.16962,0.5271970000000001,7.74074074074074,10,0.8441000000000001,0.642423,0.642423,-0.5271970000000001,15.0,2,3431920.0,15.0,4.0,Paco López,Diego Simeone,José Luis Munuera Montero,4-4-2 double 6,3-4-2-1,3368.0,13.0,62600000.0,28.68147595046979,179.45454545454547,87.0,493000000.0,27.995519880530143,182.0909090909091,625.0
607,Real Betis,Getafe,20:00,12,6,5,1,5,2,17,18,5,4,1,0,D,H,1,0,2021-02-19,0.0503,0.277079,0.277079,-0.7765709999999999,8.909090909090908,4,2.9135,2.67474,1.05365,0.7765709999999999,4.391304347826087,7,3451162.0,7.0,15.0,Manuel Pellegrini,Pepe Bordalás,Estrada Fernández,4-2-3-1,4-4-2,150.0,3709.0,126800000.0,27.78171862360774,181.1818181818182,376.0,117100000.0,26.918797834608924,181.9090909090909,245.0
608,Elche,Eibar,13:00,6,13,2,3,1,4,16,9,2,1,0,0,H,H,1,0,2021-02-20,2.4212,1.66898,1.66898,1.271805,10.72222222222222,4,0.3809,0.397175,0.397175,-1.271805,11.9375,3,3451159.0,17.0,18.0,Fran Escribá,José Luis Mendilibar,Adrián Cordero Vega,4-4-2 double 6,4-4-2 double 6,1531.0,1533.0,25300000.0,28.389770393877168,184.45454545454547,47.0,49800000.0,29.36792981146164,180.63636363636363,25.0
609,Atletico Madrid,Levante,15:15,28,6,11,1,12,2,10,15,2,3,0,0,A,A,0,2,2021-02-20,0.5118,0.767582,0.767582,-1.293898,16.733333333333334,2,2.2884,2.06148,2.06148,1.293898,8.137931034482758,13,3451157.0,1.0,8.0,Diego Simeone,Paco López,Mario Melero López,3-4-2-1,3-4-3,13.0,3368.0,510000000.0,27.184369360960737,182.0,542.0,43100000.0,29.108331777736293,180.0909090909091,81.0
610,Valencia,Celta Vigo,17:30,10,5,3,2,6,1,9,19,2,3,0,1,D,H,2,0,2021-02-20,0.8727999999999999,0.689216,0.689216,-0.4775339999999999,7.28125,2,1.7914,1.16675,1.16675,0.4775339999999999,12.933333333333334,4,3451165.0,12.0,10.0,Javi Gracia,Eduardo Coudet,Valentin Pizarro Gomez,4-4-2,4-4-2 Diamond,1049.0,940.0,162000000.0,25.120278762989233,180.54545454545453,218.0,78500000.0,28.056499284425364,180.63636363636363,177.0
611,Real Valladolid,Real Madrid,20:00,9,10,5,2,4,5,13,11,4,2,0,0,D,A,0,1,2021-02-20,1.7203,1.30987,1.30987,0.400156,5.590909090909091,9,0.9613,0.909714,0.909714,-0.400156,15.714285714285714,3,3451164.0,19.0,2.0,Sergio,Zinédine Zidane,Guillermo Cuadra Fernández,4-2-3-1,4-3-3 Attacking,366.0,418.0,24300000.0,29.20664551054695,179.1818181818182,14.0,435000000.0,28.351689378383423,182.0,616.0
612,Athletic Club,Villarreal,20:00,18,3,8,2,6,0,12,12,2,2,0,0,D,D,1,1,2021-02-21,0.0733999999999999,0.0679965,0.0679965,-2.2542235,14.529411764705882,4,2.8646,2.32222,2.32222,2.2542235,10.085714285714284,7,3451156.0,11.0,6.0,Marcelino,Unai Emery,Carlos del Cerro Grande,4-4-2 double 6,4-4-2 double 6,621.0,1050.0,165000000.0,28.510484724037088,180.0909090909091,107.0,172500000.0,28.730757264638168,183.8181818181818,130.0
613,SD Huesca,Granada,17:30,15,8,6,5,5,2,13,14,3,3,0,1,H,H,3,2,2021-02-21,0.2704999999999999,0.854609,0.854609,-0.8736710000000001,11.608695652173912,1,2.5901,2.47156,1.72828,0.8736710000000001,10.615384615384617,1,3451160.0,20.0,9.0,Pacheta,Diego Martínez,César Soto Grado,3-4-2-1,4-2-3-1,5358.0,16795.0,27900000.0,27.48752411175409,180.63636363636363,22.0,35300000.0,26.270673884636924,181.9090909090909,10.0
614,Real Sociedad,Alaves,15:15,8,7,4,2,4,3,17,16,3,2,0,0,H,H,4,0,2021-02-21,0.1139,0.307378,0.307378,-2.196152,12.038461538461538,2,2.8154,2.50353,2.50353,2.196152,5.653846153846154,5,3451163.0,5.0,16.0,Imanol Alguacil,Abelardo,José Luis Munuera Montero,4-3-3 Attacking,4-4-2 double 6,681.0,1108.0,244000000.0,27.126874494430965,180.9090909090909,184.0,37200000.0,29.274842884699147,184.8181818181818,15.0
615,Barcelona,Cadiz,13:00,20,3,4,1,8,0,13,12,0,2,0,0,H,D,1,1,2021-02-21,0.5912999999999999,1.32905,0.585776,-1.060994,22.15384615384616,1,2.1759000000000004,2.39005,1.64677,1.060994,2.76,21,3451158.0,4.0,14.0,Ronald Koeman,Álvaro Cervera,Juan Martínez Munuera,4-3-3 Attacking,4-1-4-1,131.0,2687.0,512000000.0,27.523862858565113,179.8181818181818,830.0,18700000.0,29.604380561259408,179.0909090909091,0.0
616,Osasuna,Sevilla,20:00,6,10,0,5,3,5,14,15,2,2,0,0,A,A,0,2,2021-02-22,1.8879,1.05344,1.05344,0.5959319999999999,7.958333333333333,4,0.7769999999999999,0.457508,0.457508,-0.5959319999999999,12.555555555555555,3,3451161.0,13.0,3.0,Jagoba Arrasate,Julen Lopetegui,Javier Alberola Rojas,4-3-3 Attacking,4-3-3 Attacking,331.0,368.0,46000000.0,27.13334577810964,182.54545454545453,54.0,220500000.0,28.302159168688945,181.9090909090909,273.0
617,Barcelona,Elche,18:00,9,6,5,1,6,3,8,8,0,0,0,0,D,H,3,0,2021-02-24,0.1059,0.351113,0.351113,-2.309727,31.133333333333333,3,2.8299000000000003,2.66084,2.66084,2.309727,11.52,14,3431906.0,1.0,20.0,Ronald Koeman,Fran Escribá,Isidro Díaz de Mera Escuderos,4-3-3 Attacking,3-4-2-1,131.0,1531.0,424000000.0,27.397921722357044,180.36363636363637,675.0,20900000.0,28.29668346711468,181.8181818181818,48.0
618,Levante,Athletic Club,20:00,10,11,4,5,2,10,11,13,3,1,0,1,H,D,1,1,2021-02-26,2.172,1.99686,1.25358,0.93758,12.85,8,0.5811,1.05928,0.316,-0.93758,16.352941176470587,0,3451180.0,9.0,11.0,Paco López,Marcelino,Isidro Díaz de Mera Escuderos,5-4-1,4-4-2 double 6,3368.0,621.0,44500000.0,29.477941633999126,180.54545454545453,4.0,147700000.0,27.541534440918426,181.0,114.0
619,Eibar,SD Huesca,13:00,17,4,3,1,6,2,19,11,2,2,0,0,D,D,1,1,2021-02-27,0.3818,0.480747,0.480747,-1.315863,22.363636363636363,2,2.4176,1.79661,1.79661,1.315863,6.545454545454546,5,3451177.0,17.0,20.0,José Luis Mendilibar,Pacheta,Pablo González Fuertes,4-4-2 double 6,3-4-3,1533.0,5358.0,43500000.0,29.273847302594735,181.0,7.0,31100000.0,26.28212307883766,181.45454545454547,22.0
620,Sevilla,Barcelona,15:15,4,9,2,5,3,3,20,9,5,2,0,0,A,A,0,2,2021-02-27,2.7444,1.58696,1.58696,1.4698989999999998,10.607142857142858,12,0.1422,0.117061,0.117061,-1.4698989999999998,10.057142857142855,3,3451182.0,4.0,3.0,Julen Lopetegui,Ronald Koeman,Alejandro Hernández Hernández,4-2-3-1,3-4-1-2,368.0,131.0,215000000.0,29.922966834671147,180.9090909090909,350.0,462000000.0,26.799825773131726,180.54545454545453,697.0
621,Alaves,Osasuna,17:30,4,6,1,3,5,2,18,20,3,4,0,0,D,A,0,1,2021-02-27,1.9401,0.994243,0.994243,0.5107839999999999,7.36,1,0.6879,0.483459,0.483459,-0.5107839999999999,7.095238095238095,6,3451174.0,16.0,12.0,Abelardo,Jagoba Arrasate,José María Sánchez Martínez,4-4-2 double 6,4-4-2 double 6,1108.0,331.0,39900000.0,30.226370480990603,183.45454545454547,15.0,49500000.0,29.035903179640346,183.36363636363637,45.0
622,Getafe,Valencia,20:00,15,5,4,0,3,6,21,12,5,2,0,1,H,H,3,0,2021-02-27,0.5974999999999999,0.173822,0.173822,-0.722071,7.363636363636363,3,2.0132,0.895893,0.895893,0.722071,6.535714285714286,4,3451178.0,13.0,14.0,Pepe Bordalás,Javi Gracia,Jorge Figueroa Vázquez,4-4-2,4-4-2,3709.0,1049.0,114300000.0,27.46761246966586,182.9090909090909,273.0,173500000.0,25.063281687511665,182.0909090909091,280.0
623,Celta Vigo,Real Valladolid,13:00,11,7,2,3,3,5,20,20,3,5,0,0,D,D,1,1,2021-02-28,1.2451,0.762391,0.762391,-0.098399,9.548387096774194,2,1.3894,0.86079,0.86079,0.098399,4.103448275862069,3,3451175.0,10.0,18.0,Eduardo Coudet,Sergio,Medié Jiménez,4-4-2 Diamond,4-4-2 double 6,940.0,366.0,97000000.0,27.477070499657767,180.8181818181818,201.0,33700000.0,29.456536618754274,179.8181818181818,51.0
624,Cadiz,Real Betis,15:15,5,9,3,4,3,7,9,13,1,2,0,0,D,A,0,1,2021-02-28,1.736,0.596164,0.596164,0.368192,5.033333333333333,6,0.7928,0.227972,0.227972,-0.368192,17.72222222222222,1,3451176.0,15.0,6.0,Álvaro Cervera,Manuel Pellegrini,Mateu Lahoz,4-4-2 double 6,4-2-3-1,2687.0,150.0,24900000.0,29.716134652479624,180.72727272727272,0.0,107800000.0,27.231908406446394,180.63636363636363,384.0
625,Granada,Elche,17:30,13,12,4,4,5,5,14,12,3,2,0,0,D,H,2,1,2021-02-28,1.2086,1.28521,1.28521,-0.16676,5.260869565217392,6,1.4726,1.45197,1.45197,0.16676,6.571428571428571,1,3451179.0,8.0,19.0,Diego Martínez,Fran Escribá,Santiago Jaime Latre,4-2-3-1,4-4-2 double 6,16795.0,1531.0,69000000.0,26.83940016178209,184.54545454545453,54.0,24100000.0,28.709352249393316,184.27272727272728,45.0
626,Villarreal,Atletico Madrid,20:00,19,6,6,5,10,2,15,19,2,3,0,0,A,A,0,2,2021-02-28,0.4790999999999999,0.839764,0.839764,-1.101236,7.743589743589744,4,2.2998,1.941,1.941,1.101236,5.566666666666666,16,3451183.0,7.0,1.0,Unai Emery,Diego Simeone,De Burgos Bengoetxea,4-3-3 Attacking,3-1-4-2,1050.0,13.0,170500000.0,28.229481675066893,183.54545454545453,188.0,438000000.0,28.34322693049592,181.63636363636363,475.0
627,Real Madrid,Real Sociedad,20:00,21,6,2,2,13,4,5,10,0,1,0,0,D,D,1,1,2021-03-01,0.7996999999999999,1.21953,1.21953,-0.7658100000000001,16.5,6,1.9355,1.98534,1.98534,0.7658100000000001,17.615384615384617,17,3451181.0,2.0,5.0,Zinédine Zidane,Imanol Alguacil,Jesús Gil Manzano,4-3-3 Attacking,4-2-3-1,418.0,681.0,415000000.0,29.12401219588078,182.0,608.0,218000000.0,26.24453985439612,180.27272727272728,168.0
628,Valencia,Villarreal,20:00,25,10,4,5,5,3,12,10,4,3,0,0,A,H,2,1,2021-03-05,1.4318,1.84626,1.10299,0.0910899999999999,15.294117647058824,5,1.2851,1.75518,1.0119,-0.0910899999999999,11.894736842105264,7,3451201.0,12.0,7.0,Javi Gracia,Unai Emery,Estrada Fernández,4-4-2,4-4-2 double 6,1049.0,1050.0,162000000.0,25.155870823221957,180.54545454545453,218.0,181500000.0,27.910895401655157,182.45454545454547,239.0
629,Osasuna,Barcelona,20:00,10,13,3,6,3,4,4,12,0,2,0,0,A,A,0,2,2021-03-06,1.8105,1.30761,1.30761,0.5510759999999999,10.652173913043478,10,0.9036,0.756534,0.756534,-0.5510759999999999,23.352941176470587,5,3451197.0,13.0,2.0,Jagoba Arrasate,Ronald Koeman,Guillermo Cuadra Fernández,4-4-2 double 6,3-4-1-2,331.0,131.0,49300000.0,26.71545018978284,181.72727272727272,21.0,470000000.0,26.76174475763798,179.27272727272728,807.0
630,Cadiz,Eibar,17:30,6,16,2,1,0,12,7,11,2,2,0,0,H,H,1,0,2021-03-06,1.3329,1.6003,0.857021,-0.7668789999999999,5.352941176470588,6,1.3785,1.6239,1.6239,0.7668789999999999,23.5,0,3451194.0,14.0,19.0,Álvaro Cervera,José Luis Mendilibar,Carlos del Cerro Grande,4-4-2 double 6,4-4-2 double 6,2687.0,1533.0,23800000.0,30.049903552983633,180.63636363636363,5.0,52000000.0,29.256175720241426,181.1818181818182,26.0
631,Elche,Sevilla,15:15,6,11,3,3,6,3,16,11,4,0,0,0,D,H,2,1,2021-03-06,1.2542,0.964034,0.964034,-0.0490659999999999,5.32,4,1.4249,1.0131,1.0131,0.0490659999999999,15.782608695652174,2,3451195.0,17.0,4.0,Fran Escribá,Julen Lopetegui,Valentin Pizarro Gomez,4-4-2,4-3-3 Attacking,1531.0,368.0,22600000.0,28.38105905046357,184.0,4.0,112000000.0,30.178582539978844,180.63636363636363,353.0
632,Real Valladolid,Getafe,13:00,4,9,3,2,1,6,16,19,2,2,0,1,H,H,2,1,2021-03-06,0.9633,0.971736,0.971736,-0.3455039999999999,3.8125,7,1.7307,1.31724,1.31724,0.3455039999999999,5.6,3,3451200.0,16.0,15.0,Sergio,Pepe Bordalás,Mario Melero López,4-4-2,4-4-2,366.0,3709.0,33900000.0,29.312177213614586,180.63636363636363,92.0,109300000.0,27.53605873934416,183.54545454545453,253.0
633,SD Huesca,Celta Vigo,13:00,19,10,7,7,6,3,12,21,0,2,0,0,D,A,3,4,2021-03-07,0.1222999999999999,0.655624,0.655624,-2.480556,5.894736842105263,3,2.8115,3.13618,3.13618,2.480556,13.263157894736842,3,3451196.0,20.0,8.0,Pacheta,Eduardo Coudet,José Luis Munuera Montero,5-3-2,4-4-2 Diamond,5358.0,940.0,27900000.0,27.52585402277394,180.63636363636363,22.0,86500000.0,27.279198556405948,178.0909090909091,60.0
634,Atletico Madrid,Real Madrid,15:15,11,18,5,8,1,6,19,9,5,1,0,0,H,D,1,1,2021-03-07,1.2991,1.88411,1.88411,-0.0990900000000001,12.4,6,1.4437000000000002,1.9832,1.9832,0.0990900000000001,14.541666666666666,10,3451193.0,1.0,3.0,Diego Simeone,Zinédine Zidane,Alejandro Hernández Hernández,4-1-4-1,4-3-3 Attacking,13.0,418.0,430000000.0,28.591624665546636,180.63636363636363,588.0,455000000.0,28.858440669528967,182.27272727272728,700.0
635,Real Sociedad,Levante,17:30,25,6,8,1,7,5,13,14,0,2,0,0,H,H,1,0,2021-03-07,0.0054,0.186229,0.186229,-4.022291,15.916666666666666,2,2.9904,4.95179,4.20852,4.022291,6.181818181818182,13,3451199.0,5.0,11.0,Imanol Alguacil,Paco López,César Soto Grado,4-3-3 Attacking,3-5-2,681.0,3368.0,246000000.0,25.066517329351004,182.45454545454547,222.0,40200000.0,28.70885445834111,180.63636363636363,89.0
636,Athletic Club,Granada,20:00,7,13,5,3,6,9,10,10,2,2,0,0,H,H,2,1,2021-03-07,1.4765,1.45524,1.45524,0.917201,8.962962962962964,3,1.1651,1.28132,0.538039,-0.917201,10.590909090909092,2,3451192.0,10.0,9.0,Marcelino,Diego Martínez,Juan Martínez Munuera,4-2-3-1,4-2-3-1,621.0,16795.0,79700000.0,26.08698898637297,181.36363636363637,71.0,54900000.0,28.95102980523925,183.45454545454547,49.0
637,Real Betis,Alaves,20:00,23,4,8,3,12,1,13,11,0,3,0,0,A,H,3,2,2021-03-08,0.4765,0.798216,0.798216,-0.4777139999999999,19.047619047619047,0,2.3122000000000003,2.01921,1.27593,0.4777139999999999,4.0,13,3451198.0,6.0,18.0,Manuel Pellegrini,Abelardo,Javier Alberola Rojas,4-2-3-1,4-4-2 double 6,150.0,1108.0,117300000.0,27.88401468483604,180.0,377.0,44500000.0,29.064526165142183,183.0,65.0
638,Atletico Madrid,Athletic Club,18:00,11,4,5,2,5,4,12,13,2,2,0,0,D,H,2,1,2021-03-10,0.6075999999999999,0.701495,0.701495,-0.0939809999999999,13.08695652173913,4,2.1166,1.53875,0.795476,0.0939809999999999,16.7,7,3451080.0,1.0,12.0,Diego Simeone,Marcelino,Jesús Gil Manzano,4-1-4-1,4-4-2,13.0,621.0,470000000.0,28.17497355485035,181.54545454545453,612.0,158000000.0,27.77674071308568,181.45454545454547,87.0
639,Levante,Valencia,20:00,11,11,3,2,3,3,17,13,3,4,0,0,H,H,1,0,2021-03-12,0.9436,0.493596,0.493596,-0.35947,6.090909090909091,5,1.6921,0.853066,0.853066,0.35947,11.48,6,3451210.0,9.0,12.0,Paco López,Javi Gracia,Guillermo Cuadra Fernández,4-4-2 double 6,3-4-2-1,3368.0,1049.0,66900000.0,29.284798705743263,179.9090909090909,85.0,90700000.0,26.14299047974613,179.27272727272728,224.0
640,Alaves,Cadiz,13:00,9,9,3,1,2,5,22,6,3,3,1,0,H,D,1,1,2021-03-13,1.5706,1.74684,1.00356,0.256917,12.5625,2,1.1068,1.48992,0.746643,-0.256917,7.0,2,3451204.0,18.0,14.0,Abelardo,Álvaro Cervera,Isidro Díaz de Mera Escuderos,4-4-2 double 6,4-1-4-1,1108.0,2687.0,42900000.0,28.846244788749924,183.0,63.0,23200000.0,30.066579553232533,183.0,5.0
641,Real Madrid,Elche,15:15,17,3,4,2,6,1,11,16,1,1,0,0,D,H,2,1,2021-03-13,0.5764,0.726991,0.726991,-0.999289,15.31578947368421,2,2.1778,1.72628,1.72628,0.999289,7.291666666666667,8,3451212.0,3.0,17.0,Zinédine Zidane,Fran Escribá,Jorge Figueroa Vázquez,3-1-4-2,4-4-2 double 6,418.0,1531.0,459000000.0,28.433824901997387,182.9090909090909,588.0,24100000.0,28.74494430962603,184.27272727272728,45.0
642,Osasuna,Real Valladolid,17:30,14,12,2,2,7,3,12,9,2,3,0,0,D,D,0,0,2021-03-13,1.7445,0.891,0.891,0.423108,7.523809523809524,8,0.8904,0.467892,0.467892,-0.423108,5.137931034482759,12,3451211.0,13.0,16.0,Jagoba Arrasate,Sergio,De Burgos Bengoetxea,4-4-2,4-4-2,331.0,366.0,50300000.0,26.73984195134092,181.72727272727272,57.0,33900000.0,29.33134216912451,180.63636363636363,92.0
643,Getafe,Atletico Madrid,20:00,11,15,2,7,3,11,9,17,1,4,1,0,D,D,0,0,2021-03-13,2.4557,1.81829,1.81829,1.408611,2.3684210526315788,12,0.3644,0.409679,0.409679,-1.408611,18.58823529411765,1,3451208.0,15.0,1.0,Pepe Bordalás,Diego Simeone,José María Sánchez Martínez,4-4-2,4-1-4-1,3709.0,13.0,132300000.0,25.81942629581233,182.9090909090909,282.0,505000000.0,28.180200360898514,181.36363636363637,679.0
644,Celta Vigo,Athletic Club,13:00,13,6,3,1,1,3,20,13,3,1,0,0,D,D,0,0,2021-03-14,0.8762000000000001,0.725139,0.725139,-0.463621,12.185185185185183,3,1.7620999999999998,1.18876,1.18876,0.463621,4.102564102564102,6,3451206.0,10.0,11.0,Eduardo Coudet,Marcelino,Santiago Jaime Latre,4-4-2,4-4-2,940.0,621.0,84300000.0,27.652541845560325,180.27272727272728,196.0,111200000.0,27.0365254184556,180.8181818181818,61.0
645,Granada,Real Sociedad,15:15,7,7,2,1,4,6,23,16,2,3,0,0,D,H,1,0,2021-03-14,1.1603,0.306083,0.306083,-0.025878,3.147058823529412,6,1.2635,0.331961,0.331961,0.025878,8.838709677419354,1,3451209.0,8.0,5.0,Diego Martínez,Imanol Alguacil,Pablo González Fuertes,4-2-3-1,4-3-3 Attacking,16795.0,681.0,60400000.0,27.494742082011076,183.0909090909091,51.0,238000000.0,25.895339431273722,182.27272727272728,197.0
646,Eibar,Villarreal,17:30,16,13,7,8,7,2,12,9,2,2,0,1,A,A,1,3,2021-03-14,2.4256,2.84919,2.84919,2.268889,12.545454545454543,8,0.4201,1.32358,0.580301,-2.268889,8.08695652173913,6,3451207.0,19.0,7.0,José Luis Mendilibar,Unai Emery,Medié Jiménez,4-2-3-1,4-4-2 double 6,1533.0,1050.0,51000000.0,29.120278762989233,180.72727272727272,69.0,103800000.0,29.56331279945243,181.36363636363637,177.0
647,Sevilla,Real Betis,20:00,9,13,3,3,3,6,12,14,3,5,0,0,H,H,1,0,2021-03-14,1.14,0.662923,0.662923,-0.1790689999999999,10.612903225806452,4,1.4934,0.841992,0.841992,0.1790689999999999,9.208333333333334,2,3451213.0,4.0,6.0,Julen Lopetegui,Manuel Pellegrini,Mateu Lahoz,4-3-3 Attacking,4-4-1-1,368.0,150.0,281000000.0,28.739717503577875,180.0,365.0,120300000.0,27.983323999751107,181.36363636363637,382.0
648,Barcelona,SD Huesca,20:00,12,8,5,4,7,3,8,13,0,2,0,0,H,H,4,1,2021-03-15,1.9364,2.19819,1.45491,-0.06928,20.8,1,0.7961,1.52419,1.52419,0.06928,9.28,10,3451205.0,2.0,20.0,Ronald Koeman,Pacheta,Adrián Cordero Vega,3-4-2-1,5-3-2,131.0,5358.0,510000000.0,26.468296932362644,178.9090909090909,834.0,30400000.0,27.436500528902993,181.54545454545453,22.0
649,Sevilla,Elche,18:00,13,11,8,5,4,1,9,8,2,1,0,0,H,H,2,0,2021-03-17,0.4036,0.612799,0.612799,-1.3398310000000002,34.0,0,2.4109,1.95263,1.95263,1.3398310000000002,10.090909090909092,6,3431922.0,11.0,20.0,Julen Lopetegui,Fran Escribá,Javier Alberola Rojas,4-3-3 Attacking,4-4-2 double 6,368.0,1531.0,186500000.0,28.045547881276832,180.63636363636363,557.0,22300000.0,28.502520067201793,182.8181818181818,9.0
650,Real Betis,Levante,20:00,15,7,6,1,4,1,14,10,2,0,0,0,D,H,2,0,2021-03-19,0.1892,0.568605,0.568605,-1.891405,14.666666666666666,4,2.7086,2.46001,2.46001,1.891405,7.896551724137931,13,3451378.0,6.0,10.0,Manuel Pellegrini,Paco López,Jesús Gil Manzano,4-2-3-1,4-4-2 double 6,150.0,3368.0,121800000.0,28.86764980399477,179.0909090909091,413.0,65400000.0,28.116732001742267,179.1818181818182,93.0
651,Athletic Club,Eibar,13:00,18,4,4,2,10,1,5,15,1,1,0,0,D,D,1,1,2021-03-20,0.4803,0.532399,0.532399,-1.1949109999999998,12.727272727272728,0,2.3040000000000003,1.72731,1.72731,1.1949109999999998,15.23076923076923,6,3451373.0,9.0,19.0,Marcelino,José Luis Mendilibar,Valentin Pizarro Gomez,4-4-2 double 6,4-2-3-1,621.0,1533.0,153000000.0,28.323066392881586,181.0909090909091,107.0,51600000.0,27.861614087486775,179.0909090909091,46.0
652,Celta Vigo,Real Madrid,15:15,8,16,3,4,1,7,23,13,3,4,0,0,A,A,1,3,2021-03-20,2.7631,2.79574,2.79574,2.108744,11.038461538461538,5,0.1503999999999999,0.686996,0.686996,-2.108744,8.352941176470589,6,3451375.0,11.0,3.0,Eduardo Coudet,Zinédine Zidane,Mario Melero López,4-4-2 Diamond,4-3-1-2,940.0,418.0,88500000.0,27.82826208698899,180.0909090909091,199.0,460000000.0,28.711841204654345,182.45454545454547,745.0
653,SD Huesca,Osasuna,17:30,15,7,3,2,5,1,9,13,1,2,0,0,D,D,0,0,2021-03-20,1.2077,0.734886,0.734886,-0.1595339999999999,7.931034482758621,4,1.4228,0.89442,0.89442,0.1595339999999999,8.105263157894736,1,3451377.0,20.0,13.0,Pacheta,Jagoba Arrasate,Carlos del Cerro Grande,3-5-2,4-3-3 Attacking,5358.0,331.0,29500000.0,28.602078277642956,180.45454545454547,60.0,32000000.0,27.1213987928567,183.27272727272728,13.0
654,Real Valladolid,Sevilla,20:00,3,12,2,4,2,8,17,10,3,1,0,0,H,D,1,1,2021-03-20,1.5809000000000002,1.11252,1.11252,1.0458406,6.5,10,1.0292,0.809957,0.0666794,-1.0458406,12.258064516129032,4,3451380.0,16.0,4.0,Sergio,Julen Lopetegui,Estrada Fernández,4-4-2 double 6,4-3-3 Attacking,366.0,368.0,33900000.0,29.350507124634433,180.63636363636363,92.0,245500000.0,28.05226806048161,181.36363636363637,387.0
655,Real Sociedad,Barcelona,20:00,10,14,5,10,1,1,11,12,3,2,0,0,A,A,1,6,2021-03-21,2.7787,3.3338,3.3338,2.416652,6.741935483870968,15,0.145,0.917148,0.917148,-2.416652,16.703703703703702,5,3451379.0,5.0,2.0,Imanol Alguacil,Ronald Koeman,José Luis Munuera Montero,5-4-1,3-4-2-1,681.0,131.0,253000000.0,24.504511231410618,181.72727272727272,209.0,504000000.0,26.484724037085435,178.9090909090909,834.0
656,Atletico Madrid,Alaves,17:30,8,9,4,3,5,5,17,12,3,3,0,0,D,H,1,0,2021-03-21,1.8507,1.1132,0.369921,-0.276639,15.578947368421051,2,0.8046,0.64656,0.64656,0.276639,4.727272727272728,7,3451374.0,1.0,18.0,Diego Simeone,Abelardo,Juan Martínez Munuera,3-1-4-2,4-1-4-1,13.0,1108.0,475000000.0,28.113496359902932,180.1818181818182,687.0,46500000.0,28.692178458092215,182.63636363636363,65.0
657,Villarreal,Cadiz,15:15,13,9,4,3,5,6,14,6,3,3,0,0,H,H,2,1,2021-03-21,0.2309999999999999,0.90665,0.90665,-0.85656,17.533333333333335,3,2.6331,2.50648,1.76321,0.85656,4.888888888888889,13,3451382.0,7.0,15.0,Unai Emery,Álvaro Cervera,César Soto Grado,4-4-2 double 6,4-4-2 double 6,1050.0,2687.0,120300000.0,29.150892912699895,181.9090909090909,290.0,25800000.0,29.85551614709726,180.45454545454547,5.0
658,Valencia,Granada,15:15,18,15,9,3,3,4,11,11,0,3,0,0,H,H,2,1,2021-03-21,0.9848,0.924202,0.924202,-0.511498,10.35,5,1.7345,1.4357,1.4357,0.511498,8.909090909090908,5,3451381.0,12.0,8.0,Javi Gracia,Diego Martínez,Javier Alberola Rojas,4-4-2,4-2-3-1,1049.0,16795.0,174000000.0,25.866965341297988,182.36363636363637,220.0,58400000.0,27.948229730570596,183.0909090909091,49.0
659,Getafe,Elche,13:00,12,6,5,2,4,8,17,21,3,7,0,0,A,D,1,1,2021-03-21,0.9341,1.38712,1.38712,0.3368199999999999,4.05,1,1.7426,1.79357,1.0503,-0.3368199999999999,4.5,8,3451376.0,14.0,17.0,Pepe Bordalás,Fran Escribá,Alejandro Hernández Hernández,4-2-3-1,4-2-3-1,3709.0,1531.0,133050000.0,24.725779354116113,182.45454545454547,305.0,22300000.0,28.100304897019477,183.1818181818182,50.0
660,Levante,SD Huesca,20:00,13,6,3,2,8,2,15,7,2,2,0,0,A,A,0,2,2021-04-02,1.7333999999999998,0.857773,0.857773,0.394954,27.454545454545453,2,0.897,0.462819,0.462819,-0.394954,4.2727272727272725,8,3451388.0,11.0,18.0,Paco López,Pacheta,Jorge Figueroa Vázquez,5-4-1,3-5-2 flat,3368.0,5358.0,51100000.0,28.832804430340364,181.0,6.0,28000000.0,28.55802376952274,180.8181818181818,28.0
661,Granada,Villarreal,13:00,6,15,2,6,3,5,14,14,2,2,0,0,A,A,0,3,2021-04-03,2.7253,3.49755,2.011,1.52489,7.3478260869565215,11,0.1849,1.22939,0.48611,-1.52489,7.0625,3,3451387.0,10.0,7.0,Diego Martínez,Unai Emery,Guillermo Cuadra Fernández,4-2-3-1,4-4-2 double 6,16795.0,1050.0,64100000.0,30.0043556717068,184.54545454545453,49.0,143300000.0,30.392383796901253,183.1818181818182,157.0
662,Real Madrid,Eibar,15:15,21,10,8,4,6,9,6,8,0,2,0,0,H,H,2,0,2021-04-03,0.2712,0.299961,0.299961,-1.661809,13.89655172413793,5,2.5725,1.96177,1.96177,1.661809,18.33333333333333,7,3451390.0,3.0,20.0,Zinédine Zidane,José Luis Mendilibar,Isidro Díaz de Mera Escuderos,3-4-2-1,4-1-4-1,418.0,1533.0,340500000.0,29.444589633501337,181.1818181818182,647.0,46200000.0,28.561508306888186,180.27272727272728,43.0
663,Osasuna,Getafe,17:30,4,6,1,2,2,4,23,18,2,3,0,0,D,D,0,0,2021-04-03,1.3163,0.316201,0.316201,0.1177,5.4375,1,1.0535,0.198501,0.198501,-0.1177,3.9,1,3451389.0,14.0,15.0,Jagoba Arrasate,Pepe Bordalás,Pablo González Fuertes,4-4-2,4-2-3-1,331.0,3709.0,40600000.0,28.83977350507125,183.36363636363637,10.0,104550000.0,27.205525480679487,183.45454545454547,182.0
664,Sevilla,Atletico Madrid,20:00,18,9,5,4,3,2,13,11,2,4,0,0,D,H,1,0,2021-04-04,0.3399,0.551951,0.551951,-0.604199,23.166666666666668,3,2.4828,1.89943,1.15615,0.604199,14.0,6,3451392.0,4.0,1.0,Julen Lopetegui,Diego Simeone,Jesús Gil Manzano,4-3-3 Attacking,3-4-2-1,368.0,13.0,255000000.0,29.406010826955388,181.54545454545453,418.0,455000000.0,27.91114429718126,180.9090909090909,541.0
665,Cadiz,Valencia,17:30,6,12,2,6,4,13,10,7,2,2,0,0,D,H,2,1,2021-04-04,1.1502,0.858442,0.858442,-0.169738,6.411764705882353,9,1.5072,1.02818,1.02818,0.169738,20.0,0,3451385.0,13.0,12.0,Álvaro Cervera,Javi Gracia,Medié Jiménez,4-4-1-1,4-4-2,2687.0,1049.0,22900000.0,29.933171551241365,178.36363636363637,5.0,157500000.0,26.60792732250638,180.9090909090909,155.0
666,Elche,Real Betis,15:15,7,13,3,3,7,2,9,15,1,4,0,0,D,D,1,1,2021-04-04,2.2761000000000005,1.90364,1.16036,0.362601,7.1875,7,0.4911,0.797759,0.797759,-0.362601,14.7,1,3451386.0,17.0,6.0,Fran Escribá,Manuel Pellegrini,Adrián Cordero Vega,4-4-2,4-2-3-1,1531.0,150.0,22600000.0,28.571713023458404,183.54545454545453,49.0,132200000.0,28.79248335511169,181.9090909090909,278.0
667,Alaves,Celta Vigo,13:00,17,8,7,6,6,2,9,21,4,5,0,1,A,A,1,3,2021-04-04,1.9629,2.58943,2.58943,0.72143,6.925925925925926,5,0.7971,1.868,1.868,-0.72143,8.428571428571429,9,3451383.0,19.0,8.0,Abelardo,Eduardo Coudet,Mateu Lahoz,4-4-2 double 6,4-4-2 double 6,1108.0,940.0,48300000.0,28.873125505569035,182.36363636363637,65.0,96500000.0,27.49797772385041,179.45454545454547,149.0
668,Barcelona,Real Valladolid,20:00,25,7,10,2,4,1,12,13,3,3,0,1,D,H,1,0,2021-04-05,0.4508,0.435921,0.435921,-1.252039,18.714285714285715,5,2.3318,1.68796,1.68796,1.252039,6.153846153846154,9,3451384.0,2.0,16.0,Ronald Koeman,Sergio,Santiago Jaime Latre,3-4-2-1,3-5-2,131.0,366.0,494000000.0,26.525791798892417,178.9090909090909,834.0,27800000.0,29.164084375583347,180.45454545454547,32.0
669,Real Sociedad,Athletic Club,20:00,12,11,2,2,3,6,18,7,3,1,0,0,D,D,1,1,2021-04-07,1.6341,0.990446,0.990446,0.2659480000000001,11.833333333333334,4,1.0254,0.724498,0.724498,-0.2659480000000001,7.037037037037037,5,3451391.0,5.0,9.0,Imanol Alguacil,Marcelino,José María Sánchez Martínez,4-4-2 double 6,4-4-2,681.0,621.0,234500000.0,23.701823159728704,182.54545454545453,168.0,136500000.0,28.17497355485035,180.63636363636363,113.0
670,SD Huesca,Elche,20:00,8,8,5,2,6,6,17,13,2,2,0,0,H,H,3,1,2021-04-09,1.0813,0.880685,0.880685,0.530082,6.086956521739131,2,1.5133,1.09388,0.350603,-0.530082,11.333333333333334,4,3451397.0,16.0,18.0,Pacheta,Fran Escribá,Javier Alberola Rojas,3-5-2,4-4-2,5358.0,1531.0,26100000.0,29.134465807977104,180.8181818181818,40.0,23400000.0,28.69765415966648,183.63636363636363,45.0
671,Getafe,Cadiz,13:00,19,8,4,3,10,4,10,13,3,2,0,0,D,A,0,1,2021-04-10,0.1694,0.640397,0.640397,-2.143383,11.214285714285714,1,2.7443,2.78378,2.78378,2.143383,6.090909090909091,6,3451396.0,15.0,12.0,Pepe Bordalás,Álvaro Cervera,De Burgos Bengoetxea,4-2-3-1,4-4-2 double 6,3709.0,2687.0,133500000.0,26.831933295999008,182.27272727272728,290.0,23600000.0,30.076037583224444,180.1818181818182,5.0
672,Athletic Club,Alaves,15:15,11,9,4,0,6,6,13,15,2,2,0,0,D,D,0,0,2021-04-10,0.3157999999999999,0.448906,0.448906,-1.362034,12.5625,1,2.5172,1.81094,1.81094,1.362034,11.51851851851852,9,3451393.0,11.0,19.0,Marcelino,Javier Calleja,Mario Melero López,4-4-2 double 6,4-4-2 double 6,621.0,1108.0,76900000.0,26.377450065335076,181.8181818181818,65.0,43100000.0,29.332088855702818,182.9090909090909,17.0
673,Eibar,Levante,17:30,10,6,4,1,6,3,9,7,3,2,0,0,A,A,0,1,2021-04-10,1.1704,0.309936,0.309936,-0.050687,16.857142857142858,3,1.2583000000000002,0.360623,0.360623,0.050687,8.678571428571429,3,3451395.0,20.0,9.0,José Luis Mendilibar,Paco López,Estrada Fernández,3-4-1-2,4-4-2 double 6,1533.0,3368.0,21300000.0,30.263953705432144,179.72727272727272,46.0,54800000.0,29.279323004169,179.8181818181818,95.0
674,Real Madrid,Barcelona,20:00,14,18,3,4,5,6,16,10,3,4,1,0,H,H,2,1,2021-04-10,0.9852,1.15567,1.15567,-0.4942599999999999,7.681818181818182,19,1.7673,1.64993,1.64993,0.4942599999999999,12.958333333333334,9,3451399.0,2.0,3.0,Zinédine Zidane,Ronald Koeman,Jesús Gil Manzano,4-3-3 Attacking,3-4-2-1,418.0,131.0,425000000.0,28.338995706552172,182.0,690.0,459000000.0,25.815692862920788,180.36363636363637,724.0
675,Real Betis,Atletico Madrid,20:00,8,10,4,4,5,5,12,13,0,0,0,0,D,D,1,1,2021-04-11,2.0279000000000003,1.34136,1.34136,0.7273940000000001,13.8,10,0.6940999999999999,0.613966,0.613966,-0.7273940000000001,10.703703703703704,1,3451398.0,6.0,1.0,Manuel Pellegrini,Diego Simeone,Guillermo Cuadra Fernández,4-2-3-1,3-5-2 flat,150.0,13.0,124000000.0,29.737041876672265,180.36363636363637,207.0,487000000.0,27.531329724348208,181.1818181818182,670.0
676,Real Valladolid,Granada,17:30,7,12,3,6,2,4,14,15,4,2,0,0,H,A,1,2,2021-04-11,1.3458,1.22464,1.22464,0.7757769999999999,10.652173913043478,11,1.3248,1.19214,0.448863,-0.7757769999999999,9.15,6,3451400.0,17.0,8.0,Sergio,Diego Martínez,Carlos del Cerro Grande,4-4-2,4-2-3-1,366.0,16795.0,27800000.0,29.10808288221019,179.27272727272728,32.0,43900000.0,29.46599464874619,183.0,56.0
677,Villarreal,Osasuna,13:00,15,12,6,4,6,5,6,12,0,0,0,0,D,A,1,2,2021-04-11,1.1385,1.29078,1.29078,-0.3126,12.681818181818182,3,1.5822000000000005,1.60338,1.60338,0.3126,8.692307692307692,16,3451402.0,7.0,14.0,Unai Emery,Jagoba Arrasate,José Luis Munuera Montero,3-5-2 flat,4-2-3-1,1050.0,331.0,91500000.0,28.980648372845497,179.9090909090909,134.0,49300000.0,26.985501835604506,182.72727272727272,48.0
678,Valencia,Real Sociedad,15:15,9,16,2,5,4,5,11,17,6,4,1,0,A,D,2,2,2021-04-11,0.5118,1.13047,1.13047,0.2758800000000001,6.285714285714286,6,2.3037,2.34115,0.85459,-0.2758800000000001,14.5625,2,3451401.0,13.0,5.0,Javi Gracia,Imanol Alguacil,Valentin Pizarro Gomez,4-4-2 double 6,4-4-2 double 6,1049.0,681.0,181500000.0,26.509364694169623,182.54545454545453,155.0,205500000.0,25.494119843195815,182.27272727272728,141.0
679,Celta Vigo,Sevilla,20:00,12,13,5,6,5,2,18,15,3,2,0,0,H,A,3,4,2021-04-12,1.0043,1.59713,1.59713,0.24855,8.590909090909092,3,1.7447,2.09186,1.34858,-0.24855,9.441176470588236,5,3451394.0,10.0,4.0,Eduardo Coudet,Julen Lopetegui,Alejandro Hernández Hernández,4-4-2 Diamond,4-3-3 Attacking,940.0,368.0,90500000.0,26.818990728641655,179.45454545454547,153.0,275000000.0,28.813141683778234,181.54545454545453,471.0
680,Cadiz,Celta Vigo,17:30,5,11,2,4,4,7,6,13,0,1,0,0,D,D,0,0,2021-04-18,1.3619,0.436078,0.436078,0.113113,7.583333333333333,7,1.1177,0.322965,0.322965,-0.113113,50.285714285714285,3,3451427.0,13.0,10.0,Álvaro Cervera,Eduardo Coudet,Pablo González Fuertes,4-4-2 double 6,4-4-2 double 6,2687.0,940.0,23900000.0,29.82191525107336,180.54545454545453,15.0,84500000.0,28.338000124447763,180.27272727272728,199.0
681,Levante,Villarreal,20:00,12,14,3,7,4,5,9,7,2,1,0,0,A,A,1,5,2021-04-18,2.1346,1.87811,1.87811,1.033628,10.521739130434783,8,0.6433,0.844482,0.844482,-1.033628,10.757575757575758,5,3451429.0,12.0,7.0,Paco López,Unai Emery,De Burgos Bengoetxea,4-4-2 double 6,4-4-2 double 6,3368.0,1050.0,58600000.0,29.726339369049843,179.54545454545453,85.0,167800000.0,28.095326986497415,181.8181818181818,189.0
682,Getafe,Real Madrid,20:00,19,10,6,2,6,6,17,8,3,1,0,0,D,D,0,0,2021-04-18,0.3039,0.618079,0.618079,-1.5761809999999998,13.0,3,2.5473,2.19426,2.19426,1.5761809999999998,9.029411764705882,9,3451428.0,15.0,2.0,Pepe Bordalás,Zinédine Zidane,José María Sánchez Martínez,4-4-2,4-2-3-1,3709.0,418.0,125500000.0,27.223694854085,183.54545454545453,276.0,265900000.0,26.378943438491692,180.0,515.0
683,Real Betis,Valencia,17:30,9,9,5,3,6,3,12,10,3,1,0,0,H,D,2,2,2021-04-18,2.2937,1.61735,0.874075,0.246825,11.08695652173913,5,0.4847,0.62725,0.62725,-0.246825,10.434782608695652,6,3451431.0,6.0,14.0,Manuel Pellegrini,Javi Gracia,Javier Alberola Rojas,4-2-3-1,4-4-2,150.0,1049.0,116700000.0,30.193516271545022,180.0,194.0,152000000.0,26.53649430651484,180.63636363636363,158.0
684,Alaves,SD Huesca,15:15,10,9,2,1,7,3,15,13,1,2,0,0,D,H,1,0,2021-04-18,1.8424,0.747867,0.747867,0.4308759999999999,13.294117647058824,3,0.7626999999999999,0.316991,0.316991,-0.4308759999999999,11.19047619047619,2,3451423.0,16.0,19.0,Javier Calleja,Pacheta,Alejandro Hernández Hernández,4-4-2,3-5-2 flat,1108.0,5358.0,44100000.0,29.603882770207203,182.36363636363637,19.0,26100000.0,29.159106465061292,180.8181818181818,40.0
685,Real Sociedad,Sevilla,13:00,5,15,2,7,7,3,20,15,3,2,0,0,A,A,1,2,2021-04-18,2.9647,3.65426,3.65426,3.361485,6.352941176470588,4,0.0211,0.292775,0.292775,-3.361485,7.035714285714286,2,3451432.0,5.0,4.0,Imanol Alguacil,Julen Lopetegui,Unknown,4-1-4-1,4-3-3 Attacking,681.0,368.0,230000000.0,24.77456287723228,182.9090909090909,168.0,274000000.0,28.835542281127495,180.0,365.0
686,Osasuna,Elche,13:00,9,8,3,2,4,5,14,15,2,1,0,0,H,H,2,0,2021-04-18,1.5042,0.699627,0.699627,0.167652,8.136363636363637,2,1.0869,0.531975,0.531975,-0.167652,8.0,12,3451430.0,11.0,18.0,Jagoba Arrasate,Fran Escribá,Jorge Figueroa Vázquez,4-1-4-1,4-4-2,331.0,1531.0,56500000.0,26.763984817372908,182.54545454545453,57.0,24800000.0,27.956194387405887,183.72727272727272,53.0
687,Atletico Madrid,Eibar,15:15,10,0,7,0,8,3,10,10,0,1,0,0,H,H,5,0,2021-04-18,0.0113,0.0,0.0,-2.75029,18.5,1,2.9774,2.75029,2.75029,2.75029,11.217391304347826,13,3451425.0,1.0,20.0,Diego Simeone,José Luis Mendilibar,César Soto Grado,4-4-2,4-1-4-1,13.0,1533.0,472000000.0,27.729699458652227,180.45454545454547,655.0,26950000.0,27.444714081264394,181.54545454545453,31.0
688,Levante,Sevilla,18:00,6,10,1,3,2,3,15,13,4,1,0,0,D,A,0,1,2021-04-21,2.8049000000000004,2.05149,2.05149,1.7411549999999998,7.0,4,0.1142,0.310335,0.310335,-1.7411549999999998,13.2,7,3451409.0,10.0,4.0,Paco López,Julen Lopetegui,Valentin Pizarro Gomez,4-4-1-1,4-3-3 Attacking,3368.0,368.0,48200000.0,26.64974177089167,179.9090909090909,90.0,274000000.0,28.843755833488895,180.0,365.0
689,Osasuna,Valencia,18:00,18,10,9,5,5,6,17,11,1,2,0,0,H,H,3,1,2021-04-21,0.1543,1.20337,1.20337,-0.94603,9.666666666666666,2,2.7682,3.63596,2.1494,0.94603,10.25925925925926,6,3451410.0,11.0,14.0,Jagoba Arrasate,Javi Gracia,Mario Melero López,4-3-3 Attacking,4-4-2,331.0,1049.0,39400000.0,28.182938211685645,182.54545454545453,22.0,129100000.0,26.737601891606,181.72727272727272,177.0
690,Real Betis,Athletic Club,19:00,6,16,2,4,5,4,10,16,3,2,1,0,D,D,0,0,2021-04-21,1.9162,0.845575,0.845575,0.600788,5.633333333333334,10,0.6895,0.244787,0.244787,-0.600788,18.53846153846154,7,3451411.0,6.0,9.0,Manuel Pellegrini,Marcelino,Medié Jiménez,4-4-1-1,4-4-1-1,150.0,621.0,133500000.0,28.118225374898884,181.45454545454547,214.0,79700000.0,25.69224068197374,182.72727272727272,71.0
691,Alaves,Villarreal,20:00,9,10,4,5,3,8,8,11,2,1,0,0,H,H,2,1,2021-04-21,1.3756,1.45071,1.45071,0.04108,5.21875,12,1.3308999999999995,1.40963,1.40963,-0.04108,14.571428571428571,1,3451403.0,19.0,7.0,Javier Calleja,Unai Emery,Adrián Cordero Vega,4-4-2,4-4-2 double 6,1108.0,1050.0,46300000.0,30.075539792172233,182.8181818181818,17.0,126500000.0,29.364943065148406,182.36363636363637,172.0
692,Elche,Real Valladolid,20:00,9,12,3,4,4,6,23,11,5,3,0,0,H,D,1,1,2021-04-21,1.3344,1.30359,1.30359,-0.0325599999999999,12.666666666666666,1,1.3755,1.33615,1.33615,0.0325599999999999,6.964285714285714,0,3451407.0,18.0,16.0,Fran Escribá,Sergio,José María Sánchez Martínez,4-4-2,4-4-2,1531.0,366.0,23400000.0,28.39599278202974,184.72727272727272,5.0,28100000.0,29.561819426295813,180.0,33.0
693,Cadiz,Real Madrid,21:00,14,14,3,4,7,3,13,21,4,3,0,0,A,A,0,3,2021-04-21,2.6609000000000003,3.52537,2.7821,1.4629299999999998,6.636363636363637,9,0.242,1.31917,1.31917,-1.4629299999999998,17.666666666666668,5,3451406.0,13.0,2.0,Álvaro Cervera,Zinédine Zidane,Mateu Lahoz,4-4-2 double 6,3-4-3,2687.0,418.0,23500000.0,29.746002115611972,179.0,5.0,368200000.0,26.730383921349013,182.0909090909091,537.0
694,Barcelona,Getafe,21:00,9,5,6,1,3,1,8,15,2,0,0,0,H,H,5,2,2021-04-22,0.7384000000000001,1.39543,0.652156,-0.759274,20.066666666666663,2,2.0017,2.15458,1.41143,0.759274,5.6,10,3451405.0,3.0,15.0,Ronald Koeman,Pepe Bordalás,Jorge Figueroa Vázquez,3-5-2 flat,4-3-3 Attacking,131.0,3709.0,442000000.0,28.30141248211063,180.8181818181818,750.0,100350000.0,26.915811088295687,181.1818181818182,224.0
695,Atletico Madrid,SD Huesca,18:00,18,5,12,2,8,1,9,11,2,0,0,0,H,H,2,0,2021-04-22,0.7058,1.40665,1.40665,-0.92166,15.625,5,2.0531,2.32831,2.32831,0.92166,18.9,8,3451404.0,1.0,17.0,Diego Simeone,Pacheta,José Luis Munuera Montero,4-4-2,3-5-2,13.0,5358.0,472000000.0,27.74065086180076,180.45454545454547,655.0,24700000.0,27.33196440793977,183.0,23.0
696,Granada,Eibar,20:00,8,16,4,3,4,7,13,10,1,1,0,0,H,H,4,1,2021-04-22,1.02,1.34566,1.34566,-0.41638,6.294117647058823,2,1.7229,1.76204,1.76204,0.41638,13.31578947368421,3,3451408.0,8.0,20.0,Diego Martínez,José Luis Mendilibar,Unknown,4-4-2,4-3-3 Attacking,16795.0,1533.0,58600000.0,30.35455167693361,182.63636363636363,98.0,45200000.0,28.064215045734553,181.45454545454547,35.0
697,Real Sociedad,Celta Vigo,20:00,7,10,3,3,2,4,17,17,4,5,0,0,H,H,2,1,2021-04-22,0.203,0.504303,0.504303,-0.199282,5.111111111111111,6,2.6828,2.19014,0.703585,0.199282,10.304347826086955,6,3451412.0,5.0,12.0,Imanol Alguacil,Eduardo Coudet,Jesús Gil Manzano,4-4-2 double 6,4-4-2 double 6,681.0,940.0,148800000.0,26.27540289963288,181.8181818181818,103.0,97500000.0,27.918611162964343,180.0909090909091,199.0
698,Real Madrid,Real Betis,20:00,17,6,5,2,8,2,17,13,1,2,0,0,D,D,0,0,2021-04-24,1.3012,0.898058,0.898058,-0.0873289999999999,18.4,4,1.3633000000000002,0.985387,0.985387,0.0873289999999999,9.333333333333334,9,3451418.0,2.0,6.0,Zinédine Zidane,Manuel Pellegrini,Estrada Fernández,4-3-3 Attacking,4-2-3-1,418.0,150.0,403000000.0,28.49530209694481,182.1818181818182,810.0,102200000.0,29.45504324559766,180.36363636363637,389.0
699,Valencia,Alaves,17:30,9,6,2,2,7,2,17,16,4,0,0,1,D,D,1,1,2021-04-24,1.1871,0.893913,0.893913,-0.115207,15.5,2,1.4373,1.00912,1.00912,0.115207,8.666666666666666,4,3451421.0,14.0,18.0,Javi Gracia,Javier Calleja,Guillermo Cuadra Fernández,4-4-2 double 6,4-4-2 double 6,1049.0,1108.0,187500000.0,26.25325119780972,180.8181818181818,177.0,45500000.0,30.42797585713397,183.8181818181818,17.0
700,Real Valladolid,Cadiz,15:15,13,6,6,2,5,7,11,20,1,3,0,0,H,D,1,1,2021-04-24,0.3295,1.55697,1.55697,-1.68206,11.090909090909092,3,2.5213,3.23903,3.23903,1.68206,6.526315789473684,3,3451419.0,17.0,13.0,Sergio,Álvaro Cervera,Javier Alberola Rojas,4-4-2,4-4-2,366.0,2687.0,30600000.0,29.098375956692177,180.8181818181818,82.0,17500000.0,29.425673573517518,181.63636363636363,74.0
701,Elche,Levante,13:00,8,6,3,1,4,2,10,14,3,4,0,0,H,H,1,0,2021-04-24,0.9873,0.236951,0.236951,-0.196729,5.0,4,1.4502,0.43368,0.43368,0.196729,18.42105263157895,1,3451416.0,16.0,11.0,Fran Escribá,Paco López,Medié Jiménez,4-4-2 double 6,4-4-2 double 6,1531.0,3368.0,24200000.0,27.950220894779417,182.72727272727272,51.0,66200000.0,28.943065148403956,179.1818181818182,85.0
702,SD Huesca,Getafe,13:00,8,6,1,4,1,0,16,22,2,4,0,0,A,A,0,2,2021-04-25,1.5898,0.711933,0.711933,0.239354,8.216216216216216,4,0.9982,0.472579,0.472579,-0.239354,3.375,1,3451417.0,19.0,15.0,Pacheta,Pepe Bordalás,Juan Martínez Munuera,3-5-2 flat,4-4-2,5358.0,3709.0,26100000.0,29.178271420571217,180.8181818181818,40.0,112000000.0,28.123949971999252,182.9090909090909,273.0
703,Villarreal,Barcelona,15:15,10,15,4,5,6,1,16,10,2,3,1,0,A,A,1,2,2021-04-25,2.733,3.38056,3.38056,2.415645,9.846153846153848,16,0.1881,0.964915,0.964915,-2.415645,12.814814814814817,9,3451422.0,7.0,1.0,Unai Emery,Ronald Koeman,Carlos del Cerro Grande,4-4-2 double 6,3-5-2 flat,1050.0,131.0,182000000.0,28.798705743264268,182.27272727272728,188.0,464000000.0,27.515151515151516,180.36363636363637,776.0
704,Celta Vigo,Osasuna,17:30,7,12,2,3,2,8,13,12,1,4,0,0,H,H,2,1,2021-04-25,2.133,1.41709,0.673809,0.0719109999999999,7.956521739130435,2,0.6003000000000001,0.601898,0.601898,-0.0719109999999999,6.321428571428571,5,3451414.0,10.0,12.0,Eduardo Coudet,Jagoba Arrasate,César Soto Grado,4-4-2 Diamond,4-1-4-1,940.0,331.0,93000000.0,27.300354676124698,179.8181818181818,141.0,40200000.0,28.782527534067572,182.0909090909091,42.0
705,Sevilla,Granada,17:30,10,4,4,2,5,5,11,14,2,3,0,0,H,H,2,1,2021-04-25,0.9375,0.902764,0.159487,-0.370762,9.0,4,1.659,1.27314,0.530249,0.370762,7.222222222222222,6,3451420.0,4.0,8.0,Julen Lopetegui,Diego Martínez,De Burgos Bengoetxea,4-2-3-1,5-4-1,368.0,16795.0,234000000.0,30.04417895588327,179.9090909090909,418.0,70800000.0,27.403895214983507,184.0,61.0
706,Athletic Club,Atletico Madrid,20:00,11,14,3,3,4,11,20,7,4,2,0,0,H,H,2,1,2021-04-25,0.7716000000000001,0.745334,0.745334,-0.682756,6.68,14,1.9473,1.42809,1.42809,0.682756,11.11111111111111,1,3451413.0,9.0,3.0,Marcelino,Diego Simeone,Pablo González Fuertes,4-4-1-1,4-1-4-1,621.0,13.0,103200000.0,25.886876983386227,181.27272727272728,92.0,442000000.0,28.26532263082571,180.9090909090909,556.0
707,Eibar,Real Sociedad,20:00,14,5,5,2,2,3,8,20,5,1,0,0,A,A,0,1,2021-04-26,1.3273,0.706358,0.706358,-0.0232949999999999,8.346153846153847,1,1.285,0.729653,0.729653,0.0232949999999999,9.24,9,3451415.0,20.0,5.0,José Luis Mendilibar,Imanol Alguacil,Jorge Figueroa Vázquez,4-2-3-1,4-2-3-1,1533.0,681.0,44900000.0,29.060294941198432,181.9090909090909,26.0,246000000.0,24.946300790243296,180.72727272727272,169.0
708,Athletic Club,Real Valladolid,18:00,13,14,7,4,5,7,8,13,1,1,0,0,H,D,2,2,2021-04-28,0.5005000000000001,0.640604,0.640604,-1.090156,12.055555555555555,5,2.2912,1.73076,1.73076,1.090156,13.352941176470589,6,3451424.0,9.0,17.0,Marcelino,Sergio,Adrián Cordero Vega,4-4-2,4-4-2,621.0,366.0,106200000.0,26.610167382241308,181.36363636363637,86.0,29500000.0,28.485097380374587,180.0,86.0
709,Barcelona,Granada,18:00,16,6,4,2,6,1,10,22,0,4,0,0,H,A,1,2,2021-04-29,0.8581000000000001,0.811246,0.811246,-0.6254239999999999,14.173913043478262,1,1.8583,1.43667,1.43667,0.6254239999999999,3.125,24,3451426.0,3.0,8.0,Ronald Koeman,Diego Martínez,Pablo González Fuertes,3-5-2 flat,3-4-2-1,131.0,16795.0,375000000.0,28.451247588824593,181.45454545454547,750.0,51900000.0,27.992782029743015,181.72727272727272,109.0
710,Celta Vigo,Levante,20:00,8,10,5,2,1,5,12,13,2,2,0,0,D,H,2,0,2021-04-30,0.4095,0.976661,0.976661,-1.387539,10.238095238095235,2,2.4135000000000004,2.3642,2.3642,1.387539,9.235294117647058,9,3451433.0,10.0,13.0,Eduardo Coudet,Paco López,Unknown,4-4-2 Diamond,3-5-2 flat,940.0,3368.0,88800000.0,27.15475079335449,180.0,138.0,61700000.0,27.221952585402278,181.1818181818182,82.0
711,Eibar,Alaves,13:00,15,6,4,2,10,5,12,12,0,2,0,0,H,H,3,0,2021-05-01,0.2276,0.154274,0.154274,-1.489046,6.8125,3,2.6069,1.64332,1.64332,1.489046,7.821428571428571,7,3451434.0,20.0,16.0,José Luis Mendilibar,Javier Calleja,José Luis Munuera Montero,4-4-2,4-4-2,1533.0,1108.0,54900000.0,28.856698400846245,182.1818181818182,25.0,41500000.0,30.447140812643894,183.8181818181818,17.0
712,Elche,Atletico Madrid,15:15,6,11,1,4,3,2,20,16,3,3,0,0,A,A,0,1,2021-05-01,0.9599,1.01516,1.01516,0.377257,9.846153846153848,9,1.7285,1.38118,0.637903,-0.377257,7.121212121212121,4,3451435.0,19.0,1.0,Fran Escribá,Diego Simeone,Mario Melero López,4-4-2,3-1-4-2,1531.0,13.0,24300000.0,27.308070437433887,184.0,10.0,425000000.0,28.12519444962977,181.27272727272728,638.0
713,SD Huesca,Real Sociedad,17:30,10,7,3,3,2,7,14,11,2,2,0,0,D,H,1,0,2021-05-01,1.0594,0.298366,0.298366,-0.147912,8.166666666666666,6,1.4023,0.446278,0.446278,0.147912,13.8125,2,3451437.0,18.0,5.0,Pacheta,Imanol Alguacil,Mateu Lahoz,3-5-2,4-3-3 Attacking,5358.0,681.0,41800000.0,27.687636114740837,180.45454545454547,61.0,238000000.0,25.859747371041006,181.63636363636363,180.0
714,Real Madrid,Osasuna,20:00,22,3,6,2,7,0,9,12,0,2,0,0,D,H,2,0,2021-05-01,0.2171,0.0721582,0.0721582,-1.5534418,20.83333333333333,4,2.6033,1.6256,1.6256,1.5534418,13.142857142857142,16,3451438.0,2.0,11.0,Zinédine Zidane,Jagoba Arrasate,Guillermo Cuadra Fernández,4-2-3-1,4-1-4-1,418.0,331.0,398200000.0,27.1213987928567,182.36363636363637,509.0,61900000.0,26.58726899383984,181.0909090909091,21.0
715,Valencia,Barcelona,20:00,9,14,4,7,2,1,12,14,2,1,0,0,D,A,2,3,2021-05-02,2.8493000000000004,3.98456,3.24129,1.82725,9.565217391304348,21,0.0959,1.41404,1.41404,-1.82725,23.642857142857142,4,3451441.0,14.0,3.0,Javi Gracia,Ronald Koeman,José María Sánchez Martínez,3-5-2 flat,3-5-2 flat,1049.0,131.0,178000000.0,25.795781220832556,180.72727272727272,210.0,479000000.0,27.550992470910334,181.0909090909091,799.0
716,Granada,Cadiz,17:30,9,8,2,4,6,5,12,10,7,2,1,0,A,A,0,1,2021-05-02,1.986,1.60276,1.60276,0.678326,10.833333333333334,4,0.7137,0.924434,0.924434,-0.678326,4.875,5,3451436.0,9.0,12.0,Diego Martínez,Álvaro Cervera,Isidro Díaz de Mera Escuderos,4-2-3-1,4-4-2,16795.0,2687.0,47900000.0,29.574015307074855,182.8181818181818,99.0,21900000.0,29.651919606745068,181.36363636363637,5.0
717,Real Valladolid,Real Betis,13:00,10,11,2,4,3,2,7,14,2,5,0,0,D,D,1,1,2021-05-02,2.2992,1.88115,1.88115,1.11868,8.0,10,0.489,0.76247,0.76247,-1.11868,17.125,3,3451439.0,17.0,7.0,Sergio,Manuel Pellegrini,Valentin Pizarro Gomez,4-1-4-1,4-2-3-1,366.0,150.0,28400000.0,29.25667351129363,180.45454545454547,83.0,123700000.0,28.77008275776243,180.45454545454547,381.0
718,Villarreal,Getafe,15:15,4,15,3,3,4,4,13,17,1,2,0,0,D,H,1,0,2021-05-02,1.5485,0.487189,0.487189,0.303038,10.235294117647058,6,0.8951,0.184151,0.184151,-0.303038,5.785714285714286,7,3451442.0,6.0,15.0,Unai Emery,Pepe Bordalás,Estrada Fernández,4-2-3-1,4-4-2,1050.0,3709.0,140900000.0,27.89496608798457,182.0,167.0,108250000.0,27.22070810777176,182.72727272727272,255.0
719,Sevilla,Athletic Club,20:00,18,8,3,2,6,2,13,15,1,0,0,0,D,A,0,1,2021-05-03,1.2277,0.6882,0.6882,-0.1047949999999999,21.5,4,1.405,0.792995,0.792995,0.1047949999999999,7.266666666666667,14,3451440.0,4.0,8.0,Julen Lopetegui,Marcelino,Jesús Gil Manzano,4-2-3-1,4-4-2,368.0,621.0,264000000.0,29.451309812706118,179.9090909090909,471.0,97200000.0,26.821977474954885,182.54545454545453,67.0
720,Real Sociedad,Elche,20:00,16,1,3,0,7,0,8,10,1,3,0,1,D,H,2,0,2021-05-07,0.0705,0.0778732,0.0778732,-2.3165568,22.214285714285715,0,2.8698,2.39443,2.39443,2.3165568,7.533333333333333,13,3451450.0,5.0,19.0,Imanol Alguacil,Fran Escribá,Adrián Cordero Vega,4-2-3-1,4-4-2,681.0,1531.0,204800000.0,26.81202165391077,181.72727272727272,153.0,21200000.0,29.003048970194758,183.9090909090909,7.0
721,Alaves,Levante,13:00,15,6,5,3,8,3,12,18,2,1,0,0,A,D,2,2,2021-05-08,1.0723,0.987587,0.987587,-0.3423229999999999,10.947368421052632,5,1.6231,1.32991,1.32991,0.3423229999999999,11.736842105263158,3,3451443.0,16.0,14.0,Javier Calleja,Paco López,Carlos del Cerro Grande,4-3-3 Attacking,4-4-2 double 6,1108.0,3368.0,43800000.0,29.768900504013438,182.54545454545453,26.0,40400000.0,27.144794972310375,180.54545454545453,9.0
722,Barcelona,Atletico Madrid,15:15,12,11,7,6,5,7,13,26,3,3,0,0,D,D,0,0,2021-05-08,1.1643,0.685355,0.685355,-0.1682319999999999,10.612903225806452,6,1.4793,0.853587,0.853587,0.1682319999999999,8.206896551724139,7,3451445.0,3.0,1.0,Ronald Koeman,Diego Simeone,Mateu Lahoz,3-5-2 flat,3-5-2 flat,131.0,13.0,469000000.0,27.55074357538423,180.36363636363637,776.0,422000000.0,28.76137141434883,180.63636363636363,588.0
723,Cadiz,SD Huesca,17:30,11,13,1,5,3,3,14,13,4,0,0,0,H,H,2,1,2021-05-08,0.7331,0.43525,0.43525,-0.555354,4.538461538461538,4,1.934,0.990604,0.990604,0.555354,15.736842105263158,3,3451446.0,11.0,18.0,Álvaro Cervera,Pacheta,Alejandro Hernández Hernández,4-4-2 double 6,3-5-2 flat,2687.0,5358.0,22100000.0,28.249393317155125,182.8181818181818,79.0,38700000.0,28.238441914006593,181.0,61.0
724,Athletic Club,Osasuna,20:00,13,13,3,4,10,4,4,10,1,2,0,0,D,D,2,2,2021-05-08,1.4982,1.55726,1.55726,0.1642300000000001,10.944444444444445,8,1.224,1.39303,1.39303,-0.1642300000000001,22.307692307692307,8,3451444.0,9.0,12.0,Marcelino,Jagoba Arrasate,Valentin Pizarro Gomez,4-4-2,4-1-4-1,621.0,331.0,98200000.0,25.91749113309688,182.9090909090909,92.0,46700000.0,28.096073673075725,184.54545454545453,44.0
725,Getafe,Eibar,13:00,10,7,2,3,4,2,11,11,1,2,0,0,D,A,0,1,2021-05-09,1.6764,1.06817,0.324888,-0.442143,5.642857142857143,6,0.9597,0.767031,0.767031,0.442143,13.916666666666666,1,3451447.0,15.0,20.0,Pepe Bordalás,José Luis Mendilibar,Javier Alberola Rojas,4-4-2,4-4-2,3709.0,1533.0,110000000.0,28.1622798830191,182.9090909090909,273.0,54900000.0,28.8786012071433,182.1818181818182,25.0
726,Valencia,Real Valladolid,15:15,6,19,3,2,1,9,17,6,0,0,0,0,H,H,3,0,2021-05-09,0.8485,0.754813,0.754813,-0.509617,11.904761904761903,5,1.8502,1.26443,1.26443,0.509617,13.476190476190476,5,3451451.0,13.0,17.0,Voro,Sergio,Jesús Gil Manzano,3-4-2-1,4-3-3 Attacking,1049.0,366.0,185500000.0,25.63250575570904,180.8181818181818,256.0,33500000.0,28.212805674817993,179.9090909090909,109.0
727,Villarreal,Celta Vigo,17:30,16,11,7,6,5,3,11,16,3,3,2,1,A,A,2,4,2021-05-09,0.9737,1.98001,0.493451,-1.271989,10.807692307692308,2,1.7642,2.50872,1.76544,1.271989,10.555555555555555,13,3451452.0,7.0,8.0,Unai Emery,Eduardo Coudet,Medié Jiménez,4-3-3 Attacking,4-4-2 double 6,1050.0,940.0,79500000.0,28.294941198431957,181.72727272727272,164.0,79000000.0,26.450874245535434,178.9090909090909,88.0
728,Real Madrid,Sevilla,20:00,16,7,6,3,7,3,8,8,1,2,0,0,A,D,2,2,2021-05-09,1.4175999999999995,1.07261,0.329334,-0.667036,23.0,1,1.2085,0.99637,0.99637,0.667036,13.19047619047619,13,3451449.0,2.0,4.0,Zinédine Zidane,Julen Lopetegui,Juan Martínez Munuera,4-3-3 Attacking,4-3-3 Attacking,418.0,368.0,377500000.0,28.656337502333397,181.72727272727272,675.0,254000000.0,29.73181507062411,179.63636363636363,379.0
729,Real Betis,Granada,20:00,14,11,6,5,9,2,16,11,2,4,0,0,H,H,2,1,2021-05-10,1.5477,2.08496,2.08496,0.23794,11.85,4,1.1727,1.84702,1.84702,-0.23794,7.0,6,3451448.0,6.0,10.0,Manuel Pellegrini,Diego Martínez,César Soto Grado,4-2-3-1,4-2-3-1,150.0,16795.0,115700000.0,29.449567544023395,183.0,152.0,64400000.0,28.65758197996391,182.72727272727272,109.0
730,Osasuna,Cadiz,18:00,14,10,4,4,3,5,15,12,2,2,0,0,H,H,3,2,2021-05-11,0.8956999999999999,1.54692,0.803772,-0.6004079999999999,15.11111111111111,0,1.8488,2.14746,1.40418,0.6004079999999999,4.21875,9,3451460.0,11.0,12.0,Jagoba Arrasate,Álvaro Cervera,Unknown,4-4-1-1,4-4-2,331.0,2687.0,51700000.0,26.94343849169311,181.54545454545453,56.0,17200000.0,28.731503951216474,183.27272727272728,69.0
731,Elche,Alaves,19:00,11,9,4,2,7,5,21,15,2,4,0,0,A,A,0,2,2021-05-11,2.0328,1.66141,1.66141,0.7751990000000001,15.473684210526317,2,0.7050000000000001,0.886211,0.886211,-0.7751990000000001,5.739130434782608,2,3451456.0,19.0,15.0,Fran Escribá,Javier Calleja,Pablo González Fuertes,4-4-2 double 6,4-3-3 Attacking,1531.0,1108.0,19800000.0,28.346213676809157,184.36363636363637,10.0,42200000.0,29.810466056872624,183.1818181818182,24.0
732,Levante,Barcelona,21:00,16,17,6,5,8,6,12,4,2,2,0,0,A,D,3,3,2021-05-11,2.4627000000000003,3.0801,3.0801,1.80283,13.352941176470589,10,0.399,1.27727,1.27727,-1.80283,18.38888888888889,7,3451459.0,13.0,3.0,Paco López,Ronald Koeman,José Luis Munuera Montero,4-4-2 double 6,3-5-2 flat,3368.0,131.0,71300000.0,29.11530085246718,179.45454545454547,85.0,499000000.0,27.891232655093027,181.54545454545453,820.0
733,Atletico Madrid,Real Sociedad,21:00,12,14,4,7,1,7,11,15,0,0,0,0,H,H,2,1,2021-05-12,1.1969,1.53283,1.53283,-0.25797,7.444444444444445,9,1.5605,1.7908,1.7908,0.25797,19.476190476190474,6,3451453.0,1.0,5.0,Diego Simeone,Imanol Alguacil,Guillermo Cuadra Fernández,3-5-2 flat,4-2-3-1,13.0,681.0,437000000.0,28.860929624789993,181.8181818181818,580.0,211300000.0,25.631261278078526,180.54545454545453,143.0
734,SD Huesca,Athletic Club,19:00,18,4,6,3,5,0,9,14,0,1,0,0,D,H,1,0,2021-05-12,0.4315,0.401551,0.401551,-1.162129,7.419354838709677,0,2.3386,1.56368,1.56368,1.162129,10.272727272727272,6,3451458.0,17.0,9.0,Pacheta,Marcelino,Jorge Figueroa Vázquez,3-5-2,4-4-2 double 6,5358.0,621.0,41800000.0,27.71775247339929,180.45454545454547,61.0,91400000.0,26.900130670151203,182.63636363636363,86.0
735,Celta Vigo,Getafe,19:00,4,13,1,4,1,5,16,18,1,3,0,0,H,H,1,0,2021-05-12,2.2136,1.14081,1.14081,0.930865,8.324324324324325,6,0.4835,0.209945,0.209945,-0.930865,4.4,2,3451454.0,8.0,16.0,Eduardo Coudet,Pepe Bordalás,Mario Melero López,4-4-2,4-4-2,940.0,3709.0,78800000.0,26.330657706427726,178.27272727272728,55.0,101550000.0,26.962105656150833,182.1818181818182,245.0
736,Sevilla,Valencia,18:00,10,6,4,2,3,5,17,6,2,2,0,0,D,H,1,0,2021-05-12,0.7467,0.343195,0.343195,-0.52251,21.8,5,1.8792,0.865705,0.865705,0.52251,9.434782608695652,5,3451462.0,4.0,14.0,Julen Lopetegui,Voro,Estrada Fernández,4-3-3 Attacking,5-4-1 Diamond,368.0,1049.0,249500000.0,27.73218841391326,181.0909090909091,389.0,148000000.0,24.955261029183,181.1818181818182,144.0
737,Real Valladolid,Villarreal,18:00,11,9,2,3,3,6,15,14,3,1,0,0,D,A,0,2,2021-05-13,0.6686000000000001,0.600771,0.600771,-0.788989,6.545454545454546,9,2.0579,1.38976,1.38976,0.788989,11.48148148148148,5,3451461.0,18.0,7.0,Sergio,Unai Emery,De Burgos Bengoetxea,4-1-4-1,4-4-2,366.0,1050.0,25200000.0,28.731503951216474,180.63636363636363,86.0,179500000.0,29.542405575259785,182.27272727272728,108.0
738,Eibar,Real Betis,19:00,14,9,4,4,5,4,12,8,3,1,0,0,A,D,1,1,2021-05-13,0.8728,0.605825,0.605825,-0.501715,16.75,2,1.7997999999999998,1.10754,1.10754,0.501715,5.72,7,3451455.0,20.0,6.0,José Luis Mendilibar,Manuel Pellegrini,Isidro Díaz de Mera Escuderos,4-4-2,4-2-3-1,1533.0,150.0,54900000.0,28.88955261029183,182.1818181818182,25.0,118200000.0,29.04411673200174,179.1818181818182,301.0
739,Granada,Real Madrid,21:00,10,16,5,7,2,3,15,9,3,3,0,0,A,A,1,4,2021-05-13,1.1134,1.39286,1.39286,-0.30243,11.8125,6,1.6246,1.69529,1.69529,0.30243,13.433333333333334,8,3451457.0,10.0,2.0,Diego Martínez,Zinédine Zidane,Jesús Gil Manzano,4-2-3-1,4-3-3 Attacking,16795.0,418.0,50900000.0,29.719619189845062,183.72727272727272,59.0,360500000.0,26.051396926140253,181.54545454545453,711.0
740,Villarreal,Sevilla,17:30,12,17,5,5,3,6,9,7,0,3,0,1,H,H,4,0,2021-05-16,2.0404,2.51965,2.51965,0.91248,15.11111111111111,7,0.748,1.60717,1.60717,-0.91248,15.954545454545457,3,3451472.0,7.0,4.0,Unai Emery,Julen Lopetegui,Guillermo Cuadra Fernández,4-4-2 double 6,4-2-3-1,1050.0,368.0,152800000.0,29.262647003920105,181.63636363636363,210.0,234000000.0,30.101673822413044,179.9090909090909,418.0
741,Valencia,Eibar,17:30,9,20,5,8,2,10,5,7,0,0,0,0,H,H,4,1,2021-05-16,2.3202,2.68303,2.68303,1.35002,15.11111111111111,6,0.4947,1.33301,1.33301,-1.35002,26.22222222222222,3,3451471.0,13.0,20.0,Voro,José Luis Mendilibar,Valentin Pizarro Gomez,3-4-2-1,4-4-2,1049.0,1533.0,185500000.0,25.651670711218966,180.8181818181818,256.0,29500000.0,28.874369983199554,181.63636363636363,52.0
742,Real Sociedad,Real Valladolid,17:30,13,19,8,5,2,4,16,11,2,4,0,1,H,H,4,1,2021-05-16,0.8362,1.04641,1.04641,0.1097300000000001,26.071428571428573,7,1.9039,1.67996,0.93668,-0.1097300000000001,9.851851851851851,5,3451470.0,5.0,19.0,Imanol Alguacil,Sergio,Carlos del Cerro Grande,4-2-3-1,4-4-2,681.0,366.0,209000000.0,27.289154377450064,181.72727272727272,153.0,28300000.0,27.018356045050094,180.54545454545453,44.0
743,Getafe,Levante,17:30,9,5,3,1,3,4,15,11,5,0,1,0,D,H,2,1,2021-05-16,1.0009,0.441218,0.441218,-0.328393,7.545454545454546,4,1.5901,0.769611,0.769611,0.328393,8.571428571428571,6,3451468.0,16.0,14.0,Pepe Bordalás,Paco López,Adrián Cordero Vega,4-4-2,4-4-2,3709.0,3368.0,122000000.0,27.439736170742332,180.72727272727272,257.0,48000000.0,26.86055628150084,180.36363636363637,9.0
744,Cadiz,Elche,17:30,7,20,3,5,1,8,13,15,3,4,0,0,H,A,1,3,2021-05-16,2.5174,2.83914,2.83914,2.509828,8.588235294117647,6,0.3346,1.07259,0.329312,-2.509828,24.6,2,3451467.0,12.0,18.0,Álvaro Cervera,Fran Escribá,César Soto Grado,4-4-2,3-4-1-2,2687.0,1531.0,18700000.0,27.863605251695603,183.63636363636363,79.0,20900000.0,29.334080019911642,181.54545454545453,2.0
745,Real Betis,SD Huesca,17:30,10,7,2,0,2,5,15,19,1,5,0,1,D,H,1,0,2021-05-16,0.3992,0.249221,0.249221,-0.180479,8.142857142857142,1,2.3456,1.17298,0.4297,0.180479,8.107142857142858,8,3451469.0,6.0,17.0,Manuel Pellegrini,Pacheta,Pablo González Fuertes,4-2-3-1,3-1-4-2,150.0,5358.0,125200000.0,28.9724348204841,181.45454545454547,116.0,41800000.0,27.72870387654782,180.45454545454547,61.0
746,Barcelona,Celta Vigo,17:30,20,4,4,4,7,1,9,14,3,2,1,0,D,A,1,2,2021-05-16,0.3548,0.631271,0.631271,-1.478389,12.333333333333334,4,2.4704,2.10966,2.10966,1.478389,15.0,20,3451466.0,3.0,8.0,Ronald Koeman,Eduardo Coudet,De Burgos Bengoetxea,3-5-2 flat,4-4-2 double 6,131.0,940.0,434000000.0,27.38771700578682,181.9090909090909,781.0,79800000.0,26.71296123452181,178.9090909090909,105.0
747,Atletico Madrid,Osasuna,17:30,26,5,9,2,8,0,2,13,1,2,0,0,D,H,2,1,2021-05-16,0.1747,0.673558,0.673558,-2.301692,20.11764705882353,1,2.7292,2.97525,2.97525,2.301692,6.176470588235294,18,3451465.0,1.0,11.0,Diego Simeone,Jagoba Arrasate,Juan Martínez Munuera,4-3-3 Attacking,5-4-1,13.0,331.0,437000000.0,28.871881027938525,181.8181818181818,580.0,50800000.0,27.736917428909216,182.8181818181818,42.0
748,Athletic Club,Real Madrid,17:30,8,11,1,2,4,11,10,7,3,2,1,0,D,A,0,1,2021-05-16,1.8332,1.21866,1.21866,0.5131650000000001,10.944444444444445,6,0.8546,0.705495,0.705495,-0.5131650000000001,15.88888888888889,5,3451464.0,9.0,2.0,Marcelino,Zinédine Zidane,Mateu Lahoz,4-4-2,4-3-3 Attacking,621.0,418.0,119700000.0,26.683591562441666,181.9090909090909,115.0,370000000.0,26.4735237384108,181.45454545454547,714.0
749,Alaves,Granada,17:30,14,5,9,2,6,1,7,11,2,4,0,0,H,H,4,2,2021-05-16,0.2347,0.841672,0.841672,-1.995958,15.0,1,2.6452,2.83763,2.83763,1.995958,13.235294117647058,6,3451463.0,15.0,10.0,Javier Calleja,Diego Martínez,José María Sánchez Martínez,4-4-2,4-2-3-1,1108.0,16795.0,46200000.0,29.469728081637733,182.9090909090909,26.0,41100000.0,27.041752224503764,183.1818181818182,21.0
750,Levante,Cadiz,20:00,17,6,4,2,7,0,17,8,0,2,0,0,A,D,2,2,2021-05-21,0.4911999999999999,0.424135,0.424135,-1.088525,22.2,0,2.266,1.51266,1.51266,1.088525,4.517241379310345,6,3451478.0,14.0,12.0,Paco López,Álvaro Cervera,Estrada Fernández,4-4-2 double 6,4-3-3 Attacking,3368.0,2687.0,55200000.0,27.032543090037958,179.63636363636363,90.0,15400000.0,30.512600336008962,182.63636363636363,5.0
751,Real Valladolid,Atletico Madrid,17:00,10,14,4,3,4,6,11,11,4,6,0,0,H,A,1,2,2021-05-22,1.5683000000000002,1.2916,1.2916,0.295965,9.409090909090908,10,1.136,0.995635,0.995635,-0.295965,9.65,6,3451481.0,19.0,1.0,Sergio,Diego Simeone,José María Sánchez Martínez,4-4-2,4-3-3 Attacking,366.0,13.0,32000000.0,28.12867898699521,179.0,90.0,472000000.0,28.52168502271172,181.63636363636363,601.0
752,Real Madrid,Villarreal,17:00,14,6,4,2,6,1,8,13,0,0,0,0,A,H,2,1,2021-05-22,1.1375000000000002,0.614418,0.614418,-0.1898799999999999,15.421052631578949,4,1.4819,0.804298,0.804298,0.1898799999999999,12.04,9,3451480.0,2.0,7.0,Zinédine Zidane,Unai Emery,José Luis Munuera Montero,4-3-3 Attacking,4-4-2 double 6,418.0,1050.0,430000000.0,26.644763860369608,183.1818181818182,779.0,162300000.0,29.239997511044738,183.36363636363637,185.0
753,Osasuna,Real Sociedad,17:00,7,11,1,1,3,3,15,7,1,0,0,0,D,A,0,1,2021-05-22,2.6015,2.08092,2.08092,1.6659799999999998,10.75,9,0.2593999999999999,0.41494,0.41494,-1.6659799999999998,14.590909090909092,3,3451479.0,11.0,5.0,Jagoba Arrasate,Imanol Alguacil,Jorge Figueroa Vázquez,4-1-4-1,4-2-3-1,331.0,681.0,32100000.0,28.60879845684774,182.36363636363637,16.0,231000000.0,26.742330906601953,180.1818181818182,165.0
754,Eibar,Barcelona,17:00,17,7,3,3,6,3,11,15,0,3,0,0,D,A,0,1,2021-05-22,0.3837,0.284589,0.284589,-1.165091,6.809523809523809,3,2.3991,1.44968,1.44968,1.165091,18.48,6,3451474.0,20.0,3.0,José Luis Mendilibar,Ronald Koeman,Santiago Jaime Latre,4-4-2 double 6,3-4-3,1533.0,131.0,45900000.0,29.450314230601705,180.45454545454547,51.0,340000000.0,24.74295314541721,183.27272727272728,528.0
755,Elche,Athletic Club,17:00,8,8,3,2,3,1,10,6,3,0,0,0,H,H,2,0,2021-05-22,0.4043,0.303264,0.303264,-1.027556,10.909090909090908,2,2.3675,1.33082,1.33082,1.027556,12.208333333333334,2,3451475.0,17.0,9.0,Fran Escribá,Marcelino,Carlos del Cerro Grande,3-5-2,4-4-2 double 6,1531.0,621.0,21400000.0,29.425673573517518,182.27272727272728,2.0,81200000.0,26.588513471470353,182.0,8.0
756,Celta Vigo,Real Betis,17:00,11,11,4,5,8,4,20,20,6,7,0,1,H,A,2,3,2021-05-22,2.1642,2.06863,1.32535,0.850209,10.958333333333334,7,0.5847,1.21829,0.475141,-0.850209,6.047619047619048,9,3451473.0,8.0,6.0,Eduardo Coudet,Manuel Pellegrini,Jesús Gil Manzano,4-4-2 double 6,4-2-3-1,940.0,150.0,79800000.0,26.7293883392446,178.9090909090909,105.0,107200000.0,28.05401032916433,180.27272727272728,287.0
757,SD Huesca,Valencia,17:00,23,11,8,4,9,3,17,15,2,1,0,0,D,D,0,0,2021-05-22,0.8085,0.421299,0.421299,-0.553489,12.75,1,1.8408,0.974788,0.974788,0.553489,6.0,5,3451477.0,18.0,13.0,Pacheta,Voro,Guillermo Cuadra Fernández,3-5-2,5-4-1,5358.0,1049.0,38300000.0,27.218468048036836,180.36363636363637,62.0,156000000.0,24.641901561819427,181.8181818181818,208.0
758,Granada,Getafe,17:30,9,11,3,2,6,3,16,13,4,2,0,0,D,D,0,0,2021-05-23,1.2656,0.46059,0.46059,0.0156029999999999,4.230769230769231,1,1.2512,0.444987,0.444987,-0.0156029999999999,8.526315789473685,1,3451476.0,10.0,15.0,Diego Martínez,Pepe Bordalás,Medié Jiménez,Unknown,4-4-1-1,16795.0,3709.0,10700000.0,26.773442847364816,184.6,2.0,96550000.0,26.523551739157487,182.36363636363637,276.0
759,Sevilla,Alaves,20:00,11,11,2,2,6,4,11,8,1,0,0,0,D,H,1,0,2021-05-23,1.7629,0.785012,0.785012,0.427962,22.764705882352946,2,0.8412999999999999,0.35705,0.35705,-0.427962,7.047619047619048,6,3451482.0,4.0,16.0,Julen Lopetegui,Javier Calleja,Isidro Díaz de Mera Escuderos,4-3-3 Attacking,4-3-3 Attacking,368.0,1108.0,211500000.0,28.328790989981954,182.72727272727272,287.0,26900000.0,28.38728143861614,182.27272727272728,94.0
760,Valencia,Getafe,20:00,4,22,2,4,1,9,24,15,6,3,1,1,H,H,1,0,2021-08-13,0.9923,1.19326,1.19326,0.3579329999999999,4.4375,12,1.7477,1.57861,0.835327,-0.3579329999999999,10.15,1,3605045.0,5.0,17.0,Pepe Bordalás,Míchel,Jesús Gil Manzano,4-4-2 double 6,5-3-2,1049.0,3709.0,178500000.0,25.77661626532263,181.9090909090909,199.0,105000000.0,27.179889241490887,182.45454545454547,277.0
761,Cadiz,Levante,18:30,7,12,2,3,2,4,10,16,1,5,0,0,A,D,1,1,2021-08-14,1.2308,0.915954,0.915954,-0.077635,7.285714285714286,3,1.433,0.993589,0.993589,0.077635,17.4375,2,3605042.0,7.0,8.0,Álvaro Cervera,Paco López,Santiago Jaime Latre,4-2-3-1,4-4-2 double 6,2687.0,3368.0,32400000.0,28.92365129736793,180.45454545454547,161.0,55300000.0,29.72857942878477,180.27272727272728,5.0
762,Mallorca,Real Betis,18:30,6,10,2,1,4,3,12,18,1,3,0,0,H,D,1,1,2021-08-14,1.5589,0.814085,0.814085,0.2445069999999999,6.72,11,1.0585,0.569578,0.569578,-0.2445069999999999,18.72222222222222,1,3605041.0,9.0,6.0,Luis García,Manuel Pellegrini,Mateu Lahoz,4-3-3 Attacking,4-2-3-1,237.0,150.0,21500000.0,29.477443842946922,179.45454545454547,19.0,84400000.0,27.307572646381683,180.72727272727272,67.0
763,Alaves,Real Madrid,21:00,11,19,4,7,0,4,14,10,1,2,0,0,D,A,1,4,2021-08-14,1.9244,2.15551,2.15551,1.487815,12.5,17,0.8353999999999999,1.41097,0.667695,-1.487815,15.045454545454543,2,3605038.0,19.0,1.0,Javier Calleja,Carlo Ancelotti,César Soto Grado,4-2-3-1,4-3-3 Attacking,1108.0,418.0,40200000.0,29.00802688071682,181.9090909090909,25.0,383000000.0,29.85999626656711,182.1818181818182,745.0
764,Osasuna,Espanyol,21:00,14,10,1,3,4,6,18,12,3,3,0,0,D,D,0,0,2021-08-14,1.2668,0.583698,0.583698,0.004294,7.2,0,1.3115,0.579404,0.579404,-0.004294,5.027027027027027,11,3605043.0,14.0,13.0,Jagoba Arrasate,Vicente Moreno,Miguel Ángel Ortiz Arias,4-1-4-1,4-2-3-1,331.0,714.0,53300000.0,27.803372534378695,183.72727272727272,47.0,39500000.0,28.667537801008027,179.63636363636363,14.0
765,Sevilla,Rayo Vallecano,21:15,21,4,8,3,4,0,14,7,1,0,0,1,H,H,3,0,2021-08-15,0.035,0.484078,0.484078,-2.446662,33.0,0,2.942,3.67402,2.93074,2.446662,5.818181818181818,10,3605044.0,2.0,20.0,Julen Lopetegui,Andoni Iraola,Isidro Díaz de Mera Escuderos,3-4-2-1,4-2-3-1,368.0,367.0,231000000.0,27.903677431398172,181.0,289.0,17300000.0,27.311554974799325,179.72727272727272,43.0
766,Celta Vigo,Atletico Madrid,16:30,10,13,2,4,2,5,11,9,4,5,1,1,A,A,1,2,2021-08-15,1.5243000000000002,1.805,1.805,0.954287,15.736842105263158,3,1.1802,1.59399,0.850713,-0.954287,7.333333333333333,4,3605040.0,16.0,4.0,Eduardo Coudet,Diego Simeone,José Luis Munuera Montero,4-4-2 Diamond,3-5-2 flat,940.0,13.0,89500000.0,28.677493622052143,180.27272727272728,191.0,505000000.0,27.58558894903864,181.72727272727272,530.0
767,Barcelona,Real Sociedad,19:00,13,11,8,3,5,3,11,18,2,4,0,0,H,H,4,2,2021-08-15,0.1226,0.902312,0.902312,-2.5625280000000004,12.0,3,2.8178,3.46484,3.46484,2.5625280000000004,6.857142857142857,7,3605039.0,3.0,18.0,Ronald Koeman,Imanol Alguacil,Alejandro Hernández Hernández,4-3-3 Attacking,4-2-3-1,131.0,681.0,360500000.0,27.686391637110322,180.36363636363637,711.0,241000000.0,26.821230788376578,180.0909090909091,165.0
768,Elche,Athletic Club,21:00,8,9,2,3,6,8,13,19,2,2,0,0,D,D,0,0,2021-08-16,0.9474,0.634866,0.634866,-0.2986989999999999,8.241379310344827,4,1.6812,0.933565,0.933565,0.2986989999999999,12.133333333333333,4,3605047.0,15.0,11.0,Fran Escribá,Marcelino,Adrián Cordero Vega,3-5-2 Attacking,4-4-2 double 6,1531.0,621.0,23600000.0,30.056872627714515,183.27272727272728,78.0,96200000.0,26.731130607927323,180.54545454545453,78.0
769,Villarreal,Granada,19:00,14,6,4,1,6,2,19,21,5,1,1,0,D,D,0,0,2021-08-16,0.4804,0.246735,0.246735,-0.971175,9.193548387096774,3,2.2372,1.21791,1.21791,0.971175,4.297297297297297,7,3605046.0,10.0,12.0,Unai Emery,Robert Moreno,Pablo González Fuertes,4-4-2 double 6,4-3-3 Attacking,1050.0,16795.0,150000000.0,28.083877792296686,182.36363636363637,285.0,53300000.0,27.59131354613901,180.9090909090909,67.0
770,Real Betis,Cadiz,20:00,16,8,7,3,4,5,12,10,4,0,0,0,D,D,1,1,2021-08-20,1.0795,1.4533,0.710021,-1.113349,30.33333333333333,4,1.6435,1.82337,1.82337,1.113349,3.5217391304347827,10,3605051.0,12.0,8.0,Manuel Pellegrini,Álvaro Cervera,Valentin Pizarro Gomez,4-2-3-1,4-4-2 double 6,150.0,2687.0,89200000.0,28.00149337315662,179.63636363636363,247.0,27600000.0,29.105842822475267,180.1818181818182,161.0
771,Alaves,Mallorca,16:00,9,12,4,2,1,8,14,15,3,3,1,0,D,A,0,1,2021-08-21,1.212,0.82407,0.82407,-0.096907,8.526315789473685,5,1.4475,0.920977,0.920977,0.096907,8.32,3,3605048.0,19.0,6.0,Javier Calleja,Luis García,Alejandro Muñiz Ruiz,4-1-4-1,4-2-3-1,1108.0,237.0,39000000.0,29.599402650737353,181.72727272727272,25.0,29700000.0,27.14404828573206,179.8181818181818,67.0
772,Espanyol,Villarreal,18:30,14,12,3,2,9,7,10,10,3,4,0,0,D,D,0,0,2021-08-21,0.5388000000000001,0.597171,0.597171,-1.0914389999999998,7.523809523809524,8,2.2356000000000003,1.68861,1.68861,1.0914389999999998,14.882352941176473,4,3605054.0,10.0,9.0,Vicente Moreno,Unai Emery,Jorge Figueroa Vázquez,4-4-2 double 6,4-4-2 double 6,714.0,1050.0,51500000.0,28.0769087175658,181.63636363636363,19.0,128000000.0,28.854458341111318,182.72727272727272,267.0
773,Granada,Valencia,18:30,9,18,2,7,2,6,14,12,4,2,0,0,H,D,1,1,2021-08-21,2.0191,1.50025,0.756969,0.004276,5.894736842105263,8,0.7015,0.752693,0.752693,-0.004276,8.0,1,3605053.0,13.0,5.0,Robert Moreno,Pepe Bordalás,Carlos del Cerro Grande,3-5-2 flat,4-4-2,16795.0,1049.0,46500000.0,28.394499408873127,182.0,114.0,178500000.0,25.969012507000187,183.27272727272728,209.0
774,Athletic Club,Barcelona,21:00,16,9,7,3,13,2,15,10,1,2,0,1,D,D,1,1,2021-08-21,1.1960000000000002,1.18383,1.18383,-0.2505300000000001,6.055555555555555,3,1.5269,1.43436,1.43436,0.2505300000000001,13.214285714285714,7,3605049.0,15.0,4.0,Marcelino,Ronald Koeman,Juan Martínez Munuera,4-2-3-1,4-3-3 Attacking,621.0,131.0,102700000.0,26.376205587704558,180.36363636363637,78.0,360500000.0,27.702818741833116,180.36363636363637,711.0
775,Real Sociedad,Rayo Vallecano,16:00,13,9,8,1,5,4,19,15,3,4,0,0,D,H,1,0,2021-08-22,0.3518,0.76322,0.76322,-0.7626299999999999,9.962962962962964,2,2.4854,2.26913,1.52585,0.7626299999999999,5.111111111111111,12,3605057.0,7.0,20.0,Imanol Alguacil,Andoni Iraola,Santiago Jaime Latre,4-1-4-1,4-2-3-1,681.0,367.0,269000000.0,25.173293510049156,181.36363636363637,205.0,20400000.0,27.157737539667725,179.63636363636363,114.0
776,Atletico Madrid,Elche,18:30,8,4,4,2,2,1,16,10,2,2,0,0,H,H,1,0,2021-08-22,0.4325,0.168373,0.168373,-0.876707,16.1875,0,2.2736,1.04508,1.04508,0.876707,11.756756756756756,5,3605050.0,2.0,17.0,Diego Simeone,Fran Escribá,De Burgos Bengoetxea,3-1-4-2,3-1-4-2,13.0,1531.0,510000000.0,27.701823159728704,181.36363636363637,610.0,23600000.0,29.753220085868954,183.72727272727272,83.0
777,Levante,Real Madrid,21:00,8,19,4,5,4,6,17,7,3,2,1,0,A,D,3,3,2021-08-22,1.7348,2.14125,2.14125,0.5028799999999998,8.347826086956522,12,1.0115,1.63837,1.63837,-0.5028799999999998,12.4,2,3605055.0,11.0,3.0,Paco López,Carlo Ancelotti,Guillermo Cuadra Fernández,4-3-3 Attacking,4-3-3 Attacking,3368.0,418.0,65200000.0,29.044365627527842,180.1818181818182,7.0,388000000.0,29.280567481799515,182.54545454545453,588.0
778,Osasuna,Celta Vigo,21:00,15,4,7,0,1,2,19,8,4,3,0,0,D,D,0,0,2021-08-23,0.0498,0.084571,0.084571,-1.754329,14.928571428571429,4,2.9073,2.58218,1.8389,1.754329,6.040816326530612,12,3605056.0,14.0,16.0,Jagoba Arrasate,Eduardo Coudet,Javier Alberola Rojas,4-1-4-1,4-4-2 Diamond,331.0,940.0,53800000.0,27.26202476510485,182.1818181818182,21.0,85300000.0,28.449007529089666,180.9090909090909,184.0
779,Getafe,Sevilla,19:00,12,9,0,3,5,4,18,10,2,2,0,0,D,A,0,1,2021-08-23,1.8045,0.813891,0.813891,0.422038,10.307692307692308,5,0.8192999999999999,0.391853,0.391853,-0.422038,11.709677419354838,5,3605052.0,18.0,1.0,Míchel,Julen Lopetegui,José María Sánchez Martínez,4-4-2,4-2-3-1,3709.0,368.0,106500000.0,27.703565428411423,182.36363636363637,277.0,257000000.0,28.822848609296248,179.63636363636363,355.0
780,Mallorca,Espanyol,19:00,12,8,6,3,3,2,16,17,4,3,0,1,H,H,1,0,2021-08-27,0.4802,0.296878,0.296878,-0.990452,8.043478260869565,2,2.2529000000000003,1.28733,1.28733,0.990452,9.346153846153848,9,3605062.0,6.0,16.0,Luis García,Vicente Moreno,Isidro Díaz de Mera Escuderos,4-2-3-1,4-4-2 double 6,237.0,714.0,30500000.0,27.29736792981146,181.0,65.0,46200000.0,28.904735237384106,182.8181818181818,10.0
781,Valencia,Alaves,21:15,9,10,4,3,4,4,20,15,1,4,0,0,H,H,3,0,2021-08-27,0.1454,0.360675,0.360675,-1.979305,8.130434782608695,5,2.7662,2.33998,2.33998,1.979305,6.733333333333333,10,3605065.0,3.0,20.0,Pepe Bordalás,Javier Calleja,Miguel Ángel Ortiz Arias,4-4-2 double 6,4-4-2 double 6,1049.0,1108.0,178500000.0,25.81494617634248,181.9090909090909,199.0,37300000.0,27.211001182253746,183.8181818181818,120.0
782,Celta Vigo,Athletic Club,16:00,13,6,0,2,5,4,12,11,2,1,0,0,A,A,0,1,2021-08-28,1.8574,1.45227,1.45227,0.5177029999999999,11.826086956521738,5,0.8676999999999999,0.934567,0.934567,-0.5177029999999999,4.0606060606060606,8,3605061.0,18.0,9.0,Eduardo Coudet,Marcelino,Mateu Lahoz,4-4-2 Diamond,4-2-3-1,940.0,621.0,93500000.0,29.110322941945117,180.1818181818182,204.0,122200000.0,26.71744135399166,180.63636363636363,127.0
783,Elche,Sevilla,18:30,7,18,4,5,5,3,6,9,2,0,0,0,D,D,1,1,2021-08-28,2.0583,1.70035,1.70035,0.8449150000000001,5.666666666666667,13,0.6987,0.855435,0.855435,-0.8449150000000001,33.92307692307692,2,3605067.0,15.0,2.0,Fran Escribá,Julen Lopetegui,Valentin Pizarro Gomez,3-5-2 Attacking,4-2-3-1,1531.0,368.0,26600000.0,29.875925580237695,183.1818181818182,83.0,201000000.0,29.189222823719742,181.72727272727272,415.0
784,Real Sociedad,Levante,18:30,7,6,2,0,2,2,17,13,1,1,0,0,H,H,1,0,2021-08-28,0.9822,0.521015,0.521015,-0.33486,8.65625,2,1.6335000000000002,0.855875,0.855875,0.33486,9.928571428571429,5,3605064.0,7.0,13.0,Imanol Alguacil,Paco López,José Luis Munuera Montero,4-1-4-1,4-4-2 double 6,681.0,3368.0,269000000.0,25.189720614771947,181.36363636363637,205.0,54200000.0,28.02115611971875,181.1818181818182,84.0
785,Real Betis,Real Madrid,21:00,11,13,6,3,3,7,15,13,5,3,0,0,D,A,0,1,2021-08-28,1.8386,0.94097,0.94097,0.520283,9.741935483870968,5,0.8029999999999999,0.420687,0.420687,-0.520283,6.970588235294118,4,3605060.0,14.0,1.0,Manuel Pellegrini,Carlo Ancelotti,Alejandro Hernández Hernández,4-2-3-1,4-3-3 Attacking,150.0,418.0,102700000.0,28.81264389272603,179.0909090909091,294.0,425000000.0,27.33669342293572,182.63636363636363,651.0
786,Atletico Madrid,Villarreal,21:00,24,2,5,2,16,0,11,6,4,2,0,0,D,D,2,2,2021-08-29,0.368,0.448731,0.448731,-1.324269,17.46153846153846,4,2.4272,1.773,1.773,1.324269,13.954545454545457,14,3605058.0,5.0,11.0,Diego Simeone,Unai Emery,César Soto Grado,3-5-2 flat,4-4-2 double 6,13.0,1050.0,485000000.0,28.554290336631198,180.1818181818182,687.0,145000000.0,27.957189969510296,181.54545454545453,336.0
787,Rayo Vallecano,Granada,18:30,19,9,6,3,5,6,19,14,1,4,0,0,H,H,4,0,2021-08-29,0.3155,0.586302,0.586302,-0.8667380000000001,7.304347826086956,6,2.5349,2.19631,1.45304,0.8667380000000001,6.612903225806452,5,3605066.0,10.0,17.0,Andoni Iraola,Robert Moreno,Jesús Gil Manzano,4-2-3-1,4-3-3 Attacking,367.0,16795.0,21100000.0,27.360836288967707,181.45454545454547,154.0,43000000.0,29.664364383050213,182.45454545454547,65.0
788,Cadiz,Osasuna,18:30,7,14,3,4,4,11,9,6,4,0,0,0,H,A,2,3,2021-08-29,2.1289,2.28418,0.797628,0.179417,5.733333333333333,15,0.6255999999999999,1.36149,0.618211,-0.179417,16.27777777777778,3,3605063.0,12.0,8.0,Álvaro Cervera,Jagoba Arrasate,Adrián Cordero Vega,4-1-4-1,4-1-4-1,2687.0,331.0,29900000.0,28.93908281998631,179.36363636363637,156.0,45000000.0,28.118723165951096,182.0,23.0
789,Barcelona,Getafe,16:00,7,8,3,3,3,2,16,22,3,1,0,0,H,H,2,1,2021-08-29,0.5781999999999999,0.283315,0.283315,-0.7679050000000001,10.534883720930232,3,2.1061,1.05122,1.05122,0.7679050000000001,5.470588235294118,4,3605059.0,4.0,19.0,Ronald Koeman,Míchel,Pablo González Fuertes,4-3-3 Attacking,4-4-2 double 6,131.0,3709.0,356000000.0,28.02439176155809,181.54545454545453,722.0,109500000.0,26.229606122829942,183.63636363636363,322.0
790,Levante,Rayo Vallecano,17:30,7,22,2,6,2,5,14,16,3,4,0,0,H,D,1,1,2021-09-11,2.499,2.7683,2.7683,2.401647,5.535714285714286,3,0.348,1.10993,0.366653,-2.401647,9.869565217391305,4,3605199.0,14.0,13.0,Paco López,Andoni Iraola,Javier Alberola Rojas,4-3-3 Attacking,4-2-3-1,3368.0,367.0,52900000.0,28.340986870761,180.8181818181818,4.0,21100000.0,27.396428349200423,181.45454545454547,154.0
791,Athletic Club,Mallorca,20:00,19,7,5,1,7,2,7,13,1,2,0,0,D,H,2,0,2021-09-11,0.2458,0.22503,0.22503,-1.62997,7.043478260869565,5,2.5978,1.855,1.855,1.62997,10.043478260869565,9,3605194.0,7.0,8.0,Marcelino,Luis García,Jorge Figueroa Vázquez,4-4-2,4-2-3-1,621.0,237.0,121200000.0,28.00945802999191,180.27272727272728,123.0,32900000.0,26.74581544396739,180.1818181818182,69.0
792,Espanyol,Atletico Madrid,13:00,9,13,3,3,6,3,10,11,1,4,0,0,H,A,1,2,2021-09-12,1.6777,0.732283,0.732283,0.358392,7.1923076923076925,12,0.9055,0.373891,0.373891,-0.358392,9.592592592592592,3,3605198.0,15.0,3.0,Vicente Moreno,Diego Simeone,Juan Martínez Munuera,4-2-3-1,3-4-2-1,714.0,13.0,51000000.0,27.778980772820606,179.27272727272728,19.0,444000000.0,29.531454172111253,181.0909090909091,698.0
793,Osasuna,Valencia,15:15,11,10,2,4,4,4,20,14,4,2,0,0,D,A,1,4,2021-09-12,1.8136,0.924929,0.924929,0.467677,12.266666666666667,8,0.8266,0.457252,0.457252,-0.467677,4.96,4,3605200.0,12.0,2.0,Jagoba Arrasate,Pepe Bordalás,De Burgos Bengoetxea,4-1-4-1,4-4-2 double 6,331.0,1049.0,51300000.0,27.682907099744885,181.8181818181818,20.0,178500000.0,25.858751788936594,181.9090909090909,199.0
794,Cadiz,Real Sociedad,17:30,6,16,1,4,2,8,10,9,4,0,1,0,D,A,0,2,2021-09-12,2.617,2.36611,1.62283,1.015067,3.0416666666666665,16,0.2488,0.607763,0.607763,-1.015067,26.133333333333333,3,3605196.0,16.0,4.0,Álvaro Cervera,Imanol Alguacil,Alejandro Muñiz Ruiz,4-4-2 double 6,4-1-4-1,2687.0,681.0,30600000.0,30.053388090349074,181.0,5.0,261500000.0,26.246779914131046,180.54545454545453,181.0
795,Real Madrid,Celta Vigo,20:00,15,11,11,4,7,3,8,16,2,3,0,0,A,H,5,2,2021-09-12,0.7036,1.99062,1.99062,-0.3035699999999999,18.15,13,2.1004,3.03734,2.29419,0.3035699999999999,11.7,12,3605201.0,1.0,18.0,Carlo Ancelotti,Eduardo Coudet,José María Sánchez Martínez,4-4-2 double 6,4-4-2 Diamond,418.0,940.0,388000000.0,28.065708418891173,181.27272727272728,725.0,98000000.0,28.763113683031545,179.45454545454547,191.0
796,Getafe,Elche,19:00,10,8,1,3,8,2,6,14,2,3,0,0,D,A,0,1,2021-09-13,2.0732,1.07401,1.07401,0.69441,18.75,5,0.6251,0.3796,0.3796,-0.69441,8.275862068965518,2,3605195.0,19.0,11.0,Míchel,Fran Escribá,Mario Melero López,4-4-2,3-5-2 flat,3709.0,1531.0,117500000.0,26.94318959616701,183.54545454545453,280.0,26800000.0,29.562068321821915,182.45454545454547,68.0
797,Granada,Real Betis,21:00,11,19,2,9,6,8,7,14,1,2,0,0,A,A,1,2,2021-09-13,2.4874,2.43767,2.43767,1.657593,7.392857142857143,17,0.3619,0.780077,0.780077,-1.657593,17.5,3,3605197.0,17.0,10.0,Robert Moreno,Manuel Pellegrini,Guillermo Cuadra Fernández,4-3-3 Attacking,4-2-3-1,16795.0,150.0,56000000.0,27.409370916557773,180.54545454545453,135.0,130700000.0,28.24839773505071,182.0909090909091,181.0
798,Celta Vigo,Cadiz,20:00,14,7,4,3,7,1,8,8,3,3,0,0,A,A,1,2,2021-09-17,1.4674,1.07407,0.234637,-0.759227,24.1875,1,1.1779,0.993864,0.993864,0.759227,3.3529411764705883,10,3605208.0,18.0,14.0,Eduardo Coudet,Álvaro Cervera,Isidro Díaz de Mera Escuderos,4-4-2 Diamond,4-1-4-1,940.0,2687.0,82000000.0,28.46394126065584,178.36363636363637,124.0,24800000.0,26.687822786385414,179.36363636363637,162.0
799,Rayo Vallecano,Getafe,13:00,11,13,5,3,5,3,20,16,6,7,0,0,H,H,3,0,2021-09-18,0.6872,1.15428,0.411,-0.8323399999999999,5.0,4,2.0531,1.98661,1.24334,0.8323399999999999,8.733333333333333,5,3605212.0,10.0,19.0,Andoni Iraola,Míchel,Adrián Cordero Vega,4-2-3-1,4-2-3-1,367.0,3709.0,18400000.0,27.66573330844378,182.9090909090909,154.0,94800000.0,26.40109514031485,184.9090909090909,267.0
800,Atletico Madrid,Athletic Club,15:15,14,6,2,0,5,5,10,13,6,2,1,0,D,D,0,0,2021-09-18,1.3554,1.10578,1.10578,0.0052499999999999,11.727272727272728,8,1.3155,1.10053,1.10053,-0.0052499999999999,12.095238095238097,11,3605205.0,2.0,7.0,Diego Simeone,Marcelino,Jesús Gil Manzano,3-5-2 flat,4-4-2 double 6,13.0,621.0,438000000.0,27.84717814697281,180.8181818181818,631.0,126200000.0,28.028622985501837,180.27272727272728,123.0
801,Elche,Levante,17:30,9,11,2,6,4,7,10,14,2,2,0,0,H,D,1,1,2021-09-18,1.8824,1.12463,1.12463,0.588118,16.4375,7,0.8063,0.536512,0.536512,-0.588118,22.454545454545453,2,3605213.0,13.0,15.0,Fran Escribá,Paco López,Miguel Ángel Ortiz Arias,3-5-2 Attacking,5-3-2,1531.0,3368.0,25600000.0,29.403521871694355,183.54545454545453,100.0,31000000.0,27.635616949785323,182.0909090909091,8.0
802,Alaves,Osasuna,20:00,8,13,3,5,2,8,11,14,4,3,0,0,A,A,0,2,2021-09-18,2.4548,1.32313,0.579857,0.3282559999999999,6.9393939393939394,1,0.3344,0.251601,0.251601,-0.3282559999999999,5.423076923076923,4,3605204.0,20.0,8.0,Javier Calleja,Jagoba Arrasate,Alejandro Hernández Hernández,4-4-2,4-1-4-1,1108.0,331.0,26600000.0,27.966896895028313,182.72727272727272,49.0,55800000.0,28.066704000995582,182.0909090909091,20.0
803,Valencia,Real Madrid,20:00,12,18,4,10,2,5,14,14,1,5,0,0,D,A,1,2,2021-09-19,1.9915,1.36343,1.36343,0.7159979999999999,12.7,17,0.7351,0.647432,0.647432,-0.7159979999999999,11.37037037037037,4,3605211.0,3.0,1.0,Pepe Bordalás,Carlo Ancelotti,Pablo González Fuertes,4-4-2 double 6,4-4-1-1,1049.0,418.0,151500000.0,25.268620496546575,182.72727272727272,180.0,438000000.0,28.911206521062784,181.27272727272728,835.0
804,Real Betis,Espanyol,17:30,23,11,9,4,10,4,13,9,4,4,1,0,H,D,2,2,2021-09-19,0.6539,1.21693,1.21693,-1.15198,14.61111111111111,5,2.1509,2.36891,2.36891,1.15198,6.96,12,3605207.0,12.0,16.0,Manuel Pellegrini,Vicente Moreno,César Soto Grado,4-2-3-1,4-1-4-1,150.0,714.0,138200000.0,29.35672951278701,181.36363636363637,211.0,50500000.0,28.112998568850728,179.36363636363637,19.0
805,Mallorca,Villarreal,13:00,10,11,1,3,3,1,11,16,2,3,0,0,D,D,0,0,2021-09-19,2.3468,1.63437,1.63437,1.1053160000000002,6.36,10,0.4439000000000001,0.529054,0.529054,-1.1053160000000002,11.961538461538462,3,3605209.0,9.0,11.0,Luis García,Unai Emery,Carlos del Cerro Grande,4-4-2 double 6,4-3-3 Attacking,237.0,1050.0,34200000.0,28.202849853773877,178.72727272727272,69.0,152500000.0,27.961670088980153,182.8181818181818,217.0
806,Real Sociedad,Sevilla,15:15,11,11,4,4,5,6,16,11,2,3,0,0,D,D,0,0,2021-09-19,0.885,0.7654,0.7654,0.3348739999999999,15.916666666666666,1,1.7649,1.17723,0.430526,-0.3348739999999999,8.961538461538462,7,3605210.0,4.0,6.0,Imanol Alguacil,Julen Lopetegui,Mateu Lahoz,4-4-2 double 6,4-3-3 Attacking,681.0,368.0,285000000.0,25.222325928691433,182.9090909090909,276.0,236000000.0,30.246779914131046,180.9090909090909,560.0
807,Barcelona,Granada,20:00,17,5,6,2,12,4,15,20,3,6,0,0,A,D,1,1,2021-09-20,0.4103,0.612728,0.612728,-1.269632,11.703703703703704,0,2.3954000000000004,1.88236,1.88236,1.269632,3.24,10,3605206.0,5.0,17.0,Ronald Koeman,Robert Moreno,Santiago Jaime Latre,4-3-3 Attacking,4-3-3 Attacking,131.0,16795.0,302000000.0,24.88756144608301,179.9090909090909,532.0,46900000.0,28.135896957252193,180.72727272727272,104.0
808,Getafe,Atletico Madrid,18:30,7,12,2,4,2,5,15,11,4,5,1,0,H,A,1,2,2021-09-21,2.3606,1.47906,1.47906,1.148479,6.3125,6,0.4139,0.330581,0.330581,-1.148479,12.125,3,3605215.0,19.0,2.0,Míchel,Diego Simeone,Guillermo Cuadra Fernández,5-3-2,4-4-2 double 6,3709.0,13.0,81000000.0,25.985688507249083,184.54545454545453,242.0,373000000.0,28.941073984195132,180.27272727272728,846.0
809,Athletic Club,Rayo Vallecano,21:00,8,8,1,3,2,1,16,20,3,3,0,0,D,A,1,2,2021-09-21,1.4341,1.04121,1.04121,0.085183,5.764705882352941,1,1.2073,0.956027,0.956027,-0.085183,7.0,2,3605214.0,10.0,7.0,Marcelino,Andoni Iraola,José Luis Munuera Montero,4-4-2 double 6,4-2-3-1,621.0,367.0,94800000.0,27.12563001680045,182.0,112.0,33700000.0,26.959118909837596,179.72727272727272,145.0
810,Levante,Celta Vigo,21:00,6,4,2,2,2,4,16,12,3,2,0,0,D,A,0,2,2021-09-21,0.6768000000000001,0.739683,0.739683,0.0759449999999999,6.533333333333333,3,2.0346,1.40702,0.663738,-0.0759449999999999,6.439024390243903,2,3605219.0,17.0,16.0,Paco López,Eduardo Coudet,Jorge Figueroa Vázquez,3-5-2 flat,4-4-2 Diamond,3368.0,940.0,33500000.0,27.72571713023458,181.54545454545453,2.0,91000000.0,28.326302034720925,178.45454545454547,191.0
811,Espanyol,Alaves,18:30,10,8,2,2,4,8,14,18,2,1,0,0,D,H,1,0,2021-09-22,0.3821,0.424815,0.424815,-0.449866,7.882352941176471,7,2.4203,1.61796,0.874681,0.449866,7.4,3,3605218.0,13.0,20.0,Vicente Moreno,Javier Calleja,Mario Melero López,4-2-3-1,4-4-2 double 6,714.0,1108.0,49500000.0,27.061912762118098,179.63636363636363,19.0,34600000.0,27.9828262086989,182.1818181818182,50.0
812,Sevilla,Valencia,18:30,11,8,5,3,1,4,25,21,5,3,0,0,H,H,3,1,2021-09-22,0.6491,0.442431,0.442431,-0.7646489999999999,7.878787878787879,3,2.06,1.20708,1.20708,0.7646489999999999,3.971428571428572,2,3605222.0,4.0,6.0,Julen Lopetegui,Pepe Bordalás,José María Sánchez Martínez,4-3-3 Attacking,4-4-2 double 6,368.0,1049.0,247000000.0,28.12494555410366,182.63636363636363,214.0,97500000.0,25.62130545703441,182.0909090909091,160.0
813,Real Madrid,Mallorca,21:00,18,17,12,5,3,2,18,8,2,1,0,0,H,H,6,1,2021-09-22,0.6459,1.19165,1.19165,-1.18295,19.47058823529412,5,2.1648,2.3746,2.3746,1.18295,5.571428571428571,19,3605221.0,1.0,12.0,Carlo Ancelotti,Luis García,Javier Alberola Rojas,4-3-3 Attacking,4-2-3-1,418.0,237.0,473000000.0,25.226059361582976,182.45454545454547,609.0,36200000.0,25.7567046232344,179.8,123.0
814,Villarreal,Elche,21:00,14,9,9,3,8,7,16,11,1,2,0,0,H,H,4,1,2021-09-22,0.3179,1.09551,1.09551,-1.68304,11.538461538461538,2,2.5466,2.77855,2.77855,1.68304,6.0285714285714285,8,3605223.0,5.0,15.0,Unai Emery,Fran Escribá,Alejandro Muñiz Ruiz,4-3-3 Attacking,3-4-1-2,1050.0,1531.0,174500000.0,28.210316719556968,182.27272727272728,172.0,17800000.0,30.838902370729887,184.72727272727272,77.0
815,Granada,Real Sociedad,18:30,10,20,2,11,4,7,11,16,5,1,0,0,H,A,2,3,2021-09-23,1.586,1.58153,1.58153,1.07462,8.823529411764707,7,1.1206999999999998,1.25019,0.50691,-1.07462,13.789473684210526,5,3605217.0,18.0,3.0,Robert Moreno,Imanol Alguacil,Valentin Pizarro Gomez,4-3-3 Attacking,4-2-3-1,16795.0,681.0,52300000.0,28.609047352373842,181.54545454545453,133.0,215500000.0,25.786572086366746,180.9090909090909,306.0
816,Osasuna,Real Betis,18:30,11,16,3,9,4,7,18,10,2,0,0,0,D,A,1,3,2021-09-23,2.3744,2.20306,2.20306,1.3827909999999997,13.0,6,0.4505,0.820269,0.820269,-1.3827909999999997,11.217391304347826,4,3605220.0,11.0,9.0,Jagoba Arrasate,Manuel Pellegrini,Juan Martínez Munuera,4-3-3 Attacking,4-2-3-1,331.0,150.0,56800000.0,28.08039325493124,182.0909090909091,20.0,107800000.0,29.017733806234833,180.27272727272728,254.0
817,Cadiz,Barcelona,21:00,13,6,3,2,4,5,16,8,3,4,0,1,D,D,0,0,2021-09-23,0.4788,0.361756,0.361756,-1.038854,7.611111111111111,5,2.2734,1.40061,1.40061,1.038854,16.57894736842105,3,3605216.0,14.0,8.0,Álvaro Cervera,Ronald Koeman,Carlos del Cerro Grande,4-4-2 double 6,4-3-3 Attacking,2687.0,131.0,24500000.0,27.5736419637857,179.45454545454547,122.0,293000000.0,25.59293136705868,182.63636363636363,498.0
818,Real Madrid,Villarreal,20:00,15,6,2,2,6,3,10,12,1,2,0,0,D,D,0,0,2021-09-25,0.5987,0.666401,0.666401,-0.8699589999999999,11.68421052631579,6,2.1452,1.53636,1.53636,0.8699589999999999,9.942857142857145,9,3605281.0,1.0,9.0,Carlo Ancelotti,Unai Emery,Jesús Gil Manzano,4-3-3 Attacking,4-3-3 Attacking,418.0,1050.0,478000000.0,27.65179515898202,182.0,858.0,165000000.0,28.245162093211377,182.0,153.0
819,Sevilla,Espanyol,17:30,12,13,5,2,4,8,10,8,4,0,1,0,H,H,2,0,2021-09-25,0.3498,0.478568,0.478568,-1.096712,13.476190476190476,1,2.4594,1.57528,1.57528,1.096712,9.238095238095235,9,3605283.0,3.0,14.0,Julen Lopetegui,Vicente Moreno,Pablo González Fuertes,4-3-3 Attacking,4-1-4-1,368.0,714.0,275000000.0,28.894032729761683,181.45454545454547,549.0,44500000.0,29.518511604753904,179.45454545454547,17.0
820,Valencia,Athletic Club,15:15,13,12,6,4,4,5,14,17,5,2,1,0,D,D,1,1,2021-09-25,1.0790000000000002,0.830524,0.830524,-0.255806,8.5,5,1.5974,1.08633,1.08633,0.255806,4.75,5,3605284.0,8.0,11.0,Pepe Bordalás,Marcelino,Alejandro Hernández Hernández,4-4-2 double 6,4-4-2 double 6,1049.0,621.0,111000000.0,25.905793043370046,181.1818181818182,235.0,123200000.0,28.04778794101176,180.27272727272728,123.0
821,Alaves,Atletico Madrid,13:00,7,13,1,1,3,8,18,11,2,3,0,0,H,H,1,0,2021-09-25,0.7184999999999999,0.558059,0.558059,-0.638931,4.904761904761905,6,1.9947,1.19699,1.19699,0.638931,22.73333333333333,5,3605276.0,19.0,4.0,Javier Calleja,Diego Simeone,Mateu Lahoz,5-4-1,3-5-2 flat,1108.0,13.0,28100000.0,26.92676249144421,182.36363636363637,52.0,352000000.0,29.538423246842136,183.0,706.0
822,Mallorca,Osasuna,13:00,17,12,8,6,5,5,8,17,2,3,0,0,H,A,2,3,2021-09-26,0.6765,1.63553,1.63553,-1.10605,7.56,5,2.1348000000000003,2.74158,2.74158,1.10605,8.866666666666667,5,3605280.0,12.0,10.0,Luis García,Jagoba Arrasate,Miguel Ángel Ortiz Arias,4-2-3-1,4-1-4-1,237.0,331.0,34000000.0,27.17416464439052,179.9090909090909,74.0,43700000.0,28.55926824715326,181.72727272727272,10.0
823,Barcelona,Levante,15:15,20,6,12,2,11,1,11,16,1,3,0,0,H,H,3,0,2021-09-26,0.1521,0.712689,0.712689,-1.657311,13.15625,5,2.7681,3.11328,2.37,1.657311,7.818181818181818,5,3605277.0,6.0,17.0,Ronald Koeman,Paco López,Isidro Díaz de Mera Escuderos,4-3-3 Attacking,4-4-2 double 6,131.0,3368.0,222000000.0,26.008338000124446,182.54545454545453,501.0,41100000.0,28.420882334640034,181.0909090909091,14.0
824,Real Sociedad,Elche,17:30,17,5,5,2,6,1,12,16,1,3,0,0,D,H,1,0,2021-09-26,0.2438,0.573483,0.573483,-1.544867,17.11111111111111,1,2.6048,2.11835,2.11835,1.544867,7.380952380952381,4,3605282.0,2.0,16.0,Imanol Alguacil,Fran Escribá,Adrián Cordero Vega,4-2-3-1,4-4-2 Diamond,681.0,1531.0,241000000.0,24.071681911517643,182.0909090909091,195.0,26000000.0,30.03123638852592,180.9090909090909,100.0
825,Rayo Vallecano,Cadiz,17:30,13,6,6,1,4,3,11,11,2,4,0,0,H,H,3,1,2021-09-26,0.6741999999999999,1.09997,1.09997,-0.7901,7.147058823529412,2,2.068,1.89007,1.89007,0.7901,4.884615384615385,6,3605285.0,5.0,15.0,Andoni Iraola,Álvaro Cervera,De Burgos Bengoetxea,4-2-3-1,4-1-4-1,367.0,2687.0,29400000.0,28.59934042685583,177.27272727272728,221.0,25800000.0,27.174911330968825,178.63636363636363,121.0
826,Real Betis,Getafe,20:00,20,8,5,3,3,3,12,19,1,3,0,0,H,H,2,0,2021-09-26,0.2448,0.590585,0.590585,-1.873615,6.925,3,2.628,2.4642,2.4642,1.873615,9.875,11,3605278.0,7.0,20.0,Manuel Pellegrini,Míchel,Santiago Jaime Latre,4-2-3-1,3-5-2 flat,150.0,3709.0,146900000.0,28.666293323377513,182.36363636363637,194.0,79200000.0,25.9700080891046,185.0909090909091,272.0
827,Celta Vigo,Granada,20:00,14,7,5,4,5,3,9,12,2,7,0,0,D,H,1,0,2021-09-27,0.6242000000000001,0.541862,0.541862,0.0184289999999999,15.052631578947368,2,2.0735,1.26658,0.523433,-0.0184289999999999,4.086956521739131,12,3605279.0,13.0,18.0,Eduardo Coudet,Robert Moreno,César Soto Grado,4-4-2 double 6,4-4-2 double 6,940.0,16795.0,88200000.0,29.034658702009832,179.27272727272728,187.0,44700000.0,28.356418393379382,181.9090909090909,69.0
828,Athletic Club,Alaves,20:00,16,17,5,5,13,9,16,12,3,2,0,0,H,H,1,0,2021-10-01,0.3257,0.808018,0.808018,-0.942722,12.77777777777778,1,2.5442,2.49402,1.75074,0.942722,6.827586206896552,8,3605294.0,9.0,19.0,Marcelino,Javier Calleja,Carlos del Cerro Grande,4-4-2 double 6,5-4-1,621.0,1108.0,123200000.0,28.064215045734553,180.27272727272728,123.0,29200000.0,26.94318959616701,182.36363636363637,52.0
829,Osasuna,Rayo Vallecano,13:00,7,7,3,0,6,3,19,9,3,3,0,0,D,H,1,0,2021-10-02,0.6660999999999999,0.148539,0.148539,-0.5086350000000001,18.6,3,1.8775,0.657174,0.657174,0.5086350000000001,5.222222222222222,5,3605301.0,6.0,7.0,Jagoba Arrasate,Andoni Iraola,Mario Melero López,4-3-3 Attacking,4-2-3-1,331.0,367.0,56500000.0,27.844440296185677,181.9090909090909,20.0,24500000.0,28.56997075477568,179.72727272727272,248.0
830,Mallorca,Levante,15:15,9,6,7,2,8,3,18,25,4,4,0,0,D,H,1,0,2021-10-02,2.3524,1.43388,0.6906,0.248465,5.0,4,0.4282,0.442135,0.442135,-0.248465,7.44,2,3605296.0,12.0,18.0,Luis García,Paco López,Alejandro Muñiz Ruiz,4-2-3-1,4-3-3 Attacking,237.0,3368.0,35200000.0,27.359840706863295,179.45454545454547,67.0,43300000.0,28.67052454732126,180.8181818181818,4.0
831,Cadiz,Valencia,17:30,2,16,1,4,1,3,16,11,3,4,0,0,D,D,0,0,2021-10-02,2.5071,1.43757,1.43757,1.280779,5.5,3,0.2892,0.156791,0.156791,-1.280779,10.5,2,3605298.0,15.0,10.0,Álvaro Cervera,Pepe Bordalás,Valentin Pizarro Gomez,4-4-2 double 6,4-4-2 double 6,2687.0,1049.0,30800000.0,28.479372783274222,179.9090909090909,97.0,102500000.0,25.90828199863108,181.0909090909091,235.0
832,Atletico Madrid,Barcelona,20:00,6,9,3,2,2,6,13,10,2,1,0,0,H,H,2,0,2021-10-02,0.7987,0.74746,0.74746,-0.62666,15.25,5,1.9174,1.37412,1.37412,0.62666,28.285714285714285,4,3605295.0,2.0,8.0,Diego Simeone,Ronald Koeman,César Soto Grado,3-1-4-2,4-2-3-1,13.0,131.0,460000000.0,27.88824590877979,181.72727272727272,742.0,301500000.0,25.58272665048846,182.8181818181818,534.0
833,Getafe,Real Sociedad,17:30,9,10,2,5,2,5,16,11,4,2,0,0,H,D,1,1,2021-10-03,1.5898,0.799948,0.799948,0.276286,5.0,3,1.0201,0.523662,0.523662,-0.276286,7.5,1,3605297.0,20.0,3.0,Míchel,Imanol Alguacil,Jorge Figueroa Vázquez,4-3-3 Attacking,4-2-3-1,3709.0,681.0,92000000.0,26.83940016178209,182.36363636363637,220.0,247000000.0,24.592869143177154,180.0,160.0
834,Villarreal,Real Betis,17:30,11,10,5,3,4,6,14,9,2,4,0,0,H,H,2,0,2021-10-03,0.1994,0.527081,0.527081,-2.059329,20.27777777777778,3,2.7002,2.58641,2.58641,2.059329,6.657894736842105,7,3605302.0,5.0,11.0,Unai Emery,Manuel Pellegrini,José María Sánchez Martínez,4-1-4-1,4-2-3-1,1050.0,150.0,175500000.0,27.37552112500778,182.27272727272728,259.0,143000000.0,27.23837969012507,183.0909090909091,185.0
835,Elche,Celta Vigo,13:00,12,10,5,1,7,4,14,19,4,3,0,0,D,H,1,0,2021-10-03,0.7479,0.713553,0.713553,-0.6846169999999999,5.566666666666666,4,1.9524,1.39817,1.39817,0.6846169999999999,8.74074074074074,4,3605303.0,14.0,16.0,Fran Escribá,Eduardo Coudet,José Luis Munuera Montero,3-5-2,4-4-2 Diamond,1531.0,940.0,24500000.0,31.104225001555598,182.8181818181818,95.0,88200000.0,29.051085806732623,179.27272727272728,187.0
836,Espanyol,Real Madrid,15:15,8,18,4,4,2,8,12,13,2,1,0,0,H,H,2,1,2021-10-03,1.5985,1.62384,1.62384,0.3326499999999999,7.545454545454546,7,1.1305,1.29119,1.29119,-0.3326499999999999,20.0,8,3605300.0,13.0,1.0,Vicente Moreno,Carlo Ancelotti,Guillermo Cuadra Fernández,4-1-4-1,4-3-1-2,714.0,418.0,48000000.0,28.276274033974236,179.0,18.0,435000000.0,28.115487524111753,181.72727272727272,737.0
837,Granada,Sevilla,20:00,3,14,1,3,2,6,13,11,3,4,0,1,H,H,1,0,2021-10-03,2.5676,1.4028,1.4028,1.3184016,10.0,7,0.2366,0.0843984,0.0843984,-1.3184016,16.304347826086957,1,3605299.0,17.0,4.0,Robert Moreno,Julen Lopetegui,Javier Alberola Rojas,4-2-3-1,4-3-3 Attacking,16795.0,368.0,40600000.0,28.068446269678304,180.27272727272728,61.0,250000000.0,28.48883081326613,182.8181818181818,375.0
838,Levante,Getafe,17:30,6,14,2,4,3,11,14,10,3,3,0,0,D,D,0,0,2021-10-16,1.0042,0.557421,0.557421,-0.2755289999999999,11.714285714285714,4,1.6228,0.83295,0.83295,0.2755289999999999,7.3,5,3605309.0,18.0,20.0,Javier Pereira,Quique Sánchez Flores,Mario Melero López,4-1-4-1,4-4-1-1,3368.0,3709.0,43800000.0,29.531951963163465,180.72727272727272,6.0,90200000.0,26.785887623669964,182.27272727272728,219.0
839,Real Sociedad,Mallorca,20:00,10,7,2,1,2,6,11,21,3,3,1,0,D,H,1,0,2021-10-16,1.1651,0.35977,0.35977,-0.044736,6.4,6,1.307,0.404506,0.404506,0.044736,7.434782608695652,4,3605311.0,2.0,13.0,Imanol Alguacil,Luis García,Pablo González Fuertes,4-2-3-1,4-2-3-1,681.0,237.0,202500000.0,25.43637608113994,181.72727272727272,154.0,31700000.0,28.48833302221393,178.45454545454547,71.0
840,Barcelona,Valencia,20:00,12,9,5,3,9,3,16,13,2,3,0,0,H,H,3,1,2021-10-17,0.1483,0.378333,0.378333,-1.257007,12.037037037037036,3,2.7688,2.37862,1.63534,1.257007,12.125,14,3605305.0,6.0,11.0,Ronald Koeman,Pepe Bordalás,Jesús Gil Manzano,4-1-4-1,4-1-4-1,131.0,1049.0,337500000.0,26.33464003484537,180.27272727272728,557.0,188000000.0,26.731379503453425,181.8181818181818,203.0
841,Villarreal,Osasuna,17:30,11,6,6,2,4,4,6,14,1,5,0,0,A,A,1,2,2021-10-17,1.5932,0.957297,0.957297,0.2441549999999999,15.0,4,1.0592,0.713142,0.713142,-0.2441549999999999,5.3125,10,3605313.0,9.0,5.0,Unai Emery,Jagoba Arrasate,Adrián Cordero Vega,4-3-3 Attacking,5-3-2,1050.0,331.0,200500000.0,27.835977848298175,182.1818181818182,222.0,55500000.0,27.57712650115114,182.27272727272728,20.0
842,Celta Vigo,Sevilla,15:15,14,8,3,2,5,4,13,9,2,3,0,0,D,A,0,1,2021-10-17,1.2923999999999998,0.828384,0.828384,-0.0605569999999999,13.823529411764708,3,1.3395,0.888941,0.888941,0.0605569999999999,16.4,3,3605306.0,17.0,3.0,Eduardo Coudet,Julen Lopetegui,De Burgos Bengoetxea,4-4-2 double 6,4-1-4-1,940.0,368.0,80200000.0,28.85943625163338,177.8181818181818,46.0,129500000.0,29.48889303714766,183.1818181818182,422.0
843,Rayo Vallecano,Elche,13:00,10,7,4,3,6,2,16,11,2,2,0,0,D,H,2,1,2021-10-17,0.5725,0.326072,0.326072,-0.7804380000000002,9.15,4,2.122,1.10651,1.10651,0.7804380000000002,7.16,6,3605312.0,7.0,14.0,Andoni Iraola,Fran Escribá,Santiago Jaime Latre,4-4-1-1,4-4-2 double 6,367.0,1531.0,25600000.0,27.448198618629828,180.0909090909091,90.0,22000000.0,30.02526289589945,181.0909090909091,27.0
844,Alaves,Real Betis,18:00,14,19,2,4,7,7,8,11,1,1,0,0,D,A,0,1,2021-10-18,1.439,1.47785,1.47785,0.12016,10.0,17,1.2776,1.35769,1.35769,-0.12016,22.53846153846154,2,3605304.0,19.0,8.0,Javier Calleja,Manuel Pellegrini,Miguel Ángel Ortiz Arias,4-4-2 double 6,4-2-3-1,1108.0,150.0,31800000.0,27.67892477132723,182.8181818181818,88.0,143500000.0,28.43432269304959,180.8181818181818,337.0
845,Espanyol,Cadiz,20:00,14,13,6,2,7,9,8,10,1,0,0,0,H,H,2,0,2021-10-18,0.4427,0.603648,0.603648,-1.131382,11.454545454545457,3,2.3447,1.73503,1.73503,1.131382,20.181818181818183,4,3605308.0,12.0,16.0,Vicente Moreno,Álvaro Cervera,Mateu Lahoz,4-2-3-1,4-1-4-1,714.0,2687.0,50000000.0,28.63791923340178,180.72727272727272,18.0,29700000.0,27.803123638852593,179.63636363636363,167.0
846,Osasuna,Granada,20:00,17,9,6,4,4,1,15,11,1,3,1,0,H,D,1,1,2021-10-22,0.6306,0.434896,0.434896,-0.8096640000000002,9.384615384615383,2,2.0841,1.24456,1.24456,0.8096640000000002,9.23076923076923,6,3605328.0,6.0,16.0,Jagoba Arrasate,Robert Moreno,Alejandro Muñiz Ruiz,4-1-4-1,4-4-2 double 6,331.0,16795.0,48000000.0,29.60238939705059,181.27272727272728,9.0,45900000.0,28.83653786323191,180.1818181818182,163.0
847,Valencia,Mallorca,13:00,20,9,6,4,5,0,15,19,4,5,0,2,A,D,2,2,2021-10-23,0.7966000000000001,0.807566,0.807566,-0.6633739999999999,7.4,2,1.9102,1.47094,1.47094,0.6633739999999999,3.75,15,3605330.0,11.0,13.0,Pepe Bordalás,Luis García,Carlos del Cerro Grande,4-4-2 double 6,4-2-3-1,1049.0,237.0,144000000.0,27.188600584904485,183.0909090909091,209.0,29500000.0,28.025885134714702,178.54545454545453,65.0
848,Cadiz,Alaves,15:15,23,8,4,4,14,3,11,14,0,2,0,0,A,A,0,2,2021-10-23,1.3053,1.86733,1.12405,-0.8788900000000002,14.68421052631579,2,1.4442,2.00294,2.00294,0.8788900000000002,5.4,4,3605327.0,17.0,18.0,Álvaro Cervera,Javier Calleja,Javier Alberola Rojas,4-4-2 double 6,4-2-3-1,2687.0,1108.0,23900000.0,28.702383174662433,179.72727272727272,98.0,37700000.0,27.006657955323252,181.9090909090909,88.0
849,Elche,Espanyol,17:30,12,20,7,7,3,7,15,9,3,1,0,0,H,D,2,2,2021-10-23,1.3645,1.05435,1.05435,0.0554049999999999,17.333333333333332,2,1.3129,0.998945,0.998945,-0.0554049999999999,8.92,6,3605331.0,15.0,12.0,Fran Escribá,Vicente Moreno,Jorge Figueroa Vázquez,4-4-2 double 6,4-2-3-1,1531.0,714.0,24100000.0,30.879472341484664,183.54545454545453,58.0,47500000.0,28.843755833488895,179.72727272727272,18.0
850,Athletic Club,Villarreal,20:00,14,11,7,3,9,2,7,12,0,3,0,0,D,H,2,1,2021-10-23,0.1669999999999999,0.605636,0.605636,-0.5510940000000001,28.22222222222222,4,2.7476,2.64328,1.15673,0.5510940000000001,9.928571428571429,9,3605322.0,9.0,10.0,Marcelino,Unai Emery,Guillermo Cuadra Fernández,4-4-2 double 6,4-4-2 double 6,621.0,1050.0,123200000.0,28.124447763051457,180.27272727272728,123.0,200000000.0,27.944496297679052,182.8181818181818,219.0
851,Atletico Madrid,Real Sociedad,20:00,17,8,4,4,4,3,14,14,1,3,0,0,A,D,2,2,2021-10-24,0.6062,0.834092,0.834092,-0.1754879999999999,16.466666666666665,8,2.1587,1.75286,1.00958,0.1754879999999999,9.92,9,3605323.0,5.0,3.0,Diego Simeone,Imanol Alguacil,José Luis Munuera Montero,4-3-3 Attacking,5-3-2,13.0,681.0,387000000.0,28.4263580362143,179.45454545454547,674.0,205500000.0,26.513098127061166,183.0,201.0
852,Real Betis,Rayo Vallecano,17:30,11,14,5,3,4,4,12,12,1,2,0,0,H,H,3,2,2021-10-24,1.0972,1.16768,1.16768,0.4772040000000001,10.727272727272728,2,1.6087,1.43375,0.690476,-0.4772040000000001,12.666666666666666,6,3605325.0,4.0,7.0,Manuel Pellegrini,Andoni Iraola,De Burgos Bengoetxea,4-2-3-1,4-2-3-1,150.0,367.0,142900000.0,28.647875054445898,180.27272727272728,104.0,32700000.0,26.85308941571775,180.0909090909091,156.0
853,Sevilla,Levante,13:00,18,12,11,7,10,3,13,6,1,2,0,0,H,H,5,3,2021-10-24,0.9678,1.28779,1.28779,-0.54173,17.823529411764707,2,1.7802,1.82952,1.82952,0.54173,9.28,5,3605329.0,2.0,19.0,Julen Lopetegui,Javier Pereira,Valentin Pizarro Gomez,4-2-3-1,4-1-4-1,368.0,3368.0,185500000.0,28.59212245659884,180.9090909090909,302.0,43800000.0,29.55385476946052,180.72727272727272,6.0
854,Barcelona,Real Madrid,15:15,12,10,2,5,7,4,17,13,1,1,0,0,A,A,1,2,2021-10-24,1.3288,1.5463,1.5463,-0.04159,20.0,9,1.3876000000000002,1.58789,1.58789,0.04159,6.975609756097561,12,3605324.0,8.0,1.0,Ronald Koeman,Carlo Ancelotti,José María Sánchez Martínez,4-3-3 Attacking,4-3-3 Attacking,131.0,418.0,331500000.0,25.69373405513036,180.8181818181818,550.0,457000000.0,28.432829319892974,181.27272727272728,737.0
855,Getafe,Celta Vigo,20:00,11,16,2,8,2,7,15,11,2,2,2,0,D,A,0,3,2021-10-25,2.6911,2.48108,2.48108,2.019961,5.931034482758621,8,0.2022999999999999,0.461119,0.461119,-2.019961,14.214285714285714,1,3605326.0,20.0,14.0,Quique Sánchez Flores,Eduardo Coudet,Juan Martínez Munuera,4-2-3-1,4-4-2 double 6,3709.0,940.0,90200000.0,26.810528280754156,182.27272727272728,219.0,80200000.0,28.881339057930436,177.8181818181818,46.0
856,Alaves,Elche,18:00,16,4,5,1,4,7,13,9,1,1,0,0,D,H,1,0,2021-10-26,0.2294,0.281657,0.281657,-1.531833,7.772727272727272,0,2.6327000000000003,1.81349,1.81349,1.531833,11.2,7,3607521.0,17.0,15.0,Javier Calleja,Fran Escribá,Jesús Gil Manzano,4-2-3-1,4-4-2 double 6,1108.0,1531.0,36500000.0,28.784020907224193,182.36363636363637,66.0,26000000.0,29.317155124136647,183.1818181818182,96.0
857,Espanyol,Athletic Club,20:00,14,23,3,7,8,12,7,12,1,2,1,0,H,D,1,1,2021-10-26,2.732,3.68446,3.68446,3.194681,9.476190476190476,19,0.1853,1.23306,0.489779,-3.194681,14.8125,4,3607526.0,11.0,8.0,Vicente Moreno,Marcelino,Miguel Ángel Ortiz Arias,4-2-3-1,4-2-3-1,714.0,621.0,52000000.0,27.94524298425736,179.1818181818182,18.0,108300000.0,25.54165888868148,182.63636363636363,136.0
858,Villarreal,Cadiz,20:30,14,9,5,4,8,2,13,9,3,6,0,0,A,D,3,3,2021-10-26,1.095,1.53615,1.53615,-0.41487,19.8125,4,1.6557000000000002,1.95102,1.95102,0.41487,4.368421052631579,16,3607530.0,10.0,18.0,Unai Emery,Álvaro Cervera,Alejandro Hernández Hernández,4-3-3 Attacking,4-1-4-1,1050.0,2687.0,174000000.0,28.347458154439675,182.36363636363637,172.0,30950000.0,27.654035218716945,181.27272727272728,167.0
859,Real Madrid,Osasuna,20:30,17,7,3,0,11,3,12,10,1,1,0,0,D,D,0,0,2021-10-27,1.4013999999999998,0.71046,0.71046,0.055022,18.57894736842105,1,1.2169,0.655438,0.655438,-0.055022,7.8,16,3607528.0,1.0,5.0,Carlo Ancelotti,Jagoba Arrasate,César Soto Grado,4-3-3 Attacking,5-3-2,418.0,331.0,515000000.0,27.283678675875798,182.9090909090909,614.0,57000000.0,26.838653475203785,182.54545454545453,20.0
860,Real Betis,Valencia,19:00,14,10,9,4,4,7,14,19,2,5,0,0,H,H,4,1,2021-10-27,1.0973,2.17844,2.17844,0.3410400000000002,8.107142857142858,5,1.6493,2.58067,1.8374,-0.3410400000000002,3.952380952380953,4,3607522.0,4.0,12.0,Manuel Pellegrini,Pepe Bordalás,Isidro Díaz de Mera Escuderos,4-2-3-1,4-2-3-1,150.0,1049.0,121900000.0,30.34857818430714,180.9090909090909,195.0,125500000.0,26.195009644701635,181.54545454545453,213.0
861,Rayo Vallecano,Barcelona,18:00,13,16,3,1,3,7,17,12,2,2,0,0,H,H,1,0,2021-10-27,2.6883,2.85731,2.11404,1.3277580000000002,4.708333333333333,9,0.2087999999999999,0.786282,0.786282,-1.3277580000000002,11.0,5,3607529.0,6.0,9.0,Andoni Iraola,Ronald Koeman,Mateu Lahoz,4-2-3-1,4-3-3 Attacking,367.0,131.0,25300000.0,28.59934042685583,178.9090909090909,219.0,225500000.0,28.35417833364445,180.36363636363637,534.0
862,Mallorca,Sevilla,18:00,11,10,4,3,4,2,16,14,3,6,1,0,H,D,1,1,2021-10-27,0.7548999999999999,1.42068,1.42068,-0.8529800000000001,4.592592592592593,2,2.0149,2.27366,2.27366,0.8529800000000001,13.64516129032258,9,3607524.0,13.0,3.0,Luis García,Julen Lopetegui,Santiago Jaime Latre,4-4-2,4-3-3 Attacking,237.0,368.0,22500000.0,28.454732126190034,178.54545454545453,23.0,226000000.0,28.640905979715015,180.9090909090909,297.0
863,Celta Vigo,Real Sociedad,18:00,14,11,6,4,7,6,12,11,1,0,0,0,D,A,0,2,2021-10-28,1.7489,1.42714,1.42714,0.431549,12.714285714285714,8,0.9422,0.995591,0.995591,-0.431549,6.709677419354839,3,3607523.0,16.0,2.0,Eduardo Coudet,Imanol Alguacil,Mario Melero López,4-4-2 double 6,4-2-3-1,940.0,681.0,80200000.0,28.88955261029183,177.8181818181818,46.0,204000000.0,27.07286416526663,180.45454545454547,270.0
864,Granada,Getafe,19:00,18,6,3,4,5,0,10,15,1,4,0,0,A,D,1,1,2021-10-28,0.2381,0.581107,0.581107,-0.939123,13.321428571428571,1,2.615,2.26351,1.52023,0.939123,3.761904761904762,8,3607525.0,14.0,20.0,Robert Moreno,Quique Sánchez Flores,Adrián Cordero Vega,4-3-3 Attacking,4-4-2 double 6,16795.0,3709.0,44600000.0,28.350196005226806,179.0,111.0,67100000.0,27.380499035529837,185.0909090909091,167.0
865,Levante,Atletico Madrid,20:30,10,7,3,3,5,2,15,11,3,5,1,0,D,D,2,2,2021-10-28,0.7030000000000001,1.33383,1.33383,0.696127,10.555555555555555,6,2.0362,2.12426,0.637703,-0.696127,15.304347826086955,1,3607527.0,19.0,7.0,Javier Pereira,Diego Simeone,Pablo González Fuertes,5-3-2,3-4-2-1,3368.0,13.0,40600000.0,27.494990977537178,180.0,92.0,382000000.0,29.30072801941385,181.72727272727272,825.0
866,Elche,Real Madrid,13:00,13,17,4,5,5,4,11,13,2,0,1,0,A,A,1,2,2021-10-30,1.7297,1.60735,1.60735,0.4566700000000001,11.636363636363637,10,1.0067,1.15068,1.15068,-0.4566700000000001,17.6,6,3607540.0,17.0,1.0,Fran Escribá,Carlo Ancelotti,De Burgos Bengoetxea,4-4-1-1,4-3-3 Attacking,1531.0,418.0,25500000.0,30.00609794038952,183.45454545454547,96.0,394000000.0,28.581419948976418,180.27272727272728,633.0
867,Sevilla,Osasuna,15:15,16,10,4,3,4,5,17,10,2,2,0,0,H,H,2,0,2021-10-30,0.3444,0.790454,0.790454,-1.643326,22.214285714285715,2,2.5014,2.43378,2.43378,1.643326,6.5,5,3607537.0,2.0,7.0,Julen Lopetegui,Jagoba Arrasate,Carlos del Cerro Grande,4-3-3 Attacking,4-4-2 double 6,368.0,331.0,267000000.0,28.13091904673013,182.8181818181818,460.0,37500000.0,29.529214112376334,180.27272727272728,6.0
868,Valencia,Villarreal,17:30,9,11,3,1,7,6,19,17,2,4,0,0,H,H,2,0,2021-10-30,0.6156,0.804209,0.804209,-0.1164630000000001,2.083333333333333,5,2.1474,1.66395,0.920672,0.1164630000000001,12.043478260869565,0,3607538.0,10.0,11.0,Pepe Bordalás,Unai Emery,José Luis Munuera Montero,4-1-4-1,4-3-3 Attacking,1049.0,1050.0,133000000.0,27.168937838342355,182.72727272727272,228.0,168000000.0,28.222014809283802,181.45454545454547,182.0
869,Barcelona,Alaves,20:00,16,3,5,2,9,0,11,11,0,2,0,0,D,D,1,1,2021-10-30,0.5595,0.599628,0.599628,-0.960442,35.54545454545455,2,2.1792,1.56007,1.56007,0.960442,6.0625,10,3607532.0,9.0,16.0,Sergi Barjuan,Javier Calleja,Jorge Figueroa Vázquez,4-3-3 Attacking,4-3-3 Attacking,131.0,1108.0,224500000.0,26.597971501462265,181.0,487.0,30700000.0,28.549561321635245,183.27272727272728,29.0
870,Real Sociedad,Athletic Club,20:00,8,11,3,5,2,7,21,14,4,3,0,1,D,D,1,1,2021-10-31,1.2342,1.01149,1.01149,0.696696,12.904761904761903,3,1.4061,1.05807,0.314794,-0.696696,7.111111111111111,5,3607536.0,3.0,8.0,Imanol Alguacil,Marcelino,Juan Martínez Munuera,4-3-3 Defending,4-4-2,681.0,621.0,218000000.0,26.523551739157487,184.36363636363637,237.0,131300000.0,28.448260842511356,180.54545454545453,113.0
871,Getafe,Espanyol,17:30,12,10,7,3,6,11,18,11,7,4,0,0,D,H,2,1,2021-10-31,0.994,0.619895,0.619895,-0.331889,10.428571428571429,1,1.6576000000000002,0.951784,0.951784,0.331889,8.107142857142858,2,3607533.0,20.0,13.0,Quique Sánchez Flores,Vicente Moreno,Alejandro Muñiz Ruiz,5-3-2,4-2-3-1,3709.0,714.0,71300000.0,27.50594238068571,183.9,257.0,42200000.0,27.697591935784956,179.63636363636363,14.0
872,Cadiz,Mallorca,13:00,13,11,2,5,6,5,14,16,3,7,0,2,A,D,1,1,2021-10-31,0.7077,1.03662,1.03662,-0.0224299999999999,6.217391304347826,2,2.0418,1.80233,1.05905,0.0224299999999999,8.066666666666666,5,3607534.0,18.0,12.0,Álvaro Cervera,Luis García,Valentin Pizarro Gomez,4-4-2 double 6,4-2-3-1,2687.0,237.0,30650000.0,28.754402339617947,181.0,69.0,29500000.0,28.97069255180138,178.27272727272728,67.0
873,Atletico Madrid,Real Betis,15:15,18,8,9,1,13,0,11,12,0,0,0,0,H,H,3,0,2021-10-31,0.2256,0.521096,0.521096,-2.029504,12.842105263157896,4,2.6601,2.5506,2.5506,2.029504,13.818181818181818,6,3607531.0,4.0,5.0,Diego Simeone,Manuel Pellegrini,Javier Alberola Rojas,3-4-2-1,4-2-3-1,13.0,150.0,398000000.0,29.211623421069007,180.27272727272728,859.0,84400000.0,29.785078713210133,180.0909090909091,335.0
874,Rayo Vallecano,Celta Vigo,17:30,11,10,5,4,4,7,13,14,2,5,0,0,D,D,0,0,2021-11-01,1.2202,0.43779,0.43779,-0.0301819999999999,7.0,2,1.2895,0.467972,0.467972,0.0301819999999999,8.625,4,3607539.0,6.0,15.0,Andoni Iraola,Eduardo Coudet,Adrián Cordero Vega,4-2-3-1,4-4-2 Diamond,367.0,940.0,34700000.0,27.513658141994895,178.1818181818182,221.0,89000000.0,28.135150270673886,180.1818181818182,165.0
875,Levante,Granada,20:00,12,12,3,6,3,5,14,13,4,2,0,0,A,A,0,3,2021-11-01,1.4621,1.46089,1.46089,0.1300099999999999,8.6,5,1.2578,1.33088,1.33088,-0.1300099999999999,10.869565217391305,6,3607535.0,19.0,14.0,Javier Pereira,Robert Moreno,José María Sánchez Martínez,3-1-4-2,4-4-2,3368.0,16795.0,51600000.0,28.75415344409184,179.27272727272728,85.0,33400000.0,29.610851844938086,181.0,14.0
876,Athletic Club,Cadiz,20:00,15,8,5,4,5,1,14,19,2,1,0,0,A,A,0,1,2021-11-05,1.1792,0.491777,0.491777,-0.0929769999999999,12.91304347826087,2,1.3808,0.584754,0.584754,0.0929769999999999,2.7777777777777777,7,3607542.0,8.0,16.0,Marcelino,Álvaro Cervera,Santiago Jaime Latre,4-2-3-1,4-4-2 double 6,621.0,2687.0,117700000.0,27.482795096758135,182.1818181818182,89.0,31100000.0,29.596167008898018,179.9090909090909,161.0
877,Real Madrid,Rayo Vallecano,20:00,15,19,7,7,4,5,8,14,1,2,0,0,H,H,2,1,2021-11-06,0.8130999999999999,1.78044,1.78044,-0.94582,13.0,2,1.9771,2.72626,2.72626,0.94582,17.285714285714285,8,3607548.0,1.0,6.0,Carlo Ancelotti,Andoni Iraola,Pablo González Fuertes,4-3-3 Attacking,4-2-3-1,418.0,367.0,515000000.0,27.31105718374712,182.9090909090909,614.0,25300000.0,27.55223694854085,180.0,125.0
878,Alaves,Levante,17:30,10,12,3,7,1,3,21,17,3,3,0,0,A,H,2,1,2021-11-06,0.6762,0.802633,0.802633,0.011196,11.318181818181818,9,2.0631,1.53471,0.791437,-0.011196,5.04,2,3607541.0,15.0,19.0,Javier Calleja,Javier Pereira,Adrián Cordero Vega,4-3-3 Attacking,4-3-3 Attacking,1108.0,3368.0,39000000.0,27.29363449691992,182.54545454545453,66.0,57100000.0,28.470163648808413,179.0909090909091,83.0
879,Celta Vigo,Barcelona,15:15,18,10,4,6,3,1,18,18,3,6,0,0,A,D,3,3,2021-11-06,0.8786,1.13925,1.13925,-0.6314299999999999,10.0,9,1.8737,1.77068,1.77068,0.6314299999999999,6.833333333333333,5,3607544.0,17.0,9.0,Eduardo Coudet,Sergi Barjuan,Alejandro Hernández Hernández,4-4-2 Diamond,4-3-3 Attacking,940.0,131.0,62200000.0,30.27017609358472,179.27272727272728,133.0,332000000.0,24.862422997946613,181.45454545454547,540.0
880,Espanyol,Granada,13:00,17,18,6,5,5,3,12,8,1,1,0,0,H,H,2,0,2021-11-06,1.6086999999999998,2.06874,2.06874,0.3050699999999999,11.27777777777778,5,1.1485,1.76367,1.76367,-0.3050699999999999,17.533333333333335,4,3607546.0,12.0,14.0,Vicente Moreno,Robert Moreno,Isidro Díaz de Mera Escuderos,4-1-4-1,4-4-2,714.0,16795.0,66000000.0,28.328044303403647,180.72727272727272,60.0,32400000.0,29.17603136083629,180.8181818181818,14.0
881,Villarreal,Getafe,13:00,10,5,4,2,6,4,12,13,1,1,0,0,H,H,1,0,2021-11-07,0.3,0.153162,0.153162,-1.339468,9.794871794871796,1,2.4894000000000003,1.49263,1.49263,1.339468,4.878787878787879,11,3607550.0,10.0,20.0,Unai Emery,Quique Sánchez Flores,Jesús Gil Manzano,4-4-2 double 6,5-3-2,1050.0,3709.0,157000000.0,29.31864849729326,181.9090909090909,158.0,87600000.0,26.843133594673635,185.54545454545453,292.0
882,Valencia,Atletico Madrid,15:15,11,13,5,7,9,0,12,17,2,2,0,0,A,D,3,3,2021-11-07,2.1962,2.63804,2.63804,1.0663700000000005,8.615384615384615,5,0.5852,1.57167,1.57167,-1.0663700000000005,11.72,5,3607549.0,11.0,4.0,Pepe Bordalás,Diego Simeone,César Soto Grado,4-1-4-1,3-4-2-1,1049.0,13.0,172000000.0,26.621118785389832,182.9090909090909,261.0,398000000.0,29.23078837657893,180.27272727272728,859.0
883,Mallorca,Elche,17:30,18,7,6,2,3,3,11,19,2,3,0,0,D,D,2,2,2021-11-07,0.3961,0.679919,0.679919,-0.6257510000000001,9.318181818181818,2,2.4226,2.04894,1.30567,0.6257510000000001,6.709677419354839,7,3607545.0,13.0,18.0,Luis García,Fran Escribá,Mario Melero López,4-2-3-1,4-4-2 double 6,237.0,1531.0,27800000.0,29.468981395059426,178.45454545454547,61.0,22600000.0,30.270673884636924,183.9090909090909,91.0
884,Osasuna,Real Sociedad,17:30,6,9,2,4,5,2,11,12,0,2,0,0,D,A,0,2,2021-11-07,2.2745,1.43263,0.689356,0.1936069999999999,8.047619047619047,9,0.467,0.495749,0.495749,-0.1936069999999999,11.576923076923077,3,3607547.0,7.0,3.0,Jagoba Arrasate,Imanol Alguacil,Miguel Ángel Ortiz Arias,4-2-3-1,4-3-3 Attacking,331.0,681.0,56500000.0,27.209507809097133,182.0,21.0,217000000.0,26.365503080082135,182.54545454545453,168.0
885,Real Betis,Sevilla,20:00,8,11,1,2,2,1,12,13,3,1,1,0,D,A,0,2,2021-11-07,2.2861,1.42156,1.42156,1.032397,7.176470588235294,9,0.4738,0.389163,0.389163,-1.032397,22.0,1,3607543.0,5.0,2.0,Manuel Pellegrini,Julen Lopetegui,Mateu Lahoz,4-2-3-1,4-3-3 Attacking,150.0,368.0,140400000.0,29.24945554103665,180.0909090909091,313.0,262000000.0,28.52641403770767,182.9090909090909,382.0
886,Levante,Athletic Club,20:00,15,7,2,2,6,3,16,7,2,1,0,0,D,D,0,0,2021-11-19,1.0951,0.452179,0.452179,-0.1785839999999999,9.565217391304348,4,1.4557,0.630763,0.630763,0.1785839999999999,9.392857142857142,4,3607556.0,20.0,8.0,Javier Pereira,Marcelino,José Luis Munuera Montero,4-3-3 Attacking,4-4-2,3368.0,621.0,67000000.0,28.19115176404704,179.36363636363637,83.0,130700000.0,28.602327173169066,180.0909090909091,113.0
887,Celta Vigo,Villarreal,13:00,12,18,3,6,3,5,14,17,1,1,0,0,A,D,1,1,2021-11-20,2.5873,2.71931,2.71931,1.8095,9.321428571428571,10,0.2845,0.90981,0.90981,-1.8095,5.3,3,3607553.0,16.0,10.0,Eduardo Coudet,Unai Emery,Javier Alberola Rojas,4-4-2 double 6,4-4-1-1,940.0,1050.0,77200000.0,28.793230041690002,178.0,43.0,135500000.0,29.20863667475577,183.0,158.0
888,Sevilla,Alaves,15:15,16,8,6,3,5,2,14,17,4,4,0,0,A,D,2,2,2021-11-20,1.4564,1.47367,0.730394,-0.6446959999999999,13.714285714285714,0,1.2452,1.37509,1.37509,0.6446959999999999,4.333333333333333,11,3607558.0,2.0,15.0,Julen Lopetegui,Javier Calleja,Alejandro Muñiz Ruiz,4-3-3 Attacking,4-1-4-1,368.0,1108.0,240500000.0,27.36830315475079,182.45454545454547,278.0,36500000.0,28.419637857009523,183.63636363636363,27.0
889,Atletico Madrid,Osasuna,17:30,15,9,2,3,7,4,7,8,2,2,0,0,D,H,1,0,2021-11-20,0.409,0.378974,0.378974,-1.2314660000000002,14.647058823529411,4,2.3814999999999995,1.61044,1.61044,1.2314660000000002,12.0,9,3607551.0,4.0,9.0,Diego Simeone,Jagoba Arrasate,José María Sánchez Martínez,4-4-2 double 6,3-5-2 flat,13.0,331.0,394000000.0,28.8014435940514,180.8181818181818,528.0,56500000.0,27.61869205401033,182.27272727272728,19.0
890,Barcelona,Espanyol,20:00,16,12,6,2,4,4,17,9,4,2,0,0,D,H,1,0,2021-11-20,1.2648,1.41291,1.41291,0.6435730000000001,16.94736842105263,5,1.4364,1.51262,0.769337,-0.6435730000000001,6.258064516129032,17,3607552.0,7.0,12.0,Xavi,Vicente Moreno,Carlos del Cerro Grande,4-3-3 Attacking,5-4-1,131.0,714.0,264500000.0,25.528965216850228,181.9090909090909,527.0,65000000.0,29.083193329599904,181.72727272727272,60.0
891,Getafe,Cadiz,13:00,17,10,8,2,3,7,14,7,2,4,0,0,H,H,4,0,2021-11-21,0.4685,0.370193,0.370193,-1.172757,15.071428571428571,2,2.2985,1.54295,1.54295,1.172757,10.538461538461538,9,3607554.0,19.0,17.0,Quique Sánchez Flores,Álvaro Cervera,De Burgos Bengoetxea,5-3-2,4-4-2 double 6,3709.0,2687.0,90500000.0,27.037272105033914,182.9090909090909,277.0,27300000.0,29.790554414784392,179.63636363636363,92.0
892,Granada,Real Madrid,15:15,11,21,3,10,9,6,10,7,1,1,1,0,A,A,1,4,2021-11-21,2.9031,3.77854,3.77854,3.21432,16.0,20,0.0648,0.56422,0.56422,-3.21432,15.5,3,3607555.0,14.0,1.0,Robert Moreno,Carlo Ancelotti,Juan Martínez Munuera,4-2-3-1,4-3-3 Attacking,16795.0,418.0,36700000.0,28.258851347147036,181.0,14.0,418000000.0,29.640221517018233,181.45454545454547,772.0
893,Elche,Real Betis,17:30,14,9,4,4,10,1,12,14,1,2,0,1,A,A,0,3,2021-11-21,2.0374,1.60069,0.857415,0.0325659999999999,17.9375,3,0.7075,0.824849,0.824849,-0.0325659999999999,16.692307692307693,7,3607560.0,18.0,5.0,Fran Escribá,Manuel Pellegrini,Valentin Pizarro Gomez,3-5-2,4-2-3-1,1531.0,150.0,21500000.0,30.299794661190962,183.54545454545453,91.0,126000000.0,28.04928131416838,179.54545454545453,89.0
894,Real Sociedad,Valencia,20:00,9,8,2,3,2,4,11,16,4,7,1,0,D,D,0,0,2021-11-21,1.4746,0.584859,0.584859,0.179487,11.84,1,1.0735,0.405372,0.405372,-0.179487,6.5,8,3607557.0,3.0,11.0,Imanol Alguacil,Pepe Bordalás,Mario Melero López,4-2-3-1,4-2-3-1,681.0,1049.0,203500000.0,26.17310683840458,182.45454545454547,143.0,170000000.0,26.679858129550123,182.8181818181818,259.0
895,Rayo Vallecano,Mallorca,20:00,15,11,6,5,6,4,14,17,3,2,0,0,H,H,3,1,2021-11-22,0.5459,0.827606,0.827606,-0.3786840000000001,4.916666666666667,6,2.2325,1.94957,1.20629,0.3786840000000001,5.655172413793103,10,3607559.0,6.0,13.0,Andoni Iraola,Luis García,Jorge Figueroa Vázquez,4-2-3-1,4-2-3-1,367.0,237.0,29300000.0,28.189160599838218,179.63636363636363,114.0,32900000.0,27.29288781034161,180.8181818181818,67.0
896,Athletic Club,Granada,20:00,17,8,5,4,8,3,12,9,1,1,1,0,A,D,2,2,2021-11-26,1.0718,0.977596,0.977596,-0.361754,18.46153846153846,5,1.622,1.33935,1.33935,0.361754,6.166666666666667,7,3607562.0,9.0,15.0,Marcelino,Robert Moreno,Adrián Cordero Vega,4-4-2,4-4-2 double 6,621.0,16795.0,109700000.0,27.450189782838653,180.8181818181818,122.0,35600000.0,30.150706241055317,183.0,65.0
897,Alaves,Celta Vigo,13:00,13,8,5,5,5,3,12,15,3,2,0,0,D,A,1,2,2021-11-27,2.2437,1.54308,0.550103,-0.1271419999999999,8.0,5,0.5103,0.677245,0.677245,0.1271419999999999,19.5625,3,3607561.0,16.0,13.0,Javier Calleja,Eduardo Coudet,Pablo González Fuertes,4-3-3 Attacking,4-4-2 double 6,1108.0,940.0,35700000.0,28.438802812519445,183.63636363636363,27.0,77200000.0,28.880094580299918,178.54545454545453,110.0
898,Valencia,Rayo Vallecano,15:15,8,12,4,6,3,9,18,15,6,5,0,0,H,D,1,1,2021-11-27,1.731,2.02852,2.02852,1.190476,6.142857142857143,9,0.9651,1.58132,0.838044,-1.190476,7.28,8,3607569.0,11.0,6.0,Pepe Bordalás,Andoni Iraola,Alejandro Hernández Hernández,4-4-2 double 6,4-2-3-1,1049.0,367.0,173000000.0,26.525791798892417,181.45454545454547,249.0,38300000.0,27.520129425673574,178.72727272727272,116.0
899,Mallorca,Getafe,17:30,12,11,2,0,2,0,8,19,3,0,0,0,D,D,0,0,2021-11-27,1.5944,0.739333,0.739333,0.266637,6.222222222222222,1,0.9989,0.472696,0.472696,-0.266637,11.666666666666666,2,3607564.0,14.0,19.0,Luis García,Quique Sánchez Flores,Santiago Jaime Latre,4-2-3-1,5-3-2,237.0,3709.0,31100000.0,28.498039947731936,178.54545454545453,63.0,90500000.0,27.053699209756704,182.9090909090909,277.0
900,Villarreal,Barcelona,20:00,14,12,2,6,4,4,19,14,2,2,0,0,D,A,1,3,2021-11-27,2.5089,3.37249,2.62922,1.06945,13.055555555555555,6,0.3618,1.55977,1.55977,-1.06945,6.176470588235294,8,3607570.0,12.0,7.0,Unai Emery,Xavi,César Soto Grado,4-4-2 double 6,4-3-3 Attacking,1050.0,131.0,197000000.0,27.96266567108456,183.36363636363637,146.0,307000000.0,25.77661626532263,182.8181818181818,572.0
901,Real Betis,Levante,13:00,26,8,8,2,5,8,16,9,2,3,0,0,A,H,3,1,2021-11-28,0.3131,0.645945,0.645945,-1.663755,10.789473684210526,5,2.5424,2.3097,2.3097,1.663755,4.666666666666667,11,3607563.0,5.0,20.0,Manuel Pellegrini,Javier Pereira,Miguel Ángel Ortiz Arias,4-2-3-1,4-1-4-1,150.0,3368.0,141500000.0,29.650924024640656,179.27272727272728,265.0,58100000.0,28.21579242113123,179.36363636363637,83.0
902,Espanyol,Real Sociedad,15:15,8,10,2,4,2,9,15,7,1,1,0,0,D,H,1,0,2021-11-28,2.3309,1.32638,1.32638,0.9482819999999998,8.333333333333334,13,0.4367,0.378098,0.378098,-0.9482819999999998,17.05,2,3607566.0,8.0,2.0,Vicente Moreno,Imanol Alguacil,Mateu Lahoz,4-2-3-1,4-4-2 double 6,714.0,681.0,72000000.0,28.388277020720555,180.72727272727272,60.0,219000000.0,25.873436624976662,182.36363636363637,197.0
903,Cadiz,Atletico Madrid,17:30,8,17,0,7,4,8,13,11,2,0,0,0,D,A,1,4,2021-11-28,2.78,3.32569,3.32569,2.559213,9.652173913043478,10,0.1442,0.766477,0.766477,-2.559213,17.0,2,3607565.0,18.0,4.0,Álvaro Cervera,Diego Simeone,Jesús Gil Manzano,4-4-2 double 6,4-4-2 double 6,2687.0,13.0,31100000.0,29.659137577002056,179.9090909090909,161.0,440000000.0,28.829817684027127,181.27272727272728,827.0
904,Real Madrid,Sevilla,20:00,14,11,4,6,0,4,10,9,3,3,0,0,D,H,2,1,2021-11-28,1.3982,1.30167,1.30167,0.05407,20.214285714285715,1,1.3024999999999998,1.2476,1.2476,-0.05407,21.33333333333333,13,3607568.0,1.0,3.0,Carlo Ancelotti,Julen Lopetegui,José María Sánchez Martínez,4-3-3 Attacking,4-3-3 Attacking,418.0,368.0,510000000.0,28.932113745255432,182.0,781.0,245000000.0,28.952025387343664,181.36363636363637,357.0
905,Osasuna,Elche,20:00,17,10,4,4,5,4,16,12,1,3,0,0,D,D,1,1,2021-11-29,0.6083,1.05682,1.05682,-0.3371899999999999,11.25,5,2.1791,2.13729,1.39401,0.3371899999999999,6.666666666666667,8,3607567.0,10.0,17.0,Jagoba Arrasate,Sergio Mantecón,Isidro Díaz de Mera Escuderos,4-4-2 double 6,4-4-2 double 6,331.0,1531.0,52000000.0,29.058801568041815,183.0,41.0,25700000.0,29.092651359591812,183.0909090909091,97.0
906,Real Madrid,Athletic Club,20:00,17,18,7,2,7,6,12,13,2,3,0,0,H,H,1,0,2021-12-01,2.1063,2.70199,2.70199,1.09668,14.791666666666666,10,0.6918,1.60531,1.60531,-1.09668,11.61111111111111,7,3605310.0,1.0,10.0,Carlo Ancelotti,Marcelino,Isidro Díaz de Mera Escuderos,4-3-3 Attacking,4-4-2,418.0,621.0,502000000.0,28.988613029680792,182.0,738.0,111200000.0,27.797647937278327,180.45454545454547,93.0
907,Granada,Alaves,20:00,9,14,2,2,3,5,17,15,2,2,0,0,H,H,2,1,2021-12-03,1.5740999999999998,1.38466,1.38466,0.302,9.2,11,1.095,1.08266,1.08266,-0.302,7.4375,4,3607575.0,14.0,17.0,Robert Moreno,Javier Calleja,Javier Alberola Rojas,4-4-2 double 6,4-3-3 Attacking,16795.0,1108.0,42800000.0,28.374089975732684,182.27272727272728,60.0,32500000.0,27.87032543090038,184.0909090909091,23.0
908,Sevilla,Villarreal,13:00,8,16,3,2,5,8,9,10,2,2,0,0,H,H,1,0,2021-12-04,2.5798,1.90918,1.90918,1.43953,8.192307692307692,7,0.2613999999999999,0.46965,0.46965,-1.43953,9.833333333333334,2,3607578.0,2.0,12.0,Julen Lopetegui,Unai Emery,Carlos del Cerro Grande,4-3-3 Attacking,4-4-2 double 6,368.0,1050.0,245000000.0,28.968452492066454,181.36363636363637,357.0,169000000.0,28.292950034223136,183.0909090909091,140.0
909,Barcelona,Real Betis,15:15,12,8,3,2,6,1,17,12,1,2,0,0,D,A,0,1,2021-12-04,0.8296999999999999,0.642697,0.642697,-0.566013,13.814814814814817,5,1.8632,1.20871,1.20871,0.566013,5.294117647058823,8,3607572.0,7.0,3.0,Xavi,Manuel Pellegrini,Pablo González Fuertes,4-3-3 Attacking,4-2-3-1,131.0,150.0,264000000.0,25.49835106713957,180.45454545454547,610.0,131500000.0,29.51577375396677,179.72727272727272,244.0
910,Atletico Madrid,Mallorca,17:30,14,10,6,3,8,5,13,16,2,5,0,0,D,A,1,2,2021-12-04,0.4399,0.775913,0.775913,-1.294537,14.285714285714286,1,2.3749,2.07045,2.07045,1.294537,4.0,5,3607571.0,4.0,13.0,Diego Simeone,Luis García,Juan Martínez Munuera,4-4-2 double 6,4-2-3-1,13.0,237.0,383000000.0,28.097815941758448,181.45454545454547,564.0,29900000.0,28.178955883268,179.0909090909091,63.0
911,Real Sociedad,Real Madrid,20:00,11,13,0,8,5,5,12,8,2,0,0,0,D,A,0,2,2021-12-04,2.5472,2.19245,2.19245,1.607296,32.0,11,0.305,0.585154,0.585154,-1.607296,9.851851851851851,7,3607577.0,5.0,1.0,Imanol Alguacil,Carlo Ancelotti,Jesús Gil Manzano,4-4-2 double 6,4-3-3 Attacking,681.0,418.0,244000000.0,25.223072615269743,184.63636363636363,251.0,510000000.0,28.496795470101425,181.27272727272728,780.0
912,Celta Vigo,Valencia,20:00,11,8,5,5,6,4,10,22,3,2,0,0,D,A,1,2,2021-12-05,1.6977,1.01149,1.01149,0.366411,9.7,5,0.9639,0.645079,0.645079,-0.366411,3.36,2,3607573.0,15.0,8.0,Eduardo Coudet,Pepe Bordalás,De Burgos Bengoetxea,4-4-2 double 6,4-1-4-1,940.0,1049.0,80000000.0,28.21006782403086,177.72727272727272,114.0,155500000.0,26.177338062348326,181.9090909090909,208.0
913,Levante,Osasuna,17:30,11,11,3,1,7,2,12,16,2,3,0,0,D,D,0,0,2021-12-05,0.9312,0.250564,0.250564,-0.259482,11.37037037037037,1,1.5444,0.510046,0.510046,0.259482,9.210526315789474,4,3607576.0,20.0,10.0,Alessio Lisci,Jagoba Arrasate,Valentin Pizarro Gomez,4-3-3 Attacking,5-3-2,3368.0,331.0,49600000.0,28.195631883516896,181.27272727272728,4.0,61500000.0,27.509426918051147,182.63636363636363,55.0
914,Elche,Cadiz,15:15,8,15,3,6,3,3,16,15,7,3,0,0,H,H,3,1,2021-12-05,0.7283999999999999,1.50592,0.732829,-0.8547310000000001,8.264705882352942,2,2.0352,2.33084,1.58756,0.8547310000000001,6.666666666666667,8,3607580.0,16.0,18.0,Francisco Rodríguez,Álvaro Cervera,Alejandro Muñiz Ruiz,4-4-2 double 6,4-4-2 double 6,1531.0,2687.0,25700000.0,29.109078464314607,183.0909090909091,97.0,30000000.0,28.566984008462445,180.54545454545453,167.0
915,Rayo Vallecano,Espanyol,13:00,7,10,0,3,6,3,18,11,3,3,0,1,D,H,1,0,2021-12-05,1.0600999999999998,0.474816,0.474816,-0.174382,11.842105263157896,3,1.5137,0.649198,0.649198,0.174382,5.815789473684211,2,3607579.0,6.0,11.0,Andoni Iraola,Vicente Moreno,José Luis Munuera Montero,4-2-3-1,4-1-4-1,367.0,714.0,37800000.0,28.309626034472032,178.0,116.0,72000000.0,28.407441976230476,180.72727272727272,60.0
916,Getafe,Athletic Club,20:00,17,9,5,3,5,3,14,14,2,1,0,0,D,D,0,0,2021-12-06,0.5825,0.466017,0.466017,-0.8913429999999999,7.6,4,2.1584,1.35736,1.35736,0.8913429999999999,12.9,0,3607574.0,19.0,9.0,Quique Sánchez Flores,Marcelino,Jorge Figueroa Vázquez,3-5-2 flat,4-4-2,3709.0,621.0,90500000.0,27.078339866840896,182.9090909090909,277.0,120800000.0,27.359094020284985,181.63636363636363,141.0
917,Mallorca,Celta Vigo,20:00,12,14,1,5,7,4,14,11,3,2,0,0,D,D,0,0,2021-12-10,1.7673,1.33476,1.33476,0.436662,4.307692307692308,6,0.9258,0.898098,0.898098,-0.436662,3.4857142857142858,4,3607592.0,13.0,15.0,Luis García,Eduardo Coudet,Isidro Díaz de Mera Escuderos,4-4-2,4-4-2 Diamond,237.0,940.0,29900000.0,28.60730508369112,179.54545454545453,65.0,88000000.0,27.497479932798207,178.54545454545453,186.0
918,Espanyol,Levante,13:00,17,14,8,5,4,2,9,15,4,4,0,1,A,H,4,3,2021-12-11,2.209,3.38759,3.38759,1.2523899999999997,10.538461538461538,5,0.6169,2.1352,2.1352,-1.2523899999999997,14.72222222222222,8,3607594.0,9.0,20.0,Vicente Moreno,Alessio Lisci,Adrián Cordero Vega,4-2-3-1,4-4-2 double 6,714.0,3368.0,74000000.0,28.298923526849606,181.0909090909091,61.0,58100000.0,28.25138448136395,179.36363636363637,83.0
919,Alaves,Getafe,15:15,9,11,1,2,1,1,18,15,4,4,1,0,A,D,1,1,2021-12-11,1.3622999999999998,1.04682,1.04682,0.057746,11.25925925925926,1,1.2906,0.989074,0.989074,-0.057746,4.785714285714286,2,3607589.0,16.0,19.0,Javier Calleja,Quique Sánchez Flores,César Soto Grado,4-1-4-1,5-3-2,1108.0,3709.0,40500000.0,27.408624229979466,181.0909090909091,67.0,90500000.0,27.092029120776555,182.9090909090909,277.0
920,Valencia,Elche,17:30,21,8,8,4,8,1,15,12,3,2,0,0,H,H,2,1,2021-12-11,0.9675,1.12996,1.12996,-0.54548,4.730769230769231,2,1.7592,1.67544,1.67544,0.54548,6.205128205128205,7,3607597.0,8.0,17.0,Pepe Bordalás,Francisco Rodríguez,Santiago Jaime Latre,4-4-2,4-4-2 double 6,1049.0,1531.0,148500000.0,26.3707298861303,181.1818181818182,197.0,23300000.0,29.59766038205463,183.1818181818182,54.0
921,Athletic Club,Sevilla,20:00,13,6,2,1,9,2,17,10,4,3,0,0,A,A,0,1,2021-12-11,0.0949,0.214536,0.214536,-2.1420540000000003,18.857142857142858,0,2.8372,2.35659,2.35659,2.1420540000000003,9.20689655172414,5,3607590.0,12.0,2.0,Marcelino,Julen Lopetegui,Alejandro Hernández Hernández,4-4-2 double 6,4-2-3-1,621.0,368.0,129700000.0,28.024142866031983,180.63636363636363,143.0,197000000.0,28.053512538112127,180.72727272727272,340.0
922,Villarreal,Rayo Vallecano,13:00,13,19,5,7,5,6,16,14,1,3,0,0,H,H,2,0,2021-12-12,0.865,1.41255,1.41255,0.0460599999999999,10.0,6,1.9108,2.10964,1.36649,-0.0460599999999999,6.096774193548387,5,3607598.0,11.0,6.0,Unai Emery,Andoni Iraola,Mario Melero López,4-4-2,4-2-3-1,1050.0,367.0,189000000.0,28.358907348640404,183.0,229.0,29300000.0,28.24391761558086,179.63636363636363,114.0
923,Osasuna,Barcelona,15:15,8,10,3,2,6,5,16,16,5,4,0,0,D,D,2,2,2021-12-12,2.3462,1.3894,1.3894,1.021774,6.35,7,0.428,0.367626,0.367626,-1.021774,9.6,2,3607595.0,10.0,7.0,Jagoba Arrasate,Xavi,Juan Martínez Munuera,4-1-4-1,3-4-3,331.0,131.0,58000000.0,27.263767033787566,182.36363636363637,18.0,268000000.0,26.042187791674447,184.45454545454547,480.0
924,Real Betis,Real Sociedad,17:30,11,15,5,5,4,7,12,10,3,1,0,0,H,H,4,0,2021-12-12,1.2485,1.06737,1.06737,-0.14961,10.2,4,1.4462000000000002,1.21698,1.21698,0.14961,10.2,6,3607591.0,3.0,5.0,Manuel Pellegrini,Imanol Alguacil,José María Sánchez Martínez,4-2-3-1,4-2-3-1,150.0,681.0,158500000.0,29.78109638479248,179.45454545454547,269.0,262000000.0,25.20515213739033,180.36363636363637,170.0
925,Real Madrid,Atletico Madrid,20:00,7,9,3,6,3,6,17,15,2,3,0,0,H,H,2,0,2021-12-12,1.4616,0.769681,0.769681,0.1818529999999999,11.157894736842104,7,1.1418,0.587828,0.587828,-0.1818529999999999,9.863636363636363,5,3607596.0,1.0,4.0,Carlo Ancelotti,Diego Simeone,Mateu Lahoz,4-3-3 Attacking,4-4-2 double 6,418.0,13.0,510000000.0,28.97044365627528,182.0,781.0,413000000.0,28.133408001991164,181.9090909090909,550.0
926,Cadiz,Granada,20:00,13,16,3,5,8,1,14,10,5,0,1,0,H,D,1,1,2021-12-13,1.7755,1.12436,1.12436,0.50546,9.0,4,0.9121,0.6189,0.6189,-0.50546,13.545454545454543,1,3607593.0,18.0,14.0,Álvaro Cervera,Robert Moreno,Miguel Ángel Ortiz Arias,4-4-1-1,4-4-2 double 6,2687.0,16795.0,34000000.0,27.99751104473897,180.72727272727272,93.0,37100000.0,28.37384108020658,182.63636363636363,15.0
927,Celta Vigo,Espanyol,20:00,12,6,5,3,3,3,13,5,2,1,0,0,H,H,3,1,2021-12-17,0.3445,0.377711,0.377711,-1.278489,14.19047619047619,2,2.4586,1.6562,1.6562,1.278489,7.135135135135135,12,3607601.0,14.0,11.0,Eduardo Coudet,Vicente Moreno,Valentin Pizarro Gomez,4-4-2 double 6,4-2-3-1,940.0,714.0,88000000.0,28.260842511355857,178.36363636363637,208.0,67000000.0,28.10528280754153,179.8181818181818,60.0
928,Barcelona,Elche,17:30,19,5,8,3,5,0,13,17,1,3,0,0,H,H,3,2,2021-12-18,0.3929,1.26552,1.26552,-1.6984500000000002,17.916666666666668,3,2.462,2.96397,2.96397,1.6984500000000002,4.419354838709677,12,3607600.0,7.0,17.0,Xavi,Francisco Rodríguez,Javier Alberola Rojas,4-3-3 Attacking,4-4-2 double 6,131.0,1531.0,282000000.0,25.043370045423433,180.9090909090909,527.0,25100000.0,29.781345280318586,182.36363636363637,97.0
929,Sevilla,Atletico Madrid,20:00,6,15,2,3,4,7,15,14,2,1,0,0,D,H,2,1,2021-12-18,2.1439,1.24499,1.24499,0.871843,9.0,8,0.5698,0.373147,0.373147,-0.871843,10.285714285714286,5,3607607.0,2.0,5.0,Julen Lopetegui,Diego Simeone,De Burgos Bengoetxea,4-3-3 Attacking,3-5-2 flat,368.0,13.0,222500000.0,28.005226806048164,180.9090909090909,372.0,361000000.0,29.183249331093272,180.72727272727272,531.0
930,Rayo Vallecano,Alaves,13:00,20,6,5,4,5,5,12,19,1,2,0,0,H,H,2,0,2021-12-18,0.2008,0.198501,0.198501,-1.674309,8.857142857142858,4,2.6632,1.87281,1.87281,1.674309,4.454545454545454,11,3607608.0,4.0,16.0,Andoni Iraola,Javier Calleja,Mateu Lahoz,4-2-3-1,4-1-4-1,367.0,1108.0,29300000.0,28.26034472030365,179.63636363636363,114.0,33600000.0,27.043743388712585,182.63636363636363,24.0
931,Real Sociedad,Villarreal,15:15,8,15,4,8,5,5,9,15,2,3,1,0,D,A,1,3,2021-12-18,2.4436,3.02243,3.02243,1.67682,5.44,14,0.4063,1.34561,1.34561,-1.67682,9.869565217391305,4,3607606.0,6.0,9.0,Imanol Alguacil,Unai Emery,Jorge Figueroa Vázquez,4-2-3-1,4-4-2 double 6,681.0,1050.0,261000000.0,26.49219090286852,181.8181818181818,323.0,194000000.0,28.012444776305145,182.45454545454547,248.0
932,Granada,Mallorca,13:00,15,8,6,5,4,2,12,15,3,2,0,0,D,H,4,1,2021-12-19,0.3357,1.08613,1.08613,-1.62925,7.8125,5,2.5161,2.71538,2.71538,1.62925,7.44,4,3607603.0,12.0,15.0,Robert Moreno,Luis García,Alejandro Muñiz Ruiz,4-4-2 double 6,4-2-3-1,16795.0,237.0,42100000.0,28.943065148403956,182.45454545454547,65.0,38900000.0,28.617012009209134,177.0909090909091,113.0
933,Athletic Club,Real Betis,15:15,9,16,6,8,5,6,7,12,1,3,0,0,D,H,3,2,2021-12-19,2.0562,2.01927,2.01927,0.82837,10.5,13,0.6804000000000001,1.1909,1.1909,-0.82837,10.333333333333334,3,3607599.0,10.0,3.0,Marcelino,Manuel Pellegrini,Jesús Gil Manzano,4-4-2 double 6,4-2-3-1,621.0,150.0,95700000.0,26.943687387219214,181.72727272727272,74.0,171000000.0,29.297990168626715,181.45454545454547,167.0
934,Getafe,Osasuna,17:30,18,11,4,2,4,3,14,8,3,1,0,0,D,H,1,0,2021-12-19,1.0258,0.712207,0.712207,-0.3787529999999999,12.133333333333333,4,1.6432,1.09096,1.09096,0.3787529999999999,9.318181818181818,3,3607602.0,18.0,13.0,Quique Sánchez Flores,Jagoba Arrasate,José Luis Munuera Montero,5-3-2,4-3-3 Attacking,3709.0,331.0,90500000.0,27.11393192707361,182.9090909090909,277.0,56500000.0,27.083566672889052,180.36363636363637,21.0
935,Real Madrid,Cadiz,20:00,36,4,9,0,13,2,9,10,1,1,0,0,D,D,0,0,2021-12-19,0.1056,0.242189,0.242189,-2.553961,18.8,2,2.8248,2.79615,2.79615,2.553961,3.6,24,3607605.0,1.0,19.0,Carlo Ancelotti,Álvaro Cervera,Santiago Jaime Latre,4-3-3 Attacking,4-2-3-1,418.0,2687.0,535000000.0,28.326302034720925,182.27272727272728,577.0,32500000.0,28.55254806794848,181.9090909090909,69.0
936,Levante,Valencia,20:00,15,15,9,8,6,4,21,11,3,4,0,0,H,A,3,4,2021-12-20,0.9178,2.10622,1.36294,-0.4962499999999998,9.714285714285714,6,1.8367,2.73541,1.85919,0.4962499999999998,4.866666666666666,5,3607604.0,20.0,8.0,Alessio Lisci,Pepe Bordalás,Pablo González Fuertes,4-4-2 double 6,4-4-2 double 6,3368.0,1049.0,47600000.0,27.16147097255927,181.8181818181818,19.0,170000000.0,26.379192334017795,182.27272727272728,184.0
937,Villarreal,Alaves,18:00,24,4,10,2,6,2,16,14,0,2,0,0,H,H,5,2,2021-12-21,0.017,0.310052,0.310052,-3.569808,16.15,2,2.9708,3.87986,3.87986,3.569808,8.173913043478262,18,3605203.0,9.0,20.0,Unai Emery,Javier Calleja,Valentin Pizarro Gomez,4-4-2 double 6,4-3-3 Attacking,1050.0,1108.0,191000000.0,28.396241677555846,183.0909090909091,281.0,31800000.0,28.485097380374587,183.45454545454547,23.0
938,Sevilla,Barcelona,20:30,5,23,1,7,4,9,15,13,2,3,1,0,D,D,1,1,2021-12-21,2.6311,1.90576,1.90576,1.606334,8.384615384615385,6,0.2304999999999999,0.299426,0.299426,-1.606334,12.571428571428571,0,3605202.0,6.0,5.0,Julen Lopetegui,Xavi,Carlos del Cerro Grande,4-3-3 Attacking,4-3-3 Attacking,368.0,131.0,225000000.0,29.21809470474768,183.27272727272728,338.0,273000000.0,25.81245722108145,181.63636363636363,511.0
939,Athletic Club,Real Madrid,20:30,15,12,2,7,7,0,17,7,2,2,0,0,A,A,1,2,2021-12-22,1.7682,1.58518,1.58518,0.4918800000000001,14.416666666666666,12,0.9579,1.0933,1.0933,-0.4918800000000001,9.727272727272728,12,3610270.0,10.0,1.0,Marcelino,Carlo Ancelotti,César Soto Grado,4-2-3-1,4-3-3 Attacking,621.0,418.0,92500000.0,26.647999502208947,180.72727272727272,48.0,482000000.0,27.581606620620995,182.0,439.0
940,Granada,Atletico Madrid,18:00,6,15,4,3,2,7,17,7,4,1,0,0,D,H,2,1,2021-12-22,2.0487,1.77937,1.77937,0.8683169999999999,7.76,8,0.6798,0.911053,0.911053,-0.8683169999999999,9.692307692307692,2,3605307.0,15.0,4.0,Robert Moreno,Diego Simeone,Alejandro Hernández Hernández,4-4-2 double 6,3-1-4-2,16795.0,13.0,44100000.0,27.657021965030182,181.8181818181818,131.0,361000000.0,28.83180884823595,181.27272727272728,617.0
941,Valencia,Espanyol,15:15,12,15,2,4,7,5,19,14,7,3,1,0,D,A,1,2,2021-12-31,2.3384,2.14833,1.40505,0.5409719999999999,6.7,5,0.4721,0.864078,0.864078,-0.5409719999999999,14.285714285714286,5,3607616.0,8.0,11.0,Pepe Bordalás,Vicente Moreno,José María Sánchez Martínez,4-4-2,4-3-3 Attacking,1049.0,714.0,151500000.0,25.416962230103913,181.1818181818182,225.0,58000000.0,28.582415531080827,180.45454545454547,17.0
942,Getafe,Real Madrid,13:00,6,14,3,4,2,9,20,8,3,2,0,0,H,H,1,0,2022-01-02,1.3163,0.913167,0.913167,0.0131279999999999,7.0588235294117645,12,1.3436,0.900039,0.900039,-0.0131279999999999,17.0,2,3607613.0,16.0,1.0,Quique Sánchez Flores,Carlo Ancelotti,Mario Melero López,5-3-2,4-3-3 Attacking,3709.0,418.0,80500000.0,26.852342729139444,183.54545454545453,187.0,442000000.0,29.03117416464439,181.8181818181818,728.0
943,Atletico Madrid,Rayo Vallecano,15:15,15,5,5,0,8,2,14,12,3,0,0,0,H,H,2,0,2022-01-02,0.1305,0.104074,0.104074,-1.876956,8.181818181818182,0,2.7663,1.98103,1.98103,1.876956,9.225806451612904,10,3607610.0,4.0,7.0,Diego Simeone,Andoni Iraola,Jorge Figueroa Vázquez,4-4-2 double 6,4-2-3-1,13.0,367.0,363000000.0,28.202352062721673,179.63636363636363,641.0,32500000.0,26.993715387965903,178.0909090909091,37.0
944,Elche,Granada,15:15,18,10,2,5,6,3,18,15,3,3,1,0,D,D,0,0,2022-01-02,0.9983,0.965958,0.965958,-0.482282,8.095238095238095,7,1.7294,1.44824,1.44824,0.482282,11.136363636363637,4,3607618.0,18.0,13.0,Francisco Rodríguez,Robert Moreno,Adrián Cordero Vega,4-2-3-1,4-4-2 double 6,1531.0,16795.0,18700000.0,29.340551303590317,183.54545454545453,62.0,42100000.0,28.981395059423804,182.45454545454547,65.0
945,Alaves,Real Sociedad,17:30,19,10,5,4,2,3,22,10,3,3,0,0,A,D,1,1,2022-01-02,1.2383,1.38111,1.38111,0.58369,7.769230769230769,8,1.469,1.5407,0.79742,-0.58369,7.871794871794871,6,3607609.0,17.0,6.0,José Luis Mendilibar,Imanol Alguacil,Carlos del Cerro Grande,4-4-2 double 6,4-2-3-1,1108.0,681.0,28800000.0,26.315972870387654,183.1818181818182,68.0,221000000.0,26.475266007093524,181.36363636363637,134.0
946,Real Betis,Celta Vigo,17:30,18,7,7,5,3,3,15,11,1,2,0,0,A,A,0,2,2022-01-02,2.1962,1.872,1.12872,0.2392839999999999,12.8,4,0.5927,0.889436,0.889436,-0.2392839999999999,6.25,10,3607611.0,3.0,12.0,Manuel Pellegrini,Eduardo Coudet,César Soto Grado,4-2-3-1,4-4-2 Diamond,150.0,940.0,122500000.0,29.394810528280754,179.27272727272728,327.0,78500000.0,27.339680169248957,179.0,94.0
947,Mallorca,Barcelona,20:00,13,13,3,4,4,3,22,24,5,2,0,0,A,A,0,1,2022-01-02,1.8828,1.61795,1.61795,0.629414,5.033333333333333,3,0.8523000000000001,0.988536,0.988536,-0.629414,10.620689655172416,3,3607612.0,15.0,5.0,Luis García,Xavi,Mateu Lahoz,4-2-3-1,4-3-3 Attacking,237.0,131.0,30400000.0,28.95725219339182,179.27272727272728,63.0,219000000.0,24.550308008213552,183.1818181818182,225.0
948,Cadiz,Sevilla,20:15,9,14,2,4,2,8,5,9,0,1,0,0,D,A,0,1,2022-01-03,2.2692,1.28387,1.28387,1.045276,8.285714285714286,14,0.4575,0.238594,0.238594,-1.045276,30.2,3,3607614.0,19.0,2.0,Álvaro Cervera,Julen Lopetegui,Javier Alberola Rojas,4-2-3-1,4-3-3 Attacking,2687.0,368.0,21700000.0,26.828199863107464,181.54545454545453,103.0,163500000.0,29.584966710223384,180.9090909090909,403.0
949,Osasuna,Athletic Club,20:00,15,17,4,5,4,5,12,7,5,2,1,0,A,A,1,3,2022-01-03,2.6607,2.48538,2.48538,1.963435,16.3125,8,0.2301,0.521945,0.521945,-1.963435,8.722222222222221,5,3607615.0,14.0,10.0,Jagoba Arrasate,Marcelino,Miguel Ángel Ortiz Arias,5-3-2,4-2-3-1,331.0,621.0,54500000.0,28.838777922966834,184.36363636363637,43.0,135000000.0,27.840457967768028,180.63636363636363,117.0
950,Villarreal,Levante,18:00,17,7,7,3,6,5,12,9,3,2,0,0,H,H,5,0,2022-01-03,0.0243999999999999,0.423407,0.423407,-3.767063,10.892857142857142,3,2.9599,4.19047,4.19047,3.767063,14.333333333333334,18,3607617.0,9.0,20.0,Unai Emery,Alessio Lisci,Alejandro Hernández Hernández,4-4-2,4-1-4-1,1050.0,3368.0,181500000.0,28.463692365129738,181.63636363636363,258.0,56800000.0,27.93080704374339,181.1818181818182,97.0
951,Levante,Mallorca,13:00,16,15,8,8,5,5,20,11,3,1,1,0,D,H,2,0,2022-01-08,1.2485,1.16534,0.422064,-0.902786,14.23076923076923,3,1.4426,1.32485,1.32485,0.902786,7.793103448275862,4,3607622.0,20.0,15.0,Alessio Lisci,Luis García,Jorge Figueroa Vázquez,5-3-2,4-2-3-1,3368.0,237.0,43100000.0,29.22979279447452,179.8181818181818,85.0,28600000.0,25.62304772571713,179.72727272727272,56.0
952,Real Sociedad,Celta Vigo,15:15,12,4,3,0,6,4,10,18,3,3,0,0,H,H,1,0,2022-01-08,0.1375,0.313993,0.313993,-2.007077,4.533333333333333,4,2.7745,2.32107,2.32107,2.007077,13.833333333333334,5,3607625.0,5.0,14.0,Imanol Alguacil,Eduardo Coudet,Guillermo Cuadra Fernández,4-3-3 Attacking,4-4-2 Diamond,681.0,940.0,277500000.0,25.678302532511978,182.63636363636363,194.0,83000000.0,28.46244788749922,177.54545454545453,117.0
953,Granada,Barcelona,17:30,14,13,4,1,3,2,9,21,2,5,0,1,D,D,1,1,2022-01-08,1.5564,0.967234,0.967234,0.219477,5.653846153846154,1,1.1076,0.747757,0.747757,-0.219477,13.91304347826087,4,3607620.0,13.0,6.0,Robert Moreno,Xavi,Pablo González Fuertes,4-4-2 double 6,4-3-3 Attacking,16795.0,131.0,42000000.0,28.861427415842197,182.0909090909091,65.0,185000000.0,27.906913073237504,181.45454545454547,435.0
954,Real Madrid,Valencia,20:00,23,12,8,7,3,8,15,24,3,3,0,0,H,H,4,1,2022-01-08,0.0538,1.12054,0.27707,-3.09255,13.285714285714286,2,2.9146,4.1129,3.36962,3.09255,8.235294117647058,16,3607624.0,1.0,10.0,Carlo Ancelotti,Pepe Bordalás,Alejandro Hernández Hernández,4-3-3 Attacking,4-2-3-1,418.0,1049.0,502000000.0,29.092651359591812,182.0,738.0,149000000.0,26.442660693174044,182.63636363636363,281.0
955,Rayo Vallecano,Real Betis,13:00,17,9,7,5,6,4,18,13,1,3,0,1,A,D,1,1,2022-01-09,1.1595,1.26688,1.26688,-0.2123399999999999,10.583333333333334,6,1.5192,1.47922,1.47922,0.2123399999999999,3.260869565217391,9,3607627.0,7.0,3.0,Andoni Iraola,Manuel Pellegrini,Alejandro Muñiz Ruiz,4-2-3-1,4-2-3-1,367.0,150.0,26800000.0,27.93926949163089,180.45454545454547,148.0,160000000.0,28.668284487586334,182.8181818181818,173.0
956,Sevilla,Getafe,15:15,10,4,1,2,5,2,8,20,1,3,0,0,H,H,1,0,2022-01-09,0.7125000000000001,0.114607,0.114607,-0.477722,16.392857142857142,6,1.7688,0.592329,0.592329,0.477722,7.75,0,3607626.0,2.0,17.0,Julen Lopetegui,Quique Sánchez Flores,Juan Martínez Munuera,4-3-3 Attacking,5-3-2,368.0,3709.0,238000000.0,28.387530334142244,180.0,205.0,74000000.0,27.73144172733495,184.1818181818182,236.0
957,Alaves,Athletic Club,17:30,12,10,1,2,7,5,15,11,2,0,0,0,D,D,0,0,2022-01-09,1.1412,0.463719,0.463719,-0.121786,4.1923076923076925,4,1.4049,0.585505,0.585505,0.121786,8.758620689655173,5,3607619.0,18.0,9.0,José Luis Mendilibar,Marcelino,Santiago Jaime Latre,4-4-2 double 6,4-2-3-1,1108.0,621.0,34300000.0,26.94318959616701,182.45454545454547,57.0,135000000.0,27.856885072490822,180.63636363636363,117.0
958,Osasuna,Cadiz,17:30,15,6,5,1,5,7,13,13,2,2,0,0,H,H,2,0,2022-01-09,0.0282,0.210192,0.210192,-2.923768,13.055555555555555,1,2.9502,3.13396,3.13396,2.923768,6.730769230769231,7,3607623.0,12.0,19.0,Jagoba Arrasate,Álvaro Cervera,De Burgos Bengoetxea,4-4-2 double 6,4-2-3-1,331.0,2687.0,56000000.0,28.38628585651173,183.72727272727272,44.0,31500000.0,27.129861240744198,180.9090909090909,35.0
959,Villarreal,Atletico Madrid,20:00,13,7,3,5,7,3,13,8,0,2,0,1,D,D,2,2,2022-01-09,0.318,0.882404,0.882404,-0.935566,17.470588235294116,5,2.5413,2.56125,1.81797,0.935566,6.827586206896552,6,3607628.0,8.0,4.0,Unai Emery,Diego Simeone,Javier Alberola Rojas,4-4-2 double 6,4-4-2 double 6,1050.0,13.0,170000000.0,29.291767780474142,182.63636363636363,192.0,383000000.0,27.21971252566735,181.1818181818182,389.0
960,Espanyol,Elche,20:00,8,3,3,2,13,0,13,18,4,6,0,0,A,A,1,2,2022-01-10,0.7396,0.662335,0.662335,0.103391,12.9,3,1.9432,1.30222,0.558944,-0.103391,8.5,8,3607621.0,11.0,16.0,Vicente Moreno,Francisco Rodríguez,Jesús Gil Manzano,4-4-2,4-4-2 double 6,714.0,1531.0,56900000.0,26.63928815879535,180.45454545454547,16.0,19700000.0,29.53344533632008,184.1818181818182,95.0
961,Elche,Villarreal,13:00,5,9,2,4,3,8,12,15,4,3,0,0,D,H,1,0,2022-01-16,1.9286,0.755426,0.755426,0.5512710000000001,8.48,5,0.6593,0.204155,0.204155,-0.5512710000000001,10.55,0,3610279.0,15.0,9.0,Francisco Rodríguez,Unai Emery,Valentin Pizarro Gomez,4-4-2 double 6,4-4-2 double 6,1531.0,1050.0,19100000.0,29.872441042872254,184.0,57.0,188000000.0,28.310123825524236,182.0909090909091,213.0
962,Real Betis,Alaves,19:00,18,9,5,2,8,3,14,14,2,0,0,0,H,H,4,0,2022-01-18,0.2117,0.260065,0.260065,-1.841585,14.6,2,2.6636,2.10165,2.10165,1.841585,6.523809523809524,10,3610273.0,3.0,18.0,Manuel Pellegrini,José Luis Mendilibar,José María Sánchez Martínez,4-2-3-1,4-4-2,150.0,1108.0,135400000.0,29.37589446829693,180.45454545454547,302.0,33700000.0,28.419886752535625,183.45454545454547,45.0
963,Cadiz,Espanyol,20:30,10,14,4,7,3,2,14,9,5,1,0,0,A,D,2,2,2022-01-18,2.2142,1.91578,1.91578,1.113797,9.91304347826087,5,0.5774,0.801983,0.801983,-1.113797,16.733333333333334,2,3610277.0,19.0,11.0,Sergio,Vicente Moreno,Alejandro Muñiz Ruiz,4-4-2,4-2-3-1,2687.0,714.0,30100000.0,29.947607491755335,179.54545454545453,64.0,54000000.0,27.88998817746251,180.45454545454547,11.0
964,Celta Vigo,Osasuna,18:00,5,9,3,0,0,5,14,11,1,2,0,0,H,H,2,0,2022-01-19,0.3661,0.46556,0.46556,-1.05877,7.678571428571429,2,2.4235,1.52433,1.52433,1.05877,12.35,9,3610274.0,12.0,13.0,Eduardo Coudet,Jagoba Arrasate,Adrián Cordero Vega,4-4-2 Diamond,4-3-3 Attacking,940.0,331.0,83000000.0,28.492564246157677,177.54545454545453,117.0,45550000.0,27.76379814572833,183.0909090909091,47.0
965,Valencia,Sevilla,20:30,10,12,2,3,4,4,22,14,3,3,1,0,D,D,1,1,2022-01-19,1.8972,1.17995,1.17995,0.6065010000000001,6.923076923076923,3,0.7917000000000001,0.573449,0.573449,-0.6065010000000001,9.717948717948715,10,3610278.0,8.0,2.0,Pepe Bordalás,Julen Lopetegui,César Soto Grado,5-4-1,4-3-3 Attacking,1049.0,368.0,133000000.0,24.29519009395806,181.9090909090909,238.0,153400000.0,28.865907535312054,180.0909090909091,246.0
966,Getafe,Granada,18:00,12,7,4,4,4,8,15,10,3,4,0,0,D,H,4,2,2022-01-20,1.0406,0.856476,0.856476,-0.3241739999999999,14.0,4,1.6259,1.18065,1.18065,0.3241739999999999,6.903225806451613,10,3610276.0,16.0,14.0,Quique Sánchez Flores,Robert Moreno,Isidro Díaz de Mera Escuderos,5-3-2,4-4-2,3709.0,16795.0,90500000.0,27.20154315226184,182.9090909090909,277.0,40500000.0,27.945740775309563,181.8181818181818,65.0
967,Espanyol,Real Betis,20:00,12,15,4,8,6,5,15,12,3,4,1,0,A,A,1,4,2022-01-21,2.2416,2.85687,2.1136,0.5426799999999998,9.333333333333334,11,0.5856,1.57092,1.57092,-0.5426799999999998,19.0,9,3610293.0,13.0,3.0,Vicente Moreno,Manuel Pellegrini,Javier Alberola Rojas,4-2-3-1,4-2-3-1,714.0,150.0,54500000.0,27.516893783834234,179.1818181818182,20.0,134900000.0,29.668346711467862,181.45454545454547,227.0
968,Levante,Cadiz,13:00,15,8,8,2,8,2,15,16,4,6,0,0,A,A,0,2,2022-01-22,1.2046,0.911469,0.911469,-0.173401,15.944444444444445,1,1.4623,1.08487,1.08487,0.173401,7.368421052631579,4,3610294.0,20.0,18.0,Alessio Lisci,Sergio,César Soto Grado,4-4-2 double 6,4-4-2,3368.0,2687.0,43600000.0,30.41105096135897,180.45454545454547,84.0,30000000.0,28.647875054445898,179.9090909090909,70.0
969,Villarreal,Mallorca,15:15,12,8,6,2,10,6,13,12,1,2,0,1,H,H,3,0,2022-01-22,0.8921,1.59983,1.59983,0.14487,8.266666666666667,3,1.841,2.19824,1.45496,-0.14487,7.333333333333333,9,3610299.0,8.0,17.0,Unai Emery,Luis García,Miguel Ángel Ortiz Arias,4-4-2,4-3-3 Attacking,1050.0,237.0,144500000.0,29.224565988426356,182.1818181818182,122.0,32200000.0,27.38099682658204,179.27272727272728,73.0
970,Sevilla,Celta Vigo,17:30,16,6,5,4,7,0,11,16,1,4,0,0,A,D,2,2,2022-01-22,0.918,0.469693,0.469693,-0.415384,15.590909090909092,2,1.707,0.885077,0.885077,0.415384,7.0,5,3610297.0,2.0,12.0,Julen Lopetegui,Eduardo Coudet,José María Sánchez Martínez,4-3-3 Attacking,4-4-2 Diamond,368.0,940.0,196000000.0,28.94331404393006,182.0,312.0,83000000.0,28.50077779851907,177.54545454545453,117.0
971,Atletico Madrid,Valencia,20:00,16,7,6,3,5,4,13,22,5,6,0,0,A,H,3,2,2022-01-22,0.3324,0.726623,0.726623,-1.5330369999999998,9.88,3,2.5104,2.25966,2.25966,1.5330369999999998,4.5,6,3610291.0,5.0,10.0,Diego Simeone,Pepe Bordalás,Isidro Díaz de Mera Escuderos,4-4-2 double 6,3-5-2 flat,13.0,1049.0,395000000.0,27.813826146475016,180.1818181818182,660.0,143000000.0,24.617012009209134,180.63636363636363,169.0
972,Alaves,Barcelona,20:00,6,10,2,4,1,10,16,8,0,0,0,0,D,A,0,1,2022-01-23,1.7449,1.14948,1.14948,0.4162570000000001,6.357142857142857,6,0.9322,0.733223,0.733223,-0.4162570000000001,19.727272727272727,4,3610290.0,19.0,6.0,José Luis Mendilibar,Xavi,Jorge Figueroa Vázquez,4-4-2 double 6,4-3-3 Attacking,1108.0,131.0,31100000.0,28.890548192396242,182.72727272727272,20.0,331000000.0,26.586273411735423,182.45454545454547,577.0
973,Real Sociedad,Getafe,17:30,9,9,3,2,7,2,17,13,1,1,0,0,D,D,0,0,2022-01-23,0.5385,0.350506,0.350506,-0.862914,12.709677419354838,1,2.1855,1.21342,1.21342,0.862914,5.428571428571429,6,3610296.0,4.0,16.0,Imanol Alguacil,Quique Sánchez Flores,José Luis Munuera Montero,4-3-3 Attacking,5-3-2,681.0,3709.0,188200000.0,26.691307323750856,182.8181818181818,170.0,98000000.0,26.94841640221517,182.45454545454547,269.0
974,Rayo Vallecano,Athletic Club,17:30,29,9,3,3,9,7,8,20,1,6,0,0,A,A,0,1,2022-01-23,0.5636,0.412898,0.412898,-1.040472,7.333333333333333,2,2.1713,1.45337,1.45337,1.040472,6.666666666666667,6,3610298.0,7.0,9.0,Andoni Iraola,Marcelino,Adrián Cordero Vega,4-2-3-1,4-4-2 double 6,367.0,621.0,26000000.0,28.48111505195694,179.27272727272728,166.0,107700000.0,27.617945367432018,180.8181818181818,122.0
975,Granada,Osasuna,13:00,6,16,2,7,4,3,12,15,0,2,0,0,D,A,0,2,2022-01-23,2.5469,2.17061,2.17061,1.587787,7.0,7,0.3068,0.582823,0.582823,-1.587787,4.333333333333333,1,3610292.0,14.0,11.0,Robert Moreno,Jagoba Arrasate,Santiago Jaime Latre,4-4-2,4-4-2 double 6,16795.0,331.0,35100000.0,29.272105033912013,183.0,14.0,68000000.0,27.512413664364384,181.36363636363637,56.0
976,Real Madrid,Elche,15:15,23,3,8,2,10,3,11,14,3,1,0,0,A,D,2,2,2022-01-23,0.0531,0.725434,0.725434,-1.616476,19.823529411764707,0,2.9088,3.82847,2.34191,1.616476,10.263157894736842,18,3610295.0,1.0,15.0,Carlo Ancelotti,Francisco Rodríguez,De Burgos Bengoetxea,4-3-3 Attacking,4-4-2 double 6,418.0,1531.0,480000000.0,29.59168688942816,181.36363636363637,700.0,23700000.0,28.55802376952274,182.9090909090909,49.0
977,Getafe,Levante,20:00,14,11,8,2,2,8,12,13,4,3,0,0,H,H,3,0,2022-02-04,0.78,0.556029,0.556029,-0.615771,9.3,6,1.9194,1.1718,1.1718,0.615771,14.08695652173913,3,3610325.0,15.0,20.0,Quique Sánchez Flores,Alessio Lisci,Alejandro Muñiz Ruiz,5-3-2,3-4-3,3709.0,3368.0,90500000.0,27.242610914068823,182.9090909090909,277.0,47100000.0,28.01518262709228,182.0,96.0
978,Elche,Alaves,13:00,14,6,4,2,7,3,15,11,1,1,0,0,A,H,3,1,2022-02-05,0.8854,1.12234,1.12234,-0.6514500000000001,8.208333333333334,2,1.8463,1.77379,1.77379,0.6514500000000001,7.066666666666666,6,3610329.0,14.0,19.0,Francisco Rodríguez,José Luis Mendilibar,Mario Melero López,4-4-2 double 6,4-4-2,1531.0,1108.0,22200000.0,29.27409619812084,182.8181818181818,63.0,32600000.0,28.917180013689254,182.72727272727272,28.0
979,Mallorca,Cadiz,15:15,17,12,5,5,6,4,14,15,2,4,0,0,D,H,2,1,2022-02-05,0.4123,0.887418,0.887418,0.13899,8.285714285714286,9,2.416,2.23498,0.748428,-0.13899,13.529411764705882,8,3610324.0,17.0,18.0,Luis García,Sergio,Carlos del Cerro Grande,4-4-2,4-4-2,237.0,2687.0,38000000.0,29.14815506191276,180.54545454545453,135.0,28200000.0,29.728330533258667,179.9090909090909,98.0
980,Celta Vigo,Rayo Vallecano,17:30,13,11,3,0,7,2,17,17,0,2,0,0,H,H,2,0,2022-02-05,1.3297,0.678815,0.678815,0.0243949999999999,7.607142857142857,5,1.2778,0.65442,0.65442,-0.0243949999999999,7.709677419354839,3,3610323.0,11.0,9.0,Eduardo Coudet,Andoni Iraola,José Luis Munuera Montero,4-4-2 Diamond,4-2-3-1,940.0,367.0,79000000.0,27.679422562379443,177.45454545454547,50.0,36200000.0,27.72273038392135,181.0,157.0
981,Osasuna,Sevilla,20:00,9,9,3,4,1,1,13,7,1,1,0,0,D,D,0,0,2022-02-05,2.3384,1.34983,0.603039,0.2058849999999999,4.68,1,0.4301,0.397154,0.397154,-0.2058849999999999,15.272727272727272,5,3610326.0,12.0,2.0,Jagoba Arrasate,Julen Lopetegui,Valentin Pizarro Gomez,4-1-4-1,3-4-3,331.0,368.0,65300000.0,26.981270611660758,182.0909090909091,55.0,218000000.0,28.372098811523866,183.27272727272728,516.0
982,Real Madrid,Granada,20:00,24,7,11,3,9,2,9,11,2,1,0,0,D,H,1,0,2022-02-06,0.5162,0.39522,0.39522,-1.07651,19.9375,3,2.2286,1.47173,1.47173,1.07651,12.625,10,3610327.0,1.0,16.0,Carlo Ancelotti,Robert Moreno,Mateu Lahoz,4-3-3 Attacking,4-4-2 double 6,418.0,16795.0,382000000.0,28.353182751540043,180.1818181818182,648.0,40100000.0,27.322008586895652,182.0909090909091,61.0
983,Real Betis,Villarreal,17:30,9,9,3,3,6,6,19,14,2,3,0,0,A,A,0,2,2022-02-06,1.9067,1.34131,1.34131,0.603786,10.15625,4,0.7895,0.737524,0.737524,-0.603786,5.514285714285714,5,3610322.0,3.0,7.0,Manuel Pellegrini,Unai Emery,Pablo González Fuertes,4-2-3-1,4-4-2 double 6,150.0,1050.0,157500000.0,29.113309688258354,180.27272727272728,312.0,184000000.0,28.914193267376017,182.8181818181818,196.0
984,Valencia,Real Sociedad,13:00,14,8,3,2,9,9,17,14,4,2,0,0,D,D,0,0,2022-02-06,0.7365,0.539612,0.539612,-0.651038,5.6875,1,1.9542,1.19065,1.19065,0.651038,7.615384615384615,5,3610328.0,10.0,5.0,Pepe Bordalás,Imanol Alguacil,José María Sánchez Martínez,5-4-1,4-3-3 Attacking,1049.0,681.0,136300000.0,22.563126127807852,182.1818181818182,173.0,259500000.0,26.339617945367433,182.0909090909091,223.0
985,Barcelona,Atletico Madrid,15:15,9,10,4,4,3,5,15,13,2,2,1,0,H,H,4,2,2022-02-06,1.9517,1.61465,1.61465,0.6879869999999999,13.05,4,0.779,0.926663,0.926663,-0.6879869999999999,10.714285714285714,6,3610321.0,4.0,6.0,Xavi,Diego Simeone,Jesús Gil Manzano,4-3-3 Attacking,4-4-2 double 6,131.0,13.0,370000000.0,27.483790678862547,181.0909090909091,502.0,395000000.0,28.51372036587642,181.45454545454547,719.0
986,Athletic Club,Espanyol,20:00,7,7,4,3,5,3,17,11,3,3,0,0,H,H,2,1,2022-02-07,0.8378,0.580028,0.580028,-0.495422,10.842105263157896,3,1.8245,1.07545,1.07545,0.495422,11.12,6,3610320.0,8.0,13.0,Marcelino,Vicente Moreno,César Soto Grado,4-2-3-1,4-4-1-1,621.0,714.0,87700000.0,27.126127807852654,181.0,101.0,48700000.0,27.19980088357912,180.0,31.0
987,Sevilla,Elche,20:00,14,7,6,1,5,4,13,14,1,5,0,0,D,H,2,0,2022-02-11,0.8015,0.28732,0.28732,-0.480619,18.8,3,1.7831,0.767939,0.767939,0.480619,7.833333333333333,3,3610347.0,2.0,14.0,Julen Lopetegui,Francisco Rodríguez,Miguel Ángel Ortiz Arias,3-4-2-1,4-4-2 double 6,368.0,1531.0,263000000.0,28.72777051832493,181.8181818181818,496.0,21900000.0,29.518511604753904,184.1818181818182,95.0
988,Cadiz,Celta Vigo,13:00,8,6,2,1,3,3,12,19,3,2,0,0,D,D,0,0,2022-02-12,1.3236,0.900788,0.157511,-0.7231449999999999,6.206896551724138,1,1.2291,0.880656,0.880656,0.7231449999999999,18.666666666666668,3,3610343.0,19.0,11.0,Sergio,Eduardo Coudet,Mateu Lahoz,4-4-2 double 6,4-4-2 Diamond,2687.0,940.0,31250000.0,28.979403895214986,179.45454545454547,79.0,92000000.0,28.558272665048847,177.54545454545453,117.0
989,Villarreal,Real Madrid,15:15,9,17,2,6,3,3,11,10,2,4,0,0,D,D,0,0,2022-02-12,2.5611999999999995,2.11101,2.11101,1.6509789999999998,10.952380952380953,4,0.2977,0.460031,0.460031,-1.6509789999999998,22.73333333333333,7,3610349.0,7.0,1.0,Unai Emery,Carlo Ancelotti,José María Sánchez Martínez,4-4-2,4-3-3 Attacking,1050.0,418.0,203500000.0,28.299421317901814,182.9090909090909,249.0,484000000.0,28.47041254433452,182.45454545454547,551.0
990,Rayo Vallecano,Osasuna,17:30,10,12,3,5,4,5,11,16,2,1,0,0,A,A,0,3,2022-02-12,2.4987,2.12321,2.12321,1.533176,7.678571428571429,3,0.3477,0.590034,0.590034,-1.533176,7.666666666666667,3,3610348.0,9.0,10.0,Andoni Iraola,Jagoba Arrasate,Jorge Figueroa Vázquez,4-2-3-1,4-1-4-1,367.0,331.0,30300000.0,28.51596042561135,179.8181818181818,231.0,78000000.0,27.567170680107026,181.36363636363637,56.0
991,Atletico Madrid,Getafe,20:00,11,10,7,4,5,4,18,17,3,4,1,0,D,H,4,3,2022-02-12,0.716,2.2661,0.779549,-1.685361,9.074074074074074,2,2.0666,3.20819,2.46491,1.685361,9.36,4,3610341.0,6.0,16.0,Diego Simeone,Quique Sánchez Flores,De Burgos Bengoetxea,4-4-2 double 6,5-3-2,13.0,3709.0,337000000.0,28.916184431584842,181.8181818181818,541.0,100000000.0,27.224939331715515,183.0,310.0
992,Alaves,Valencia,13:00,9,9,5,4,5,9,15,17,4,3,0,0,H,H,2,1,2022-02-13,0.6563000000000001,1.18082,0.437541,-0.8540989999999999,4.8,3,2.0873,2.03492,1.29164,0.8540989999999999,8.5,4,3610340.0,18.0,12.0,José Luis Mendilibar,Pepe Bordalás,Adrián Cordero Vega,4-2-3-1,4-4-2 double 6,1108.0,1049.0,37300000.0,29.201916495550993,183.54545454545453,27.0,154800000.0,23.61097629270114,182.27272727272728,221.0
993,Levante,Real Betis,15:15,12,19,4,11,5,7,13,8,1,2,1,0,A,A,2,4,2022-02-13,1.6897,2.09703,2.09703,0.4293900000000001,8.956521739130435,7,1.0315,1.66764,1.66764,-0.4293900000000001,11.346153846153848,5,3610345.0,20.0,3.0,Alessio Lisci,Manuel Pellegrini,Santiago Jaime Latre,5-4-1,4-2-3-1,3368.0,150.0,35300000.0,28.941820670773442,180.0,9.0,136500000.0,28.17746251011138,183.0,193.0
994,Real Sociedad,Granada,17:30,18,15,8,2,6,5,13,13,0,2,0,0,H,H,2,0,2022-02-13,0.1226999999999999,0.773811,0.773811,-1.920519,12.5,2,2.8173,3.43761,2.69433,1.920519,8.36,9,3610346.0,4.0,17.0,Imanol Alguacil,Robert Moreno,Javier Alberola Rojas,4-2-3-1,4-4-2 double 6,681.0,16795.0,287000000.0,26.27888743699832,182.36363636363637,219.0,55400000.0,26.230850600460453,182.1818181818182,67.0
995,Espanyol,Barcelona,20:00,10,12,4,4,3,5,14,13,5,4,1,1,D,D,2,2,2022-02-13,2.2107,1.62221,1.62221,0.997944,7.090909090909091,6,0.5529,0.624266,0.624266,-0.997944,21.615384615384617,8,3610344.0,13.0,5.0,Vicente Moreno,Xavi,Alejandro Hernández Hernández,4-5-1 flat,4-3-3 Attacking,714.0,131.0,84500000.0,28.35741397548379,180.9090909090909,75.0,412000000.0,25.91226432704872,181.1818181818182,539.0
996,Mallorca,Athletic Club,20:00,16,7,5,2,6,6,22,15,6,4,0,0,H,H,3,2,2022-02-14,1.1669,1.54391,1.54391,0.46997,7.2105263157894735,8,1.5521000000000005,1.81722,1.07394,-0.46997,8.16,5,3610342.0,15.0,8.0,Luis García,Marcelino,Isidro Díaz de Mera Escuderos,4-4-2 double 6,4-2-3-1,237.0,621.0,38000000.0,29.17279571899695,180.54545454545453,135.0,93200000.0,27.757575757575754,182.1818181818182,74.0
997,Atletico Madrid,Levante,18:00,10,8,1,5,5,3,9,19,3,4,0,0,D,A,0,1,2022-02-16,1.0437,0.813252,0.813252,-0.292768,7.625,4,1.6185,1.10602,1.10602,0.292768,11.391304347826088,10,3610271.0,6.0,20.0,Diego Simeone,Alessio Lisci,José Luis Munuera Montero,4-4-2 double 6,5-3-2,13.0,3368.0,410000000.0,27.744384294692303,181.1818181818182,582.0,39500000.0,28.58490448634186,180.0,82.0
998,Elche,Rayo Vallecano,20:00,9,13,5,2,2,3,18,15,2,4,0,0,D,H,2,1,2022-02-18,0.1776,0.832156,0.832156,-2.124994,8.695652173913043,1,2.7387,2.95715,2.95715,2.124994,9.551724137931034,5,3610369.0,13.0,9.0,Francisco Rodríguez,Andoni Iraola,Alejandro Muñiz Ruiz,4-4-2 double 6,4-2-3-1,1531.0,367.0,23600000.0,29.75595793665609,183.0909090909091,90.0,32800000.0,28.031858627341173,179.1818181818182,32.0
999,Cadiz,Getafe,17:30,9,6,2,1,7,2,17,11,3,4,0,0,D,D,1,1,2022-02-19,1.6382,0.885378,0.142101,-0.5116609999999999,23.0,1,0.9893,0.653762,0.653762,0.5116609999999999,8.705882352941176,8,3610363.0,19.0,15.0,Sergio,Quique Sánchez Flores,Javier Alberola Rojas,3-4-1-2,5-3-2,2687.0,3709.0,26250000.0,29.6290212183436,181.0,70.0,89500000.0,27.324497542156678,183.0909090909091,297.0
1000,Real Madrid,Alaves,20:00,22,7,9,2,7,1,6,11,1,1,0,0,D,H,3,0,2022-02-19,0.1287,0.63724,0.63724,-1.6423,17.57894736842105,2,2.7918,3.02281,2.27954,1.6423,6.333333333333333,16,3610367.0,1.0,18.0,Carlo Ancelotti,José Luis Mendilibar,José Luis Munuera Montero,4-3-3 Attacking,4-1-4-1,418.0,1108.0,538000000.0,28.382552423620186,181.9090909090909,854.0,37300000.0,28.700143114927506,184.45454545454547,55.0
1001,Osasuna,Atletico Madrid,15:15,14,5,4,4,4,2,12,19,1,2,0,0,A,A,0,3,2022-02-19,1.6012000000000002,0.928671,0.928671,0.239178,14.5,1,1.0525,0.689493,0.689493,-0.239178,8.36,4,3610366.0,11.0,5.0,Jagoba Arrasate,Diego Simeone,Mario Melero López,4-1-4-1,4-4-2,331.0,13.0,78000000.0,27.586335635616948,181.36363636363637,56.0,370000000.0,29.120527658515343,182.54545454545453,778.0
1002,Granada,Villarreal,13:00,20,15,5,7,9,2,15,10,3,6,0,0,A,A,1,4,2022-02-19,2.847,5.34192,3.85537,2.47116,10.666666666666666,7,0.1056,2.12749,1.38421,-2.47116,11.72,4,3610364.0,17.0,7.0,Robert Moreno,Unai Emery,Jesús Gil Manzano,4-3-3 Attacking,4-4-2,16795.0,1050.0,40600000.0,30.737352996079895,182.36363636363637,12.0,223000000.0,28.076162030987494,181.36363636363637,288.0
1003,Espanyol,Sevilla,13:00,11,7,4,2,3,7,14,14,4,5,0,1,A,D,1,1,2022-02-20,0.8234,0.958453,0.958453,-0.643597,7.88,5,1.8974,1.60205,1.60205,0.643597,12.541666666666666,5,3610365.0,14.0,2.0,Vicente Moreno,Julen Lopetegui,Pablo González Fuertes,4-1-4-1,4-3-3 Attacking,714.0,368.0,85500000.0,27.587580113247466,180.72727272727272,76.0,261000000.0,28.292950034223136,183.45454545454547,389.0
1004,Valencia,Barcelona,15:15,11,6,5,6,8,3,22,16,3,4,0,0,A,A,1,4,2022-02-20,2.6409,2.4686,2.4686,1.6937319999999998,4.875,9,0.237,0.774868,0.774868,-1.6937319999999998,7.588235294117647,5,3610368.0,12.0,4.0,Pepe Bordalás,Xavi,Carlos del Cerro Grande,4-4-2 double 6,4-3-3 Attacking,1049.0,131.0,205000000.0,23.834982266193766,182.36363636363637,196.0,362000000.0,25.767656026382927,181.27272727272728,651.0
1005,Real Betis,Mallorca,17:30,14,10,5,1,4,7,13,17,3,2,0,0,H,H,2,1,2022-02-20,0.373,0.33988,0.33988,-0.389692,8.235294117647058,3,2.4193,1.47285,0.729572,0.389692,7.9714285714285715,9,3610361.0,3.0,16.0,Manuel Pellegrini,Luis García,César Soto Grado,4-2-3-1,4-4-2,150.0,237.0,172000000.0,29.365689751726713,181.54545454545453,173.0,38500000.0,29.73803745877668,180.1818181818182,133.0
1006,Athletic Club,Real Sociedad,20:00,18,9,8,2,6,4,9,9,4,1,0,0,D,H,4,0,2022-02-20,0.087,0.528403,0.528403,-1.816527,9.22222222222222,1,2.8641,3.08821,2.34493,1.816527,11.565217391304348,5,3610360.0,8.0,6.0,Marcelino,Imanol Alguacil,Juan Martínez Munuera,4-4-2 double 6,4-2-3-1,621.0,681.0,127300000.0,29.33582228859436,182.1818181818182,115.0,254000000.0,26.61614087486777,181.0,223.0
1007,Celta Vigo,Levante,20:00,8,13,4,3,2,5,15,16,3,5,0,0,D,D,1,1,2022-02-21,1.4768,1.54675,1.54675,0.1421000000000001,13.0,5,1.2298999999999998,1.40465,1.40465,-0.1421000000000001,6.0,7,3610362.0,10.0,20.0,Eduardo Coudet,Alessio Lisci,Valentin Pizarro Gomez,4-4-2 Diamond,5-4-1,940.0,3368.0,92000000.0,28.582913322133034,177.54545454545453,117.0,28000000.0,28.781531951963164,180.54545454545453,89.0
1008,Levante,Elche,20:00,11,8,4,3,3,3,17,8,1,2,0,1,H,H,3,0,2022-02-25,0.5236000000000001,1.0394,1.0394,-1.0913499999999998,15.571428571428571,8,2.2615000000000003,2.13075,2.13075,1.0913499999999998,14.210526315789474,7,3610375.0,20.0,13.0,Alessio Lisci,Francisco Rodríguez,Pablo González Fuertes,4-3-3 Attacking,4-4-2 double 6,3368.0,1531.0,33500000.0,29.170306763735923,180.36363636363637,1.0,34600000.0,29.38385912513223,184.27272727272728,91.0
1009,Mallorca,Valencia,13:00,23,8,3,4,14,1,14,21,4,6,0,1,A,A,0,1,2022-02-26,0.8517,0.71964,0.71964,-0.6688500000000001,10.391304347826088,3,1.8693,1.38849,1.38849,0.6688500000000001,3.363636363636364,8,3610372.0,16.0,10.0,Luis García,Pepe Bordalás,Jorge Figueroa Vázquez,4-2-3-1,3-4-1-2,237.0,1049.0,37300000.0,29.417211125630015,180.54545454545453,131.0,153000000.0,24.46966585775621,184.9090909090909,173.0
1010,Getafe,Alaves,15:15,12,7,3,3,6,1,7,24,2,4,1,0,A,D,2,2,2022-02-26,1.4447,1.33865,1.33865,0.1002499999999999,4.818181818181818,2,1.247,1.2384,1.2384,-0.1002499999999999,11.8,2,3610373.0,15.0,18.0,Quique Sánchez Flores,José Luis Mendilibar,Santiago Jaime Latre,5-3-2,4-1-4-1,3709.0,1108.0,104500000.0,27.302843631385723,182.9090909090909,277.0,36000000.0,29.647190591749112,184.36363636363637,27.0
1011,Rayo Vallecano,Real Madrid,17:30,19,13,5,6,5,9,20,5,5,3,0,0,D,A,0,1,2022-02-26,1.921,1.92697,1.92697,0.7288400000000002,11.36842105263158,14,0.8382999999999999,1.19813,1.19813,-0.7288400000000002,12.0,5,3610378.0,9.0,1.0,Andoni Iraola,Carlo Ancelotti,Isidro Díaz de Mera Escuderos,4-2-3-1,4-3-3 Attacking,367.0,418.0,31100000.0,28.844004729014998,181.27272727272728,32.0,450000000.0,29.399539543276713,182.0,698.0
1012,Atletico Madrid,Celta Vigo,20:00,13,16,6,2,5,9,10,7,4,3,0,0,H,H,2,0,2022-02-26,1.2619,0.724951,0.724951,-0.046702,10.3,6,1.3738,0.771653,0.771653,0.046702,13.821428571428571,6,3610370.0,5.0,11.0,Diego Simeone,Eduardo Coudet,Alejandro Hernández Hernández,3-5-2 flat,4-4-2 Diamond,13.0,940.0,370000000.0,27.883516893783835,181.9090909090909,555.0,92000000.0,28.596602576068697,177.54545454545453,117.0
1013,Villarreal,Espanyol,13:00,19,7,11,2,10,3,11,12,2,1,0,0,H,H,5,1,2022-02-27,0.0112,0.641431,0.641431,-4.164019000000001,13.0,2,2.9809,4.80545,4.80545,4.164019000000001,8.136363636363637,20,3610379.0,7.0,14.0,Unai Emery,Vicente Moreno,De Burgos Bengoetxea,4-4-2 double 6,4-1-4-1,1050.0,714.0,221500000.0,28.34820484101798,181.63636363636363,237.0,85500000.0,27.60674506875739,180.72727272727272,76.0
1014,Sevilla,Real Betis,15:15,12,10,3,2,4,4,13,16,6,3,0,0,H,H,2,1,2022-02-27,0.5467,0.745673,0.745673,-0.2451559999999999,9.045454545454543,3,2.2243,1.73411,0.990829,0.2451559999999999,7.4411764705882355,4,3610377.0,2.0,3.0,Julen Lopetegui,Manuel Pellegrini,Carlos del Cerro Grande,4-1-4-1,4-1-4-1,368.0,150.0,186000000.0,31.006657955323252,180.45454545454547,560.0,152900000.0,30.530023022836165,181.45454545454547,171.0
1015,Real Sociedad,Osasuna,17:30,11,11,5,1,6,5,10,9,0,4,0,0,D,H,1,0,2022-02-27,0.4291,0.410683,0.410683,-1.111997,12.25,6,2.3581,1.52268,1.52268,1.111997,9.38095238095238,6,3610376.0,6.0,12.0,Imanol Alguacil,Jagoba Arrasate,Mateu Lahoz,4-2-3-1,4-4-1-1,681.0,331.0,178300000.0,26.05712152324062,181.36363636363637,143.0,78000000.0,27.608238441914008,181.36363636363637,56.0
1016,Barcelona,Athletic Club,20:00,17,6,7,3,5,0,8,10,2,1,0,0,H,H,4,0,2022-02-27,0.0562,0.332521,0.332521,-2.910219,18.55172413793104,1,2.9107000000000003,3.24274,3.24274,2.910219,6.269230769230769,8,3610371.0,4.0,8.0,Xavi,Marcelino,Guillermo Cuadra Fernández,4-3-3 Attacking,4-4-2 double 6,131.0,621.0,346000000.0,27.202787629892352,181.9090909090909,465.0,77700000.0,26.329413228797215,181.54545454545453,85.0
1017,Granada,Cadiz,20:00,6,12,1,4,0,4,12,17,3,3,1,0,D,D,0,0,2022-02-28,1.9781,0.902122,0.902122,0.661246,6.88,7,0.6464000000000001,0.240876,0.240876,-0.661246,21.785714285714285,0,3610374.0,17.0,19.0,Robert Moreno,Sergio,José María Sánchez Martínez,3-4-3,3-4-3,16795.0,2687.0,53900000.0,25.80125692240682,182.72727272727272,64.0,25250000.0,29.078215419077843,181.0,94.0
1018,Mallorca,Real Sociedad,20:00,13,13,1,3,3,4,12,9,0,2,0,0,A,A,0,2,2022-03-02,2.2045,1.44904,1.44904,0.9932720000000002,10.571428571428571,7,0.5518,0.455768,0.455768,-0.9932720000000002,12.96,7,3610275.0,17.0,4.0,Luis García,Imanol Alguacil,Mario Melero López,4-2-3-1,4-2-3-1,237.0,681.0,36800000.0,28.04081886628088,181.0909090909091,137.0,236100000.0,26.751042250015555,181.63636363636363,211.0
1019,Alaves,Sevilla,20:00,14,13,2,4,5,5,16,8,3,1,0,0,D,D,0,0,2022-03-04,0.6651,1.07969,1.07969,-0.95427,10.090909090909092,8,2.1123,2.03396,2.03396,0.95427,9.314285714285717,4,3610400.0,19.0,2.0,José Luis Mendilibar,Julen Lopetegui,Javier Alberola Rojas,4-4-1-1,4-3-3 Attacking,1108.0,368.0,35200000.0,29.0660195382988,183.36363636363637,24.0,225000000.0,29.531703067637363,181.36363636363637,690.0
1020,Osasuna,Villarreal,13:00,12,10,3,1,6,8,12,6,1,0,0,0,D,H,1,0,2022-03-05,0.5753,0.522906,0.522906,-1.0036839999999998,9.545454545454543,10,2.1881,1.52659,1.52659,1.0036839999999998,15.384615384615383,4,3610406.0,11.0,7.0,Jagoba Arrasate,Unai Emery,José Luis Munuera Montero,4-4-2 double 6,4-4-2 double 6,331.0,1050.0,75000000.0,27.060668284487587,181.27272727272728,21.0,214500000.0,28.299421317901814,181.0,241.0
1021,Espanyol,Getafe,15:15,4,12,1,3,1,5,17,15,6,5,0,0,H,H,2,0,2022-03-05,1.6395,0.477665,0.477665,0.355995,9.516129032258064,4,0.7874999999999999,0.12167,0.12167,-0.355995,6.65625,0,3610405.0,13.0,15.0,Vicente Moreno,Quique Sánchez Flores,Adrián Cordero Vega,4-2-3-1,3-5-2 flat,714.0,3709.0,84500000.0,27.30831933295999,180.63636363636363,76.0,96500000.0,26.257980212805673,184.72727272727272,300.0
1022,Valencia,Granada,17:30,12,7,4,0,3,6,14,13,3,3,0,0,D,H,3,1,2022-03-05,0.184,0.209802,0.209802,-0.8814579999999999,16.09090909090909,3,2.695,1.83454,1.09126,0.8814579999999999,5.666666666666667,7,3610408.0,9.0,17.0,Pepe Bordalás,Robert Moreno,Valentin Pizarro Gomez,4-3-3 Attacking,4-3-3 Attacking,1049.0,16795.0,154300000.0,25.02943189596167,181.9090909090909,138.0,45700000.0,27.55522369485408,182.63636363636363,61.0
1023,Real Madrid,Real Sociedad,20:00,18,1,8,1,7,1,12,14,0,2,0,0,H,H,4,1,2022-03-05,0.3056,0.743278,0.0,-1.34441,19.73333333333333,1,2.4971,2.08769,1.34441,1.34441,9.51851851851852,17,3610407.0,1.0,6.0,Carlo Ancelotti,Imanol Alguacil,Jesús Gil Manzano,4-3-3 Attacking,4-2-3-1,418.0,681.0,528000000.0,27.57787318772945,181.1818181818182,809.0,246600000.0,26.79907908655342,182.0,198.0
1024,Cadiz,Rayo Vallecano,13:00,13,14,7,3,5,6,23,15,5,3,0,0,D,H,2,0,2022-03-06,1.1236,0.908358,0.908358,-0.2579419999999999,8.842105263157896,3,1.5577,1.1663,1.1663,0.2579419999999999,7.321428571428571,5,3610404.0,18.0,12.0,Sergio,Andoni Iraola,César Soto Grado,4-4-2,4-1-4-1,2687.0,367.0,29050000.0,28.855702818741836,180.9090909090909,79.0,27300000.0,28.23819301848049,179.27272727272728,61.0
1025,Elche,Barcelona,15:15,13,20,3,9,5,6,10,8,2,6,1,0,H,A,1,2,2022-03-06,2.8891,4.0864,3.34312,2.493112,7.0588235294117645,11,0.0745,0.850008,0.850008,-2.493112,21.666666666666668,7,3610409.0,14.0,3.0,Francisco Rodríguez,Xavi,Alejandro Hernández Hernández,4-4-2 double 6,4-3-3 Attacking,1531.0,131.0,37600000.0,28.93883392446021,183.0909090909091,91.0,367000000.0,28.41465994648746,181.54545454545453,580.0
1026,Celta Vigo,Mallorca,17:30,16,12,8,3,4,5,17,9,5,4,1,0,H,H,4,3,2022-03-06,0.5655,1.59076,0.847484,-1.209476,15.636363636363637,4,2.2443,2.80024,2.05696,1.209476,7.413793103448276,14,3610403.0,10.0,16.0,Eduardo Coudet,Luis García,Miguel Ángel Ortiz Arias,4-4-2 Diamond,3-5-2 flat,940.0,237.0,79000000.0,29.198680853711654,177.72727272727272,117.0,40500000.0,27.689129487897457,181.0909090909091,148.0
1027,Real Betis,Atletico Madrid,20:00,18,8,6,6,10,3,16,10,5,3,0,0,D,A,1,3,2022-03-06,2.2979,2.6744,2.6744,1.3594099999999998,26.5,6,0.5279,1.31499,1.31499,-1.3594099999999998,6.214285714285714,4,3610402.0,5.0,4.0,Manuel Pellegrini,Diego Simeone,Guillermo Cuadra Fernández,4-2-3-1,4-4-2,150.0,13.0,83900000.0,31.45840333520005,179.9090909090909,343.0,382000000.0,27.940016178209195,181.45454545454547,541.0
1028,Athletic Club,Levante,20:00,17,5,9,2,4,3,6,14,1,2,0,0,D,H,3,1,2022-03-07,0.0672,0.552215,0.552215,-2.1911050000000003,9.2,4,2.8932,3.4866,2.74332,2.1911050000000003,14.61904761904762,9,3610401.0,8.0,20.0,Marcelino,Alessio Lisci,Alejandro Muñiz Ruiz,4-4-2 double 6,5-4-1,621.0,3368.0,149800000.0,27.574388650364014,182.0,117.0,34500000.0,29.358969572521936,180.72727272727272,1.0
1029,Atletico Madrid,Cadiz,20:00,6,14,5,3,0,4,23,14,4,1,1,0,D,H,2,1,2022-03-11,1.4496,0.817457,0.817457,0.1577149999999999,9.44,1,1.1781,0.659742,0.659742,-0.1577149999999999,8.433333333333334,5,3610430.0,4.0,18.0,Diego Simeone,Sergio,Pablo González Fuertes,3-5-2 flat,4-4-2 double 6,13.0,2687.0,445000000.0,28.582415531080827,181.9090909090909,857.0,29750000.0,29.114305270362763,180.8181818181818,79.0
1030,Levante,Espanyol,13:00,14,6,3,1,8,2,17,10,4,4,0,0,D,D,1,1,2022-03-12,0.6074999999999999,0.47916,0.47916,-0.7773300000000001,14.38888888888889,5,2.097,1.25649,1.25649,0.7773300000000001,7.2592592592592595,11,3610436.0,20.0,13.0,Alessio Lisci,Vicente Moreno,Isidro Díaz de Mera Escuderos,5-4-1,4-1-4-1,3368.0,714.0,38500000.0,27.373529960798955,181.36363636363637,91.0,84500000.0,27.327484288469915,180.63636363636363,76.0
1031,Granada,Elche,15:15,15,13,4,2,3,3,15,16,3,6,0,0,A,A,0,1,2022-03-12,1.3291,1.32937,1.32937,-0.0127099999999999,10.04,3,1.3822,1.34208,1.34208,0.0127099999999999,7.0,6,3610435.0,17.0,14.0,Rubén Torrecilla,Francisco Rodríguez,Carlos del Cerro Grande,3-5-2,4-4-2 double 6,16795.0,1531.0,51700000.0,26.196751913384357,182.72727272727272,65.0,41700000.0,28.566237321884138,183.27272727272728,102.0
1032,Villarreal,Celta Vigo,17:30,10,12,3,2,5,6,12,14,1,1,0,0,D,H,1,0,2022-03-12,1.1105,0.933297,0.933297,-0.2366329999999998,7.09375,6,1.5611,1.16993,1.16993,0.2366329999999998,16.714285714285715,6,3610439.0,7.0,10.0,Unai Emery,Eduardo Coudet,Santiago Jaime Latre,4-2-3-1,4-4-2 Diamond,1050.0,940.0,202500000.0,28.900504013440358,182.54545454545453,223.0,73200000.0,29.747744384294695,178.72727272727272,110.0
1033,Getafe,Valencia,20:00,16,6,6,0,5,3,18,21,6,5,0,0,D,D,0,0,2022-03-12,0.4795,0.250843,0.250843,-0.955797,5.923076923076923,1,2.2348,1.20664,1.20664,0.955797,5.961538461538462,5,3610434.0,15.0,9.0,Quique Sánchez Flores,Pepe Bordalás,Guillermo Cuadra Fernández,5-3-2,3-4-3,3709.0,1049.0,104500000.0,27.341173542405578,182.9090909090909,277.0,166000000.0,24.302408064215047,183.27272727272728,157.0
1034,Barcelona,Osasuna,20:00,24,4,9,3,5,1,7,4,0,4,0,0,H,H,4,0,2022-03-13,0.0089,0.110884,0.110884,-3.049276,33.53333333333333,0,2.9852,3.90343,3.16016,3.049276,6.393939393939394,17,3610431.0,3.0,11.0,Xavi,Jagoba Arrasate,De Burgos Bengoetxea,4-3-3 Attacking,4-4-1-1,131.0,331.0,320000000.0,28.011449194200736,180.72727272727272,563.0,57800000.0,27.30632816875117,182.63636363636363,11.0
1035,Real Sociedad,Alaves,17:30,15,13,6,4,6,4,15,12,1,1,0,0,D,H,1,0,2022-03-13,0.1675,0.666399,0.666399,-2.3813310000000003,12.26086956521739,8,2.7514000000000003,3.04773,3.04773,2.3813310000000003,9.466666666666669,8,3610437.0,6.0,19.0,Imanol Alguacil,José Luis Mendilibar,Jorge Figueroa Vázquez,4-1-4-1,4-2-3-1,681.0,1108.0,190100000.0,26.757264638168127,182.36363636363637,159.0,34000000.0,29.586211187853902,183.63636363636363,24.0
1036,Rayo Vallecano,Sevilla,13:00,10,3,2,2,5,6,16,15,0,1,0,0,D,D,1,1,2022-03-13,1.0533,0.412843,0.412843,-0.2140519999999999,7.857142857142857,1,1.4901,0.626895,0.626895,0.2140519999999999,10.875,1,3610438.0,12.0,2.0,Andoni Iraola,Julen Lopetegui,Juan Martínez Munuera,4-2-3-1,4-2-3-1,367.0,368.0,30600000.0,28.818866280878602,183.72727272727272,125.0,167000000.0,29.054072553045856,181.8181818181818,557.0
1037,Real Betis,Athletic Club,15:15,8,11,5,2,5,6,17,12,4,5,1,0,H,H,1,0,2022-03-13,1.1461,0.707634,0.707634,-0.1387589999999999,10.826086956521738,5,1.4743,0.846393,0.846393,0.1387589999999999,12.4,5,3610432.0,5.0,8.0,Manuel Pellegrini,Marcelino,Mateu Lahoz,4-2-3-1,4-4-2 double 6,150.0,621.0,143000000.0,28.268807168191152,181.1818181818182,168.0,136800000.0,26.851347147035032,182.1818181818182,106.0
1038,Mallorca,Real Madrid,20:00,14,11,3,5,1,6,13,15,3,3,0,0,D,A,0,3,2022-03-14,1.9036,1.81712,1.07384,-0.10301,7.074074074074074,13,0.8455,1.17685,1.17685,0.10301,12.384615384615383,7,3610433.0,16.0,1.0,Luis García,Carlo Ancelotti,José María Sánchez Martínez,4-4-2,4-3-3 Attacking,237.0,418.0,39000000.0,27.835231161719868,181.27272727272728,133.0,494000000.0,28.376578930993716,181.63636363636363,605.0
1039,Athletic Club,Getafe,20:00,22,7,11,2,8,2,15,13,4,5,0,2,D,D,1,1,2022-03-18,0.2113,0.562831,0.562831,-2.080639,17.1875,0,2.6863,2.64347,2.64347,2.080639,4.695652173913044,3,3610559.0,8.0,15.0,Marcelino,Quique Sánchez Flores,Jesús Gil Manzano,4-4-2 double 6,5-3-2,621.0,3709.0,144800000.0,26.86503640097069,182.1818181818182,106.0,91300000.0,26.82147968390268,182.0909090909091,208.0
1040,Alaves,Granada,13:00,11,12,6,3,6,2,12,10,4,6,0,1,D,A,2,3,2022-03-19,1.4029999999999998,2.19056,2.19056,0.8029000000000002,8.357142857142858,7,1.3286,2.13094,1.38766,-0.8029000000000002,7.368421052631579,5,3610558.0,19.0,16.0,José Luis Mendilibar,Rubén Torrecilla,Guillermo Cuadra Fernández,4-4-2 double 6,5-3-2,1108.0,16795.0,37200000.0,28.855702818741836,182.72727272727272,27.0,42000000.0,28.728517204903245,181.8181818181818,54.0
1041,Elche,Valencia,15:15,8,8,2,3,4,2,19,14,3,3,1,0,D,A,0,1,2022-03-19,1.7742,0.979663,0.979663,0.4702909999999999,6.115384615384615,3,0.8709,0.509372,0.509372,-0.4702909999999999,5.16,6,3610567.0,14.0,9.0,Francisco Rodríguez,Pepe Bordalás,Miguel Ángel Ortiz Arias,4-4-2 double 6,4-1-4-1,1531.0,1049.0,42600000.0,29.13073237508556,183.72727272727272,97.0,192000000.0,23.524360649617325,183.45454545454547,203.0
1042,Osasuna,Levante,17:30,20,13,7,4,6,1,9,17,0,1,0,0,H,H,3,1,2022-03-19,0.5253,1.21866,1.21866,-1.45531,9.909090909090908,7,2.3052,2.67397,2.67397,1.45531,12.666666666666666,3,3610563.0,10.0,20.0,Jagoba Arrasate,Alessio Lisci,Javier Alberola Rojas,4-1-4-1,5-3-2,331.0,3368.0,79000000.0,27.662995457656645,181.36363636363637,56.0,33700000.0,27.65776865160849,181.27272727272728,90.0
1043,Rayo Vallecano,Atletico Madrid,20:00,15,11,3,3,3,6,15,12,0,0,0,1,D,A,0,1,2022-03-19,0.8552,1.1919,1.1919,-0.6928400000000001,14.72222222222222,6,1.8986,1.88474,1.88474,0.6928400000000001,8.37037037037037,6,3610566.0,13.0,4.0,Andoni Iraola,Diego Simeone,José Luis Munuera Montero,4-2-3-1,3-5-2 flat,367.0,13.0,32600000.0,29.29973243730944,181.72727272727272,114.0,381000000.0,28.18692054010329,181.1818181818182,798.0
1044,Real Madrid,Barcelona,20:00,14,18,4,10,4,3,9,12,4,4,0,0,A,A,0,4,2022-03-20,2.9259,4.25983,4.25983,3.632045,14.318181818181818,12,0.0495,0.627785,0.627785,-3.632045,24.666666666666668,6,3610564.0,1.0,3.0,Carlo Ancelotti,Xavi,Juan Martínez Munuera,4-3-3 Attacking,4-3-3 Attacking,418.0,131.0,510000000.0,28.31385725841578,181.0,775.0,341000000.0,27.248584406695286,183.27272727272728,626.0
1045,Espanyol,Mallorca,13:00,12,9,3,3,6,6,14,12,3,3,0,0,H,H,1,0,2022-03-20,0.3524,0.306153,0.306153,-1.234177,10.105263157894736,10,2.444,1.54033,1.54033,1.234177,10.105263157894736,2,3610562.0,12.0,18.0,Vicente Moreno,Luis García,Alejandro Muñiz Ruiz,4-2-3-1,4-4-2,714.0,237.0,75300000.0,27.89919731192832,180.27272727272728,75.0,36900000.0,28.681973741521997,181.0,146.0
1046,Cadiz,Villarreal,15:15,16,3,7,1,6,3,11,11,3,2,0,0,D,H,1,0,2022-03-20,0.2936999999999999,0.192945,0.192945,-1.234355,7.766666666666667,6,2.5167,1.4273,1.4273,1.234355,14.136363636363637,3,3610561.0,17.0,7.0,Sergio,Unai Emery,Alejandro Hernández Hernández,4-4-2,4-4-2,2687.0,1050.0,31200000.0,28.894032729761683,180.9090909090909,79.0,154000000.0,28.592620247651045,182.54545454545453,309.0
1047,Celta Vigo,Real Betis,15:15,9,7,3,1,2,2,12,12,1,2,0,0,D,D,0,0,2022-03-20,0.5961000000000001,0.444295,0.444295,-0.8172750000000001,15.578947368421051,5,2.1288,1.26157,1.26157,0.8172750000000001,7.2105263157894735,4,3610560.0,11.0,5.0,Eduardo Coudet,Manuel Pellegrini,De Burgos Bengoetxea,4-4-2 Diamond,4-2-3-1,940.0,150.0,82200000.0,28.873374401095138,179.27272727272728,117.0,130000000.0,29.20291207765541,182.45454545454547,193.0
1048,Sevilla,Real Sociedad,17:30,10,13,0,2,7,3,12,13,0,3,0,0,D,D,0,0,2022-03-20,2.1681,1.22058,1.22058,0.8652150000000001,18.31578947368421,6,0.5478000000000001,0.355365,0.355365,-0.8652150000000001,6.517241379310345,7,3610565.0,2.0,6.0,Julen Lopetegui,Imanol Alguacil,César Soto Grado,4-4-2 double 6,4-2-3-1,368.0,681.0,171000000.0,28.70088980150582,179.72727272727272,481.0,203000000.0,27.30234584033352,182.45454545454547,183.0
1049,Celta Vigo,Real Madrid,17:30,10,12,4,6,9,3,16,12,3,0,0,0,A,A,1,2,2022-04-02,2.6451,2.94585,0.716019,-0.357871,21.692307692307693,3,0.2382,1.07389,1.07389,0.357871,9.22222222222222,9,3610572.0,11.0,1.0,Eduardo Coudet,Carlo Ancelotti,Pablo González Fuertes,4-4-2 Diamond,4-3-3 Attacking,940.0,418.0,75200000.0,29.73753966772447,178.1818181818182,43.0,477000000.0,29.322630825710906,182.0,738.0
1050,Atletico Madrid,Alaves,20:00,14,7,8,1,8,2,10,13,1,0,0,0,H,H,4,1,2022-04-02,0.0854999999999999,0.518108,0.518108,-1.602912,8.428571428571429,1,2.8617,2.86429,2.12102,1.602912,15.375,3,3610569.0,4.0,19.0,Diego Simeone,José Luis Mendilibar,Mario Melero López,4-4-2 double 6,4-3-3 Attacking,13.0,1108.0,366000000.0,27.83398668408935,181.27272727272728,586.0,32500000.0,30.09370916557775,183.36363636363637,24.0
1051,Getafe,Mallorca,13:00,16,7,3,1,5,1,15,22,5,6,0,1,D,H,1,0,2022-04-02,0.2420999999999999,0.308149,0.308149,-0.51817,7.433333333333334,4,2.6109,1.69452,0.826319,0.51817,3.769230769230769,4,3610573.0,15.0,18.0,Quique Sánchez Flores,Javier Aguirre,Mateu Lahoz,3-5-2 flat,5-3-2,3709.0,237.0,98800000.0,27.916122207703314,182.9090909090909,324.0,31700000.0,28.584655590815757,182.9090909090909,89.0
1052,Levante,Villarreal,15:15,13,13,4,2,1,8,16,13,4,2,0,0,D,H,2,0,2022-04-02,0.8014000000000001,1.10171,1.10171,-0.6156600000000001,7.346153846153846,15,1.9087,1.71737,1.71737,0.6156600000000001,9.521739130434783,2,3610575.0,20.0,7.0,Alessio Lisci,Unai Emery,Adrián Cordero Vega,5-3-2,4-4-2 double 6,3368.0,1050.0,25200000.0,29.584966710223384,181.54545454545453,2.0,258000000.0,28.508493559828263,183.72727272727272,161.0
1053,Barcelona,Sevilla,20:00,19,8,6,3,9,2,12,8,3,3,0,0,D,H,1,0,2022-04-03,0.3788,0.488161,0.488161,-1.4454589999999998,16.055555555555557,5,2.4443,1.93362,1.93362,1.4454589999999998,9.0625,11,3610570.0,2.0,3.0,Xavi,Julen Lopetegui,José María Sánchez Martínez,4-3-3 Attacking,4-2-3-1,131.0,368.0,324000000.0,28.894281625287785,182.36363636363637,607.0,228000000.0,29.405264140377074,183.45454545454547,439.0
1054,Valencia,Cadiz,17:30,5,4,1,3,4,3,11,18,3,6,0,1,D,D,0,0,2022-04-03,1.2313999999999998,0.196233,0.196233,0.088374,5.870967741935484,2,1.0142,0.107859,0.107859,-0.088374,7.818181818181818,3,3610577.0,9.0,17.0,Pepe Bordalás,Sergio,Isidro Díaz de Mera Escuderos,3-4-3,4-4-2,1049.0,2687.0,188000000.0,24.115238628585654,183.45454545454547,164.0,29700000.0,29.35249828884326,180.63636363636363,15.0
1055,Athletic Club,Elche,13:00,16,6,6,2,7,4,14,16,2,4,0,0,H,H,2,1,2022-04-03,0.3247,0.45189,0.45189,-1.62906,8.818181818181818,1,2.5135,2.08095,2.08095,1.62906,12.115384615384617,5,3610568.0,8.0,14.0,Marcelino,Francisco Rodríguez,Jorge Figueroa Vázquez,4-4-2 double 6,4-4-2 double 6,621.0,1531.0,140800000.0,26.725406010826955,182.54545454545453,107.0,35700000.0,28.928878103416093,181.63636363636363,13.0
1056,Real Betis,Osasuna,15:15,24,10,8,3,11,7,11,5,1,3,0,0,H,H,4,1,2022-04-03,0.0015,0.310951,0.310951,-4.546838999999999,11.047619047619047,3,2.9973,4.85779,4.85779,4.546838999999999,6.464285714285714,12,3610571.0,5.0,10.0,Manuel Pellegrini,Jagoba Arrasate,Valentin Pizarro Gomez,4-2-3-1,4-3-3 Attacking,150.0,331.0,113000000.0,31.196316346213678,181.63636363636363,129.0,79000000.0,27.704063219463627,181.36363636363637,56.0
1057,Granada,Rayo Vallecano,17:30,17,10,9,4,5,4,14,14,4,5,0,1,A,D,2,2,2022-04-03,0.5436000000000001,1.04645,1.04645,-0.4739199999999999,7.470588235294118,1,2.2638000000000003,2.26365,1.52037,0.4739199999999999,3.257142857142857,3,3610574.0,16.0,12.0,Rubén Torrecilla,Andoni Iraola,Alejandro Hernández Hernández,4-4-2 double 6,4-2-3-1,16795.0,367.0,48500000.0,28.93310932735984,182.9090909090909,17.0,35800000.0,28.061477194947418,180.63636363636363,125.0
1058,Real Sociedad,Espanyol,20:00,17,8,6,2,6,0,17,13,2,4,0,0,D,H,1,0,2022-04-04,0.4336,0.714821,0.714821,-0.4996789999999999,29.75,3,2.3548,1.95778,1.2145,0.4996789999999999,6.115384615384615,17,3610576.0,6.0,13.0,Imanol Alguacil,Vicente Moreno,Santiago Jaime Latre,4-2-3-1,4-4-1-1,681.0,714.0,176000000.0,27.226183809346026,181.36363636363637,186.0,62100000.0,26.989733059548257,180.27272727272728,57.0
1059,Sevilla,Granada,20:00,16,15,8,5,14,3,7,7,2,2,0,0,D,H,4,2,2022-04-08,0.1468999999999999,0.981555,0.981555,-2.326675,24.714285714285715,3,2.7806,3.30823,3.30823,2.326675,5.166666666666667,19,3611445.0,3.0,16.0,Julen Lopetegui,Rubén Torrecilla,Miguel Ángel Ortiz Arias,4-4-2 double 6,3-5-2,368.0,16795.0,261000000.0,28.894530520813888,182.1818181818182,558.0,51500000.0,26.593989173044612,182.36363636363637,116.0
1060,Cadiz,Real Betis,13:00,10,10,4,3,8,4,18,10,1,2,0,0,D,A,1,2,2022-04-09,1.4123,1.22849,0.485211,-0.6702489999999999,7.294117647058823,7,1.2254,1.15546,1.15546,0.6702489999999999,9.84,3,3611440.0,18.0,5.0,Sergio,Manuel Pellegrini,Jesús Gil Manzano,4-4-2,4-2-3-1,2687.0,150.0,29700000.0,29.36892539356605,180.63636363636363,15.0,135500000.0,31.053450314230602,178.63636363636363,337.0
1061,Mallorca,Atletico Madrid,15:15,10,9,3,1,1,6,14,11,1,4,0,0,D,H,1,0,2022-04-09,0.7784,0.575266,0.575266,0.238069,5.769230769230769,8,1.8920000000000003,1.08047,0.337197,-0.238069,21.73684210526316,4,3611439.0,17.0,4.0,Javier Aguirre,Diego Simeone,Juan Martínez Munuera,3-4-2-1,3-5-2 flat,237.0,13.0,40900000.0,27.851160475390454,181.27272727272728,131.0,306000000.0,30.084251135585838,182.9090909090909,765.0
1062,Villarreal,Athletic Club,17:30,11,12,5,6,7,2,17,15,2,3,0,0,A,D,1,1,2022-04-09,2.2608,2.04982,2.04982,1.129885,14.346153846153848,6,0.5238,0.919935,0.919935,-1.129885,8.681818181818182,2,3611447.0,7.0,8.0,Unai Emery,Marcelino,Carlos del Cerro Grande,4-4-2 double 6,4-4-2 double 6,1050.0,621.0,134000000.0,28.487835231161718,179.8181818181818,199.0,130500000.0,28.356169497853276,181.45454545454547,102.0
1063,Real Madrid,Getafe,20:00,26,8,8,0,10,2,13,11,2,2,0,0,H,H,2,0,2022-04-09,0.4079,0.407933,0.407933,-1.2140270000000002,31.0,1,2.387,1.62196,1.62196,1.2140270000000002,8.818181818181818,7,3611444.0,1.0,15.0,Carlo Ancelotti,Quique Sánchez Flores,César Soto Grado,4-3-3 Attacking,5-3-2,418.0,3709.0,555000000.0,27.19532076410927,181.54545454545453,633.0,101800000.0,27.03428535872068,184.1818181818182,290.0
1064,Osasuna,Alaves,13:00,15,8,4,2,7,3,12,6,3,1,0,0,D,H,1,0,2022-04-10,0.2019,0.779772,0.779772,-1.149898,21.785714285714285,2,2.6937,2.67295,1.92967,1.149898,5.7727272727272725,6,3611443.0,10.0,19.0,Jagoba Arrasate,Julio Velázquez,Alejandro Muñiz Ruiz,4-3-3 Attacking,4-2-3-1,331.0,1108.0,68600000.0,29.39456163275465,182.9090909090909,43.0,35400000.0,29.437122767718247,182.54545454545453,18.0
1065,Espanyol,Celta Vigo,15:15,11,10,2,5,2,3,12,21,4,1,0,0,D,H,1,0,2022-04-10,0.6311,0.6961,0.6961,-0.86214,9.10344827586207,5,2.1122,1.55824,1.55824,0.86214,13.5,6,3611441.0,11.0,13.0,Vicente Moreno,Eduardo Coudet,Javier Alberola Rojas,4-2-3-1,4-4-2 Diamond,714.0,940.0,78300000.0,27.64855951714268,180.45454545454547,61.0,92000000.0,28.55503702320951,177.72727272727272,114.0
1066,Elche,Real Sociedad,17:30,10,17,1,6,8,9,15,12,3,3,0,0,A,A,1,2,2022-04-10,2.1729000000000003,2.08213,2.08213,1.0338299999999998,7.076923076923077,8,0.6066,1.0483,1.0483,-1.0338299999999998,11.625,2,3611448.0,14.0,6.0,Francisco Rodríguez,Imanol Alguacil,Guillermo Cuadra Fernández,4-4-2 double 6,4-3-1-2,1531.0,681.0,27700000.0,29.107336195631884,183.9090909090909,95.0,208000000.0,27.244850973803747,183.36363636363637,225.0
1067,Levante,Barcelona,20:00,11,14,6,7,4,3,8,7,1,1,0,0,D,A,2,3,2022-04-10,0.3469,1.36074,1.36074,0.6035910000000001,17.272727272727273,6,2.5159,2.98698,0.757149,-0.6035910000000001,22.5625,5,3611442.0,20.0,2.0,Alessio Lisci,Xavi,José Luis Munuera Montero,5-3-2,4-3-3 Attacking,3368.0,131.0,33000000.0,29.28454981021716,181.63636363636363,3.0,282000000.0,27.727708294443406,182.54545454545453,597.0
1068,Rayo Vallecano,Valencia,20:00,11,6,4,2,5,4,13,17,3,4,0,0,D,D,1,1,2022-04-11,1.2962,0.56958,0.56958,0.013367,8.814814814814815,3,1.2695,0.556213,0.556213,-0.013367,7.0,6,3611446.0,12.0,9.0,Andoni Iraola,Pepe Bordalás,De Burgos Bengoetxea,4-2-3-1,4-1-4-1,367.0,1049.0,33500000.0,28.735486279634127,178.27272727272728,117.0,215000000.0,23.81805737041877,181.36363636363637,228.0
1069,Real Sociedad,Real Betis,20:00,9,9,2,2,8,1,17,7,4,4,1,0,D,D,0,0,2022-04-15,0.8079999999999999,0.377534,0.377534,-0.490426,22.416666666666668,6,1.816,0.86796,0.86796,0.490426,7.384615384615385,8,3611455.0,6.0,5.0,Imanol Alguacil,Manuel Pellegrini,Isidro Díaz de Mera Escuderos,4-3-1-2,4-2-3-1,681.0,150.0,214000000.0,26.88469914753282,183.36363636363637,225.0,167000000.0,30.277642959367803,181.1818181818182,213.0
1070,Getafe,Villarreal,20:00,12,11,5,6,6,6,17,6,2,0,0,0,A,A,1,2,2022-04-16,2.6357,2.82388,2.82388,1.884726,11.933333333333334,9,0.2507,0.939154,0.939154,-1.884726,9.58974358974359,6,3611453.0,15.0,7.0,Quique Sánchez Flores,Unai Emery,Pablo González Fuertes,5-3-2,4-3-3 Attacking,3709.0,1050.0,95600000.0,27.137079211001183,183.54545454545453,187.0,184000000.0,29.114305270362767,182.1818181818182,228.0
1071,Valencia,Osasuna,17:30,11,9,4,3,9,5,11,22,1,2,0,0,D,A,1,2,2022-04-16,1.1698,1.06317,0.31989,-0.1458689999999999,4.857142857142857,3,1.4287,1.20904,0.465759,0.1458689999999999,8.6875,3,3611457.0,10.0,9.0,Pepe Bordalás,Jagoba Arrasate,Mario Melero López,4-4-2 double 6,4-4-2 double 6,1049.0,331.0,173000000.0,24.1448571961919,182.72727272727272,170.0,70500000.0,28.91444216290212,182.8181818181818,52.0
1072,Alaves,Rayo Vallecano,15:15,11,20,5,3,2,12,10,9,2,3,0,1,D,H,1,0,2022-04-16,1.9474,1.22034,1.22034,0.688967,4.782608695652174,5,0.7467999999999999,0.531373,0.531373,-0.688967,13.263157894736842,1,3611449.0,19.0,13.0,Julio Velázquez,Andoni Iraola,Juan Martínez Munuera,4-4-2 double 6,4-2-3-1,1108.0,367.0,33900000.0,29.69099620434323,183.54545454545453,18.0,36700000.0,27.29562566112874,180.63636363636363,125.0
1073,Elche,Mallorca,13:00,6,13,2,2,2,1,17,13,2,3,0,0,H,H,3,0,2022-04-16,0.9449,1.06428,1.06428,-0.43567,11.347826086956522,9,1.7633,1.49995,1.49995,0.43567,11.61111111111111,5,3611458.0,14.0,18.0,Francisco Rodríguez,Javier Aguirre,José María Sánchez Martínez,5-4-1,5-4-1,1531.0,237.0,28200000.0,29.494119843195822,182.36363636363637,98.0,34900000.0,28.28822101922718,181.27272727272728,89.0
1074,Granada,Levante,13:00,16,17,4,8,13,2,10,9,5,2,1,0,A,A,1,4,2022-04-17,2.8862,4.45893,3.71565,2.5592300000000003,11.5625,7,0.0766999999999999,1.15642,1.15642,-2.5592300000000003,8.789473684210526,6,3611454.0,17.0,20.0,Rubén Torrecilla,Alessio Lisci,Valentin Pizarro Gomez,5-4-1,5-3-2,16795.0,3368.0,42200000.0,30.3963661253189,182.54545454545453,58.0,27000000.0,28.561757202414288,181.9090909090909,10.0
1075,Atletico Madrid,Espanyol,15:15,10,11,3,5,6,3,18,12,5,5,1,0,D,H,2,1,2022-04-17,0.6888000000000001,0.814562,0.814562,-0.0312879999999999,12.818181818181818,3,2.0538,1.58913,0.84585,0.0312879999999999,14.15,9,3611451.0,4.0,12.0,Diego Simeone,Vicente Moreno,Jorge Figueroa Vázquez,4-4-2 double 6,3-5-2 flat,13.0,714.0,353000000.0,28.216041316657332,180.9090909090909,400.0,67300000.0,27.95146537240993,180.72727272727272,34.0
1076,Athletic Club,Celta Vigo,17:30,10,6,2,4,5,4,13,15,2,2,0,0,A,A,0,2,2022-04-17,1.3211,0.882589,0.882589,-0.027967,7.548387096774194,5,1.3073,0.910556,0.910556,0.027967,12.347826086956522,9,3611450.0,8.0,11.0,Marcelino,Eduardo Coudet,Alejandro Hernández Hernández,4-4-2 double 6,4-4-2 Diamond,621.0,940.0,144000000.0,26.23657519756082,182.0,106.0,92000000.0,28.574201978719433,177.72727272727272,114.0
1077,Sevilla,Real Madrid,20:00,7,15,2,6,0,3,11,9,3,4,0,0,H,A,2,3,2022-04-17,1.6539,1.53527,1.53527,0.3629099999999998,13.38095238095238,19,1.0638,1.17236,1.17236,-0.3629099999999998,12.384615384615383,2,3611456.0,3.0,1.0,Julen Lopetegui,Carlo Ancelotti,Guillermo Cuadra Fernández,4-2-3-1,4-1-4-1,368.0,418.0,236000000.0,30.203223197063036,180.0,485.0,490000000.0,28.472154813017234,181.0909090909091,760.0
1078,Barcelona,Cadiz,20:00,18,6,6,4,8,1,16,9,4,1,0,0,D,A,0,1,2022-04-18,1.8879,1.92768,1.92768,0.57365,26.142857142857142,4,0.8562000000000001,1.35403,1.35403,-0.57365,2.6923076923076925,10,3611452.0,2.0,16.0,Xavi,Sergio,Santiago Jaime Latre,4-3-3 Attacking,4-2-3-1,131.0,2687.0,326000000.0,25.838591251322256,179.9090909090909,665.0,33000000.0,30.110385165826642,181.0909090909091,5.0
1079,Mallorca,Alaves,18:00,5,12,3,4,0,6,25,15,2,6,0,0,H,H,2,1,2022-04-19,0.9377,0.561806,0.561806,-0.351924,5.257142857142857,4,1.7036,0.91373,0.91373,0.351924,9.321428571428571,5,3611462.0,16.0,19.0,Javier Aguirre,Julio Velázquez,César Soto Grado,4-4-1-1,4-2-3-1,237.0,1108.0,41000000.0,28.613527471843692,182.0909090909091,133.0,32400000.0,29.412979901686267,182.45454545454547,28.0
1080,Real Betis,Elche,20:00,18,9,3,1,2,3,9,14,2,3,1,0,D,A,0,1,2022-04-19,0.9387,0.834721,0.834721,-0.5091489999999999,23.666666666666668,4,1.749,1.34387,1.34387,0.5091489999999999,5.785714285714286,6,3611460.0,5.0,14.0,Manuel Pellegrini,Francisco Rodríguez,Javier Alberola Rojas,4-2-3-1,5-4-1 Diamond,150.0,1531.0,122500000.0,29.160102047165704,179.45454545454547,314.0,27400000.0,28.58415779976355,183.8181818181818,89.0
1081,Villarreal,Valencia,20:30,12,5,5,1,3,2,14,12,2,3,0,0,H,H,2,0,2022-04-19,0.0892,0.313345,0.313345,-1.738445,11.416666666666666,3,2.8516,2.79507,2.05179,1.738445,10.5,3,3611468.0,7.0,10.0,Unai Emery,Pepe Bordalás,José Luis Munuera Montero,4-4-2 double 6,3-1-4-2,1050.0,1049.0,198000000.0,28.50476012693672,182.0909090909091,351.0,98550000.0,23.54900130670151,183.27272727272728,196.0
1082,Osasuna,Real Madrid,20:30,12,23,3,11,3,4,13,7,1,3,0,0,A,A,1,3,2022-04-20,2.9652000000000003,4.60461,3.11805,2.2451350000000003,11.27777777777778,18,0.0219,0.872915,0.872915,-2.2451350000000003,19.85,7,3611466.0,9.0,1.0,Jagoba Arrasate,Carlo Ancelotti,De Burgos Bengoetxea,4-1-4-1,4-3-3 Attacking,331.0,418.0,67500000.0,28.558770456101055,182.0909090909091,47.0,464000000.0,27.073859747371042,182.0909090909091,582.0
1083,Atletico Madrid,Granada,18:00,22,7,1,2,11,1,9,12,4,5,0,0,D,D,0,0,2022-04-20,0.4504,0.150986,0.150986,-0.996624,14.083333333333334,1,2.2402,1.14761,1.14761,0.996624,9.19047619047619,11,3611459.0,4.0,18.0,Diego Simeone,Aitor Karanka,Jesús Gil Manzano,3-5-2 flat,4-2-3-1,13.0,16795.0,341700000.0,27.921100118225375,180.45454545454547,640.0,52900000.0,27.861614087486775,181.0,69.0
1084,Celta Vigo,Getafe,19:00,9,6,2,3,2,1,13,13,2,5,0,0,A,A,0,2,2022-04-20,2.3631,1.45896,1.45896,1.132682,19.571428571428573,5,0.4152,0.326278,0.326278,-1.132682,4.761904761904762,8,3611461.0,12.0,15.0,Eduardo Coudet,Quique Sánchez Flores,Santiago Jaime Latre,4-4-2 Diamond,5-3-2,940.0,3709.0,92000000.0,28.582415531080827,177.72727272727272,114.0,103300000.0,26.8316844004729,182.63636363636363,252.0
1085,Real Sociedad,Barcelona,20:30,8,11,5,1,5,3,12,9,1,2,0,0,A,A,0,1,2022-04-21,2.1067,1.96498,1.96498,0.93258,16.35,8,0.6532,1.0324,1.0324,-0.93258,7.166666666666667,7,3611467.0,6.0,2.0,Imanol Alguacil,Xavi,Carlos del Cerro Grande,4-1-3-2,4-3-3 Attacking,681.0,131.0,216000000.0,26.449878663431026,184.8181818181818,240.0,304000000.0,28.78949660879846,182.27272727272728,595.0
1086,Cadiz,Athletic Club,19:00,27,9,8,7,4,1,9,15,3,5,0,1,A,A,2,3,2022-04-21,0.7269,2.33226,1.42748,-1.99876,11.428571428571429,5,2.0718,3.42624,3.42624,1.99876,10.866666666666667,13,3611463.0,17.0,8.0,Sergio,Marcelino,Valentin Pizarro Gomez,4-4-2,4-4-2 double 6,2687.0,621.0,31200000.0,28.981643954949906,180.9090909090909,79.0,125500000.0,29.03888992595358,182.36363636363637,145.0
1087,Espanyol,Rayo Vallecano,18:00,6,13,2,2,3,10,14,18,4,4,0,0,A,A,0,1,2022-04-21,1.8674,1.01579,1.01579,0.5610489999999999,9.862068965517242,2,0.7877000000000001,0.454741,0.454741,-0.5610489999999999,8.95,5,3611464.0,13.0,11.0,Vicente Moreno,Andoni Iraola,Mateu Lahoz,4-3-3 Attacking,4-2-3-1,714.0,367.0,77300000.0,28.225997137701448,180.8181818181818,75.0,34500000.0,27.540787754340116,180.27272727272728,90.0
1088,Levante,Sevilla,18:00,15,13,6,6,10,4,9,12,1,5,0,0,A,A,2,3,2022-04-21,1.2662,2.46009,2.46009,1.32559,11.0,6,1.4957,2.62106,1.1345,-1.32559,12.8,3,3611465.0,20.0,3.0,Alessio Lisci,Julen Lopetegui,Isidro Díaz de Mera Escuderos,5-3-2,4-2-3-1,3368.0,368.0,27000000.0,28.572708605562813,181.9090909090909,10.0,252000000.0,29.864974177089167,179.8181818181818,534.0
1089,Barcelona,Rayo Vallecano,20:00,18,3,5,1,9,1,10,1,4,6,0,0,A,A,0,1,2022-04-24,0.5617,0.247749,0.247749,-0.860311,12.32258064516129,1,2.1121000000000003,1.10806,1.10806,0.860311,6.476190476190476,13,3610272.0,7.0,5.0,Xavi,Andoni Iraola,Isidro Díaz de Mera Escuderos,4-3-3 Attacking,4-2-3-1,131.0,367.0,334000000.0,25.940140625972244,181.27272727272728,651.0,38700000.0,26.915562192769585,179.27272727272728,127.0
1090,Sevilla,Cadiz,20:00,11,10,6,4,5,6,15,11,2,2,0,0,H,D,1,1,2022-04-29,1.3092,0.899478,0.899478,0.02602,12.826086956521738,5,1.3305,0.873458,0.873458,-0.02602,9.24,4,3611475.0,3.0,17.0,Julen Lopetegui,Sergio,José María Sánchez Martínez,4-2-3-1,4-2-3-1,368.0,2687.0,240000000.0,29.96353680542592,180.72727272727272,488.0,33100000.0,30.398606185053826,181.8181818181818,5.0
1091,Alaves,Villarreal,13:00,11,16,5,6,5,8,14,5,5,2,0,0,H,H,2,1,2022-04-30,0.793,1.14043,1.14043,-0.7126399999999999,11.7,11,1.9663,1.85307,1.85307,0.7126399999999999,14.476190476190476,5,3611469.0,19.0,7.0,Julio Velázquez,Unai Emery,Miguel Ángel Ortiz Arias,4-2-3-1,4-2-3-1,1108.0,1050.0,31900000.0,29.443096260344717,182.45454545454547,28.0,153000000.0,28.92265571526352,182.27272727272728,244.0
1092,Real Madrid,Espanyol,15:15,11,20,5,6,6,8,11,6,2,0,0,0,H,H,4,0,2022-04-30,0.9062,1.64156,1.64156,-0.6754800000000001,25.2,8,1.8674,2.31704,2.31704,0.6754800000000001,15.133333333333333,15,3611474.0,1.0,14.0,Carlo Ancelotti,Vicente Moreno,José Luis Munuera Montero,4-3-3 Attacking,4-4-2,418.0,714.0,303000000.0,28.037832119967643,180.45454545454547,516.0,80300000.0,28.808661564308384,181.36363636363637,66.0
1093,Valencia,Levante,17:30,6,24,1,6,1,7,11,21,4,3,1,0,H,D,1,1,2022-04-30,2.1134,1.70278,1.70278,0.965454,4.045454545454546,5,0.6398,0.737326,0.737326,-0.965454,16.6,4,3611476.0,10.0,20.0,Pepe Bordalás,Alessio Lisci,Jorge Figueroa Vázquez,5-3-2,5-3-2,1049.0,3368.0,209000000.0,24.850724908219775,183.36363636363637,187.0,28100000.0,28.59859374027752,181.63636363636363,11.0
1094,Athletic Club,Atletico Madrid,20:00,11,9,4,3,5,3,18,15,3,3,0,0,H,H,2,0,2022-04-30,0.5953,0.503211,0.503211,-0.000626,9.9,3,2.1277,1.24712,0.503837,0.000626,9.15625,3,3611470.0,8.0,4.0,Marcelino,Diego Simeone,Mateu Lahoz,4-4-2 double 6,5-4-1,621.0,13.0,129300000.0,29.29027440731753,182.54545454545453,135.0,320000000.0,29.02594735859623,182.1818181818182,760.0
1095,Elche,Osasuna,13:00,11,9,4,3,7,4,13,18,4,2,0,0,D,D,1,1,2022-05-01,1.6728999999999998,1.11898,0.3757,-0.43366,8.071428571428571,2,0.9832,0.80936,0.80936,0.43366,9.5625,6,3611478.0,13.0,9.0,Francisco Rodríguez,Jagoba Arrasate,Carlos del Cerro Grande,5-4-1,5-3-2,1531.0,331.0,29200000.0,29.535187605002804,182.36363636363637,98.0,79500000.0,28.172484599589325,182.8181818181818,55.0
1096,Granada,Celta Vigo,15:15,15,13,6,6,5,4,11,13,1,3,0,0,D,D,1,1,2022-05-01,1.6001,1.30137,1.30137,0.3019719999999999,6.3125,6,1.0937,0.999398,0.999398,-0.3019719999999999,6.774193548387097,4,3611473.0,18.0,12.0,Aitor Karanka,Eduardo Coudet,Juan Martínez Munuera,4-2-3-1,4-4-2 Diamond,16795.0,940.0,43850000.0,27.403397423931303,181.63636363636363,61.0,96000000.0,28.471159230912825,178.54545454545453,205.0
1097,Rayo Vallecano,Real Sociedad,17:30,13,8,7,3,8,5,15,7,2,1,0,0,A,D,1,1,2022-05-01,0.9732,0.87498,0.87498,-0.32448,18.5,6,1.6674,1.19946,1.19946,0.32448,10.74074074074074,4,3611477.0,11.0,6.0,Andoni Iraola,Imanol Alguacil,Alejandro Muñiz Ruiz,4-2-3-1,4-3-1-2,367.0,681.0,38500000.0,26.924522431709292,180.1818181818182,121.0,191000000.0,27.216974674880216,181.9090909090909,171.0
1098,Barcelona,Mallorca,20:00,17,6,5,2,5,2,13,12,2,3,0,0,H,H,2,1,2022-05-01,1.0677,1.23981,1.23981,-0.4013299999999999,19.88235294117647,4,1.6446,1.64114,1.64114,0.4013299999999999,5.607142857142857,11,3611471.0,2.0,16.0,Xavi,Javier Aguirre,Pablo González Fuertes,4-3-3 Attacking,3-4-1-2,131.0,237.0,319000000.0,29.112314106153942,182.27272727272728,645.0,28200000.0,28.388277020720555,182.63636363636363,19.0
1099,Getafe,Real Betis,20:00,13,9,2,4,2,4,13,13,1,1,0,0,D,D,0,0,2022-05-02,0.9426,0.470229,0.470229,-0.381528,5.48,4,1.6683,0.851757,0.851757,0.381528,15.608695652173912,2,3611472.0,15.0,5.0,Quique Sánchez Flores,Manuel Pellegrini,Adrián Cordero Vega,3-5-2,4-2-3-1,3709.0,150.0,111300000.0,27.79665235517392,183.0909090909091,347.0,136500000.0,30.4901997386597,180.0909090909091,147.0
1100,Levante,Real Sociedad,20:00,16,21,7,6,7,6,10,11,2,3,0,0,D,H,2,1,2022-05-06,1.431,2.30649,2.30649,0.8276000000000001,5.413793103448276,16,1.3434,2.22217,1.47889,-0.8276000000000001,11.037037037037036,6,3611487.0,19.0,6.0,Alessio Lisci,Imanol Alguacil,Javier Alberola Rojas,5-3-2,4-3-1-2,3368.0,681.0,28100000.0,28.615020845000313,181.63636363636363,11.0,213000000.0,26.942194014062594,183.36363636363637,225.0
1101,Real Betis,Barcelona,20:00,14,11,5,5,4,8,16,18,1,2,0,0,D,A,1,2,2022-05-07,1.8741,1.19659,1.19659,0.5687760000000001,7.821428571428571,9,0.8318999999999999,0.627814,0.627814,-0.5687760000000001,12.708333333333334,7,3611481.0,5.0,2.0,Manuel Pellegrini,Xavi,Mateu Lahoz,4-2-3-1,4-3-3 Attacking,150.0,131.0,149500000.0,31.025325119780973,178.72727272727272,343.0,320000000.0,27.39593055814822,180.63636363636363,596.0
1102,Celta Vigo,Alaves,17:30,15,3,7,1,7,1,7,7,1,3,0,1,H,H,4,0,2022-05-07,0.0389,0.136283,0.136283,-2.863047,21.1,2,2.9312,2.99933,2.99933,2.863047,8.347826086956522,17,3611482.0,11.0,20.0,Eduardo Coudet,Julio Velázquez,Guillermo Cuadra Fernández,4-4-2 Diamond,4-2-3-1,940.0,1108.0,83000000.0,29.209134465807974,177.9090909090909,114.0,28700000.0,29.907286416526663,184.45454545454547,18.0
1103,Cadiz,Elche,17:30,17,4,7,2,8,1,18,13,1,0,0,1,D,H,3,0,2022-05-07,0.1064,0.0634173,0.0634173,-1.9604127,25.6,0,2.8019,2.02383,2.02383,1.9604127,6.612903225806452,6,3611485.0,16.0,14.0,Sergio,Francisco Rodríguez,Alejandro Hernández Hernández,4-4-2 double 6,4-3-3 Attacking,2687.0,1531.0,32600000.0,30.752784518698274,181.63636363636363,9.0,23800000.0,29.656648621741024,182.0,21.0
1104,Mallorca,Granada,13:00,18,14,8,7,5,5,11,13,3,2,0,0,D,A,2,6,2022-05-07,2.0267,2.64631,2.64631,0.8669000000000002,7.777777777777778,5,0.7577,1.77941,1.77941,-0.8669000000000002,10.916666666666666,9,3611483.0,18.0,17.0,Javier Aguirre,Aitor Karanka,De Burgos Bengoetxea,4-3-3 Attacking,4-2-3-1,237.0,16795.0,37200000.0,29.211623421069007,181.72727272727272,131.0,53900000.0,27.908157550868022,181.0,69.0
1105,Athletic Club,Valencia,15:15,10,4,5,1,4,2,13,22,4,4,0,1,D,D,0,0,2022-05-07,0.2593,0.127375,0.127375,-1.417575,10.181818181818182,4,2.5537,1.54495,1.54495,1.417575,4.071428571428571,5,3611479.0,8.0,10.0,Marcelino,Pepe Bordalás,Isidro Díaz de Mera Escuderos,4-4-2 double 6,3-5-2 flat,621.0,1049.0,129300000.0,29.30943936282745,182.54545454545453,135.0,137000000.0,24.110509613589695,184.72727272727272,197.0
1106,Getafe,Rayo Vallecano,13:00,12,12,6,1,4,5,20,14,3,4,0,0,D,D,0,0,2022-05-08,1.4879,0.816549,0.816549,0.1872849999999999,8.909090909090908,6,1.1425999999999998,0.629264,0.629264,-0.1872849999999999,8.486486486486486,7,3611484.0,15.0,12.0,Quique Sánchez Flores,Andoni Iraola,Mario Melero López,3-5-2,4-2-3-1,3709.0,367.0,117500000.0,26.950407566423994,183.1818181818182,311.0,39800000.0,28.438056125941138,180.1818181818182,125.0
1107,Villarreal,Sevilla,15:15,14,7,6,2,4,2,14,15,3,0,0,0,D,D,1,1,2022-05-08,0.3226,0.986887,0.986887,-1.713623,11.80952380952381,4,2.5312,2.70051,2.70051,1.713623,11.842105263157896,10,3611488.0,7.0,3.0,Unai Emery,Julen Lopetegui,Jesús Gil Manzano,4-4-1-1,4-3-3 Attacking,1050.0,368.0,175000000.0,28.449007529089666,182.72727272727272,335.0,235000000.0,29.16059983821791,180.63636363636363,585.0
1108,Espanyol,Osasuna,17:30,12,12,3,5,6,6,6,15,1,3,0,0,A,D,1,1,2022-05-08,1.8676,1.11008,1.11008,0.5408499999999999,9.607142857142858,6,0.8151999999999999,0.56923,0.56923,-0.5408499999999999,23.27272727272728,2,3611486.0,13.0,9.0,Vicente Moreno,Jagoba Arrasate,Santiago Jaime Latre,3-5-2 flat,5-3-2,714.0,331.0,59800000.0,28.968950283118662,181.8181818181818,63.0,67800000.0,27.55970381432394,183.0909090909091,55.0
1109,Atletico Madrid,Real Madrid,20:00,16,15,2,6,4,6,17,7,2,4,0,0,H,H,1,0,2022-05-08,0.5488,1.13607,1.13607,-0.5743100000000001,19.83333333333333,4,2.2657,2.45366,1.71038,0.5743100000000001,12.107142857142858,14,3611480.0,4.0,1.0,Diego Simeone,Carlo Ancelotti,César Soto Grado,4-4-2 double 6,4-3-3 Attacking,13.0,418.0,343000000.0,28.380312363885256,182.1818181818182,548.0,315500000.0,26.368489826395372,182.0,332.0
1110,Valencia,Real Betis,18:00,19,9,5,5,7,3,17,11,1,3,0,0,D,A,0,3,2022-05-10,2.0202,1.83636,1.83636,0.71705,6.944444444444445,4,0.7265999999999999,1.11931,1.11931,-0.71705,9.357142857142858,12,3611496.0,10.0,5.0,Pepe Bordalás,Manuel Pellegrini,Carlos del Cerro Grande,3-4-2-1,4-2-3-1,1049.0,150.0,138000000.0,23.32350196005227,184.36363636363637,169.0,164000000.0,29.016738224130425,181.54545454545453,255.0
1111,Granada,Athletic Club,19:00,12,8,2,1,2,7,20,11,4,2,0,1,H,H,1,0,2022-05-10,0.6637000000000001,0.35575,0.35575,-0.6639200000000001,9.818181818181818,2,2.0119,1.01967,1.01967,0.6639200000000001,5.515151515151516,4,3611491.0,16.0,8.0,Aitor Karanka,Marcelino,José María Sánchez Martínez,4-2-3-1,4-4-2,16795.0,621.0,42700000.0,30.06732623981084,182.45454545454547,53.0,134000000.0,26.737850787132103,180.0,129.0
1112,Barcelona,Celta Vigo,20:30,10,13,4,5,2,8,18,6,3,0,0,1,H,H,3,1,2022-05-10,1.0264,0.851127,0.851127,-0.3824529999999999,13.565217391304348,7,1.6636,1.23358,1.23358,0.3824529999999999,7.184210526315789,8,3611490.0,2.0,11.0,Xavi,Eduardo Coudet,Miguel Ángel Ortiz Arias,4-2-3-1,4-4-2 Diamond,131.0,940.0,353000000.0,27.067388463692364,180.1818181818182,579.0,83000000.0,29.217348018169375,177.9090909090909,114.0
1113,Alaves,Espanyol,18:00,27,5,9,3,12,3,11,15,3,3,0,1,D,H,2,1,2022-05-11,0.3521,0.902191,0.158913,-2.298387,20.428571428571427,1,2.4821,2.4573,2.4573,2.298387,12.333333333333334,5,3611489.0,19.0,13.0,Julio Velázquez,Vicente Moreno,Valentin Pizarro Gomez,4-2-3-1,4-3-3 Attacking,1108.0,714.0,33500000.0,28.359405139692615,183.27272727272728,31.0,82800000.0,28.268807168191152,181.1818181818182,51.0
1114,Osasuna,Getafe,18:00,12,6,1,0,7,2,10,17,2,4,0,1,D,D,1,1,2022-05-11,1.2944,0.582724,0.582724,-0.0254809999999999,13.666666666666666,2,1.2761,0.608205,0.608205,0.0254809999999999,6.066666666666666,2,3611492.0,9.0,15.0,Jagoba Arrasate,Quique Sánchez Flores,Alejandro Muñiz Ruiz,4-2-3-1,5-3-2,331.0,3709.0,55400000.0,29.8082259971377,181.9090909090909,6.0,112300000.0,26.274407317528468,185.27272727272728,310.0
1115,Sevilla,Mallorca,19:30,18,10,4,2,6,3,11,18,4,6,0,0,D,D,0,0,2022-05-11,0.5636,0.553368,0.553368,-1.0986220000000002,14.428571428571429,1,2.2022,1.65199,1.65199,1.0986220000000002,6.0,2,3611495.0,4.0,18.0,Julen Lopetegui,Javier Aguirre,Alejandro Hernández Hernández,4-3-3 Attacking,5-3-2,368.0,237.0,221000000.0,29.794287847675935,180.9090909090909,425.0,27500000.0,30.756020160537616,180.63636363636363,87.0
1116,Elche,Atletico Madrid,20:30,9,11,0,6,6,3,16,7,2,2,0,0,A,A,0,2,2022-05-11,2.9063,2.61258,2.61258,2.443412,13.952380952380953,10,0.0542,0.169168,0.169168,-2.443412,10.307692307692308,1,3611498.0,14.0,3.0,Francisco Rodríguez,Diego Simeone,Pablo González Fuertes,4-2-3-1,4-4-2 double 6,1531.0,13.0,42200000.0,29.186982763984815,183.1818181818182,96.0,328000000.0,28.811648310621617,182.27272727272728,719.0
1117,Rayo Vallecano,Villarreal,19:00,17,11,3,8,9,3,13,10,5,2,0,0,A,A,1,5,2022-05-12,2.1078,2.9178,2.9178,1.0245000000000002,12.578947368421051,8,0.6953999999999999,1.8933,1.8933,-1.0245000000000002,6.258064516129032,6,3611497.0,12.0,7.0,Andoni Iraola,Unai Emery,Isidro Díaz de Mera Escuderos,4-2-3-1,4-1-4-1,367.0,1050.0,38500000.0,27.963412357662868,180.8181818181818,116.0,179000000.0,28.875365565303966,183.1818181818182,239.0
1118,Real Sociedad,Cadiz,18:00,13,14,7,1,2,12,13,11,4,2,0,0,H,H,3,0,2022-05-12,0.2085,0.675387,0.675387,-0.4962029999999999,13.055555555555555,2,2.691,2.65814,1.17159,0.4962029999999999,9.458333333333334,12,3611494.0,6.0,17.0,Imanol Alguacil,Sergio,Juan Martínez Munuera,4-3-1-2,4-2-3-1,681.0,2687.0,185000000.0,27.617696471905916,182.1818181818182,158.0,34400000.0,29.195196316346212,180.45454545454547,15.0
1119,Real Madrid,Levante,20:30,27,16,16,1,6,6,8,6,2,1,0,0,H,H,6,0,2022-05-12,0.0182,0.695945,0.695945,-4.199575,23.0,5,2.9723,4.89552,4.89552,4.199575,17.0625,21,3611493.0,1.0,20.0,Carlo Ancelotti,Alessio Lisci,Adrián Cordero Vega,4-3-3 Attacking,5-3-2,418.0,3368.0,447000000.0,27.54477008275776,180.72727272727272,634.0,22900000.0,29.271109451807604,181.72727272727272,10.0
1121,Mallorca,Rayo Vallecano,18:30,12,11,5,4,5,3,13,8,1,0,0,0,H,H,2,1,2022-05-15,2.1857,2.04546,2.04546,1.1000409999999998,13.533333333333331,1,0.6077,0.945419,0.945419,-1.1000409999999998,14.058823529411764,2,3611503.0,17.0,12.0,Javier Aguirre,Andoni Iraola,José Luis Munuera Montero,5-3-2,4-2-3-1,237.0,367.0,27500000.0,30.76697156368614,180.63636363636363,87.0,35500000.0,27.718001368925396,180.45454545454547,259.0
1122,Levante,Alaves,18:30,15,6,5,2,3,4,19,10,8,6,0,0,A,H,3,1,2022-05-15,0.2895,0.571687,0.571687,-1.5754830000000002,13.523809523809524,2,2.5593000000000004,2.14717,2.14717,1.5754830000000002,4.217391304347826,10,3611507.0,19.0,20.0,Alessio Lisci,Julio Velázquez,Guillermo Cuadra Fernández,4-2-3-1,4-2-3-1,3368.0,1108.0,35400000.0,27.414099931553732,179.8181818181818,93.0,30200000.0,29.273598407068633,181.8181818181818,28.0
1123,Villarreal,Real Sociedad,18:30,10,11,4,6,4,3,12,16,4,2,0,0,H,A,1,2,2022-05-15,2.5745,2.72677,2.72677,1.7166400000000002,6.777777777777778,5,0.2891,1.01013,1.01013,-1.7166400000000002,11.61111111111111,6,3611508.0,7.0,6.0,Unai Emery,Imanol Alguacil,Pablo González Fuertes,4-4-2 double 6,4-3-1-2,1050.0,681.0,175000000.0,28.468172484599588,182.72727272727272,335.0,201000000.0,27.607491755335698,183.8181818181818,225.0
1124,Getafe,Barcelona,18:30,9,5,3,1,5,5,9,8,1,2,0,0,D,D,0,0,2022-05-15,1.124,0.19547,0.19547,-0.0420059999999999,21.5,3,1.1974999999999998,0.237476,0.237476,0.0420059999999999,32.89473684210526,3,3611504.0,15.0,2.0,Quique Sánchez Flores,Xavi,Jesús Gil Manzano,5-3-2,4-3-3 Attacking,3709.0,131.0,117500000.0,27.01288034347583,183.72727272727272,312.0,224000000.0,26.843133594673635,180.36363636363637,492.0
1125,Cadiz,Real Madrid,18:30,21,16,7,7,10,2,13,11,7,2,0,0,D,D,1,1,2022-05-15,0.8934,1.92483,1.92483,0.0017800000000001,9.470588235294118,11,1.8876,2.66633,1.92305,-0.0017800000000001,15.12,15,3611505.0,18.0,1.0,Sergio,Carlo Ancelotti,Mateu Lahoz,4-4-2 double 6,4-3-3 Attacking,2687.0,418.0,35500000.0,30.71047227926078,181.36363636363637,9.0,320500000.0,27.178395868334267,181.8181818181818,327.0
1126,Celta Vigo,Elche,18:30,14,10,5,1,7,5,11,12,2,2,0,0,H,H,1,0,2022-05-15,0.4841,0.445721,0.445721,-1.111579,8.555555555555555,7,2.2922,1.5573,1.5573,1.111579,7.272727272727272,4,3611502.0,10.0,14.0,Eduardo Coudet,Francisco Rodríguez,Mario Melero López,4-4-2 Diamond,5-3-2,940.0,1531.0,80500000.0,29.448571961918983,179.0,110.0,17600000.0,29.38609918486715,182.0909090909091,42.0
1127,Real Betis,Granada,18:30,11,14,4,4,4,9,11,17,0,1,0,0,H,H,2,0,2022-05-15,0.9403,1.15584,1.15584,-0.5457000000000001,11.766666666666667,4,1.7848,1.70154,1.70154,0.5457000000000001,8.875,6,3611501.0,5.0,16.0,Manuel Pellegrini,Aitor Karanka,De Burgos Bengoetxea,4-2-3-1,4-2-3-1,150.0,16795.0,195000000.0,28.81139941509551,182.54545454545453,201.0,50900000.0,29.63823035280941,182.9090909090909,82.0
1128,Atletico Madrid,Sevilla,18:30,12,8,3,4,4,5,14,18,2,5,0,0,H,D,1,1,2022-05-15,1.2468,0.794179,0.794179,-0.098647,10.833333333333334,3,1.4051999999999998,0.892826,0.892826,0.098647,11.11111111111111,6,3611500.0,3.0,4.0,Diego Simeone,Julen Lopetegui,José María Sánchez Martínez,3-5-2 flat,4-3-3 Attacking,13.0,368.0,346000000.0,29.666355547259037,182.45454545454547,864.0,224000000.0,29.282309750482238,181.1818181818182,601.0
1129,Athletic Club,Osasuna,18:30,14,8,8,1,10,6,6,14,0,0,0,0,H,H,2,0,2022-05-15,0.7716,0.764272,0.764272,-0.7140180000000002,7.961538461538462,4,1.944,1.47829,1.47829,0.7140180000000002,19.3125,11,3611499.0,8.0,9.0,Marcelino,Jagoba Arrasate,Jorge Figueroa Vázquez,4-4-2,4-1-4-1,621.0,331.0,146300000.0,28.639910397610603,181.1818181818182,143.0,57600000.0,28.26980275029556,181.27272727272728,56.0
1130,Real Madrid,Real Betis,20:00,17,11,3,2,8,5,7,12,0,0,0,0,D,D,0,0,2022-05-20,1.0931,1.43562,1.43562,-0.37988,15.333333333333334,2,1.6322,1.8155,1.8155,0.37988,13.956521739130435,8,3611513.0,1.0,5.0,Carlo Ancelotti,Manuel Pellegrini,Santiago Jaime Latre,4-3-3 Attacking,4-2-3-1,418.0,150.0,445000000.0,29.17503577873188,181.27272727272728,697.0,160500000.0,30.181818181818183,179.27272727272728,339.0
1131,Rayo Vallecano,Levante,20:00,19,14,8,7,7,3,8,12,0,3,0,0,A,A,2,4,2022-05-20,1.7598999999999998,3.28491,3.28491,1.29549,9.869565217391305,7,1.0321,2.7327,1.98942,-1.29549,6.884615384615385,5,3611517.0,12.0,19.0,Andoni Iraola,Alessio Lisci,Mario Melero López,4-2-3-1,4-4-2 double 6,367.0,3368.0,30900000.0,28.777051832493314,180.54545454545453,46.0,30800000.0,28.888059237135213,180.45454545454547,94.0
1132,Valencia,Celta Vigo,16:30,10,9,3,3,3,3,22,19,3,3,0,0,H,H,2,0,2022-05-21,1.2604000000000002,1.40936,1.40936,-0.06953,5.24,2,1.4236,1.47889,1.47889,0.06953,6.111111111111111,6,3611516.0,9.0,11.0,Pepe Bordalás,Eduardo Coudet,Adrián Cordero Vega,4-4-2,4-4-2,1049.0,940.0,162000000.0,25.920477879410114,182.1818181818182,97.0,66700000.0,30.58353556094829,179.9090909090909,109.0
1133,Elche,Getafe,16:30,19,7,9,2,8,3,11,9,2,2,0,0,D,H,3,1,2022-05-22,0.2713,1.06857,1.06857,-1.95679,21.466666666666665,3,2.605,3.02536,3.02536,1.95679,10.791666666666666,9,3611518.0,13.0,15.0,Francisco Rodríguez,Quique Sánchez Flores,Guillermo Cuadra Fernández,3-4-2-1,5-3-2,1531.0,3709.0,22000000.0,29.333084437807234,184.0909090909091,53.0,100300000.0,26.3027814075042,183.45454545454547,253.0
1134,Alaves,Cadiz,19:00,9,13,2,6,4,4,11,13,0,1,0,0,D,A,0,1,2022-05-22,2.5019,1.84089,1.84089,1.449385,8.73076923076923,7,0.3287,0.391505,0.391505,-1.449385,11.736842105263158,1,3611509.0,20.0,17.0,Julio Velázquez,Sergio,José María Sánchez Martínez,4-2-3-1,4-4-2,1108.0,2687.0,26200000.0,27.054197000808912,180.1818181818182,34.0,35800000.0,30.719183622674382,180.54545454545453,9.0
1135,Granada,Espanyol,19:00,15,10,5,5,7,3,9,12,1,0,0,0,D,D,0,0,2022-05-22,0.2312,0.386799,0.386799,-0.903131,9.933333333333334,6,2.6450000000000005,2.0332,1.28993,0.903131,17.0,7,3611511.0,18.0,14.0,Aitor Karanka,Luis Blanco,Alejandro Hernández Hernández,4-2-3-1,4-2-3-1,16795.0,714.0,49400000.0,28.930869267624914,182.54545454545453,17.0,63800000.0,29.299981332835543,181.36363636363637,62.0
1136,Osasuna,Mallorca,19:00,11,14,1,6,5,7,8,14,2,2,0,0,D,A,0,2,2022-05-22,1.6813,1.2351,1.2351,0.3380860000000001,19.23076923076923,10,1.0108,0.897014,0.897014,-0.3380860000000001,7.166666666666667,3,3611512.0,10.0,16.0,Jagoba Arrasate,Javier Aguirre,César Soto Grado,4-3-3 Attacking,4-4-2,331.0,237.0,61300000.0,30.114616389770394,182.8181818181818,43.0,27500000.0,30.786136519196067,180.63636363636363,87.0
1137,Barcelona,Villarreal,21:00,14,4,3,3,12,1,12,7,3,1,0,0,A,A,0,2,2022-05-22,1.4091,0.68657,0.68657,0.058392,36.11111111111112,4,1.1925,0.628178,0.628178,-0.058392,7.28,10,3611510.0,2.0,7.0,Xavi,Unai Emery,José Luis Munuera Montero,4-3-3 Attacking,4-4-2 double 6,131.0,1050.0,311000000.0,28.23197063032792,181.54545454545453,561.0,145000000.0,29.997884388028126,182.9090909090909,162.0
1138,Sevilla,Athletic Club,21:00,13,9,3,1,5,0,13,12,3,3,0,0,D,H,1,0,2022-05-22,0.6022000000000001,0.487249,0.487249,-0.925141,12.096774193548388,3,2.1382,1.41239,1.41239,0.925141,16.636363636363637,6,3611515.0,4.0,8.0,Julen Lopetegui,Marcelino,Carlos del Cerro Grande,4-3-3 Attacking,4-4-2 double 6,368.0,621.0,222000000.0,29.161595420322318,180.36363636363637,476.0,145300000.0,28.632194636301413,181.8181818181818,123.0
1139,Real Sociedad,Atletico Madrid,21:00,12,6,3,5,3,2,16,11,4,2,0,0,D,A,1,2,2022-05-22,0.2408,0.586617,0.586617,-1.630753,12.1,4,2.6204,2.21737,2.21737,1.630753,5.375,4,3611514.0,6.0,3.0,Imanol Alguacil,Diego Simeone,Jesús Gil Manzano,4-3-1-2,3-5-2 flat,681.0,13.0,217000000.0,26.880965714641277,184.0909090909091,222.0,324000000.0,29.08045547881277,183.0,643.0
1140,Osasuna,Sevilla,20:00,12,10,5,3,5,2,16,9,5,3,0,0,D,H,2,1,2022-08-12,0.9576,0.965574,0.965574,0.353141,7.1,8,1.7187,1.35571,0.612433,-0.353141,15.772727272727272,4,3844093.0,5.0,14.0,Jagoba Arrasate,Julen Lopetegui,Carlos del Cerro Grande,4-2-3-1,4-2-3-1,331.0,368.0,75000000.0,27.6672266816004,181.0909090909091,18.0,124000000.0,30.964594611411858,180.45454545454547,450.0
1141,Barcelona,Rayo Vallecano,20:00,21,4,6,2,8,0,16,14,3,6,1,0,D,D,0,0,2022-08-13,0.8954,0.77153,0.77153,-0.5997599999999998,11.7,3,1.811,1.37129,1.37129,0.5997599999999998,4.424242424242424,11,3844089.0,10.0,12.0,Xavi,Andoni Iraola,Alejandro Hernández Hernández,4-3-3 Attacking,4-2-3-1,131.0,367.0,466000000.0,26.522307261526976,181.27272727272728,734.0,45500000.0,28.153568539605498,178.8181818181818,166.0
1142,Real Valladolid,Villarreal,18:00,12,10,6,4,4,5,6,10,1,0,0,0,D,A,0,3,2022-08-13,1.8016,1.39509,1.39509,0.5360149999999999,9.56,10,0.8992000000000001,0.859075,0.859075,-0.5360149999999999,8.423076923076923,2,3844096.0,20.0,3.0,Pacheta,Unai Emery,Mario Melero López,4-1-4-1,4-4-2 double 6,366.0,1050.0,29000000.0,28.691182875987806,178.8181818181818,92.0,209000000.0,28.513222574824216,184.45454545454547,193.0
1143,Celta Vigo,Espanyol,16:00,8,10,3,2,3,3,17,15,5,2,0,0,H,D,2,2,2022-08-13,2.1421,1.0334,0.290126,-0.0572369999999999,8.025641025641026,2,0.5542,0.347363,0.347363,0.0572369999999999,7.928571428571429,7,3844091.0,8.0,9.0,Eduardo Coudet,Diego Martínez,Miguel Ángel Ortiz Arias,4-4-2 Diamond,4-1-4-1,940.0,714.0,77500000.0,28.65733308443781,176.63636363636363,58.0,50800000.0,27.222450376454482,182.8181818181818,7.0
1144,Cadiz,Real Sociedad,16:30,7,15,2,7,3,6,9,20,4,2,0,0,A,A,0,1,2022-08-14,2.8248,2.64367,2.64367,2.3493120000000003,4.243243243243243,15,0.1079999999999999,0.294358,0.294358,-2.3493120000000003,12.105263157894736,1,3844092.0,16.0,6.0,Sergio,Imanol Alguacil,Isidro Díaz de Mera Escuderos,4-4-2 double 6,4-3-1-2,2687.0,681.0,29500000.0,29.897081699956445,179.8181818181818,94.0,265000000.0,26.575570904112997,182.8181818181818,208.0
1145,Valencia,Girona,18:30,17,5,2,1,4,4,18,14,2,3,1,0,H,H,1,0,2022-08-14,0.1281,0.132198,0.132198,-1.003302,9.473684210526317,1,2.7705,1.87878,1.1355,1.003302,9.26086956521739,5,3844097.0,7.0,17.0,Gennaro Gattuso,Míchel,Jorge Figueroa Vázquez,4-3-3 Attacking,3-4-3,1049.0,12321.0,165000000.0,23.26550930247029,182.0,160.0,31400000.0,26.374712214547944,180.36363636363637,28.0
1146,Almeria,Real Madrid,21:00,10,29,6,15,2,15,11,4,3,1,0,0,H,A,1,2,2022-08-14,2.6728,3.11412,3.11412,2.31339,19.9,17,0.2272,0.80073,0.80073,-2.31339,32.2,2,3844094.0,15.0,4.0,Rubi,Carlo Ancelotti,Juan Martínez Munuera,5-3-2,4-3-3 Attacking,3302.0,418.0,61000000.0,25.318897392819363,181.72727272727272,41.0,544000000.0,27.845435878290086,183.54545454545453,527.0
1147,Athletic Club,Mallorca,16:30,23,6,6,2,7,2,13,12,0,6,0,0,D,D,0,0,2022-08-15,0.4801,0.476414,0.476414,-1.1291760000000002,10.866666666666667,1,2.3017,1.60559,1.60559,1.1291760000000002,6.947368421052632,8,3844088.0,11.0,13.0,Ernesto Valverde,Javier Aguirre,Javier Iglesias Villanueva,4-2-3-1,5-4-1,621.0,237.0,139800000.0,27.55995270985004,182.72727272727272,99.0,44400000.0,28.486341858005105,183.27272727272728,175.0
1148,Getafe,Atletico Madrid,18:30,10,12,0,5,3,6,14,19,2,1,0,0,A,A,0,3,2022-08-15,1.6544,1.48417,1.48417,0.34372,8.76,2,1.0688,1.14045,1.14045,-0.34372,14.833333333333334,1,3844095.0,19.0,1.0,Quique Sánchez Flores,Diego Simeone,José María Sánchez Martínez,3-5-2,3-1-4-2,3709.0,13.0,101300000.0,27.44073175284674,185.0909090909091,269.0,314000000.0,28.446767469354736,181.9090909090909,680.0
1149,Real Betis,Elche,20:30,17,4,8,2,8,4,10,18,3,6,0,1,H,H,3,0,2022-08-15,0.0060999999999999,0.29379,0.29379,-3.70285,14.703703703703704,1,2.9887,3.99664,3.99664,3.70285,7.625,7,3844090.0,2.0,18.0,Manuel Pellegrini,Francisco Rodríguez,Guillermo Cuadra Fernández,4-2-3-1,3-4-3,150.0,1531.0,172000000.0,28.13091904673013,182.36363636363637,205.0,28600000.0,29.57202414286603,182.63636363636363,95.0
1150,Sevilla,Real Valladolid,21:00,18,6,2,3,12,2,20,10,3,2,1,1,D,D,1,1,2022-08-19,0.3814,0.557629,0.557629,-1.3935209999999998,11.952380952380953,1,2.4412000000000003,1.95115,1.95115,1.3935209999999998,4.96875,4,3844597.0,12.0,18.0,Julen Lopetegui,Pacheta,Juan Luis Pulido Santana,4-3-3 Attacking,4-1-4-1,368.0,366.0,132000000.0,28.801941385103603,182.1818181818182,245.0,23300000.0,29.388090349075977,179.8181818181818,46.0
1151,Espanyol,Rayo Vallecano,19:00,13,8,1,3,9,2,12,17,2,5,1,1,A,A,0,2,2022-08-19,2.0515,1.69789,1.69789,0.7938779999999999,19.692307692307693,3,0.706,0.904012,0.904012,-0.7938779999999999,16.125,4,3844596.0,15.0,6.0,Diego Martínez,Andoni Iraola,Jorge Figueroa Vázquez,4-3-3 Attacking,4-2-3-1,714.0,367.0,55500000.0,27.158733121772137,182.27272727272728,7.0,45500000.0,28.169995644328296,178.8181818181818,166.0
1152,Osasuna,Cadiz,16:30,16,9,3,2,2,2,11,13,2,5,0,1,H,H,2,0,2022-08-20,0.231,1.01741,1.01741,-0.4196600000000001,18.27272727272728,1,2.6559000000000004,2.92362,1.43707,0.4196600000000001,6.379310344827586,6,3844601.0,4.0,19.0,Jagoba Arrasate,Sergio,Mateu Lahoz,4-2-3-1,4-4-2 double 6,331.0,2687.0,78000000.0,28.206832182191523,182.0909090909091,53.0,30900000.0,28.276771825026444,179.8181818181818,70.0
1153,Mallorca,Real Betis,18:30,13,8,7,3,5,2,22,17,7,8,0,0,A,A,1,2,2022-08-20,1.9831,2.21648,0.730056,-0.737554,8.25,2,0.7758999999999999,1.46761,1.46761,0.737554,9.08,2,3844599.0,14.0,3.0,Javier Aguirre,Manuel Pellegrini,Pablo González Fuertes,5-4-1,4-2-3-1,237.0,150.0,45400000.0,28.50003111194076,183.27272727272728,175.0,172000000.0,28.144608300665798,182.36363636363637,205.0
1154,Celta Vigo,Real Madrid,21:00,15,16,2,7,2,2,12,8,2,2,0,0,A,A,1,4,2022-08-20,2.7467,3.59631,1.98821,1.411756,12.68,4,0.1709,1.31973,0.576454,-1.411756,12.48,9,3844595.0,16.0,2.0,Eduardo Coudet,Carlo Ancelotti,Jesús Gil Manzano,4-4-2 Diamond,4-3-3 Attacking,940.0,418.0,84000000.0,28.35243606496173,177.27272727272728,150.0,608000000.0,27.541783336444528,182.1818181818182,805.0
1155,Athletic Club,Valencia,16:30,12,10,2,0,6,3,11,15,5,2,0,0,H,H,1,0,2022-08-21,1.2332,0.676158,0.676158,-0.0854289999999999,6.04,3,1.3922,0.761587,0.761587,0.0854289999999999,15.833333333333334,10,3844593.0,7.0,10.0,Ernesto Valverde,Gennaro Gattuso,César Soto Grado,4-2-3-1,4-3-3 Attacking,621.0,1049.0,159800000.0,27.14180822599714,182.63636363636363,128.0,165000000.0,23.938522805052582,182.1818181818182,140.0
1156,Atletico Madrid,Villarreal,18:30,13,19,5,5,5,6,8,11,2,3,1,0,D,A,0,2,2022-08-21,1.6533,1.9825,1.9825,0.3973,16.555555555555557,6,1.0995,1.5852,1.5852,-0.3973,20.352941176470587,8,3844594.0,8.0,1.0,Diego Simeone,Unai Emery,De Burgos Bengoetxea,3-1-4-2,4-4-2 double 6,13.0,1050.0,304000000.0,28.573455292141123,181.63636363636363,739.0,221000000.0,28.08885570281874,184.45454545454547,251.0
1157,Real Sociedad,Barcelona,21:00,10,15,5,7,3,6,16,9,2,1,0,0,D,A,1,4,2022-08-21,2.2957,2.04035,2.04035,1.2412200000000002,8.384615384615385,9,0.5098,0.79913,0.79913,-1.2412200000000002,12.178571428571429,4,3844598.0,11.0,5.0,Imanol Alguacil,Xavi,José Luis Munuera Montero,4-3-1-2,4-3-3 Attacking,681.0,131.0,265000000.0,26.187791674444654,182.0909090909091,208.0,496000000.0,24.125443345155873,181.72727272727272,587.0
1158,Elche,Almeria,19:00,13,12,3,7,6,5,12,16,1,4,0,1,D,D,1,1,2022-08-22,1.4058,0.969747,0.969747,0.07074,6.212121212121212,6,1.2579,0.899007,0.899007,-0.07074,11.63157894736842,9,3844602.0,17.0,13.0,Francisco Rodríguez,Rubi,Isidro Díaz de Mera Escuderos,4-4-2 double 6,5-3-2,1531.0,3302.0,40000000.0,28.285732063966147,182.8181818181818,99.0,60500000.0,25.17155124136644,180.8181818181818,41.0
1159,Girona,Getafe,21:00,12,7,6,3,5,2,16,18,3,6,0,1,H,H,3,1,2022-08-22,0.6595,0.692785,0.692785,-0.8289249999999999,14.583333333333334,1,2.0728,1.52171,1.52171,0.8289249999999999,6.045454545454546,8,3844600.0,9.0,20.0,Míchel,Quique Sánchez Flores,Alejandro Muñiz Ruiz,5-3-2,5-3-2,12321.0,3709.0,48300000.0,26.88594362516334,181.36363636363637,118.0,104500000.0,27.459896708356666,185.0909090909091,269.0
1160,Real Betis,Osasuna,21:00,7,12,1,2,2,4,9,21,0,3,1,0,H,H,1,0,2022-08-26,1.7307,0.910349,0.910349,0.403203,7.757575757575758,5,0.906,0.507146,0.507146,-0.403203,9.882352941176473,3,3885843.0,2.0,7.0,Manuel Pellegrini,Jagoba Arrasate,Juan Martínez Munuera,4-2-3-1,4-2-3-1,150.0,331.0,179000000.0,28.16103540538859,182.36363636363637,205.0,80500000.0,27.904175222450377,181.1818181818182,19.0
1161,Girona,Celta Vigo,19:00,11,11,3,6,2,4,16,13,2,1,0,0,D,A,0,1,2022-08-26,1.3469,0.625546,0.625546,0.059318,12.23076923076923,3,1.2284000000000002,0.566228,0.566228,-0.059318,11.8,5,3885842.0,13.0,12.0,Míchel,Eduardo Coudet,Carlos del Cerro Grande,4-4-2 double 6,4-4-2 Diamond,12321.0,940.0,44500000.0,26.609669591189096,181.0909090909091,118.0,79500000.0,28.046543463381248,176.27272727272728,150.0
1162,Elche,Real Sociedad,16:30,12,9,5,5,4,6,13,18,3,3,0,0,A,A,0,1,2022-08-27,1.8303,1.81171,1.06843,-0.1666099999999999,4.891891891891892,8,0.8952,1.23504,1.23504,0.1666099999999999,15.72222222222222,4,3885844.0,17.0,8.0,Francisco Rodríguez,Imanol Alguacil,Javier Iglesias Villanueva,4-4-2 double 6,4-3-1-2,1531.0,681.0,40000000.0,28.299421317901814,182.8181818181818,99.0,226000000.0,25.596664799950222,180.63636363636363,159.0
1163,Rayo Vallecano,Mallorca,18:30,15,9,0,4,7,3,11,18,1,3,0,0,A,A,0,2,2022-08-27,1.3629,0.855715,0.855715,-0.0090789999999999,16.27777777777778,2,1.296,0.864794,0.864794,0.0090789999999999,5.714285714285714,6,3885845.0,11.0,9.0,Andoni Iraola,Javier Aguirre,José María Sánchez Martínez,4-2-3-1,3-5-2 Attacking,367.0,237.0,47800000.0,29.600398232841766,177.27272727272728,250.0,47500000.0,28.519196067450686,183.27272727272728,175.0
1164,Almeria,Sevilla,21:00,11,13,5,5,5,2,18,11,5,8,0,0,D,H,2,1,2022-08-27,0.8148,1.37889,1.37889,-0.77518,11.166666666666666,9,1.9479,2.15407,2.15407,0.77518,13.681818181818182,2,3885846.0,10.0,15.0,Rubi,Julen Lopetegui,Jesús Gil Manzano,5-3-2,4-2-3-1,3302.0,368.0,63000000.0,25.356480617260903,180.72727272727272,42.0,107000000.0,29.7310683840458,182.54545454545453,213.0
1165,Getafe,Villarreal,16:30,8,11,2,6,1,4,11,19,1,5,0,0,D,D,0,0,2022-08-28,2.1648,1.13195,1.13195,0.857993,6.5,6,0.5319,0.273957,0.273957,-0.857993,13.85,0,3885847.0,18.0,4.0,Quique Sánchez Flores,Unai Emery,Jorge Figueroa Vázquez,4-4-2 double 6,4-4-2 double 6,3709.0,1050.0,101500000.0,26.565863978594983,181.9090909090909,175.0,215000000.0,29.372658826457595,183.8181818181818,220.0
1166,Barcelona,Real Valladolid,18:30,24,8,9,3,14,4,9,8,0,3,0,0,H,H,4,0,2022-08-28,0.1435,0.720063,0.720063,-2.566677,22.692307692307693,2,2.7808,3.28674,3.28674,2.566677,7.583333333333333,21,3885848.0,3.0,19.0,Xavi,Pacheta,De Burgos Bengoetxea,4-3-3 Attacking,4-1-4-1,131.0,366.0,486000000.0,25.002800074668656,181.27272727272728,614.0,21600000.0,28.1366436438305,178.8181818181818,7.0
1167,Espanyol,Real Madrid,21:00,15,19,4,6,7,7,15,12,0,0,1,0,D,A,1,3,2022-08-28,1.6438,2.04602,2.04602,0.4124299999999998,10.214285714285714,10,1.1110000000000002,1.63359,1.63359,-0.4124299999999998,25.07692307692308,11,3885849.0,16.0,1.0,Diego Martínez,Carlo Ancelotti,Mario Melero López,4-2-3-1,4-3-3 Attacking,714.0,418.0,56000000.0,27.130359031796402,182.54545454545453,8.0,569000000.0,28.98587517889366,183.1818181818182,805.0
1168,Cadiz,Athletic Club,19:00,9,20,3,8,0,6,18,4,2,1,0,0,A,A,0,4,2022-08-29,2.9371,3.18677,2.44349,2.204187,12.666666666666666,8,0.0376,0.239303,0.239303,-2.204187,15.4,2,3885850.0,20.0,5.0,Sergio,Ernesto Valverde,Miguel Ángel Ortiz Arias,4-4-2 double 6,4-2-3-1,2687.0,621.0,33300000.0,29.80449256424616,180.1818181818182,89.0,160800000.0,26.870263207018855,182.54545454545453,128.0
1169,Valencia,Atletico Madrid,21:00,12,13,2,7,6,2,15,17,4,3,0,0,D,A,0,1,2022-08-29,2.3502,1.97507,1.97507,1.32111,19.294117647058822,4,0.4670999999999999,0.65396,0.65396,-1.32111,8.055555555555555,6,3885851.0,14.0,6.0,Gennaro Gattuso,Diego Simeone,Guillermo Cuadra Fernández,4-2-3-1,3-5-2 flat,1049.0,13.0,156500000.0,24.04928131416838,181.72727272727272,156.0,325000000.0,28.71905917491133,183.72727272727272,722.0
1170,Celta Vigo,Cadiz,20:00,9,7,5,0,2,2,13,23,1,2,0,0,D,H,3,0,2022-09-02,0.289,0.234828,0.234828,-1.275032,8.35897435897436,2,2.5321,1.50986,1.50986,1.275032,12.733333333333333,5,3885853.0,8.0,20.0,Eduardo Coudet,Sergio,Juan Luis Pulido Santana,4-4-2 Diamond,4-1-4-1,940.0,2687.0,79500000.0,28.065708418891173,176.27272727272728,150.0,37700000.0,27.05245473212619,178.54545454545453,71.0
1171,Mallorca,Girona,13:00,10,10,4,4,6,3,23,9,4,2,0,0,D,D,1,1,2022-09-03,1.5531,1.09499,0.351841,-0.5439940000000001,11.555555555555555,4,1.0968,0.895835,0.895835,0.5439940000000001,7.7,6,3885854.0,11.0,12.0,Javier Aguirre,Míchel,Isidro Díaz de Mera Escuderos,5-3-2,5-4-1,237.0,12321.0,48400000.0,27.96664799950221,182.63636363636363,175.0,46800000.0,26.021031671955697,182.63636363636363,49.0
1172,Real Madrid,Real Betis,15:15,22,8,4,4,9,2,8,12,0,1,0,0,D,H,2,1,2022-09-03,0.0582,0.333406,0.333406,-2.872524,14.11111111111111,4,2.9052,3.20593,3.20593,2.872524,10.266666666666667,17,3885855.0,1.0,4.0,Carlo Ancelotti,Manuel Pellegrini,José María Sánchez Martínez,4-3-3 Attacking,4-2-3-1,418.0,150.0,598000000.0,27.355609482919544,181.45454545454547,769.0,189500000.0,29.281314168377822,180.0909090909091,290.0
1173,Real Sociedad,Atletico Madrid,17:30,12,15,5,7,7,7,18,13,5,4,0,0,A,D,1,1,2022-09-03,1.7256,2.24791,2.24791,0.49637,13.38888888888889,6,1.0323,1.75154,1.75154,-0.49637,6.793103448275862,8,3885856.0,9.0,7.0,Imanol Alguacil,Diego Simeone,César Soto Grado,4-3-1-2,3-5-2 flat,681.0,13.0,227000000.0,26.115611971874806,182.63636363636363,181.0,335000000.0,28.682720428100307,183.0909090909091,779.0
1174,Sevilla,Barcelona,20:00,9,18,4,7,4,4,15,14,2,4,0,0,A,A,0,3,2022-09-03,2.9625,4.67838,4.67838,3.849223,8.782608695652174,8,0.0228,0.829157,0.829157,-3.849223,7.645161290322581,8,3885857.0,17.0,2.0,Julen Lopetegui,Xavi,Mateu Lahoz,4-3-3 Attacking,4-3-3 Attacking,368.0,131.0,123000000.0,29.35025822910833,183.63636363636363,532.0,486000000.0,25.01922717939145,181.27272727272728,614.0
1175,Valencia,Getafe,20:00,24,7,9,4,9,1,11,21,3,6,1,1,H,H,5,1,2022-09-04,0.1548,0.572495,0.572495,-2.355075,13.818181818181818,3,2.7627,2.92757,2.92757,2.355075,8.133333333333333,10,3885861.0,10.0,19.0,Gennaro Gattuso,Quique Sánchez Flores,José Luis Munuera Montero,4-3-3 Attacking,4-4-2,1049.0,3709.0,130500000.0,23.61097629270114,182.45454545454547,152.0,100000000.0,27.132847987057435,182.0,175.0
1176,Villarreal,Elche,17:30,18,7,10,0,6,4,10,9,1,3,0,0,H,H,4,0,2022-09-04,0.019,0.21919,0.21919,-3.36371,11.8,2,2.968,3.5829,3.5829,3.36371,9.208333333333334,8,3885860.0,3.0,18.0,Unai Emery,Francisco Rodríguez,Miguel Ángel Ortiz Arias,4-4-2,4-4-2 double 6,1050.0,1531.0,198500000.0,28.758384668035593,183.27272727272728,229.0,40200000.0,28.092589135710284,181.72727272727272,60.0
1177,Osasuna,Rayo Vallecano,13:00,13,5,6,3,4,0,14,16,2,2,0,0,D,H,2,1,2022-09-04,0.0321,0.179917,0.179917,-2.995183,7.15,3,2.9433,3.1751,3.1751,2.995183,8.68,7,3885858.0,5.0,14.0,Jagoba Arrasate,Andoni Iraola,Alejandro Muñiz Ruiz,4-2-3-1,4-2-3-1,331.0,367.0,84000000.0,27.927820297430152,183.0,55.0,49300000.0,28.662808786012075,179.54545454545453,164.0
1178,Athletic Club,Espanyol,15:15,17,9,2,2,4,2,12,12,3,2,0,0,D,A,0,1,2022-09-04,1.2243,1.11365,1.11365,-0.1329599999999999,15.22222222222222,5,1.4682,1.24661,1.24661,0.1329599999999999,6.722222222222222,11,3885859.0,6.0,15.0,Ernesto Valverde,Diego Martínez,Juan Martínez Munuera,4-2-3-1,4-2-3-1,621.0,714.0,160800000.0,26.886690311741646,182.54545454545453,128.0,61500000.0,27.39543276709601,181.72727272727272,78.0
1179,Real Valladolid,Almeria,20:00,14,12,6,1,2,8,11,20,1,6,0,0,D,H,1,0,2022-09-05,0.3217,0.505353,0.505353,-1.619577,6.888888888888889,3,2.527,2.12493,2.12493,1.619577,6.0,5,3885862.0,16.0,13.0,Pacheta,Rubi,Pablo González Fuertes,4-1-4-1,4-2-3-1,366.0,3302.0,25600000.0,29.405015244850976,180.0909090909091,5.0,40700000.0,27.081326613154125,180.45454545454547,32.0
1180,Girona,Real Valladolid,20:00,14,14,5,4,3,12,11,15,0,2,0,0,D,H,2,1,2022-09-09,0.1838,0.510622,0.510622,-2.081898,5.636363636363637,8,2.7257,2.59252,2.59252,2.081898,9.12,10,3886294.0,8.0,17.0,Míchel,Pacheta,César Soto Grado,5-4-1,4-1-4-1,12321.0,366.0,46300000.0,26.05985937402775,183.27272727272728,49.0,31000000.0,27.572148590629084,179.9090909090909,62.0
1181,Rayo Vallecano,Valencia,13:00,14,17,6,4,7,7,22,11,5,2,0,0,H,H,2,1,2022-09-10,1.4792,2.18195,2.18195,0.1703700000000001,8.071428571428571,4,1.2635,2.01158,2.01158,-0.1703700000000001,4.971428571428572,4,3886295.0,9.0,12.0,Andoni Iraola,Gennaro Gattuso,Jesús Gil Manzano,4-2-3-1,4-2-3-1,367.0,1049.0,52000000.0,28.106278389645947,179.63636363636363,135.0,169000000.0,24.2302283616452,182.0,150.0
1182,Espanyol,Sevilla,15:15,19,11,5,7,9,3,11,14,3,5,0,1,A,A,2,3,2022-09-10,1.2948,2.32043,2.32043,0.6931499999999999,10.85,2,1.4331,2.37055,1.62728,-0.6931499999999999,6.043478260869565,7,3886296.0,16.0,15.0,Diego Martínez,Julen Lopetegui,Guillermo Cuadra Fernández,4-3-3 Attacking,4-2-3-1,714.0,368.0,61500000.0,27.726712712338998,181.8181818181818,78.0,114000000.0,28.312861676311368,183.36363636363637,416.0
1183,Cadiz,Barcelona,17:30,6,16,0,8,5,6,12,13,1,2,0,0,D,A,0,4,2022-09-10,2.868,2.66856,2.66856,2.42038,5.823529411764706,9,0.0786,0.24818,0.24818,-2.42038,11.88,1,3886297.0,20.0,2.0,Sergio,Xavi,Carlos del Cerro Grande,4-2-3-1,4-3-3 Attacking,2687.0,131.0,33100000.0,28.957252193391824,180.45454545454547,0.0,356000000.0,26.388650364009706,182.45454545454547,517.0
1184,Atletico Madrid,Celta Vigo,20:00,10,14,4,3,4,7,11,6,2,3,0,0,H,H,4,1,2022-09-10,1.7012999999999998,1.30565,1.30565,0.38224,11.875,10,1.0113,0.92341,0.92341,-0.38224,17.55,6,3886301.0,7.0,10.0,Diego Simeone,Eduardo Coudet,Alejandro Hernández Hernández,3-5-2 flat,4-4-2 double 6,13.0,940.0,254500000.0,28.33600896023894,181.8181818181818,575.0,80500000.0,27.94126065583971,178.0,174.0
1185,Real Madrid,Mallorca,13:00,22,5,7,2,4,3,7,15,3,5,0,0,D,H,4,1,2022-09-11,0.5399,0.950984,0.950984,-1.2669259999999998,16.25,1,2.2598,2.21791,2.21791,1.2669259999999998,10.647058823529411,16,3886298.0,1.0,13.0,Carlo Ancelotti,Javier Aguirre,Jorge Figueroa Vázquez,4-3-3 Attacking,5-3-2,418.0,237.0,510500000.0,27.905917491133096,181.0909090909091,490.0,48900000.0,28.919917864476385,182.0,211.0
1186,Elche,Athletic Club,15:15,9,16,2,8,5,5,15,9,3,0,0,0,A,A,1,4,2022-09-11,2.8129,3.2386,2.49532,1.747237,12.411764705882351,9,0.1248999999999999,0.748083,0.748083,-1.747237,9.25,6,3886299.0,19.0,6.0,Francisco Rodríguez,Ernesto Valverde,Mario Melero López,4-2-3-1,4-2-3-1,1531.0,621.0,43800000.0,27.341920228983884,180.9090909090909,51.0,162800000.0,27.50270673884637,181.54545454545453,149.0
1187,Getafe,Real Sociedad,17:30,8,13,3,6,3,7,9,16,4,1,0,0,H,H,2,1,2022-09-11,1.5013,1.32142,1.32142,0.995624,7.928571428571429,4,1.1722,1.06907,0.325796,-0.995624,13.318181818181818,1,3921205.0,18.0,11.0,Quique Sánchez Flores,Imanol Alguacil,Juan Luis Pulido Santana,3-5-2,4-3-1-2,3709.0,681.0,85000000.0,27.353120527658515,185.54545454545453,167.0,177500000.0,24.272789496608798,183.54545454545453,248.0
1188,Real Betis,Villarreal,20:00,16,14,5,3,9,8,11,14,1,1,0,0,D,H,1,0,2022-09-11,1.9616,2.44235,2.44235,0.8272999999999997,7.76,12,0.8246,1.61505,1.61505,-0.8272999999999997,8.608695652173912,5,3886302.0,3.0,5.0,Manuel Pellegrini,Unai Emery,De Burgos Bengoetxea,4-2-3-1,4-4-2 double 6,150.0,1050.0,168000000.0,28.011200298674627,182.72727272727272,236.0,198500000.0,28.777549623545518,183.27272727272728,229.0
1189,Almeria,Osasuna,20:00,7,15,2,4,5,10,4,9,0,2,0,0,A,A,0,1,2022-09-12,2.7751,2.14,2.14,1.973495,25.142857142857142,6,0.13,0.166505,0.166505,-1.973495,12.75,5,3886303.0,14.0,4.0,Rubi,Jagoba Arrasate,Javier Iglesias Villanueva,4-2-3-1,4-2-3-1,3302.0,331.0,42000000.0,27.133843569161844,179.72727272727272,32.0,77000000.0,29.278825213116793,182.1818181818182,48.0
1190,Real Valladolid,Cadiz,20:00,18,7,6,1,8,2,12,19,1,4,0,0,D,A,0,1,2022-09-16,0.3973,0.523314,0.523314,-1.464976,11.409090909090908,6,2.4169,1.98829,1.98829,1.464976,6.56,3,3858324.0,18.0,19.0,Pacheta,Sergio,José María Sánchez Martínez,4-1-4-1,4-2-3-1,366.0,2687.0,35000000.0,26.64252380063468,180.36363636363637,97.0,34700000.0,28.74494430962603,179.36363636363637,6.0
1191,Barcelona,Elche,15:15,25,1,9,1,6,0,11,9,2,2,0,1,H,H,3,0,2022-09-17,0.0008,0.0129931,0.0129931,-5.1660369,30.25,1,2.9984,5.17903,5.17903,5.1660369,3.774193548387097,18,3858321.0,2.0,20.0,Xavi,Francisco Rodríguez,Alejandro Muñiz Ruiz,4-3-3 Attacking,5-4-1,131.0,1531.0,471000000.0,25.20664551054695,181.63636363636363,677.0,30800000.0,28.849729326115366,182.36363636363637,6.0
1192,Valencia,Celta Vigo,17:30,14,6,7,2,5,4,18,23,3,2,0,1,H,H,3,0,2022-09-17,0.4128,0.587167,0.587167,-1.324363,7.764705882352941,4,2.4015000000000004,1.91153,1.91153,1.324363,4.909090909090909,4,3858323.0,9.0,13.0,Gennaro Gattuso,Eduardo Coudet,Pablo González Fuertes,4-3-3 Attacking,4-4-2 Diamond,1049.0,940.0,140000000.0,24.885819177400286,182.0,287.0,86500000.0,27.92757140190405,178.0909090909091,174.0
1193,Mallorca,Almeria,13:00,5,9,2,3,5,2,15,14,3,6,0,0,H,H,1,0,2022-09-17,0.6126,0.297582,0.297582,-0.671133,9.92,2,2.0475000000000003,0.968715,0.968715,0.671133,14.571428571428571,4,3858327.0,10.0,16.0,Javier Aguirre,Rubi,Juan Martínez Munuera,5-3-2,5-3-2,237.0,3302.0,48600000.0,27.581606620620995,182.27272727272728,175.0,56000000.0,24.52193391823782,180.27272727272728,61.0
1194,Athletic Club,Rayo Vallecano,20:00,14,11,7,2,2,7,13,13,1,2,0,0,H,H,3,2,2022-09-17,0.3774,0.62187,0.62187,-1.55118,6.88,6,2.4606,2.17305,2.17305,1.55118,13.047619047619047,4,3858319.0,4.0,12.0,Ernesto Valverde,Andoni Iraola,Mateu Lahoz,4-2-3-1,4-2-3-1,621.0,367.0,162800000.0,27.9230912824342,181.36363636363637,139.0,52000000.0,28.125443345155873,179.63636363636363,135.0
1195,Atletico Madrid,Real Madrid,20:00,12,6,5,3,8,1,15,16,4,2,1,0,A,A,1,2,2022-09-18,1.3319,1.09277,1.09277,-0.0115399999999998,16.863636363636363,2,1.3244000000000002,1.10431,1.10431,0.0115399999999998,13.535714285714286,7,3858320.0,7.0,1.0,Diego Simeone,Carlo Ancelotti,José Luis Munuera Montero,3-5-2 flat,4-3-3 Attacking,13.0,418.0,293000000.0,29.545392321573022,182.72727272727272,732.0,613000000.0,27.60201605376143,181.27272727272728,716.0
1196,Real Sociedad,Espanyol,17:30,14,14,6,4,4,2,18,8,3,0,0,0,H,H,2,1,2022-09-18,0.6383,1.28945,1.28945,-1.06846,14.238095238095235,1,2.156,2.35791,2.35791,1.06846,6.181818181818182,11,3858325.0,8.0,17.0,Imanol Alguacil,Diego Martínez,Carlos del Cerro Grande,4-3-1-2,5-3-2,681.0,714.0,191000000.0,26.290585526725156,181.45454545454547,207.0,54000000.0,27.50444900752909,183.1818181818182,77.0
1197,Villarreal,Sevilla,15:15,17,12,7,1,6,4,15,12,1,5,0,0,A,D,1,1,2022-09-18,0.2375,0.436539,0.436539,-1.667041,6.62962962962963,6,2.6351,2.10358,2.10358,1.667041,11.416666666666666,9,3858326.0,6.0,15.0,Unai Emery,Julen Lopetegui,Alejandro Hernández Hernández,4-2-3-1,4-2-3-1,1050.0,368.0,150500000.0,29.189222823719742,183.0,255.0,95000000.0,28.901748491070872,182.36363636363637,356.0
1198,Real Betis,Girona,17:30,9,8,3,3,2,4,9,8,0,3,0,0,D,H,2,1,2022-09-18,1.1957,1.34699,1.34699,0.5987399999999999,13.0,5,1.4876,1.49153,0.74825,-0.5987399999999999,14.083333333333334,2,3858322.0,3.0,11.0,Manuel Pellegrini,Míchel,Miguel Ángel Ortiz Arias,4-2-3-1,5-4-1,150.0,12321.0,165500000.0,28.202352062721673,182.9090909090909,204.0,46300000.0,26.08450003111194,183.27272727272728,49.0
1199,Osasuna,Getafe,13:00,12,10,4,4,8,1,15,15,7,3,1,1,A,A,0,2,2022-09-18,1.6372,1.43239,1.43239,0.3000899999999999,17.066666666666666,3,1.0459,1.1323,1.1323,-0.3000899999999999,11.6,7,3858328.0,5.0,14.0,Jagoba Arrasate,Quique Sánchez Flores,Isidro Díaz de Mera Escuderos,4-2-3-1,5-3-2,331.0,3709.0,77000000.0,29.295252317839587,182.1818181818182,48.0,99000000.0,27.32026631821293,184.54545454545453,179.0
1200,Athletic Club,Almeria,20:00,17,8,4,2,11,2,17,8,1,3,0,0,H,H,4,0,2022-09-30,0.1314,0.42606,0.42606,-1.38598,23.2,3,2.7903,2.55531,1.81204,1.38598,7.2592592592592595,9,3886293.0,3.0,18.0,Ernesto Valverde,Rubi,Juan Luis Pulido Santana,4-2-3-1,5-3-2,621.0,3302.0,162800000.0,27.958683342666916,181.36363636363637,139.0,52500000.0,25.216352436064962,179.9090909090909,36.0
1201,Cadiz,Villarreal,13:00,10,14,2,6,6,5,13,8,2,3,1,0,D,D,0,0,2022-10-01,1.6605,1.43089,1.43089,0.3701799999999999,13.076923076923077,5,1.0551,1.06071,1.06071,-0.3701799999999999,8.7,0,3886285.0,19.0,8.0,Sergio,Unai Emery,Javier Iglesias Villanueva,4-4-2,4-2-3-1,2687.0,1050.0,34900000.0,29.523489515275966,179.9090909090909,43.0,140500000.0,29.028187418331154,183.1818181818182,212.0
1202,Getafe,Real Valladolid,15:15,14,14,6,7,4,2,23,13,2,4,0,0,D,A,2,3,2022-10-01,0.5188999999999999,1.32186,0.578583,-1.184017,9.941176470588236,9,2.2769,2.50588,1.7626,1.184017,9.071428571428571,5,3886284.0,14.0,15.0,Quique Sánchez Flores,Pacheta,Alejandro Muñiz Ruiz,5-3-2,4-1-4-1,3709.0,366.0,93500000.0,26.809034907597535,183.45454545454547,173.0,27300000.0,28.123203285420946,180.1818181818182,58.0
1203,Sevilla,Atletico Madrid,17:30,14,20,3,6,5,7,9,12,3,2,0,0,A,A,0,2,2022-10-01,2.5772,2.12095,2.12095,1.758146,28.25,14,0.281,0.362804,0.362804,-1.758146,7.25,6,3886288.0,17.0,5.0,Julen Lopetegui,Diego Simeone,De Burgos Bengoetxea,4-2-3-1,4-1-4-1,368.0,13.0,87000000.0,26.963599029307446,185.0,399.0,272000000.0,28.690685084935602,183.36363636363637,721.0
1204,Mallorca,Barcelona,20:00,13,11,3,3,5,5,9,13,2,4,0,0,A,A,0,1,2022-10-01,1.0383,0.636371,0.636371,-0.2887349999999999,6.52,8,1.6089,0.925106,0.925106,0.2887349999999999,39.90909090909091,6,3886289.0,12.0,1.0,Javier Aguirre,Xavi,Jesús Gil Manzano,5-4-1,4-3-3 Attacking,237.0,131.0,50700000.0,27.16171986808537,181.9090909090909,175.0,331000000.0,27.50868023147284,182.0,727.0
1205,Espanyol,Valencia,13:00,10,12,5,5,6,4,16,15,2,1,1,1,D,D,2,2,2022-10-02,1.8779,1.35604,1.35604,0.617941,5.476190476190476,3,0.8432,0.738099,0.738099,-0.617941,12.5,3,3886286.0,16.0,9.0,Diego Martínez,Gennaro Gattuso,Valentin Pizarro Gomez,4-2-3-1,4-3-3 Attacking,714.0,1049.0,60500000.0,28.02464065708419,182.63636363636363,77.0,143000000.0,25.580735486279636,182.1818181818182,267.0
1206,Celta Vigo,Real Betis,15:15,11,9,4,4,5,3,26,3,4,3,0,1,H,H,1,0,2022-10-02,1.5229,1.10607,1.10607,0.2130830000000001,13.333333333333334,2,1.147,0.892987,0.892987,-0.2130830000000001,6.5,1,3886290.0,11.0,4.0,Eduardo Coudet,Manuel Pellegrini,César Soto Grado,4-4-2 Diamond,4-2-3-1,940.0,150.0,77000000.0,26.60643394934976,178.9090909090909,79.0,144500000.0,27.381245722108144,183.0,136.0
1207,Girona,Real Sociedad,17:30,16,11,8,5,2,2,9,19,3,1,0,0,D,A,3,5,2022-10-02,2.3178,2.23639,2.23639,1.303811,6.071428571428571,9,0.5049,0.932579,0.932579,-1.303811,14.157894736842104,12,3886287.0,13.0,7.0,Míchel,Imanol Alguacil,Mario Melero López,5-4-1,4-4-2 Diamond,12321.0,681.0,45300000.0,26.570841889117045,181.63636363636363,39.0,191000000.0,26.32891543774501,181.45454545454547,207.0
1208,Real Madrid,Osasuna,20:00,22,8,4,2,10,2,9,13,1,2,0,1,H,D,1,1,2022-10-02,0.1896,0.466155,0.466155,-1.3535750000000002,24.846153846153847,5,2.7138,2.56301,1.81973,1.3535750000000002,8.857142857142858,6,3886292.0,2.0,6.0,Carlo Ancelotti,Jagoba Arrasate,Guillermo Cuadra Fernández,4-3-3 Attacking,4-3-3 Attacking,418.0,331.0,491000000.0,27.44073175284674,181.72727272727272,510.0,76800000.0,28.33028436313857,183.1818181818182,47.0
1209,Rayo Vallecano,Elche,20:00,15,5,6,2,13,3,5,19,1,8,0,0,D,H,2,1,2022-10-03,1.6442,0.924633,0.924633,0.273395,14.055555555555555,2,1.0091,0.651238,0.651238,-0.273395,3.727272727272727,8,3886291.0,10.0,20.0,Andoni Iraola,Francisco Rodríguez,Jorge Figueroa Vázquez,4-2-3-1,5-3-2,367.0,1531.0,52000000.0,28.169248957749986,179.63636363636363,135.0,39500000.0,28.34223134839151,181.9090909090909,8.0
1210,Osasuna,Valencia,20:00,11,15,2,7,7,5,11,19,3,6,2,1,A,A,1,2,2022-10-07,1.935,2.73352,1.99024,0.7706999999999999,7.476190476190476,4,0.8409,1.96282,1.21954,-0.7706999999999999,16.166666666666668,4,3886309.0,8.0,7.0,Jagoba Arrasate,Gennaro Gattuso,Miguel Ángel Ortiz Arias,4-2-3-1,4-2-3-1,331.0,1049.0,58800000.0,27.89919731192832,183.27272727272728,54.0,148000000.0,24.550308008213552,181.0909090909091,298.0
1211,Sevilla,Athletic Club,17:30,10,21,3,4,5,7,19,14,4,0,0,1,H,D,1,1,2022-10-08,1.7516999999999998,1.91863,1.91863,0.5626500000000001,7.16,6,0.9981,1.35598,1.35598,-0.5626500000000001,12.705882352941176,8,3886312.0,18.0,3.0,Jorge Sampaoli,Ernesto Valverde,Jesús Gil Manzano,4-2-3-1,4-2-3-1,368.0,621.0,108000000.0,28.194138510360276,181.63636363636363,266.0,162800000.0,27.980586148963972,181.36363636363637,139.0
1212,Getafe,Real Madrid,20:00,9,19,2,4,4,4,10,5,0,0,0,0,A,A,0,1,2022-10-08,2.379,1.48053,1.48053,1.218247,17.583333333333332,7,0.396,0.262283,0.262283,-1.218247,33.76923076923077,3,3886307.0,16.0,2.0,Quique Sánchez Flores,Carlo Ancelotti,Mateu Lahoz,5-3-2,4-3-3 Attacking,3709.0,418.0,81000000.0,28.202849853773877,183.72727272727272,197.0,587000000.0,26.080517702694294,181.27272727272728,726.0
1213,Almeria,Rayo Vallecano,13:00,10,12,4,4,7,6,22,12,4,2,1,0,H,H,3,1,2022-10-08,1.1747999999999998,0.893142,0.893142,-0.163698,4.76,9,1.5081,1.05684,1.05684,0.163698,9.148148148148149,5,3886311.0,15.0,10.0,Rubi,Andoni Iraola,Pablo González Fuertes,4-2-3-1,4-2-3-1,3302.0,367.0,41000000.0,27.57762429220335,181.54545454545453,53.0,44300000.0,29.554352560512722,179.8181818181818,78.0
1214,Atletico Madrid,Girona,15:15,13,11,7,4,8,3,12,13,3,1,0,0,H,H,2,1,2022-10-08,0.3822,0.721587,0.721587,-1.476423,10.9375,1,2.4477,2.19801,2.19801,1.476423,15.88,9,3886304.0,4.0,14.0,Diego Simeone,Míchel,Juan Martínez Munuera,4-1-4-1,5-4-1,13.0,12321.0,282000000.0,28.9555099247091,180.72727272727272,835.0,52300000.0,25.868956505506812,182.0909090909091,81.0
1215,Real Valladolid,Real Betis,13:00,12,4,3,1,3,1,12,16,1,1,0,1,D,D,0,0,2022-10-09,1.1838,0.545154,0.545154,-0.11729,12.391304347826088,6,1.395,0.662444,0.662444,0.11729,9.764705882352942,7,3886313.0,13.0,5.0,Pacheta,Manuel Pellegrini,Carlos del Cerro Grande,4-1-4-1,4-2-3-1,366.0,150.0,23100000.0,28.882085744508743,179.36363636363637,9.0,149000000.0,29.001057805985933,182.63636363636363,203.0
1216,Cadiz,Espanyol,15:15,8,9,3,6,8,3,13,12,4,4,0,0,H,D,2,2,2022-10-09,1.4489999999999998,1.47057,1.47057,0.13246,7.375,3,1.26,1.33811,1.33811,-0.13246,11.117647058823527,5,3886308.0,19.0,17.0,Sergio,Diego Martínez,Alejandro Hernández Hernández,4-4-2,4-2-3-1,2687.0,714.0,35900000.0,29.620807665982202,180.27272727272728,43.0,57300000.0,28.577686516084874,182.36363636363637,6.0
1217,Real Sociedad,Villarreal,17:30,17,5,5,1,9,3,21,18,5,3,0,0,H,H,1,0,2022-10-09,0.0939,0.221593,0.221593,-2.149787,10.96,4,2.8398,2.37138,2.37138,2.149787,6.714285714285714,3,3886310.0,6.0,9.0,Imanol Alguacil,Unai Emery,César Soto Grado,4-3-1-2,4-2-3-1,681.0,1050.0,182500000.0,26.089477941634,181.8181818181818,208.0,193500000.0,29.33482670648995,182.1818181818182,193.0
1218,Barcelona,Celta Vigo,20:00,13,14,5,3,6,3,16,9,2,4,0,0,H,H,1,0,2022-10-09,0.8665,1.35022,1.35022,-0.6343700000000001,14.047619047619047,7,1.8856,1.98459,1.98459,0.6343700000000001,8.62962962962963,1,3886305.0,1.0,11.0,Xavi,Eduardo Coudet,José Luis Munuera Montero,4-3-3 Attacking,4-4-2 Diamond,131.0,940.0,355000000.0,27.752100056001495,181.45454545454547,621.0,80500000.0,27.366809781594178,178.0909090909091,101.0
1219,Elche,Mallorca,20:00,7,11,2,4,5,7,12,17,4,5,1,1,H,D,1,1,2022-10-10,2.8732,2.69714,1.21058,0.875724,7.037037037037037,6,0.0778,0.334856,0.334856,-0.875724,18.571428571428573,3,3886306.0,20.0,12.0,Alberto Gallego,Javier Aguirre,Valentin Pizarro Gomez,3-5-2 flat,3-4-2-1,1531.0,237.0,27400000.0,30.0382054632568,181.27272727272728,25.0,50700000.0,26.391388214796837,182.63636363636363,175.0
1220,Rayo Vallecano,Getafe,20:00,16,6,3,3,4,1,13,17,2,3,0,0,D,D,0,0,2022-10-14,0.5563,0.395734,0.395734,0.0195479999999999,25.416666666666668,2,2.1427,1.11946,0.376186,-0.0195479999999999,7.6521739130434785,6,3886325.0,10.0,16.0,Andoni Iraola,Quique Sánchez Flores,Mario Melero López,4-2-3-1,5-3-2,367.0,3709.0,52000000.0,28.199365316408436,179.63636363636363,135.0,92500000.0,28.619749859996265,183.8181818181818,257.0
1221,Athletic Club,Atletico Madrid,20:00,13,3,3,1,6,1,14,17,0,6,0,0,D,A,0,1,2022-10-15,0.5924,0.463248,0.463248,-0.869382,11.6,5,2.1209,1.33263,1.33263,0.869382,7.137931034482759,9,3886319.0,6.0,3.0,Ernesto Valverde,Diego Simeone,Jorge Figueroa Vázquez,4-2-3-1,4-4-2 double 6,621.0,13.0,165800000.0,27.738410802065832,182.36363636363637,139.0,302000000.0,29.0747308817124,181.36363636363637,792.0
1222,Mallorca,Sevilla,17:30,9,4,5,1,1,3,17,15,2,3,0,0,D,A,0,1,2022-10-15,0.289,0.176713,0.176713,-1.233717,11.1,4,2.5045,1.41043,1.41043,1.233717,19.785714285714285,4,3886321.0,12.0,14.0,Javier Aguirre,Jorge Sampaoli,Javier Iglesias Villanueva,5-4-1,3-4-2-1,237.0,368.0,42900000.0,26.530271918362267,181.45454545454547,107.0,105000000.0,29.572521933918235,182.0909090909091,467.0
1223,Girona,Cadiz,13:00,23,9,6,2,6,2,16,9,5,4,0,0,D,D,1,1,2022-10-15,0.6757,1.3467,1.3467,-0.27047,25.22222222222222,4,2.1067,2.36044,1.61717,0.27047,5.4,5,3886326.0,15.0,19.0,Míchel,Sergio,De Burgos Bengoetxea,3-4-2-1,4-4-2,12321.0,2687.0,52300000.0,25.888121461016738,182.0909090909091,81.0,33900000.0,29.843320266318212,180.63636363636363,6.0
1224,Valencia,Elche,15:15,20,8,8,6,6,1,14,19,3,6,0,0,H,D,2,2,2022-10-15,0.3656,1.30317,0.559892,-1.7381479999999998,11.705882352941176,3,2.4875000000000003,3.04132,2.29804,1.7381479999999998,6.892857142857143,14,3886324.0,8.0,20.0,Gennaro Gattuso,Jorge Almirón,Juan Luis Pulido Santana,4-3-3 Attacking,5-4-1,1049.0,1531.0,152000000.0,24.96123452180947,180.72727272727272,310.0,28200000.0,29.18200485346276,181.0,53.0
1225,Celta Vigo,Real Sociedad,13:00,10,8,3,6,1,6,14,17,5,7,1,0,D,A,1,2,2022-10-16,2.0173,1.17936,1.17936,0.6968239999999999,8.392857142857142,4,0.6769000000000001,0.482536,0.482536,-0.6968239999999999,7.1,2,3886320.0,11.0,5.0,Eduardo Coudet,Imanol Alguacil,Guillermo Cuadra Fernández,4-4-2 Diamond,4-4-2 double 6,940.0,681.0,87500000.0,27.385974737104103,178.0909090909091,101.0,189000000.0,27.043992284238694,180.9090909090909,180.0
1226,Real Madrid,Barcelona,15:15,8,18,4,5,2,3,11,14,2,2,0,0,H,H,3,1,2022-10-16,1.5000999999999998,1.66548,1.66548,0.939112,7.451612903225806,8,1.2025,1.46965,0.726368,-0.939112,16.75,7,3886323.0,1.0,2.0,Carlo Ancelotti,Xavi,José María Sánchez Martínez,4-3-3 Attacking,4-3-3 Attacking,418.0,131.0,542000000.0,28.251882272416154,181.45454545454547,685.0,439000000.0,26.437931678178085,180.72727272727272,634.0
1227,Espanyol,Real Valladolid,17:30,15,14,3,2,6,4,13,11,1,4,0,0,D,H,1,0,2022-10-16,0.5045999999999999,0.552288,0.552288,-1.078982,14.0,3,2.2731,1.63127,1.63127,1.078982,7.34375,9,3886322.0,13.0,17.0,Diego Martínez,Pacheta,Mateu Lahoz,4-2-3-1,4-1-4-1,714.0,366.0,59300000.0,28.30614149710659,181.8181818181818,8.0,27400000.0,30.1066517329351,178.36363636363637,9.0
1228,Real Betis,Almeria,20:00,15,12,6,5,9,3,6,7,1,1,0,0,H,H,3,1,2022-10-16,0.2838,1.11551,1.11551,-2.07866,21.53846153846154,6,2.6016,3.19417,3.19417,2.07866,17.0,15,3886328.0,4.0,18.0,Manuel Pellegrini,Rubi,Alejandro Muñiz Ruiz,4-2-3-1,4-3-3 Attacking,150.0,3302.0,166500000.0,28.32679982577313,182.45454545454547,194.0,45200000.0,27.255802376952275,182.1818181818182,58.0
1229,Villarreal,Osasuna,20:00,12,14,9,3,8,4,14,23,2,6,0,0,H,H,2,0,2022-10-17,0.1649,0.33234,0.33234,-1.07711,7.964285714285714,3,2.7377,2.15273,1.40945,1.07711,7.681818181818182,9,3886327.0,7.0,9.0,Unai Emery,Jagoba Arrasate,Pablo González Fuertes,4-4-2 double 6,4-1-4-1,1050.0,331.0,199000000.0,26.937962790118846,182.9090909090909,284.0,77300000.0,29.346524796216787,182.9090909090909,12.0
1230,Atletico Madrid,Rayo Vallecano,20:00,12,14,4,4,3,4,11,11,3,0,0,0,H,D,1,1,2022-10-18,2.0730000000000004,1.61962,0.876342,0.0585709999999999,15.761904761904765,4,0.6701999999999999,0.817771,0.817771,-0.0585709999999999,12.19047619047619,3,3886329.0,4.0,10.0,Diego Simeone,Andoni Iraola,Javier Iglesias Villanueva,4-4-2 double 6,4-2-3-1,13.0,367.0,235500000.0,29.07921100118225,182.9090909090909,778.0,49700000.0,28.449007529089666,178.0,253.0
1231,Getafe,Athletic Club,19:00,11,14,4,4,7,4,14,11,7,4,0,0,D,D,2,2,2022-10-18,1.6720000000000002,1.10208,1.10208,0.3490029999999999,18.4,3,1.0081,0.753077,0.753077,-0.3490029999999999,13.863636363636363,7,3886334.0,17.0,6.0,Quique Sánchez Flores,Ernesto Valverde,José Luis Munuera Montero,5-3-2,4-2-3-1,3709.0,621.0,90000000.0,28.23968639163711,184.0,257.0,154800000.0,27.877792296683467,183.1818181818182,151.0
1232,Sevilla,Valencia,18:00,18,13,5,5,11,6,11,26,4,7,1,0,A,D,1,1,2022-10-18,1.7856999999999998,1.71123,0.96795,-0.22948,8.571428571428571,1,0.9481,1.19743,1.19743,0.22948,10.5,6,3886332.0,12.0,8.0,Jorge Sampaoli,Gennaro Gattuso,César Soto Grado,3-4-2-1,5-4-1,368.0,1049.0,107000000.0,28.05276585153382,181.27272727272728,346.0,167000000.0,24.90921535685396,182.27272727272728,321.0
1233,Cadiz,Real Betis,18:00,13,12,3,3,4,9,15,7,1,2,0,1,D,D,0,0,2022-10-19,1.7833,1.22222,1.22222,0.4753400000000001,12.285714285714286,4,0.9136,0.74688,0.74688,-0.4753400000000001,15.444444444444445,8,3886335.0,19.0,5.0,Sergio,Manuel Pellegrini,Mateu Lahoz,4-4-2,4-2-3-1,2687.0,150.0,35000000.0,27.943002924522432,179.63636363636363,125.0,102500000.0,29.19345404766349,183.8181818181818,185.0
1234,Real Valladolid,Celta Vigo,18:00,9,22,7,5,3,7,12,11,1,1,0,0,D,H,4,1,2022-10-19,1.6708999999999998,2.03107,1.28779,0.3976499999999999,12.083333333333334,5,1.0484,1.63342,0.89014,-0.3976499999999999,13.5,1,3886336.0,11.0,14.0,Pacheta,Eduardo Coudet,Valentin Pizarro Gomez,5-3-2,4-4-2 Diamond,366.0,940.0,29300000.0,28.451247588824593,180.9090909090909,45.0,83500000.0,27.807852653848546,177.9090909090909,177.0
1235,Real Sociedad,Mallorca,19:00,14,12,7,3,10,7,18,9,1,2,0,0,H,H,1,0,2022-10-19,0.616,1.09436,1.09436,-1.0699999999999998,10.705882352941176,2,2.1712,2.16436,2.16436,1.0699999999999998,7.384615384615385,4,3886337.0,3.0,15.0,Imanol Alguacil,Javier Aguirre,Miguel Ángel Ortiz Arias,4-3-1-2,5-4-1,681.0,237.0,169000000.0,26.9255180138137,182.0909090909091,182.0,31200000.0,29.58870014311493,180.0,103.0
1236,Elche,Real Madrid,20:00,10,10,3,7,8,2,14,10,1,1,0,0,A,A,0,3,2022-10-19,1.8279,1.6151,1.6151,0.56538,11.869565217391305,14,0.9021,1.04972,1.04972,-0.56538,28.785714285714285,5,3886331.0,20.0,1.0,Jorge Almirón,Carlo Ancelotti,Jesús Gil Manzano,4-1-4-1,4-3-3 Attacking,1531.0,418.0,31400000.0,28.90747308817124,180.8181818181818,20.0,542000000.0,28.379316781780847,181.0909090909091,750.0
1237,Almeria,Girona,18:00,13,14,7,5,4,5,14,14,1,3,0,0,H,H,3,2,2022-10-20,1.8156,2.65444,1.16788,-0.91807,5.409090909090909,4,0.9474,2.08595,2.08595,0.91807,20.285714285714285,2,3886333.0,13.0,18.0,Rubi,Míchel,Guillermo Cuadra Fernández,4-2-3-1,4-4-2 double 6,3302.0,12321.0,44000000.0,27.610478501648934,181.54545454545453,53.0,65300000.0,26.95214983510671,182.45454545454547,131.0
1238,Osasuna,Espanyol,19:00,17,5,5,3,9,2,17,15,1,2,0,0,D,H,1,0,2022-10-20,1.7487,1.44867,1.44867,0.4201599999999998,11.428571428571429,2,0.9678,1.02851,1.02851,-0.4201599999999998,5.9523809523809526,7,3886338.0,7.0,16.0,Jagoba Arrasate,Diego Martínez,Mario Melero López,4-1-4-1,4-2-3-1,331.0,714.0,81000000.0,27.234397361707423,180.63636363636363,103.0,53800000.0,29.405761931429286,182.36363636363637,75.0
1239,Barcelona,Villarreal,20:00,16,5,5,1,8,0,18,11,0,1,0,0,H,H,3,0,2022-10-20,0.019,0.503294,0.503294,-3.112746,27.5,1,2.965,3.61604,3.61604,3.112746,5.684210526315789,17,3886330.0,2.0,9.0,Xavi,Unai Emery,Carlos del Cerro Grande,4-3-3 Attacking,4-4-2 double 6,131.0,1050.0,480000000.0,26.43842946923029,179.72727272727272,565.0,197500000.0,27.01138697031921,181.8181818181818,168.0
1240,Rayo Vallecano,Cadiz,13:00,28,3,11,0,10,1,13,12,1,4,1,2,H,H,5,1,2022-10-22,0.0390999999999999,0.642193,0.642193,-2.499687,27.5,1,2.9344,3.88516,3.14188,2.499687,5.923076923076923,14,3886367.0,10.0,19.0,Andoni Iraola,Sergio,Alejandro Muñiz Ruiz,4-2-3-1,4-4-2,367.0,2687.0,57500000.0,28.221268122705496,179.63636363636363,135.0,33700000.0,29.46524796216788,179.36363636363637,6.0
1241,Real Valladolid,Real Sociedad,15:15,9,20,2,2,4,10,19,14,2,3,0,0,H,H,1,0,2022-10-22,1.3726,0.82513,0.82513,0.039464,3.4761904761904763,3,1.2733,0.785666,0.785666,-0.039464,11.037037037037036,6,3886368.0,11.0,4.0,Pacheta,Imanol Alguacil,Jorge Figueroa Vázquez,3-5-2,4-3-1-2,366.0,681.0,26800000.0,28.862422997946613,179.63636363636363,78.0,228000000.0,26.853338311243853,181.63636363636363,151.0
1242,Valencia,Mallorca,17:30,13,10,3,5,5,3,14,19,3,5,0,0,D,A,1,2,2022-10-22,1.4849,1.25148,0.508204,0.1812619999999999,16.4,4,1.1276,1.07022,0.326942,-0.1812619999999999,5.75,6,3886366.0,9.0,12.0,Gennaro Gattuso,Javier Aguirre,José María Sánchez Martínez,4-3-3 Attacking,5-4-1,1049.0,237.0,174000000.0,25.082944434073795,181.54545454545453,308.0,54000000.0,27.631136830315473,182.36363636363637,177.0
1243,Real Madrid,Sevilla,20:00,18,9,6,2,4,3,9,12,1,4,0,0,H,H,3,1,2022-10-22,0.2827,0.518059,0.518059,-1.658721,14.68,3,2.5831,2.17678,2.17678,1.658721,14.173913043478262,4,3886361.0,1.0,16.0,Carlo Ancelotti,Jorge Sampaoli,Alejandro Hernández Hernández,4-3-3 Attacking,4-3-3 Attacking,418.0,368.0,643000000.0,27.695102980523924,181.27272727272728,716.0,110000000.0,30.311741646443906,181.54545454545453,464.0
1244,Villarreal,Almeria,17:30,11,15,5,4,10,4,7,8,4,1,1,0,A,H,2,1,2022-10-23,1.6961,1.24152,1.24152,0.3890249999999999,17.357142857142858,8,0.9956,0.852495,0.852495,-0.3890249999999999,12.473684210526317,8,3886369.0,7.0,15.0,Unai Emery,Rubi,De Burgos Bengoetxea,4-2-3-1,5-3-2,1050.0,3302.0,127000000.0,29.97274593989173,181.63636363636363,336.0,49500000.0,26.053139194822972,180.72727272727272,46.0
1245,Girona,Osasuna,17:30,7,9,1,2,3,5,11,11,2,3,0,0,D,D,1,1,2022-10-23,1.291,0.693721,0.693721,0.026846,13.227272727272728,10,1.2907000000000002,0.666875,0.666875,-0.026846,11.32,4,3886362.0,18.0,8.0,Míchel,Jagoba Arrasate,Juan Luis Pulido Santana,4-4-1-1,4-1-4-1,12321.0,331.0,55500000.0,26.48970194760749,179.54545454545453,70.0,75500000.0,27.464874618878728,179.8181818181818,54.0
1246,Barcelona,Athletic Club,20:00,10,5,7,3,1,2,7,13,2,2,0,0,H,H,4,0,2022-10-23,0.1576,0.240803,0.240803,-1.894587,14.8125,3,2.7415000000000003,2.13539,2.13539,1.894587,12.285714285714286,7,3886363.0,2.0,6.0,Xavi,Ernesto Valverde,Juan Martínez Munuera,4-3-3 Attacking,4-2-3-1,131.0,621.0,479000000.0,25.762429220334763,180.45454545454547,625.0,138800000.0,28.476883828013193,182.45454545454547,135.0
1247,Espanyol,Elche,13:00,13,9,5,4,5,3,13,10,2,3,0,0,D,D,2,2,2022-10-23,0.1537,0.318561,0.318561,-1.866909,15.23076923076923,4,2.7529,2.18547,2.18547,1.866909,13.074074074074074,7,3886365.0,14.0,20.0,Diego Martínez,Jorge Almirón,José Luis Munuera Montero,4-3-3 Attacking,5-3-2,714.0,1531.0,62500000.0,28.4776305145915,181.9090909090909,77.0,33400000.0,29.375147781718624,182.0,54.0
1248,Real Betis,Atletico Madrid,15:15,17,9,4,3,7,4,10,17,2,3,0,0,D,A,1,2,2022-10-23,0.7366999999999999,0.585496,0.585496,-0.7452639999999999,11.482758620689657,7,1.9793,1.33076,1.33076,0.7452639999999999,12.304347826086955,6,3886364.0,5.0,3.0,Manuel Pellegrini,Diego Simeone,Jesús Gil Manzano,4-2-3-1,4-4-2 double 6,150.0,13.0,151500000.0,28.524920664551054,182.0,407.0,262000000.0,29.384854707236638,182.63636363636363,793.0
1249,Celta Vigo,Getafe,20:00,17,4,5,1,10,0,10,13,1,1,0,0,A,D,1,1,2022-10-24,0.6631,0.226128,0.226128,-0.595741,23.0,1,1.9438,0.821869,0.821869,0.595741,4.615384615384615,4,3886360.0,13.0,17.0,Eduardo Coudet,Quique Sánchez Flores,Pablo González Fuertes,4-4-2 Diamond,5-3-2,940.0,3709.0,87500000.0,27.40787754340116,178.0909090909091,101.0,83000000.0,27.588575695351878,185.8181818181818,254.0
1250,Mallorca,Espanyol,20:00,12,7,5,2,4,4,15,9,4,1,0,0,D,D,1,1,2022-10-28,0.3462,0.248446,0.248446,-0.941554,12.789473684210526,6,2.4282,1.19,1.19,0.941554,11.285714285714286,8,3886391.0,12.0,15.0,Javier Aguirre,Diego Martínez,Isidro Díaz de Mera Escuderos,5-4-1,4-3-3 Attacking,237.0,714.0,54900000.0,28.042561134963595,181.8181818181818,175.0,62500000.0,28.49131976852716,181.9090909090909,77.0
1251,Almeria,Celta Vigo,13:00,19,8,5,3,6,4,10,7,4,0,0,1,A,H,3,1,2022-10-29,0.1475,0.197875,0.197875,-2.107415,21.571428571428573,2,2.753,2.30529,2.30529,2.107415,8.181818181818182,7,3886387.0,13.0,16.0,Rubi,Eduardo Coudet,Carlos del Cerro Grande,4-1-4-1,4-4-2 Diamond,3302.0,940.0,44000000.0,27.635119158733122,181.54545454545453,53.0,88000000.0,26.365254184556033,179.72727272727272,100.0
1252,Cadiz,Atletico Madrid,15:15,10,15,7,7,5,3,15,12,2,4,0,0,H,H,3,2,2022-10-29,1.5472,1.79745,1.79745,0.2083699999999999,8.727272727272727,8,1.1926,1.58908,1.58908,-0.2083699999999999,18.125,5,3886388.0,19.0,3.0,Sergio,Diego Simeone,José María Sánchez Martínez,4-4-2 double 6,4-3-3 Attacking,2687.0,13.0,36000000.0,28.49779105220584,180.8181818181818,101.0,262000000.0,29.23775745130981,182.63636363636363,720.0
1253,Sevilla,Rayo Vallecano,17:30,10,15,4,5,6,6,9,20,6,1,0,0,D,A,0,1,2022-10-29,1.0842999999999998,0.773435,0.773435,-0.20462,6.714285714285714,1,1.5688,0.978055,0.978055,0.20462,10.0,7,3886392.0,18.0,9.0,Jorge Sampaoli,Andoni Iraola,Mateu Lahoz,4-2-3-1,4-2-3-1,368.0,367.0,104000000.0,29.420695662995456,182.45454545454547,353.0,58000000.0,27.557712650115114,178.72727272727272,137.0
1254,Valencia,Barcelona,20:00,3,13,2,2,3,10,13,7,4,5,0,0,D,A,0,1,2022-10-29,2.8277,2.33418,2.33418,2.146766,7.428571428571429,14,0.1004,0.187414,0.187414,-2.146766,14.25,2,3886389.0,10.0,2.0,Gennaro Gattuso,Xavi,De Burgos Bengoetxea,4-3-3 Attacking,4-3-3 Attacking,1049.0,131.0,164000000.0,26.055130359031796,180.27272727272728,257.0,438000000.0,26.201232032854207,180.1818181818182,689.0
1255,Real Sociedad,Real Betis,20:00,14,10,7,4,5,3,22,16,4,4,0,0,D,A,0,2,2022-10-30,1.4241,1.34514,1.34514,0.06349,14.235294117647058,4,1.2324000000000002,1.28165,1.28165,-0.06349,5.344827586206897,7,3886390.0,5.0,4.0,Imanol Alguacil,Manuel Pellegrini,Javier Iglesias Villanueva,4-3-1-2,4-2-3-1,681.0,150.0,213400000.0,25.44234957376641,184.63636363636363,187.0,159500000.0,28.930371476572706,180.63636363636363,317.0
1256,Athletic Club,Villarreal,17:30,19,6,7,3,6,2,12,10,2,1,0,0,D,H,1,0,2022-10-30,0.2004,0.221451,0.221451,-1.835439,15.5,5,2.6751,2.05689,2.05689,1.835439,10.903225806451612,7,3886384.0,6.0,8.0,Ernesto Valverde,Quique Setién,Miguel Ángel Ortiz Arias,4-2-3-1,4-3-3 Attacking,621.0,1050.0,154300000.0,28.65857756206832,183.8181818181818,137.0,163500000.0,29.575508680231472,179.8181818181818,291.0
1257,Osasuna,Real Valladolid,13:00,20,7,10,2,1,8,14,16,1,3,0,0,H,H,2,0,2022-10-30,0.2597,0.330479,0.330479,-0.8265210000000001,9.666666666666666,1,2.5982000000000003,1.90028,1.157,0.8265210000000001,9.275862068965518,11,3886386.0,7.0,11.0,Jagoba Arrasate,Pacheta,Guillermo Cuadra Fernández,4-3-3 Attacking,3-5-2,331.0,366.0,77500000.0,27.958683342666916,179.9090909090909,66.0,27000000.0,29.559579366560886,180.72727272727272,84.0
1258,Real Madrid,Girona,15:15,19,8,6,2,7,1,16,8,3,3,1,0,D,D,1,1,2022-10-30,0.8258000000000001,1.99848,1.2552,-1.40235,56.8,3,1.8977,2.65755,2.65755,1.40235,11.444444444444445,13,3886393.0,1.0,17.0,Carlo Ancelotti,Míchel,Mario Melero López,4-3-3 Attacking,4-5-1,418.0,12321.0,593000000.0,27.907161968763614,181.0909090909091,745.0,66000000.0,25.20863667475577,181.8181818181818,84.0
1259,Elche,Getafe,20:00,12,8,5,3,6,2,12,11,0,3,0,1,D,A,0,1,2022-10-31,0.4730999999999999,0.372744,0.372744,-0.1111049999999999,25.714285714285715,4,2.2728,1.22713,0.483849,0.1111049999999999,14.6,3,3886385.0,20.0,14.0,Jorge Almirón,Quique Sánchez Flores,César Soto Grado,5-4-1,5-3-2,1531.0,3709.0,32700000.0,29.418953394312737,183.72727272727272,50.0,90000000.0,28.275278451869827,184.0,257.0
1260,Girona,Athletic Club,20:00,19,11,10,7,7,1,11,11,1,1,0,0,D,H,2,1,2022-11-04,1.1192000000000002,0.81175,0.81175,-0.2537899999999999,9.272727272727272,3,1.5491,1.06554,1.06554,0.2537899999999999,20.615384615384617,6,3886413.0,14.0,7.0,Míchel,Ernesto Valverde,Valentin Pizarro Gomez,4-3-3 Attacking,4-2-3-1,12321.0,621.0,62500000.0,25.895339431273722,182.1818181818182,80.0,155500000.0,28.303652541845562,183.63636363636363,137.0
1261,Celta Vigo,Osasuna,17:30,13,8,5,4,2,3,12,20,1,5,0,0,A,A,1,2,2022-11-05,0.8395,0.360091,0.360091,-0.4646769999999999,18.705882352941178,5,1.7584,0.824768,0.824768,0.4646769999999999,6.758620689655173,7,3886410.0,18.0,5.0,Carlos Carvalhal,Jagoba Arrasate,Jorge Figueroa Vázquez,4-4-2,4-3-3 Attacking,940.0,331.0,81000000.0,27.111940762864787,178.0,85.0,77500000.0,27.975110447389707,179.9090909090909,66.0
1262,Getafe,Cadiz,13:00,13,15,2,4,5,5,15,16,5,2,2,1,D,D,0,0,2022-11-05,2.0082,1.24542,1.24542,0.7283529999999999,14.3125,2,0.7047,0.517067,0.517067,-0.7283529999999999,9.347826086956522,3,3886416.0,13.0,19.0,Quique Sánchez Flores,Sergio,Alejandro Hernández Hernández,3-5-2 flat,4-4-2 double 6,3709.0,2687.0,93500000.0,27.919357849542653,183.45454545454547,259.0,38300000.0,28.363636363636363,180.0909090909091,107.0
1263,Real Valladolid,Elche,15:15,16,4,11,2,8,4,9,10,2,0,0,0,H,H,2,1,2022-11-05,0.0706,0.198499,0.198499,-2.614421,21.75,1,2.8816,2.81292,2.81292,2.614421,10.826086956521738,8,3886414.0,10.0,20.0,Pacheta,Jorge Almirón,De Burgos Bengoetxea,4-1-4-1,4-4-1-1,366.0,1531.0,26100000.0,29.02644514964844,178.27272727272728,53.0,37000000.0,28.478128305643704,182.72727272727272,51.0
1264,Barcelona,Almeria,20:00,27,4,13,1,9,1,14,13,2,1,0,0,D,H,2,0,2022-11-05,0.0203,0.538049,0.538049,-3.054541,31.7,5,2.9651,4.33587,3.59259,3.054541,6.592592592592593,19,3886417.0,1.0,15.0,Xavi,Rubi,Pablo González Fuertes,4-3-3 Attacking,5-3-2,131.0,3302.0,357000000.0,28.445771887250327,182.36363636363637,678.0,50800000.0,25.59915375521125,180.36363636363637,25.0
1265,Real Betis,Sevilla,20:00,9,22,4,6,1,4,6,20,4,5,2,1,H,D,1,1,2022-11-06,1.6176,1.49591,1.49591,0.36524,7.5,11,1.0962,1.13067,1.13067,-0.36524,32.625,7,3886409.0,4.0,17.0,Manuel Pellegrini,Jorge Sampaoli,José María Sánchez Martínez,4-2-3-1,4-2-3-1,150.0,368.0,174000000.0,30.20148092838031,181.8181818181818,226.0,107000000.0,29.920975670462326,181.9090909090909,420.0
1266,Villarreal,Mallorca,17:30,9,7,2,5,5,2,17,16,4,6,0,0,A,A,0,2,2022-11-06,1.6489,0.704012,0.704012,0.2741599999999999,19.928571428571427,4,0.9418,0.429852,0.429852,-0.2741599999999999,6.333333333333333,5,3886415.0,9.0,12.0,Quique Setién,Javier Aguirre,Alejandro Muñiz Ruiz,4-2-3-1,5-4-1,1050.0,237.0,155500000.0,29.544894530520818,180.8181818181818,176.0,49400000.0,28.188911704312115,181.9090909090909,226.0
1267,Real Sociedad,Valencia,15:15,9,14,4,3,1,11,11,12,2,0,1,0,D,D,1,1,2022-11-06,0.7704,0.795825,0.795825,-0.662385,6.055555555555555,12,1.9593,1.45821,1.45821,0.662385,16.142857142857142,6,3886411.0,6.0,11.0,Imanol Alguacil,Gennaro Gattuso,José Luis Munuera Montero,4-3-1-2,4-3-3 Attacking,681.0,1049.0,228000000.0,27.22991724223757,185.0,174.0,180000000.0,24.31634621367681,179.9090909090909,166.0
1268,Atletico Madrid,Espanyol,13:00,27,6,7,2,12,2,13,10,3,5,0,1,D,D,1,1,2022-11-06,0.6105,0.870622,0.870622,-1.1525180000000002,19.357142857142858,2,2.1708,2.02314,2.02314,1.1525180000000002,6.130434782608695,15,3886408.0,3.0,16.0,Diego Simeone,Diego Martínez,Juan Luis Pulido Santana,4-4-2 double 6,4-2-3-1,13.0,714.0,302000000.0,29.055565926202476,183.0,796.0,54800000.0,28.89975732686205,181.45454545454547,76.0
1269,Rayo Vallecano,Real Madrid,20:00,15,16,7,2,4,5,22,11,4,5,0,0,D,H,3,2,2022-11-07,1.8085,2.21264,1.46936,0.554096,7.888888888888889,4,0.9487,1.65854,0.915264,-0.554096,8.580645161290322,8,3886412.0,8.0,2.0,Andoni Iraola,Carlo Ancelotti,Juan Martínez Munuera,4-2-3-1,4-3-3 Attacking,367.0,418.0,57500000.0,28.26507373529961,179.63636363636363,135.0,648000000.0,27.1893472714828,181.1818181818182,754.0
1270,Elche,Girona,18:00,11,21,2,3,2,5,16,9,3,2,0,0,D,A,1,2,2022-11-08,2.3016,2.20883,2.20883,1.2943749999999998,10.75,6,0.5168999999999999,0.914455,0.914455,-1.2943749999999998,13.88888888888889,7,3886447.0,20.0,13.0,Sergio Mantecón,Míchel,Pablo González Fuertes,4-2-3-1,4-1-4-1,1531.0,12321.0,36000000.0,28.510235828510982,181.45454545454547,51.0,57000000.0,26.2004853462759,182.1818181818182,78.0
1271,Athletic Club,Real Valladolid,19:00,19,8,6,0,10,2,20,6,3,1,0,0,H,H,3,0,2022-11-08,0.1691,0.481138,0.481138,-2.176132,10.5,3,2.7446,2.65727,2.65727,2.176132,7.645161290322581,13,3886446.0,4.0,12.0,Ernesto Valverde,Pacheta,Isidro Díaz de Mera Escuderos,4-1-4-1,4-4-2,621.0,366.0,139800000.0,27.26053139194823,184.9090909090909,128.0,30200000.0,27.33121772136146,181.36363636363637,135.0
1272,Osasuna,Barcelona,20:30,15,9,3,3,2,5,15,6,4,4,0,2,H,A,1,2,2022-11-08,1.1402,1.01467,1.01467,-0.2209700000000001,15.533333333333331,7,1.544,1.23564,1.23564,0.2209700000000001,15.842105263157896,5,3886451.0,7.0,1.0,Jagoba Arrasate,Xavi,Jesús Gil Manzano,4-4-1-1,4-3-3 Attacking,331.0,131.0,81500000.0,28.11598531516396,180.45454545454547,23.0,384000000.0,27.61894094953643,181.72727272727272,758.0
1273,Almeria,Getafe,18:00,8,11,3,3,7,6,17,8,8,4,1,0,H,H,1,0,2022-11-09,1.3513,0.451929,0.451929,0.105636,14.526315789473683,1,1.1266,0.346293,0.346293,-0.105636,10.11111111111111,6,3886449.0,14.0,15.0,Rubi,Quique Sánchez Flores,Alejandro Muñiz Ruiz,4-3-3 Attacking,5-3-2,3302.0,3709.0,44000000.0,27.592060232717316,180.36363636363637,48.0,87500000.0,27.603260531391946,183.9090909090909,289.0
1274,Sevilla,Real Sociedad,18:00,6,17,3,9,2,1,9,12,2,2,2,0,A,A,1,2,2022-11-09,2.4463000000000004,2.18846,2.18846,1.49091,7.363636363636363,9,0.3838,0.69755,0.69755,-1.49091,19.473684210526315,5,3886455.0,18.0,3.0,Jorge Sampaoli,Imanol Alguacil,Carlos del Cerro Grande,4-2-3-1,4-3-1-2,368.0,681.0,98000000.0,29.73629519009396,183.63636363636363,430.0,210000000.0,26.800323564183937,184.27272727272728,186.0
1275,Espanyol,Villarreal,19:00,14,10,6,3,4,7,11,6,1,3,0,0,D,A,0,1,2022-11-09,1.2326,0.750078,0.750078,-0.0917879999999999,12.35,9,1.4162,0.841866,0.841866,0.0917879999999999,15.19047619047619,3,3886448.0,16.0,9.0,Diego Martínez,Quique Setién,Javier Iglesias Villanueva,4-2-3-1,4-3-3 Attacking,714.0,1050.0,58500000.0,28.04081886628088,181.0,77.0,134500000.0,29.18175595793666,180.45454545454547,158.0
1276,Mallorca,Atletico Madrid,20:30,9,17,3,5,2,5,14,17,5,3,0,0,H,H,1,0,2022-11-09,1.3525999999999998,1.50598,1.50598,0.0400500000000001,7.0,12,1.3402999999999998,1.46593,1.46593,-0.0400500000000001,17.823529411764707,9,3886450.0,11.0,5.0,Javier Aguirre,Diego Simeone,Mario Melero López,5-4-1,4-4-2 double 6,237.0,13.0,51500000.0,27.523862858565113,182.0,192.0,250000000.0,29.95233650675129,183.27272727272728,812.0
1277,Rayo Vallecano,Celta Vigo,18:00,10,11,3,3,5,3,19,16,7,1,0,0,D,D,0,0,2022-11-10,1.5213,0.677591,0.677591,0.235103,12.217391304347826,6,1.0509,0.442488,0.442488,-0.235103,4.885714285714286,2,3886453.0,8.0,17.0,Andoni Iraola,Carlos Carvalhal,José Luis Munuera Montero,4-2-3-1,5-4-1,367.0,940.0,53000000.0,28.95426544707859,178.27272727272728,228.0,61000000.0,27.078588762366998,179.9090909090909,149.0
1278,Valencia,Real Betis,19:00,15,5,7,1,5,5,12,9,1,3,0,1,D,H,3,0,2022-11-10,0.1641,0.307626,0.307626,-1.195994,24.307692307692307,2,2.7390000000000003,2.2469,1.50362,1.195994,9.35,3,3886452.0,10.0,6.0,Gennaro Gattuso,Manuel Pellegrini,Miguel Ángel Ortiz Arias,4-3-3 Attacking,4-2-3-1,1049.0,150.0,163800000.0,23.36830315475079,181.45454545454547,173.0,140500000.0,28.502768962727895,183.27272727272728,169.0
1279,Real Madrid,Cadiz,20:30,18,10,5,5,7,1,12,16,3,3,0,0,H,H,2,1,2022-11-10,0.8783000000000001,1.11674,1.11674,-0.61433,19.944444444444443,4,1.85,1.73107,1.73107,0.61433,5.515151515151516,7,3886454.0,2.0,19.0,Carlo Ancelotti,Sergio,César Soto Grado,4-3-3 Attacking,4-4-2,418.0,2687.0,634000000.0,27.7954078775434,181.27272727272728,673.0,33800000.0,29.7567046232344,180.9090909090909,64.0
1280,Girona,Rayo Vallecano,16:00,16,12,7,4,2,4,14,14,3,2,0,0,D,D,2,2,2022-12-29,0.6661,1.3213,1.3213,0.5395659999999999,12.2,2,2.1139,2.26829,0.781734,-0.5395659999999999,7.636363636363637,3,3886467.0,12.0,8.0,Míchel,Andoni Iraola,Jorge Figueroa Vázquez,4-1-4-1,4-2-3-1,12321.0,367.0,64000000.0,25.239997511044738,180.54545454545453,46.0,51000000.0,28.118723165951096,179.9090909090909,168.0
1281,Real Betis,Athletic Club,18:15,9,10,5,0,2,6,8,17,1,4,1,0,D,D,0,0,2022-12-29,1.0521,0.358148,0.358148,-0.183643,6.75,5,1.4607,0.541791,0.541791,0.183643,11.058823529411764,5,3886468.0,6.0,5.0,Manuel Pellegrini,Ernesto Valverde,Alejandro Hernández Hernández,4-2-3-1,4-2-3-1,150.0,621.0,171550000.0,28.450252006720177,180.54545454545453,352.0,136800000.0,27.62317217348018,184.8181818181818,126.0
1282,Atletico Madrid,Elche,20:30,18,5,4,1,3,5,14,20,3,4,1,2,D,H,2,0,2022-12-29,0.4739,0.568911,0.568911,-1.175449,15.916666666666666,1,2.3018,1.74436,1.74436,1.175449,8.583333333333334,6,3605050.0,2.0,17.0,Diego Simeone,Fran Escribá,De Burgos Bengoetxea,3-1-4-2,3-1-4-2,13.0,1531.0,510000000.0,27.701823159728704,181.36363636363637,610.0,23600000.0,29.753220085868954,183.72727272727272,83.0
1283,Real Valladolid,Real Madrid,20:30,14,19,4,8,5,9,7,9,2,0,1,0,D,A,0,2,2022-12-30,2.6991,2.5342,1.79092,1.255852,16.714285714285715,14,0.198,0.535068,0.535068,-1.255852,39.25,4,3886470.0,15.0,2.0,Pacheta,Carlo Ancelotti,José Luis Munuera Montero,4-1-4-1,4-3-3 Attacking,366.0,418.0,26100000.0,28.87237881899073,178.36363636363637,7.0,522000000.0,28.888059237135213,182.72727272727272,631.0
1284,Celta Vigo,Sevilla,18:15,17,7,5,5,5,6,11,13,2,4,0,1,H,D,1,1,2022-12-30,0.5506,0.594381,0.594381,-1.070209,9.148148148148149,2,2.2099,1.66459,1.66459,1.070209,17.38888888888889,9,3886465.0,17.0,18.0,Carlos Carvalhal,Jorge Sampaoli,De Burgos Bengoetxea,5-4-1,5-3-2,940.0,368.0,80500000.0,27.51191587331218,179.0,103.0,97000000.0,28.71905917491133,183.45454545454547,409.0
1285,Getafe,Mallorca,16:00,14,3,6,0,4,2,10,19,0,1,0,0,D,H,2,0,2022-12-30,0.5099,0.359715,0.359715,-0.967795,12.047619047619047,0,2.2169000000000003,1.32751,1.32751,0.967795,11.80952380952381,7,3886466.0,14.0,11.0,Quique Sánchez Flores,Javier Aguirre,Javier Alberola Rojas,3-5-2 flat,5-4-1,3709.0,237.0,85000000.0,27.995270985004048,182.0,198.0,50900000.0,28.50575570904113,182.8181818181818,160.0
1286,Cadiz,Almeria,18:15,12,18,6,9,3,2,7,14,2,0,0,0,A,D,1,1,2022-12-30,1.8074,2.22992,2.22992,0.6515899999999999,11.173913043478262,8,0.9584,1.57833,1.57833,-0.6515899999999999,14.526315789473683,3,3886472.0,19.0,13.0,Sergio,Rubi,Juan Martínez Munuera,4-4-2,4-1-4-1,2687.0,3302.0,35200000.0,30.3707298861303,179.45454545454547,37.0,49000000.0,26.446643021591687,179.45454545454547,53.0
1287,Barcelona,Espanyol,13:00,21,4,6,1,10,2,11,15,6,7,1,1,H,D,1,1,2022-12-31,0.2574,0.846842,0.103565,-2.641985,19.454545454545453,2,2.6094,2.74555,2.74555,2.641985,5.533333333333333,8,3886464.0,1.0,16.0,Xavi,Diego Martínez,Mateu Lahoz,4-3-3 Attacking,4-2-3-1,131.0,714.0,465000000.0,27.162715450189783,179.8181818181818,581.0,56500000.0,27.85165826644266,182.0,77.0
1288,Real Sociedad,Osasuna,15:15,9,11,2,3,3,2,10,15,1,1,0,0,H,H,2,0,2022-12-31,0.3087999999999999,0.305627,0.305627,-1.237513,7.3,2,2.5084,1.54314,1.54314,1.237513,8.08695652173913,5,3886469.0,3.0,9.0,Imanol Alguacil,Jagoba Arrasate,Valentin Pizarro Gomez,4-1-3-2,5-3-2,681.0,331.0,203000000.0,26.61240744197623,182.45454545454547,189.0,83000000.0,27.934540476634933,179.45454545454547,30.0
1289,Villarreal,Valencia,15:15,14,13,8,4,5,2,12,16,1,3,0,0,D,H,2,1,2022-12-31,0.5501,1.16707,1.16707,-1.2064199999999998,9.208333333333334,4,2.2592000000000003,2.37349,2.37349,1.2064199999999998,9.5,9,3886471.0,7.0,10.0,Quique Setién,Gennaro Gattuso,José María Sánchez Martínez,4-3-3 Attacking,4-3-3 Attacking,1050.0,1049.0,178200000.0,30.01630265695974,180.36363636363637,238.0,173000000.0,25.011013627030056,182.27272727272728,317.0
1290,Elche,Celta Vigo,17:30,13,14,5,7,8,4,15,15,3,1,1,0,A,A,0,1,2023-01-06,2.0256,1.9713,1.9713,0.82636,12.523809523809524,5,0.7305,1.14494,1.14494,-0.82636,9.083333333333334,2,3886486.0,20.0,16.0,Pablo Machín,Carlos Carvalhal,Miguel Ángel Ortiz Arias,3-4-3,5-4-1,1531.0,940.0,32200000.0,29.558832679982576,182.0909090909091,20.0,72500000.0,28.03260531391948,178.1818181818182,79.0
1291,Valencia,Cadiz,20:00,11,6,2,2,13,2,14,21,5,6,0,0,A,A,0,1,2023-01-06,1.2028,0.434224,0.434224,-0.061251,11.538461538461538,3,1.3135,0.495475,0.495475,0.061251,3.2413793103448274,2,3886488.0,11.0,18.0,Gennaro Gattuso,Sergio,Pablo González Fuertes,4-3-3 Attacking,4-2-3-1,1049.0,2687.0,177000000.0,24.962478999439984,182.1818181818182,319.0,34800000.0,29.57177524733993,179.27272727272728,64.0
1292,Mallorca,Real Valladolid,17:30,13,9,4,1,6,2,14,17,2,3,0,0,D,H,1,0,2023-01-07,0.4921999999999999,0.434531,0.434531,-1.093849,9.15,2,2.2736,1.52838,1.52838,1.093849,11.6,4,3886482.0,10.0,15.0,Javier Aguirre,Pacheta,Valentin Pizarro Gomez,3-4-2-1,4-3-3 Attacking,237.0,366.0,40900000.0,28.91021093895837,181.9090909090909,150.0,28200000.0,27.435753842324687,180.45454545454547,97.0
1293,Villarreal,Real Madrid,15:15,17,13,5,3,6,5,13,6,4,1,0,0,D,H,2,1,2023-01-07,1.1960000000000002,2.16674,1.42347,-0.2506699999999999,11.318181818181818,8,1.5662,2.41742,1.67414,0.2506699999999999,14.526315789473683,14,3886489.0,6.0,2.0,Quique Setién,Carlo Ancelotti,César Soto Grado,4-3-3 Attacking,4-3-3 Attacking,1050.0,418.0,202700000.0,29.146412793230038,180.45454545454547,267.0,630000000.0,28.989359716259102,183.8181818181818,806.0
1294,Espanyol,Girona,20:00,12,12,6,5,5,2,13,16,3,2,0,0,A,D,2,2,2023-01-07,1.6784,1.65781,1.65781,0.39053,7.25,5,1.0360999999999998,1.26728,1.26728,-0.39053,10.833333333333334,7,3886483.0,19.0,12.0,Diego Martínez,Míchel,Carlos del Cerro Grande,4-3-3 Attacking,4-1-4-1,714.0,12321.0,55500000.0,28.13216352436065,181.1818181818182,77.0,57000000.0,25.113309688258354,180.72727272727272,37.0
1295,Almeria,Real Sociedad,13:00,6,9,1,6,4,2,13,14,1,0,0,0,D,A,0,2,2023-01-08,2.7070000000000003,2.11666,2.11666,1.80688,7.0,6,0.1830999999999999,0.30978,0.30978,-1.80688,13.38095238095238,0,3886484.0,14.0,3.0,Rubi,Imanol Alguacil,Javier Alberola Rojas,4-3-3 Attacking,4-3-1-2,3302.0,681.0,57200000.0,26.549685769398295,180.9090909090909,71.0,210000000.0,27.94449629767905,182.63636363636363,218.0
1296,Rayo Vallecano,Real Betis,15:15,15,14,3,3,5,7,10,16,3,2,0,0,A,A,1,2,2023-01-08,0.7812999999999999,0.735098,0.735098,-0.6546620000000001,11.61904761904762,3,1.942,1.38976,1.38976,0.6546620000000001,7.272727272727272,3,3886485.0,9.0,4.0,Andoni Iraola,Manuel Pellegrini,Isidro Díaz de Mera Escuderos,4-4-1-1,4-2-3-1,367.0,150.0,57500000.0,28.51969385850289,178.0,137.0,172500000.0,29.363449691991786,181.63636363636363,361.0
1297,Sevilla,Getafe,17:30,11,11,5,2,4,4,13,16,3,3,0,0,H,H,2,1,2023-01-08,1.3014,1.17518,1.17518,-0.04125,14.761904761904765,4,1.3962,1.21643,1.21643,0.04125,15.666666666666666,6,3886487.0,17.0,13.0,Jorge Sampaoli,Quique Sánchez Flores,Juan Martínez Munuera,3-1-4-2,3-5-2 flat,368.0,3709.0,105000000.0,30.47601269367183,183.0909090909091,535.0,83500000.0,27.463879036774312,183.8181818181818,196.0
1298,Atletico Madrid,Barcelona,20:00,20,10,5,2,7,4,8,16,2,3,1,1,A,A,0,1,2023-01-08,0.859,1.23617,1.23617,-0.69956,7.96,7,1.8958,1.93573,1.93573,0.69956,12.205882352941176,14,3886481.0,5.0,1.0,Diego Simeone,Xavi,José Luis Munuera Montero,4-4-2,4-3-3 Attacking,13.0,131.0,294500000.0,27.86435193827391,181.27272727272728,729.0,550000000.0,24.471408126438927,181.45454545454547,547.0
1299,Athletic Club,Osasuna,20:00,17,3,3,1,14,1,8,13,0,1,0,0,D,D,0,0,2023-01-09,0.6704,0.427681,0.427681,-0.747879,10.041666666666666,2,2.009,1.17556,1.17556,0.747879,7.7,7,3886480.0,7.0,8.0,Ernesto Valverde,Jagoba Arrasate,Mario Melero López,4-2-3-1,4-3-3 Attacking,621.0,331.0,137800000.0,26.870014311492753,184.36363636363637,126.0,69250000.0,28.319332959990046,182.54545454545453,84.0
1300,Celta Vigo,Villarreal,20:00,21,3,8,1,14,3,11,8,0,2,0,0,A,D,1,1,2023-01-13,0.0905,0.105032,0.105032,-2.353078,15.27777777777778,2,2.837,2.45811,2.45811,2.353078,15.333333333333334,10,3886490.0,16.0,5.0,Carlos Carvalhal,Quique Setién,Javier Alberola Rojas,3-4-2-1,4-3-3 Attacking,940.0,1050.0,79500000.0,27.696596353680544,177.27272727272728,79.0,161700000.0,30.866778669653414,182.45454545454547,328.0
1301,Real Sociedad,Athletic Club,20:00,11,6,5,2,4,2,20,15,5,1,0,1,H,H,3,1,2023-01-14,0.1991,0.265103,0.265103,-0.8800070000000001,14.85,4,2.6762,1.88839,1.14511,0.8800070000000001,5.870967741935484,5,3886495.0,3.0,8.0,Imanol Alguacil,Ernesto Valverde,Guillermo Cuadra Fernández,4-3-1-2,4-2-3-1,681.0,621.0,238000000.0,27.339431273722855,183.0909090909091,222.0,136800000.0,27.6669777860743,184.8181818181818,126.0
1302,Osasuna,Mallorca,17:30,15,6,4,2,3,1,15,19,2,3,0,0,D,H,1,0,2023-01-14,0.7288000000000001,0.523266,0.523266,-0.6681539999999999,13.409090909090908,2,1.9603,1.19142,1.19142,0.6681539999999999,6.6923076923076925,7,3886497.0,7.0,10.0,Jagoba Arrasate,Javier Aguirre,César Soto Grado,4-3-3 Attacking,5-4-1,331.0,237.0,78750000.0,27.096509240246405,180.54545454545453,100.0,53800000.0,28.490573081948853,182.8181818181818,173.0
1303,Real Valladolid,Rayo Vallecano,13:00,9,13,2,6,4,8,17,18,2,2,0,0,D,A,0,1,2023-01-14,1.9339,1.16996,0.426815,-0.184194,5.606060606060606,5,0.7459,0.611009,0.611009,0.184194,7.1923076923076925,0,3886499.0,17.0,9.0,Pacheta,Andoni Iraola,Mario Melero López,4-3-3 Attacking,4-2-3-1,366.0,367.0,29300000.0,26.17161346524796,181.1818181818182,61.0,58000000.0,27.768527160724286,178.72727272727272,137.0
1304,Girona,Sevilla,15:15,19,10,7,2,5,2,11,7,3,1,0,0,A,H,2,1,2023-01-14,0.2541,0.784402,0.784402,-2.061698,14.833333333333334,5,2.6370000000000005,2.8461,2.8461,2.061698,12.833333333333334,6,3886494.0,11.0,19.0,Míchel,Jorge Sampaoli,Valentin Pizarro Gomez,4-2-3-1,3-5-2 flat,12321.0,368.0,53500000.0,27.045485657395307,181.45454545454547,90.0,98000000.0,29.751477817186238,184.0,420.0
1305,Getafe,Espanyol,13:00,10,10,2,4,5,1,20,13,2,3,0,0,D,A,1,2,2023-01-15,1.2149,0.460177,0.460177,-0.036302,14.0,2,1.3097,0.496479,0.496479,0.036302,5.090909090909091,10,3886498.0,15.0,14.0,Quique Sánchez Flores,Diego Martínez,Jorge Figueroa Vázquez,3-5-2 flat,3-4-3,3709.0,714.0,84000000.0,28.039076597598157,182.0,198.0,63300000.0,28.12718561383859,183.45454545454547,142.0
1306,Almeria,Atletico Madrid,15:15,14,12,3,6,3,4,14,12,4,4,0,1,D,D,1,1,2023-01-15,2.1063,2.08354,2.08354,1.0014200000000002,17.65,11,0.6837,1.08212,1.08212,-1.0014200000000002,12.80952380952381,4,3886493.0,13.0,4.0,Rubi,Diego Simeone,José María Sánchez Martínez,4-1-4-1,4-1-4-1,3302.0,13.0,49800000.0,26.72814386161409,179.9090909090909,42.0,264000000.0,29.191960674506877,179.9090909090909,635.0
1307,Cadiz,Elche,20:00,16,12,3,5,3,6,11,21,3,2,0,0,H,D,1,1,2023-01-16,0.6995,0.654686,0.654686,-0.747354,8.0,6,2.0246,1.40204,1.40204,0.747354,12.764705882352942,0,3886491.0,18.0,20.0,Sergio,Pablo Machín,Carlos del Cerro Grande,4-2-3-1,5-4-1,2687.0,1531.0,34800000.0,29.59915375521125,179.27272727272728,64.0,32300000.0,28.912699894219404,183.0909090909091,56.0
1308,Mallorca,Celta Vigo,20:00,8,10,3,3,4,6,15,11,2,3,0,0,D,H,1,0,2023-01-20,1.2631,0.425448,0.425448,0.021455,12.210526315789474,2,1.225,0.403993,0.403993,-0.021455,21.375,3,3886506.0,10.0,17.0,Javier Aguirre,Carlos Carvalhal,Juan Luis Pulido Santana,5-4-1,5-3-2,237.0,940.0,51900000.0,29.28454981021716,181.54545454545453,167.0,92500000.0,27.250575570904115,179.45454545454547,135.0
1309,Sevilla,Cadiz,20:00,17,4,9,1,8,1,15,14,1,4,0,1,D,H,1,0,2023-01-21,0.1416,0.0765073,0.0765073,-0.8404906999999999,38.333333333333336,0,2.7393,1.66028,0.916998,0.8404906999999999,3.931034482758621,12,3886507.0,15.0,19.0,Jorge Sampaoli,Sergio,Alejandro Hernández Hernández,3-4-2-1,4-4-2,368.0,2687.0,86000000.0,30.425984692925145,184.36363636363637,471.0,35000000.0,29.28952772073922,179.72727272727272,101.0
1310,Rayo Vallecano,Real Sociedad,13:00,14,12,2,7,3,4,11,11,0,0,0,0,A,A,0,2,2023-01-21,2.085,1.43612,1.43612,0.79429,8.555555555555555,5,0.6612,0.64183,0.64183,-0.79429,10.0,7,3886504.0,9.0,3.0,Andoni Iraola,Imanol Alguacil,Mateu Lahoz,4-4-2,4-3-1-2,367.0,681.0,67000000.0,28.59436251633377,178.8181818181818,166.0,146400000.0,27.47806608176218,182.0909090909091,111.0
1311,Espanyol,Real Betis,15:15,8,13,2,4,7,4,18,8,3,2,0,0,H,H,1,0,2023-01-21,0.3994,0.835514,0.835514,-1.326196,9.214285714285714,4,2.4349,2.16171,2.16171,1.326196,14.652173913043478,3,3886505.0,13.0,6.0,Diego Martínez,Manuel Pellegrini,Pablo González Fuertes,4-4-2 double 6,4-2-3-1,714.0,150.0,67300000.0,28.27577624292203,182.63636363636363,144.0,134500000.0,29.682782651981828,182.27272727272728,368.0
1312,Atletico Madrid,Real Valladolid,17:30,18,7,8,1,4,1,12,7,1,1,0,0,H,H,3,0,2023-01-21,0.0137,0.421793,0.421793,-3.692347,11.541666666666666,5,2.9759,4.11414,4.11414,3.692347,17.85,17,3886501.0,4.0,18.0,Diego Simeone,Pacheta,De Burgos Bengoetxea,4-1-4-1,5-3-2,13.0,366.0,271000000.0,29.237010764731505,180.0,701.0,27550000.0,28.429095887001434,179.8181818181818,85.0
1313,Villarreal,Girona,13:00,19,8,9,1,3,2,21,15,5,5,0,1,D,H,1,0,2023-01-22,0.158,0.637476,0.637476,-0.671434,24.76923076923077,2,2.7578,2.79546,1.30891,0.671434,3.7777777777777777,12,3886509.0,5.0,11.0,Quique Setién,Míchel,Carlos del Cerro Grande,4-3-3 Attacking,4-2-3-1,1050.0,12321.0,177700000.0,28.70860556281501,182.72727272727272,335.0,66500000.0,27.08978906104163,182.0909090909091,90.0
1314,Elche,Osasuna,15:15,13,8,4,4,7,2,19,9,2,1,0,0,A,D,1,1,2023-01-22,0.2992,0.607835,0.607835,-1.7545349999999995,9.4375,6,2.5558,2.36237,2.36237,1.7545349999999995,9.523809523809524,3,3886503.0,20.0,7.0,Pablo Machín,Jagoba Arrasate,Alejandro Muñiz Ruiz,3-4-3,4-3-3 Attacking,1531.0,331.0,32000000.0,28.828822101922718,182.36363636363637,56.0,66250000.0,28.057494866529773,179.8181818181818,56.0
1315,Barcelona,Getafe,17:30,8,7,4,3,4,2,11,6,1,2,0,0,H,H,1,0,2023-01-22,1.8319,1.2457,1.2457,0.533634,82.8,3,0.8679999999999999,0.712066,0.712066,-0.533634,8.037037037037036,7,3886502.0,1.0,16.0,Xavi,Quique Sánchez Flores,Javier Iglesias Villanueva,4-3-3 Attacking,5-3-2,131.0,3709.0,506000000.0,25.190218405824155,179.72727272727272,504.0,83000000.0,27.502208947794166,183.8181818181818,196.0
1316,Athletic Club,Real Madrid,20:00,18,10,3,4,12,2,17,10,3,2,0,0,A,A,0,2,2023-01-22,1.2018,0.946951,0.946951,-0.2090889999999999,18.63636363636364,5,1.4966999999999997,1.15604,1.15604,0.2090889999999999,9.266666666666667,8,3886500.0,8.0,2.0,Ernesto Valverde,Carlo Ancelotti,José María Sánchez Martínez,4-2-3-1,4-3-3 Attacking,621.0,418.0,146200000.0,26.535747619936533,183.45454545454547,127.0,563000000.0,27.456661066517327,183.8181818181818,563.0
1317,Valencia,Almeria,20:00,16,14,6,3,6,2,8,8,2,1,0,0,D,D,2,2,2023-01-23,0.6771,1.68834,0.945066,-1.761954,13.5,8,2.1057,2.70702,2.70702,1.761954,7.6,6,3886508.0,12.0,14.0,Gennaro Gattuso,Rubi,Jesús Gil Manzano,4-4-2,4-3-3 Attacking,1049.0,3302.0,142300000.0,25.90853089415718,180.45454545454547,285.0,55300000.0,26.022276149586208,180.63636363636363,55.0
1318,Almeria,Espanyol,20:00,19,6,7,3,2,2,16,6,3,3,0,0,H,H,3,1,2023-01-27,0.4274,0.805809,0.805809,-1.374171,10.590909090909092,2,2.3885,2.17998,2.17998,1.374171,6.52,6,3886512.0,11.0,15.0,Rubi,Diego Martínez,Javier Iglesias Villanueva,4-3-3 Attacking,4-1-3-2,3302.0,714.0,46500000.0,28.15705307697094,180.0,28.0,67300000.0,28.292203347644826,182.63636363636363,144.0
1319,Getafe,Real Betis,20:00,6,13,1,2,6,1,25,12,4,2,0,0,D,A,0,1,2023-01-28,2.7607,2.00036,1.25709,1.050707,6.96,7,0.1426,0.206383,0.206383,-1.050707,9.529411764705882,4,3886516.0,19.0,6.0,Quique Sánchez Flores,Manuel Pellegrini,Guillermo Cuadra Fernández,5-3-2,4-2-3-1,3709.0,150.0,83000000.0,27.518636052516957,183.8181818181818,196.0,157000000.0,27.790429967021343,183.27272727272728,237.0
1320,Sevilla,Elche,17:30,22,6,8,1,5,2,7,8,1,3,0,1,H,H,3,0,2023-01-28,0.0693,0.340633,0.340633,-2.932337,41.9,5,2.8878,3.27297,3.27297,2.932337,4.333333333333333,17,3886517.0,13.0,20.0,Jorge Sampaoli,Pablo Machín,César Soto Grado,4-3-3 Attacking,3-4-2-1,368.0,1531.0,91000000.0,30.293074481986185,181.72727272727272,450.0,29500000.0,29.481923962416776,182.45454545454547,53.0
1321,Cadiz,Mallorca,13:00,11,9,4,2,6,2,13,12,2,2,0,0,H,H,2,0,2023-01-28,0.2148999999999999,0.306812,0.306812,-0.781208,11.933333333333334,2,2.6533,1.8313,1.08802,0.781208,11.16,6,3886510.0,18.0,10.0,Sergio,Javier Aguirre,De Burgos Bengoetxea,4-4-2,5-4-1,2687.0,237.0,34200000.0,29.925206894406074,179.8181818181818,101.0,64300000.0,28.752660070935224,182.1818181818182,175.0
1322,Girona,Barcelona,15:15,8,8,2,3,4,2,10,15,2,3,1,0,D,A,0,1,2023-01-28,1.435,0.981042,0.981042,0.087253,8.88888888888889,8,1.1902,0.893789,0.893789,-0.087253,16.444444444444443,3,3886515.0,12.0,1.0,Míchel,Xavi,Alejandro Muñiz Ruiz,4-2-3-1,4-3-3 Attacking,12321.0,131.0,77500000.0,26.129301225810465,181.9090909090909,78.0,489000000.0,25.799016862671895,182.1818181818182,485.0
1323,Real Valladolid,Valencia,13:00,13,15,6,2,4,7,14,15,3,1,0,0,D,H,1,0,2023-01-29,1.0179,1.05725,1.05725,-0.41324,11.952380952380953,6,1.7076,1.47049,1.47049,0.41324,5.382352941176471,0,3886518.0,17.0,14.0,Pacheta,Gennaro Gattuso,Jorge Figueroa Vázquez,4-3-3 Attacking,4-3-3 Attacking,366.0,1049.0,29500000.0,29.11878538983262,178.72727272727272,64.0,137300000.0,24.637421442349577,181.9090909090909,294.0
1324,Osasuna,Atletico Madrid,15:15,14,13,4,5,5,4,13,7,1,0,0,0,D,A,0,1,2023-01-29,1.8179,1.29745,1.29745,0.556057,22.53846153846154,3,0.8795,0.741393,0.741393,-0.556057,13.045454545454543,4,3886514.0,8.0,4.0,Jagoba Arrasate,Diego Simeone,Javier Alberola Rojas,4-3-3 Attacking,4-4-2,331.0,13.0,76250000.0,27.247339929064776,179.0909090909091,55.0,281500000.0,27.806608176218035,178.8181818181818,643.0
1325,Celta Vigo,Athletic Club,17:30,9,5,3,0,2,5,17,19,3,2,0,0,D,H,1,0,2023-01-29,0.8104,0.232576,0.232576,-0.38207,7.266666666666667,5,1.7158,0.614646,0.614646,0.38207,10.0,8,3886513.0,16.0,9.0,Carlos Carvalhal,Ernesto Valverde,Isidro Díaz de Mera Escuderos,4-4-2 Diamond,4-2-3-1,940.0,621.0,94500000.0,27.09252691182876,180.0909090909091,197.0,116000000.0,28.243668720054757,181.0909090909091,101.0
1326,Real Madrid,Real Sociedad,20:00,20,8,7,3,10,3,8,19,1,4,0,0,D,D,0,0,2023-01-29,0.514,0.370087,0.370087,-1.034673,11.653846153846152,4,2.2285,1.40476,1.40476,1.034673,11.875,16,3886511.0,2.0,3.0,Carlo Ancelotti,Imanol Alguacil,Mario Melero López,4-3-3 Attacking,4-3-3 Attacking,418.0,681.0,601000000.0,27.517142679360344,183.36363636363637,552.0,244000000.0,26.519818306265947,182.45454545454547,233.0
1327,Villarreal,Rayo Vallecano,20:00,12,11,3,3,5,4,11,18,2,3,0,0,D,A,0,1,2023-01-30,1.0408,0.830107,0.830107,-0.366653,9.9,1,1.6246,1.19676,1.19676,0.366653,6.791666666666667,10,3886519.0,5.0,7.0,Quique Setién,Andoni Iraola,Juan Luis Pulido Santana,4-1-4-1,4-2-3-1,1050.0,367.0,156500000.0,27.42554912575446,181.72727272727272,201.0,63000000.0,27.92483355111692,181.45454545454547,164.0
1328,Real Betis,Barcelona,20:00,5,13,1,3,1,6,17,9,3,0,1,0,D,A,1,2,2023-02-01,2.6123,2.38335,2.38335,1.622769,6.275862068965517,16,0.2423,0.760581,0.760581,-1.622769,15.541666666666666,7,3886496.0,6.0,1.0,Manuel Pellegrini,Xavi,De Burgos Bengoetxea,4-2-3-1,4-3-3 Attacking,150.0,131.0,182000000.0,28.112998568850728,183.0,214.0,575000000.0,25.86522307261527,182.0,681.0
1329,Real Madrid,Valencia,20:00,19,4,7,0,6,6,12,17,3,1,0,1,D,H,2,0,2023-02-02,0.0953,0.213484,0.213484,-2.391056,21.526315789473685,5,2.8421000000000003,2.60454,2.60454,2.391056,5.444444444444445,11,3886492.0,2.0,12.0,Carlo Ancelotti,Voro,Javier Alberola Rojas,4-3-3 Attacking,4-3-3 Attacking,418.0,1049.0,456000000.0,29.14939953954328,183.1818181818182,676.0,164000000.0,26.472030365254184,182.1818181818182,281.0
1330,Athletic Club,Cadiz,20:00,17,15,9,3,0,3,14,12,2,1,1,0,H,H,4,1,2023-02-03,0.8013999999999999,1.55348,1.55348,-0.7486100000000002,8.227272727272727,7,1.9531000000000005,2.30209,2.30209,0.7486100000000002,16.944444444444443,3,3886520.0,8.0,18.0,Ernesto Valverde,Sergio,Valentin Pizarro Gomez,4-3-3 Attacking,4-3-3 Attacking,621.0,2687.0,145300000.0,28.317092900255115,182.45454545454547,103.0,35200000.0,29.25294007840209,179.63636363636363,37.0
1331,Atletico Madrid,Getafe,17:30,12,9,4,1,8,0,11,18,3,5,0,0,D,D,1,1,2023-02-04,1.4962,1.13659,0.393315,-0.6200949999999998,17.2,4,1.1701,1.01341,1.01341,0.6200949999999998,7.391304347826087,9,3886521.0,4.0,19.0,Diego Simeone,Quique Sánchez Flores,Mateu Lahoz,4-1-4-1,5-3-2,13.0,3709.0,278500000.0,29.157115300852467,179.72727272727272,705.0,99500000.0,27.350382676871387,181.8181818181818,210.0
1332,Real Betis,Celta Vigo,20:00,15,9,7,7,5,5,11,13,2,3,1,0,D,A,3,4,2023-02-04,0.6495,2.30434,2.30434,-0.49356,13.0,3,2.1738,3.54117,2.7979,0.49356,7.52,11,3886523.0,7.0,12.0,Manuel Pellegrini,Carlos Carvalhal,Carlos del Cerro Grande,4-2-3-1,4-4-2,150.0,940.0,164500000.0,29.625536680978158,180.1818181818182,333.0,101200000.0,25.795781220832556,179.54545454545453,122.0
1333,Espanyol,Osasuna,13:00,9,9,4,3,4,3,9,17,3,5,1,1,A,D,1,1,2023-02-04,0.6785,0.919455,0.919455,-0.6444850000000001,7.608695652173913,0,1.9988,1.56394,1.56394,0.6444850000000001,17.875,6,3886526.0,15.0,9.0,Diego Martínez,Jagoba Arrasate,Jesús Gil Manzano,4-4-2 double 6,4-1-4-1,714.0,331.0,63800000.0,27.639848173729078,180.9090909090909,144.0,81250000.0,27.949474208201107,181.8181818181818,81.0
1334,Elche,Villarreal,15:15,18,14,7,2,6,10,19,8,4,2,0,0,H,H,3,1,2023-02-04,0.5114000000000001,1.48923,1.48923,0.08593,6.923076923076923,7,2.3192,2.88986,1.4033,-0.08593,9.285714285714286,8,3886524.0,20.0,6.0,Pablo Machín,Quique Setién,José Luis Munuera Montero,3-4-3,4-3-3 Attacking,1531.0,1050.0,33300000.0,28.519444962976788,183.27272727272728,67.0,156700000.0,29.211623421069007,182.63636363636363,275.0
1335,Barcelona,Sevilla,20:00,16,3,7,1,8,3,8,10,0,2,0,0,D,H,3,0,2023-02-05,0.0141,0.0413799,0.0413799,-3.0562501,25.125,2,2.9733,3.09763,3.09763,3.0562501,11.130434782608695,14,3886522.0,1.0,16.0,Xavi,Jorge Sampaoli,José María Sánchez Martínez,4-3-3 Attacking,5-4-1,131.0,368.0,550000000.0,27.201294256735732,181.36363636363637,767.0,104000000.0,28.443034036463192,184.27272727272728,527.0
1336,Real Sociedad,Real Valladolid,17:30,15,7,4,2,0,4,17,14,4,5,0,0,D,A,0,1,2023-02-05,0.9432,0.781504,0.781504,-0.434426,9.03225806451613,1,1.7343,1.21593,1.21593,0.434426,7.846153846153846,3,3886527.0,3.0,13.0,Imanol Alguacil,Pacheta,Pablo González Fuertes,4-3-2-1,4-2-3-1,681.0,366.0,157400000.0,25.19967643581607,181.9090909090909,189.0,35000000.0,28.10154937464999,178.0,145.0
1337,Mallorca,Real Madrid,13:00,4,20,1,1,1,12,29,14,5,5,0,0,H,H,1,0,2023-02-05,2.4658999999999995,1.39842,0.655139,0.413544,4.103448275862069,5,0.3248,0.241595,0.241595,-0.413544,11.724137931034482,1,3886525.0,10.0,2.0,Javier Aguirre,Carlo Ancelotti,Alejandro Hernández Hernández,5-4-1,4-3-3 Attacking,237.0,418.0,62400000.0,29.02171613465248,180.27272727272728,211.0,553000000.0,25.81942629581233,181.54545454545453,460.0
1338,Girona,Valencia,15:15,20,8,8,4,8,4,11,10,1,4,0,0,D,H,1,0,2023-02-05,0.3515999999999999,0.877751,0.877751,-1.692399,23.428571428571427,4,2.5011,2.57015,2.57015,1.692399,15.705882352941176,8,3886528.0,11.0,17.0,Míchel,Voro,Javier Iglesias Villanueva,4-4-2 double 6,4-1-4-1,12321.0,1049.0,52000000.0,27.206272167257794,181.63636363636363,28.0,153300000.0,25.22282371974364,180.8181818181818,297.0
1339,Rayo Vallecano,Almeria,20:00,15,14,11,5,3,7,16,9,3,3,0,0,D,H,2,0,2023-02-06,1.3376,1.37549,1.37549,-0.0052999999999998,9.565217391304348,3,1.3775,1.38079,1.38079,0.0052999999999998,7.758620689655173,4,3886529.0,5.0,14.0,Andoni Iraola,Rubi,César Soto Grado,4-2-3-1,4-3-3 Attacking,367.0,3302.0,63000000.0,27.904921909028687,180.63636363636363,135.0,50300000.0,27.396926140252628,180.54545454545453,32.0
1340,Cadiz,Girona,20:00,12,7,3,1,5,6,17,11,4,4,0,0,H,H,2,0,2023-02-10,0.7511,0.213596,0.213596,-0.504266,6.619047619047619,0,1.7993,0.717862,0.717862,0.504266,7.837837837837838,4,3886531.0,16.0,11.0,Sergio,Míchel,Juan Luis Pulido Santana,4-4-2,4-4-2 double 6,2687.0,12321.0,34000000.0,30.04865907535312,178.72727272727272,37.0,65500000.0,26.90909090909091,181.63636363636363,40.0
1341,Almeria,Real Betis,15:15,16,12,9,7,8,2,12,10,2,3,0,0,A,A,2,3,2023-02-11,2.2364999999999995,3.30673,3.30673,1.2973599999999998,11.68421052631579,9,0.603,2.00937,2.00937,-1.2973599999999998,11.4,7,3886533.0,15.0,5.0,Rubi,Manuel Pellegrini,Javier Alberola Rojas,4-2-3-1,4-2-3-1,3302.0,150.0,44200000.0,28.068197374152202,180.36363636363637,29.0,140500000.0,28.989359716259102,180.45454545454547,329.0
1342,Sevilla,Mallorca,17:30,15,6,6,0,8,2,9,14,5,2,0,0,H,H,2,0,2023-02-11,0.0998,0.206824,0.206824,-1.961216,12.772727272727272,5,2.8295,2.16804,2.16804,1.961216,15.583333333333334,7,3886538.0,12.0,10.0,Jorge Sampaoli,Javier Aguirre,Javier Iglesias Villanueva,3-4-2-1,5-4-1,368.0,237.0,94000000.0,28.05600149337316,183.72727272727272,393.0,66700000.0,28.373094393628275,182.45454545454547,265.0
1343,Valencia,Athletic Club,20:00,18,11,8,3,7,1,11,17,2,2,0,0,D,A,1,2,2023-02-11,1.1071,1.34748,1.34748,-0.32802,6.653846153846154,4,1.6288,1.6755,1.6755,0.32802,8.310344827586206,8,3886534.0,18.0,7.0,Voro,Ernesto Valverde,César Soto Grado,4-3-3 Attacking,4-2-3-1,1049.0,621.0,146000000.0,25.57301972497044,182.63636363636363,323.0,146300000.0,28.045547881276832,182.36363636363637,103.0
1344,Getafe,Rayo Vallecano,13:00,13,19,4,4,5,6,21,19,4,4,1,0,A,D,1,1,2023-02-12,1.7251,1.70522,0.962068,0.467951,8.35,3,0.9793,1.23739,0.494117,-0.467951,7.933333333333334,3,3886530.0,19.0,6.0,Quique Sánchez Flores,Andoni Iraola,Isidro Díaz de Mera Escuderos,4-4-2,4-2-3-1,3709.0,367.0,98000000.0,26.806297056810408,182.0909090909091,121.0,68000000.0,28.530645261651422,179.63636363636363,135.0
1345,Celta Vigo,Atletico Madrid,15:15,14,10,3,2,7,5,10,13,2,2,0,1,D,A,0,1,2023-02-12,1.2355,0.955578,0.955578,-0.1014219999999999,8.166666666666666,6,1.4395,1.057,1.057,0.1014219999999999,11.96,5,3886535.0,14.0,4.0,Carlos Carvalhal,Diego Simeone,Jorge Figueroa Vázquez,4-4-2,4-3-3 Attacking,940.0,13.0,102700000.0,25.95507435753842,179.45454545454547,213.0,260500000.0,28.49853773878414,181.8181818181818,677.0
1346,Real Valladolid,Osasuna,17:30,18,15,5,4,10,4,13,16,1,3,0,0,D,D,0,0,2023-02-12,0.6926,1.03574,1.03574,-0.92874,9.454545454545457,4,2.0756,1.96448,1.96448,0.92874,7.035714285714286,6,3886539.0,13.0,9.0,Pacheta,Jagoba Arrasate,Guillermo Cuadra Fernández,4-2-3-1,4-3-3 Attacking,366.0,331.0,35000000.0,28.120714330159913,178.0,145.0,65500000.0,28.317341795781218,181.0,57.0
1347,Villarreal,Barcelona,20:00,11,7,2,4,6,2,22,18,4,4,0,0,A,A,0,1,2023-02-12,1.6258,1.37827,1.37827,0.3267600000000001,5.311111111111111,6,1.0795,1.05151,1.05151,-0.3267600000000001,6.685714285714286,5,3886536.0,8.0,1.0,Quique Setién,Xavi,Alejandro Hernández Hernández,4-4-2,4-3-3 Attacking,1050.0,131.0,154700000.0,30.660444278514092,182.0,191.0,598000000.0,25.12923900192894,181.45454545454547,637.0
1348,Espanyol,Real Sociedad,20:00,10,11,6,5,4,3,9,17,4,1,1,0,A,A,2,3,2023-02-13,1.278,1.20722,1.20722,-0.0501100000000001,7.107142857142857,8,1.3869,1.25733,1.25733,0.0501100000000001,12.727272727272728,2,3886532.0,17.0,3.0,Diego Martínez,Imanol Alguacil,Alejandro Muñiz Ruiz,4-4-2 double 6,4-3-3 Attacking,714.0,681.0,61300000.0,27.466616887561443,180.0,78.0,233000000.0,26.263207018853837,182.72727272727272,233.0
1349,Real Madrid,Elche,20:00,26,7,13,0,6,4,5,13,1,3,0,0,H,H,4,0,2023-02-15,0.0479,0.619125,0.619125,-1.937955,23.36842105263158,5,2.9228,4.04364,2.55708,1.937955,8.428571428571429,19,3886537.0,2.0,20.0,Carlo Ancelotti,Pablo Machín,De Burgos Bengoetxea,4-3-3 Attacking,3-5-2,418.0,1531.0,458000000.0,27.235641839337937,181.27272727272728,534.0,27100000.0,28.14933731566175,183.9090909090909,58.0
1350,Girona,Almeria,20:00,14,16,8,4,1,7,10,8,1,1,0,0,H,H,6,2,2023-02-17,0.3125,1.23696,1.23696,-1.9889,12.043478260869565,2,2.5682,3.22586,3.22586,1.9889,17.571428571428573,9,3886558.0,11.0,17.0,Míchel,Rubi,Valentin Pizarro Gomez,4-2-3-1,4-3-3 Attacking,12321.0,3302.0,87500000.0,26.696285234272917,181.8181818181818,103.0,47000000.0,27.660257606869518,181.36363636363637,37.0
1351,Osasuna,Real Madrid,20:00,11,11,4,6,5,5,17,7,3,2,0,0,D,A,0,2,2023-02-18,2.5133,1.86475,1.86475,1.464208,26.666666666666668,7,0.3209,0.400542,0.400542,-1.464208,10.692307692307692,3,3886554.0,10.0,2.0,Jagoba Arrasate,Carlo Ancelotti,José Luis Munuera Montero,4-2-3-1,4-3-3 Attacking,331.0,418.0,91500000.0,27.965652417397795,181.8181818181818,92.0,608000000.0,27.554228112749673,181.9090909090909,763.0
1352,Mallorca,Villarreal,17:30,13,8,5,4,4,4,19,8,5,0,0,1,H,H,4,2,2023-02-18,0.3597,1.01893,1.01893,-1.7250000000000003,13.0,1,2.4894,2.74393,2.74393,1.7250000000000003,8.53125,5,3886552.0,9.0,8.0,Javier Aguirre,Quique Setién,José María Sánchez Martínez,5-4-1,4-1-4-1,237.0,1050.0,65900000.0,28.46742579802128,180.63636363636363,198.0,156700000.0,30.8227241615332,183.1818181818182,266.0
1353,Real Sociedad,Celta Vigo,13:00,9,18,3,4,3,7,14,12,3,5,0,1,H,D,1,1,2023-02-18,1.1919,1.34253,1.34253,-0.18649,11.36,10,1.5372,1.52902,1.52902,0.18649,10.352941176470589,4,3886557.0,3.0,14.0,Imanol Alguacil,Carlos Carvalhal,Miguel Ángel Ortiz Arias,4-3-3 Attacking,4-4-2,681.0,940.0,233000000.0,26.276896272789497,182.72727272727272,233.0,101200000.0,25.834111131852406,179.54545454545453,122.0
1354,Real Betis,Real Valladolid,15:15,16,17,10,3,4,6,18,15,3,5,0,0,H,H,2,1,2023-02-18,0.5367000000000001,0.97905,0.97905,-0.4958899999999999,6.064516129032258,3,2.2716000000000003,2.21822,1.47494,0.4958899999999999,6.852941176470588,8,3886550.0,5.0,15.0,Manuel Pellegrini,Pacheta,Mateu Lahoz,4-2-3-1,4-2-3-1,150.0,366.0,145500000.0,30.285109825150894,180.0909090909091,189.0,41000000.0,27.566672889054818,179.0909090909091,232.0
1355,Elche,Espanyol,13:00,19,11,5,4,10,5,11,12,2,3,1,0,D,A,0,1,2023-02-19,1.1995,1.35887,1.35887,-0.2426699999999999,7.476190476190476,7,1.5328000000000002,1.60154,1.60154,0.2426699999999999,8.444444444444445,8,3886551.0,20.0,13.0,Pablo Machín,Diego Martínez,Carlos del Cerro Grande,3-4-3,3-5-2,1531.0,714.0,31300000.0,28.824839773505072,183.27272727272728,67.0,58500000.0,27.143052703627653,180.9090909090909,91.0
1356,Rayo Vallecano,Sevilla,15:15,18,7,5,2,7,3,15,6,4,1,0,0,A,D,1,1,2023-02-19,0.5777,0.476153,0.476153,-0.8985269999999999,9.608695652173912,4,2.1509,1.37468,1.37468,0.8985269999999999,6.923076923076923,1,3886555.0,6.0,12.0,Andoni Iraola,Jorge Sampaoli,Jesús Gil Manzano,4-2-3-1,5-4-1,367.0,368.0,68000000.0,28.549810217161347,179.63636363636363,135.0,108000000.0,28.3327733183996,182.45454545454547,289.0
1357,Atletico Madrid,Athletic Club,17:30,17,8,5,2,6,5,7,13,2,3,0,0,D,H,1,0,2023-02-19,1.3054,1.00816,1.00816,-0.0567699999999999,18.05263157894737,6,1.3741,1.06493,1.06493,0.0567699999999999,13.157894736842104,8,3886556.0,4.0,7.0,Diego Simeone,Ernesto Valverde,Juan Martínez Munuera,4-4-2,4-2-3-1,13.0,621.0,318000000.0,28.824093086926766,180.0,713.0,134800000.0,27.782714205712157,182.8181818181818,79.0
1358,Barcelona,Cadiz,20:00,16,14,5,4,5,6,15,18,2,3,0,0,H,H,2,0,2023-02-19,0.7783,1.404,1.404,-0.8853500000000003,17.428571428571427,1,1.999,2.28935,2.28935,0.8853500000000003,7.956521739130435,20,3886549.0,1.0,18.0,Xavi,Sergio,Pablo González Fuertes,4-3-3 Attacking,4-2-3-1,131.0,2687.0,433000000.0,25.137452554290338,181.0,529.0,34000000.0,29.372161035405387,178.54545454545453,61.0
1359,Getafe,Valencia,20:00,15,8,6,3,4,5,11,8,6,1,0,0,D,H,1,0,2023-02-20,0.6333,1.09398,1.09398,-1.0399,8.5625,5,2.1468,2.13388,2.13388,1.0399,18.6,4,3886553.0,16.0,19.0,Quique Sánchez Flores,Rubén Baraja,Mario Melero López,4-4-2,4-3-3 Attacking,3709.0,1049.0,93000000.0,27.29313670586771,182.0909090909091,219.0,150000000.0,24.703378756766845,181.27272727272728,179.0
1360,Elche,Real Betis,20:00,4,21,2,9,3,3,16,9,4,1,2,0,H,A,2,3,2023-02-24,2.9386,4.05176,1.82192,1.681263,3.727272727272727,9,0.037,0.883935,0.140657,-1.681263,23.08333333333333,0,3886565.0,20.0,5.0,Pablo Machín,Manuel Pellegrini,Javier Iglesias Villanueva,3-4-2-1,4-2-3-1,1531.0,150.0,29800000.0,29.306950407566422,183.27272727272728,64.0,117500000.0,29.591935784954263,179.63636363636363,353.0
1361,Espanyol,Mallorca,13:00,9,15,3,4,0,4,15,18,2,2,0,0,D,H,2,1,2023-02-25,0.3732,0.557974,0.557974,-1.435916,8.578947368421053,5,2.4636000000000005,1.99389,1.99389,1.435916,7.9,2,3886562.0,12.0,10.0,Diego Martínez,Javier Aguirre,Javier Alberola Rojas,4-3-3 Attacking,5-3-2,714.0,237.0,64000000.0,28.493559828262086,181.0,152.0,66900000.0,28.96944807417087,181.63636363636363,230.0
1362,Cadiz,Rayo Vallecano,15:15,5,11,3,2,4,6,19,19,3,4,0,1,D,H,1,0,2023-02-25,0.8572,0.407208,0.407208,-0.4092449999999999,4.739130434782608,2,1.7551,0.816453,0.816453,0.4092449999999999,6.709677419354839,0,3886561.0,16.0,6.0,Sergio,Andoni Iraola,Alejandro Muñiz Ruiz,4-4-2,4-4-2,2687.0,367.0,30500000.0,30.731877294505633,179.9090909090909,37.0,74000000.0,27.97759940265074,179.63636363636363,139.0
1363,Real Madrid,Atletico Madrid,17:30,18,7,7,2,7,4,10,8,3,3,0,1,D,D,1,1,2023-02-25,0.3269999999999999,0.217661,0.217661,-1.3455089999999998,17.055555555555557,5,2.4690000000000003,1.56317,1.56317,1.3455089999999998,9.909090909090908,4,3886564.0,2.0,4.0,Carlo Ancelotti,Diego Simeone,Jesús Gil Manzano,4-3-3 Attacking,4-4-2,418.0,13.0,498000000.0,29.027440731752847,183.27272727272728,576.0,225500000.0,28.410428722543713,181.45454545454547,602.0
1364,Valencia,Real Sociedad,20:00,8,11,3,3,7,8,13,12,6,3,0,0,H,H,1,0,2023-02-25,1.5288,0.817876,0.817876,0.181765,5.0,2,1.1019,0.636111,0.636111,-0.181765,10.043478260869565,4,3886568.0,18.0,3.0,Rubén Baraja,Imanol Alguacil,Alejandro Hernández Hernández,4-3-3 Attacking,4-1-4-1,1049.0,681.0,125000000.0,25.15039512164769,181.45454545454547,129.0,276000000.0,25.724099309314912,183.63636363636363,274.0
1365,Almeria,Barcelona,17:30,7,14,4,1,4,7,13,11,3,3,0,0,H,H,1,0,2023-02-26,1.5935,1.15571,1.15571,0.327683,3.952380952380953,13,1.0784,0.828027,0.828027,-0.327683,20.0,1,3886563.0,15.0,1.0,Rubi,Xavi,Miguel Ángel Ortiz Arias,4-4-2 double 6,4-3-3 Attacking,3302.0,131.0,50700000.0,27.547756829070998,181.9090909090909,57.0,355000000.0,27.953456536618752,181.63636363636363,801.0
1366,Sevilla,Osasuna,20:00,22,11,8,4,10,2,10,15,4,2,1,0,A,A,2,3,2023-02-26,0.636,1.34283,1.34283,-1.03894,12.37037037037037,3,2.1531,2.38177,2.38177,1.03894,10.615384615384617,8,3886567.0,14.0,8.0,Jorge Sampaoli,Jagoba Arrasate,Juan Luis Pulido Santana,3-4-2-1,4-3-3 Attacking,368.0,331.0,92500000.0,29.351502706738845,183.72727272727272,518.0,62700000.0,27.974612656337502,181.45454545454547,18.0
1367,Athletic Club,Girona,13:00,17,8,3,4,11,3,17,8,5,5,0,0,A,A,2,3,2023-02-26,1.3468999999999998,1.33877,1.33877,-0.00587,10.095238095238097,5,1.3442,1.34464,1.34464,0.00587,5.617647058823529,3,3886559.0,9.0,11.0,Ernesto Valverde,Míchel,Isidro Díaz de Mera Escuderos,4-2-3-1,4-1-4-1,621.0,12321.0,132200000.0,28.114740837533443,183.36363636363637,89.0,88000000.0,26.7209258913571,181.8181818181818,103.0
1368,Celta Vigo,Real Valladolid,15:15,18,6,4,3,5,4,6,5,1,3,0,1,H,H,3,0,2023-02-26,0.2241,0.902118,0.902118,-2.073852,11.55,4,2.6661,2.97597,2.97597,2.073852,8.296296296296296,9,3886560.0,13.0,17.0,Carlos Carvalhal,Pacheta,De Burgos Bengoetxea,4-4-2,4-2-3-1,940.0,366.0,94000000.0,27.296621243233155,178.1818181818182,95.0,36800000.0,28.128181195943,180.72727272727272,186.0
1369,Villarreal,Getafe,20:00,11,8,5,3,6,6,9,13,0,1,0,0,D,H,2,1,2023-02-27,0.3151,0.467981,0.467981,-1.443519,9.28125,3,2.5246,1.9115,1.9115,1.443519,8.882352941176471,12,3886566.0,7.0,19.0,Quique Setién,Quique Sánchez Flores,Jorge Figueroa Vázquez,4-3-3 Attacking,4-2-3-1,1050.0,3709.0,157200000.0,30.04044552299172,182.1818181818182,227.0,90500000.0,27.68091593553606,182.63636363636363,267.0
1370,Real Sociedad,Cadiz,20:00,15,6,3,2,4,0,18,18,0,1,0,0,D,D,0,0,2023-03-03,1.169,0.847252,0.847252,-0.2284979999999999,10.333333333333334,4,1.4858,1.07575,1.07575,0.2284979999999999,2.7666666666666666,4,3886577.0,4.0,15.0,Imanol Alguacil,Sergio,Mateu Lahoz,4-3-1-2,4-2-3-1,681.0,2687.0,270000000.0,26.189036152075165,182.63636363636363,203.0,32500000.0,30.088482359529586,179.36363636363637,37.0
1371,Atletico Madrid,Sevilla,20:00,18,8,8,1,7,3,12,11,1,4,0,1,H,H,6,1,2023-03-04,0.4731999999999999,1.76791,1.02463,-2.02719,17.57894736842105,4,2.3269,3.05182,3.05182,2.02719,18.09523809523809,11,3886569.0,3.0,17.0,Diego Simeone,Jorge Sampaoli,Guillermo Cuadra Fernández,3-5-2,4-3-3 Attacking,13.0,368.0,242500000.0,29.93790056623732,181.45454545454547,843.0,106500000.0,28.445522991724225,183.72727272727272,522.0
1372,Mallorca,Elche,17:30,14,15,3,6,6,7,17,14,3,3,0,0,D,A,0,1,2023-03-04,1.3087,0.957134,0.957134,-0.0051759999999999,10.409090909090908,5,1.3528,0.96231,0.96231,0.0051759999999999,8.545454545454545,7,3886576.0,10.0,20.0,Javier Aguirre,Pablo Machín,José Luis Munuera Montero,3-5-2 Attacking,3-1-4-2,237.0,1531.0,68400000.0,28.394499408873127,181.9090909090909,196.0,27200000.0,29.451309812706118,183.27272727272728,34.0
1373,Getafe,Girona,13:00,10,9,6,7,3,3,24,11,5,4,0,0,H,H,3,2,2023-03-04,0.5335,0.845978,0.845978,-0.2799219999999999,7.4375,3,2.2255,1.86918,1.1259,0.2799219999999999,7.911764705882353,6,3886572.0,16.0,11.0,Quique Sánchez Flores,Míchel,Juan Martínez Munuera,3-4-3,4-1-4-1,3709.0,12321.0,74500000.0,28.356169497853276,183.0,266.0,88000000.0,26.737352996079895,181.8181818181818,103.0
1374,Almeria,Villarreal,15:15,6,16,0,6,2,10,11,10,2,4,0,0,D,A,0,2,2023-03-04,2.678,2.37286,2.37286,2.001819,8.538461538461538,21,0.2077999999999999,0.371041,0.371041,-2.001819,16.5,3,3886573.0,18.0,6.0,Rubi,Quique Setién,Pablo González Fuertes,4-4-2,4-3-3 Attacking,3302.0,1050.0,52000000.0,27.54900130670151,181.1818181818182,57.0,174200000.0,28.870138759255802,180.8181818181818,242.0
1375,Real Valladolid,Espanyol,13:00,15,12,5,2,9,6,4,11,3,2,0,0,H,H,2,1,2023-03-05,0.9845,0.946065,0.946065,-0.4344149999999999,8.666666666666666,6,1.7324000000000002,1.38048,1.38048,0.4344149999999999,13.235294117647058,5,3886578.0,14.0,13.0,Pacheta,Diego Martínez,Valentin Pizarro Gomez,4-3-3 Attacking,4-2-3-1,366.0,714.0,40300000.0,28.620496546574575,181.72727272727272,218.0,68500000.0,28.46120340986871,182.27272727272728,152.0
1376,Barcelona,Valencia,15:15,13,13,4,1,5,2,11,13,0,0,1,0,H,H,1,0,2023-03-05,0.3608,0.629336,0.629336,-0.7193740000000001,10.555555555555555,5,2.483,2.09199,1.34871,0.7193740000000001,8.826086956521738,8,3886570.0,1.0,19.0,Xavi,Rubén Baraja,Javier Alberola Rojas,4-3-3 Attacking,4-5-1,131.0,1049.0,435000000.0,26.0471657021965,182.45454545454547,524.0,115000000.0,23.319519631634623,182.1818181818182,131.0
1377,Rayo Vallecano,Athletic Club,17:30,18,16,2,3,7,9,9,17,1,0,0,1,D,D,0,0,2023-03-05,1.7235999999999998,1.25683,1.25683,0.4028709999999998,5.0,4,0.979,0.853959,0.853959,-0.4028709999999998,9.88888888888889,2,3886574.0,7.0,9.0,Andoni Iraola,Ernesto Valverde,Mario Melero López,4-2-3-1,4-2-3-1,367.0,621.0,62500000.0,28.26034472030365,179.0909090909091,139.0,116000000.0,26.831186609420694,181.9090909090909,73.0
1378,Real Betis,Real Madrid,20:00,8,15,4,5,5,3,12,13,3,4,0,0,D,D,0,0,2023-03-05,1.823,1.14462,1.14462,0.55168,7.566666666666666,15,0.8476999999999999,0.59294,0.59294,-0.55168,17.47826086956522,3,3886571.0,5.0,2.0,Manuel Pellegrini,Carlo Ancelotti,César Soto Grado,4-2-3-1,4-3-3 Attacking,150.0,418.0,114000000.0,29.085184493808722,182.36363636363637,216.0,698000000.0,27.165702196503016,183.54545454545453,563.0
1379,Osasuna,Celta Vigo,20:00,10,6,5,0,6,4,12,12,0,2,0,0,D,D,0,0,2023-03-06,0.9097,0.726128,0.726128,-0.437002,19.27777777777778,1,1.7539,1.16313,1.16313,0.437002,5.620689655172414,3,3886575.0,8.0,12.0,Jagoba Arrasate,Carlos Carvalhal,José María Sánchez Martínez,4-3-3 Attacking,4-4-2,331.0,940.0,109000000.0,27.518636052516957,181.0,101.0,101000000.0,26.59523365067513,178.54545454545453,121.0
1380,Cadiz,Getafe,20:00,11,16,4,10,2,6,13,16,4,5,1,1,H,D,2,2,2023-03-10,2.1661,2.6986,1.21205,0.223253,7.263157894736842,4,0.6193,1.73207,0.988797,-0.223253,8.933333333333334,5,3886584.0,16.0,18.0,Sergio,Quique Sánchez Flores,Alejandro Hernández Hernández,4-4-2,3-4-3,2687.0,3709.0,30500000.0,30.76746935473835,179.9090909090909,37.0,73500000.0,27.81656399726215,184.8181818181818,264.0
1381,Real Madrid,Espanyol,13:00,22,10,7,3,7,4,12,17,3,2,0,0,H,H,3,1,2023-03-11,0.8685,1.10182,1.10182,-0.68052,10.6,2,1.8798,1.78234,1.78234,0.68052,8.473684210526315,7,3886587.0,2.0,15.0,Carlo Ancelotti,Diego Martínez,Jorge Figueroa Vázquez,4-3-3 Attacking,4-4-2 double 6,418.0,714.0,664000000.0,27.624416651110696,181.45454545454547,652.0,55700000.0,27.908406446394125,185.27272727272728,153.0
1382,Elche,Real Valladolid,15:15,24,5,10,1,10,3,19,11,4,6,0,2,A,D,1,1,2023-03-11,0.0907,0.246865,0.246865,-2.556005,7.904761904761905,5,2.8459,2.80287,2.80287,2.556005,5.0,6,3886582.0,20.0,14.0,Pablo Machín,Pacheta,Isidro Díaz de Mera Escuderos,5-3-2,4-1-4-1,1531.0,366.0,29300000.0,28.816875116669777,184.0,72.0,41800000.0,27.56592620247651,181.72727272727272,224.0
1383,Celta Vigo,Rayo Vallecano,17:30,15,12,6,3,3,7,13,12,2,3,0,0,D,H,3,0,2023-03-11,0.395,0.697265,0.697265,-1.440395,7.478260869565218,1,2.4392,2.13766,2.13766,1.440395,9.666666666666666,3,3886581.0,11.0,7.0,Carlos Carvalhal,Andoni Iraola,Juan Luis Pulido Santana,4-4-2,4-2-3-1,940.0,367.0,92000000.0,27.172920166760004,178.36363636363637,92.0,65000000.0,29.21809470474768,180.27272727272728,154.0
1384,Valencia,Osasuna,20:00,8,7,4,0,12,3,8,19,2,5,0,0,D,H,1,0,2023-03-11,0.2024,0.257674,0.257674,-0.8407560000000001,6.4,1,2.669,1.84171,1.09843,0.8407560000000001,9.625,6,3886588.0,17.0,8.0,Rubén Baraja,Jagoba Arrasate,Javier Iglesias Villanueva,4-3-3 Attacking,4-3-3 Attacking,1049.0,331.0,155500000.0,24.57669093398046,181.54545454545453,165.0,88300000.0,28.516209321137453,182.72727272727272,42.0
1385,Villarreal,Real Betis,17:30,15,6,4,3,2,4,8,11,3,2,0,0,A,D,1,1,2023-03-12,1.0814,1.03133,1.03133,-0.3013099999999999,15.36842105263158,5,1.5392,1.33264,1.33264,0.3013099999999999,10.45,6,3886586.0,6.0,5.0,Quique Setién,Manuel Pellegrini,Miguel Ángel Ortiz Arias,4-3-3 Attacking,4-2-3-1,1050.0,150.0,197200000.0,29.009022462821232,182.36363636363637,242.0,111700000.0,29.550121336568974,180.9090909090909,298.0
1386,Mallorca,Real Sociedad,13:00,8,8,2,2,3,2,19,20,2,2,0,1,A,D,1,1,2023-03-12,0.6003000000000001,0.683339,0.683339,-0.780461,4.129032258064516,6,2.1387,1.4638,1.4638,0.780461,11.958333333333334,5,3886583.0,10.0,4.0,Javier Aguirre,Imanol Alguacil,Juan Martínez Munuera,5-3-2,4-3-1-2,237.0,681.0,52400000.0,28.962976790492192,179.27272727272728,164.0,250000000.0,27.270487212992347,182.63636363636363,167.0
1387,Sevilla,Almeria,15:15,27,13,5,5,6,4,8,11,4,4,0,0,D,H,2,1,2023-03-12,0.4534,1.51939,1.51939,-0.89609,12.11111111111111,2,2.3959,3.15875,2.41548,0.89609,8.076923076923077,18,3886589.0,13.0,19.0,Jorge Sampaoli,Rubi,De Burgos Bengoetxea,3-4-2-1,4-2-3-1,368.0,3302.0,99500000.0,29.264389272602827,184.27272727272728,451.0,52700000.0,26.197498599962667,180.36363636363637,58.0
1388,Athletic Club,Barcelona,20:00,15,10,5,2,5,3,13,7,2,1,0,0,A,A,0,1,2023-03-12,0.9677,0.724931,0.724931,-0.4120790000000001,13.454545454545457,4,1.7057,1.13701,1.13701,0.4120790000000001,11.838709677419354,7,3886580.0,9.0,1.0,Ernesto Valverde,Xavi,Jesús Gil Manzano,4-2-3-1,4-3-3 Attacking,621.0,131.0,111800000.0,29.37589446829693,182.63636363636363,94.0,460000000.0,26.864289714392385,181.45454545454547,680.0
1389,Girona,Atletico Madrid,20:00,6,14,4,4,1,3,6,12,2,3,0,0,D,A,0,1,2023-03-13,2.6927,1.80682,1.80682,1.504911,20.88235294117647,6,0.1835,0.301909,0.301909,-1.504911,17.8125,4,3886585.0,12.0,3.0,Míchel,Diego Simeone,Mario Melero López,4-1-4-1,3-5-2 Attacking,12321.0,13.0,95000000.0,26.60917180013689,181.1818181818182,105.0,261500000.0,29.123514404828573,180.45454545454547,765.0
1390,Real Valladolid,Athletic Club,20:00,15,15,3,6,2,9,9,14,2,2,0,0,A,A,1,3,2023-03-17,2.3022,2.34513,1.60185,0.51803,7.8,10,0.5133,1.08382,1.08382,-0.51803,9.333333333333334,3,3886596.0,16.0,7.0,Pacheta,Ernesto Valverde,Javier Alberola Rojas,4-2-3-1,4-2-3-1,366.0,621.0,44300000.0,27.74687324995333,181.9090909090909,184.0,128800000.0,28.254122332151084,184.36363636363637,88.0
1391,Almeria,Cadiz,13:00,17,10,5,4,5,2,12,12,1,4,0,0,D,D,1,1,2023-03-18,0.4346,1.13127,1.13127,-0.81911,24.0,6,2.4047,2.69365,1.95038,0.81911,5.2,6,3886595.0,19.0,15.0,Rubi,Sergio,Carlos del Cerro Grande,4-2-3-1,4-4-2,3302.0,2687.0,34700000.0,28.304897019476073,180.72727272727272,27.0,20700000.0,29.238753033414227,181.0,37.0
1392,Rayo Vallecano,Girona,15:15,15,12,3,4,3,5,15,16,2,2,0,0,H,D,2,2,2023-03-18,1.1536,1.50856,1.50856,0.5261799999999999,7.565217391304348,3,1.5336999999999998,1.71981,0.98238,-0.5261799999999999,8.444444444444445,7,3886599.0,8.0,12.0,Andoni Iraola,Míchel,Pablo González Fuertes,4-2-3-1,4-1-4-1,367.0,12321.0,65600000.0,27.98133283554228,180.0909090909091,111.0,88000000.0,26.474519320515217,181.63636363636363,99.0
1393,Espanyol,Celta Vigo,17:30,11,8,3,4,4,1,11,12,2,2,0,0,A,A,1,3,2023-03-18,1.2918,1.63211,0.888828,-0.821772,12.181818181818182,8,1.3977,1.7106,1.7106,0.821772,9.318181818181818,3,3886597.0,17.0,9.0,Diego Martínez,Carlos Carvalhal,Guillermo Cuadra Fernández,4-2-3-1,4-4-2,714.0,940.0,57700000.0,28.505009022462822,184.36363636363637,149.0,94000000.0,27.351378258975796,178.1818181818182,95.0
1394,Atletico Madrid,Valencia,20:00,14,9,6,1,4,2,12,9,2,0,0,0,H,H,3,0,2023-03-18,0.1152,0.68946,0.68946,-2.67348,20.0,2,2.8269,3.36294,3.36294,2.67348,10.565217391304348,9,3886590.0,3.0,18.0,Diego Simeone,Rubén Baraja,José Luis Munuera Montero,5-3-2,4-1-4-1,13.0,1049.0,276500000.0,29.2708605562815,181.27272727272728,823.0,154000000.0,23.972123701076473,181.27272727272728,173.0
1395,Real Betis,Mallorca,13:00,10,5,3,1,4,4,8,15,1,2,0,0,D,H,1,0,2023-03-19,0.7053,0.140478,0.140478,-0.466368,14.363636363636363,5,1.7988000000000002,0.606846,0.606846,0.466368,7.68,6,3886592.0,5.0,11.0,Manuel Pellegrini,Javier Aguirre,Valentin Pizarro Gomez,4-2-3-1,3-5-2 flat,150.0,237.0,119500000.0,29.10260718063593,181.36363636363637,330.0,63400000.0,29.136705867712024,180.27272727272728,211.0
1396,Osasuna,Villarreal,15:15,10,12,2,6,7,1,15,7,3,2,0,0,A,A,0,3,2023-03-19,1.7349,1.5875,1.5875,0.4318799999999998,13.133333333333333,5,0.9531,1.15562,1.15562,-0.4318799999999998,7.433333333333334,5,3886594.0,10.0,6.0,Jagoba Arrasate,Quique Setién,Alejandro Muñiz Ruiz,4-3-3 Attacking,4-3-3 Attacking,331.0,1050.0,97000000.0,27.658515338186795,180.27272727272728,58.0,197200000.0,29.028187418331154,182.36363636363637,242.0
1397,Real Sociedad,Elche,15:15,17,4,4,3,5,3,16,16,2,1,0,0,D,H,2,0,2023-03-19,0.047,0.0819691,0.0819691,-2.6120809,11.772727272727272,0,2.9144,2.69405,2.69405,2.6120809,4.625,7,3886598.0,4.0,20.0,Imanol Alguacil,Pablo Machín,José María Sánchez Martínez,4-3-1-2,3-5-2 Attacking,681.0,1531.0,188000000.0,27.465621305457034,180.9090909090909,180.0,26200000.0,29.532947545267874,183.63636363636363,31.0
1398,Getafe,Sevilla,17:30,15,11,4,4,4,1,22,10,4,2,0,0,D,H,2,0,2023-03-19,0.4839,0.81914,0.81914,-1.2541600000000002,11.818181818181818,2,2.3193,2.0733,2.0733,1.2541600000000002,8.026315789473685,6,3886593.0,13.0,14.0,Quique Sánchez Flores,Jorge Sampaoli,Mateu Lahoz,3-4-3,5-4-1,3709.0,368.0,75000000.0,28.966959118909838,181.1818181818182,264.0,113000000.0,28.834546699023086,181.63636363636363,376.0
1399,Barcelona,Real Madrid,20:00,17,11,7,3,8,1,12,13,4,3,0,0,D,H,2,1,2023-03-19,0.5102,0.524212,0.524212,-1.141108,13.409090909090908,8,2.2727,1.66532,1.66532,1.141108,10.48148148148148,9,3886591.0,1.0,2.0,Xavi,Carlo Ancelotti,De Burgos Bengoetxea,4-3-3 Attacking,4-2-3-1,131.0,418.0,500000000.0,26.972808163773255,182.36363636363637,652.0,531000000.0,29.46101673822413,182.63636363636363,750.0
1400,Mallorca,Osasuna,20:00,10,11,1,2,2,3,19,17,7,3,1,0,D,D,0,0,2023-03-31,1.3356,0.507781,0.507781,0.074585,5.909090909090909,2,1.1868,0.433196,0.433196,-0.074585,8.782608695652174,5,3886602.0,12.0,10.0,Javier Aguirre,Jagoba Arrasate,Isidro Díaz de Mera Escuderos,5-4-1,4-3-3 Attacking,237.0,331.0,64900000.0,28.575446456349948,180.54545454545453,177.0,59000000.0,28.709601144919418,183.1818181818182,53.0
1401,Athletic Club,Getafe,15:15,17,9,3,1,13,3,8,9,0,0,0,0,D,D,0,0,2023-04-01,1.3073,0.723494,0.723494,-0.027899,12.35,1,1.3241,0.751393,0.751393,0.027899,5.894736842105263,13,3886600.0,7.0,14.0,Ernesto Valverde,Quique Sánchez Flores,Javier Iglesias Villanueva,4-3-3 Attacking,5-3-2,621.0,3709.0,94800000.0,28.340240184182687,180.8181818181818,45.0,76000000.0,28.304897019476076,183.63636363636363,264.0
1402,Cadiz,Sevilla,17:30,14,11,3,5,8,4,9,14,3,4,0,0,D,A,0,2,2023-04-01,2.1971,1.72869,1.72869,1.037449,5.583333333333333,3,0.5858,0.691241,0.691241,-1.037449,7.944444444444445,3,3886603.0,15.0,13.0,Sergio,José Luis Mendilibar,César Soto Grado,4-4-2,4-2-3-1,2687.0,368.0,18200000.0,30.34360027378508,182.8181818181818,0.0,108000000.0,28.9978221641466,182.54545454545453,468.0
1403,Girona,Espanyol,13:00,14,5,4,1,5,2,12,16,4,2,0,1,D,H,2,1,2023-04-01,0.8487,0.946182,0.946182,0.2390999999999999,10.73913043478261,1,1.7805,1.45036,0.707082,-0.2390999999999999,8.733333333333333,8,3886606.0,11.0,18.0,Míchel,Diego Martínez,Miguel Ángel Ortiz Arias,4-1-4-1,4-4-1-1,12321.0,714.0,74000000.0,27.28293198929749,181.45454545454547,95.0,60700000.0,27.335200049779107,184.0909090909091,154.0
1404,Elche,Barcelona,20:00,15,12,2,6,11,3,11,11,0,3,0,0,A,A,0,4,2023-04-01,2.3129,1.61804,1.61804,1.1097359999999998,8.15,11,0.476,0.508304,0.508304,-1.1097359999999998,11.866666666666667,4,3886605.0,20.0,1.0,Sebastián Beccacece,Xavi,Carlos del Cerro Grande,5-4-1,4-3-3 Attacking,1531.0,131.0,27500000.0,28.992097567046233,181.45454545454547,22.0,394000000.0,26.889925953580985,181.45454545454547,507.0
1405,Atletico Madrid,Real Betis,20:00,13,6,7,2,5,1,20,11,1,2,0,0,D,H,1,0,2023-04-02,0.3567,0.371436,0.371436,-1.3298740000000002,19.0,3,2.4513000000000003,1.70131,1.70131,1.3298740000000002,8.457142857142857,6,3886601.0,3.0,5.0,Diego Simeone,Manuel Pellegrini,Juan Martínez Munuera,5-3-2,4-4-2 double 6,13.0,150.0,265500000.0,29.29724348204841,181.45454545454547,744.0,138000000.0,27.46611909650924,183.8181818181818,199.0
1406,Villarreal,Real Sociedad,17:30,16,16,4,3,4,4,12,19,5,3,1,0,D,H,2,0,2023-04-02,0.3106,0.912497,0.912497,-1.1492329999999995,8.37037037037037,8,2.5684,2.80501,2.06173,1.1492329999999995,7.130434782608695,9,3886607.0,6.0,4.0,Quique Setién,Imanol Alguacil,Jesús Gil Manzano,4-3-3 Attacking,4-3-1-2,1050.0,681.0,186700000.0,28.05027689627279,181.63636363636363,297.0,236000000.0,26.931989297492375,181.8181818181818,221.0
1407,Celta Vigo,Almeria,13:00,21,8,5,3,4,1,13,12,3,5,0,0,D,D,2,2,2023-04-02,0.7497,1.23651,1.23651,-0.9028200000000002,11.478260869565217,1,2.0289,2.13933,2.13933,0.9028200000000002,10.115384615384617,16,3886609.0,9.0,19.0,Carlos Carvalhal,Rubi,Alejandro Hernández Hernández,4-4-2,4-4-2 double 6,940.0,3302.0,94000000.0,27.392446020782778,178.1818181818182,95.0,39800000.0,26.601704934353805,182.45454545454547,30.0
1408,Real Madrid,Real Valladolid,15:15,30,12,17,2,9,1,17,11,0,1,0,0,H,H,6,0,2023-04-02,0.0318,0.719567,0.719567,-4.107643,19.1875,3,2.9511000000000003,4.82721,4.82721,4.107643,8.75,21,3886604.0,2.0,16.0,Carlo Ancelotti,Pacheta,Juan Luis Pulido Santana,4-2-3-1,3-5-2,418.0,366.0,636000000.0,27.532325306452616,182.63636363636363,558.0,36500000.0,27.30981270611661,180.54545454545453,132.0
1409,Valencia,Rayo Vallecano,20:00,18,7,4,2,13,3,15,16,2,3,0,0,A,D,1,1,2023-04-03,0.1848,0.645345,0.645345,-1.3227950000000002,6.967741935483871,6,2.7189,2.71116,1.96814,1.3227950000000002,7.15,9,3886608.0,17.0,8.0,Rubén Baraja,Andoni Iraola,Jorge Figueroa Vázquez,4-3-3 Attacking,4-2-3-1,1049.0,367.0,162000000.0,24.889801505817932,182.0,273.0,69000000.0,28.667537801008027,179.63636363636363,135.0
1410,Sevilla,Celta Vigo,20:00,7,9,2,4,8,3,11,9,6,2,2,0,H,D,2,2,2023-04-07,1.4304,0.611169,0.611169,0.135922,9.076923076923077,7,1.1352,0.475247,0.475247,-0.135922,16.055555555555557,0,3886616.0,13.0,10.0,José Luis Mendilibar,Carlos Carvalhal,Valentin Pizarro Gomez,4-2-3-1,4-4-2 double 6,368.0,940.0,99000000.0,29.342044676746934,182.27272727272728,383.0,71500000.0,28.39001928940327,177.1818181818182,140.0
1411,Osasuna,Elche,13:00,22,7,6,1,9,2,15,7,1,3,0,0,A,H,2,1,2023-04-08,0.5833999999999999,0.657812,0.657812,-1.031908,17.857142857142858,2,2.1833,1.68972,1.68972,1.031908,4.125,6,3886617.0,8.0,20.0,Jagoba Arrasate,Sebastián Beccacece,Pablo González Fuertes,4-3-3 Attacking,4-3-3 Attacking,331.0,1531.0,78500000.0,27.87281438616141,180.36363636363637,93.0,27000000.0,29.404019662746563,181.9090909090909,20.0
1412,Espanyol,Athletic Club,15:15,9,12,2,7,8,7,14,18,6,4,1,0,A,A,1,2,2023-04-08,2.5579,2.73876,2.73876,1.5712400000000002,10.4,14,0.2835999999999999,1.16752,1.16752,-1.5712400000000002,14.411764705882351,3,3886614.0,19.0,7.0,Luis García,Ernesto Valverde,José Luis Munuera Montero,4-2-3-1,4-2-3-1,714.0,621.0,59200000.0,27.686640532636428,183.72727272727272,154.0,132800000.0,28.87088544583411,184.27272727272728,117.0
1413,Real Sociedad,Getafe,17:30,11,6,6,4,3,2,11,9,2,1,0,0,H,H,2,0,2023-04-08,0.1183,0.243923,0.243923,-1.130597,18.0,1,2.8036,2.1178,1.37452,1.130597,9.529411764705882,6,3886619.0,4.0,15.0,Imanol Alguacil,Quique Sánchez Flores,Mario Melero López,4-3-1-2,3-4-3,681.0,3709.0,227500000.0,26.622861054072555,180.72727272727272,190.0,77000000.0,28.880094580299918,181.8181818181818,266.0
1414,Real Madrid,Villarreal,20:00,18,17,4,8,6,7,8,19,0,3,0,0,D,A,2,3,2023-04-08,0.7246999999999999,1.24489,1.24489,-0.9880699999999998,8.264705882352942,9,2.0741,2.23296,2.23296,0.9880699999999998,20.0,13,3886612.0,2.0,5.0,Carlo Ancelotti,Quique Setién,Javier Alberola Rojas,4-3-3 Attacking,4-3-3 Attacking,418.0,1050.0,538000000.0,28.55777487399664,182.45454545454547,615.0,201700000.0,27.274469541409996,181.36363636363637,362.0
1415,Real Valladolid,Mallorca,13:00,10,14,6,6,1,2,13,20,3,5,0,0,H,D,3,3,2023-04-09,2.1684,1.98329,1.24001,0.291151,8.235294117647058,6,0.6093,0.948859,0.948859,-0.291151,7.235294117647059,6,3886618.0,17.0,12.0,Paulo Pezzolano,Javier Aguirre,Alejandro Muñiz Ruiz,4-3-3 Attacking,5-4-1,366.0,237.0,44000000.0,26.940451745379878,182.0,181.0,69200000.0,27.595295874556655,181.0909090909091,210.0
1416,Real Betis,Cadiz,15:15,9,15,3,4,5,6,18,16,3,3,2,0,D,A,0,2,2023-04-09,2.3062,2.85597,2.11269,0.5243400000000003,5.3125,6,0.5067999999999999,1.58835,1.58835,-0.5243400000000003,18.166666666666668,4,3886611.0,6.0,14.0,Manuel Pellegrini,Sergio,Guillermo Cuadra Fernández,4-2-3-1,4-4-2,150.0,2687.0,138000000.0,28.383299110198493,183.1818181818182,197.0,22700000.0,29.85676062472777,180.63636363636363,37.0
1417,Almeria,Valencia,17:30,10,11,4,4,3,7,11,11,3,2,0,0,D,H,2,1,2023-04-09,0.9972,1.08869,1.08869,-0.4105800000000001,12.23076923076923,6,1.7174999999999998,1.49927,1.49927,0.4105800000000001,17.23076923076923,3,3886613.0,16.0,18.0,Rubi,Rubén Baraja,José María Sánchez Martínez,4-3-1-2,4-3-3 Attacking,3302.0,1049.0,39800000.0,26.62086988986373,182.45454545454547,30.0,137500000.0,24.747931055939272,182.36363636363637,127.0
1418,Rayo Vallecano,Atletico Madrid,20:00,15,14,3,4,8,2,8,7,0,0,1,0,A,A,1,2,2023-04-09,2.5916,2.36535,2.36535,1.8009239999999995,20.76923076923077,12,0.2825,0.564426,0.564426,-1.8009239999999995,15.478260869565217,10,3886615.0,9.0,3.0,Andoni Iraola,Diego Simeone,De Burgos Bengoetxea,4-2-3-1,5-3-2,367.0,13.0,68000000.0,28.57569535187605,178.54545454545453,127.0,280500000.0,29.4500653350756,182.27272727272728,802.0
1419,Barcelona,Girona,20:00,18,5,3,0,12,2,14,14,0,2,0,0,D,D,0,0,2023-04-10,0.8371,0.491057,0.491057,-0.5597129999999999,11.714285714285714,1,1.8226,1.05077,1.05077,0.5597129999999999,6.71875,10,3886610.0,1.0,11.0,Xavi,Míchel,Mateu Lahoz,4-3-3 Attacking,4-1-4-1,131.0,12321.0,447000000.0,26.103913882147967,181.63636363636363,537.0,74000000.0,27.307572646381683,181.45454545454547,95.0
1420,Rayo Vallecano,Osasuna,20:00,12,8,3,4,2,3,18,16,2,3,0,0,H,H,2,1,2023-04-14,0.6615,0.373133,0.373133,-0.7111770000000002,6.68,6,2.0217,1.08431,1.08431,0.7111770000000002,7.484848484848484,6,3886627.0,8.0,10.0,Andoni Iraola,Jagoba Arrasate,José Luis Munuera Montero,4-2-3-1,4-3-3 Attacking,367.0,331.0,66500000.0,28.056997075477568,179.45454545454547,132.0,87800000.0,27.05668595606994,180.63636363636363,62.0
1421,Real Betis,Espanyol,17:30,15,13,8,4,4,13,9,13,2,2,0,0,H,H,3,1,2023-04-15,0.3933,0.616302,0.616302,-1.3486980000000002,11.1,5,2.4372000000000003,1.965,1.965,1.3486980000000002,11.736842105263158,9,3886621.0,5.0,19.0,Manuel Pellegrini,Luis García,Alejandro Hernández Hernández,4-2-3-1,4-3-3 Attacking,150.0,714.0,131700000.0,28.66604442785141,183.45454545454547,320.0,63700000.0,27.914379939020595,184.27272727272728,148.0
1422,Cadiz,Real Madrid,20:00,12,35,3,11,2,9,12,7,1,0,0,0,D,A,0,2,2023-04-15,2.9402,4.49059,4.49059,3.906872,8.38888888888889,28,0.0385999999999999,0.583718,0.583718,-3.906872,22.3125,5,3886623.0,16.0,2.0,Sergio,Carlo Ancelotti,Jesús Gil Manzano,4-4-2,4-3-3 Attacking,2687.0,418.0,21500000.0,29.273847302594735,182.1818181818182,37.0,508000000.0,28.25014000373343,183.54545454545453,567.0
1423,Villarreal,Real Valladolid,13:00,22,14,7,7,8,5,9,18,1,6,0,0,A,A,1,2,2023-04-15,1.6773,2.41465,2.41465,0.41981,10.153846153846152,8,1.0893,1.99484,1.99484,-0.41981,4.681818181818182,16,3886624.0,6.0,14.0,Quique Setién,Paulo Pezzolano,Javier Iglesias Villanueva,4-3-3 Attacking,3-4-1-2,1050.0,366.0,142200000.0,29.310683840457965,180.9090909090909,319.0,47000000.0,26.426980275029553,182.63636363636363,257.0
1424,Athletic Club,Real Sociedad,15:15,13,13,5,4,5,2,16,14,5,2,0,0,H,H,2,0,2023-04-15,1.9723,1.71232,1.71232,0.7120600000000001,6.793103448275862,6,0.7749999999999999,1.00026,1.00026,-0.7120600000000001,4.578947368421052,6,3886620.0,7.0,4.0,Ernesto Valverde,Imanol Alguacil,César Soto Grado,4-2-3-1,4-3-1-2,621.0,681.0,148800000.0,28.39922842386908,184.0,137.0,274000000.0,26.842386908095328,180.54545454545453,203.0
1425,Girona,Elche,13:00,14,13,4,5,3,4,9,14,3,3,0,1,H,H,2,0,2023-04-16,0.7715000000000001,0.577847,0.577847,-0.651213,9.958333333333334,7,1.9181,1.22906,1.22906,0.651213,13.4,2,3886626.0,9.0,20.0,Míchel,Sebastián Beccacece,Jorge Figueroa Vázquez,4-1-4-1,4-2-3-1,12321.0,1531.0,73500000.0,27.182627092278018,182.0909090909091,95.0,26300000.0,28.405948603073856,182.72727272727272,20.0
1426,Getafe,Barcelona,15:15,5,15,1,3,1,5,13,12,2,1,0,0,D,D,0,0,2023-04-16,1.6939,1.04627,1.04627,0.425051,5.7368421052631575,2,0.955,0.621219,0.621219,-0.425051,10.80952380952381,2,3886625.0,15.0,1.0,Quique Sánchez Flores,Xavi,Juan Luis Pulido Santana,5-3-2,4-3-3 Attacking,3709.0,131.0,76000000.0,28.345964781283055,183.63636363636363,264.0,433000000.0,27.726712712338994,181.0,700.0
1427,Atletico Madrid,Almeria,17:30,19,2,7,0,9,2,7,8,3,3,0,0,H,H,2,1,2023-04-16,0.0469,0.058186,0.058186,-2.453324,25.857142857142858,0,2.914,2.51151,2.51151,2.453324,9.52,17,3886629.0,3.0,17.0,Diego Simeone,Rubi,Isidro Díaz de Mera Escuderos,5-3-2,3-4-2-1,13.0,3302.0,293000000.0,29.434136021405017,180.54545454545453,801.0,43300000.0,26.442162902121833,183.45454545454547,36.0
1428,Valencia,Sevilla,20:00,13,6,3,3,6,2,10,17,1,4,1,0,D,A,0,2,2023-04-16,2.2757,1.46976,1.46976,0.941913,16.5625,4,0.4901,0.527847,0.527847,-0.941913,10.764705882352942,7,3886628.0,18.0,13.0,Rubén Baraja,José Luis Mendilibar,Carlos del Cerro Grande,4-4-2,4-2-3-1,1049.0,368.0,129000000.0,25.695227428286977,182.72727272727272,316.0,95000000.0,29.285296496795468,182.63636363636363,268.0
1429,Celta Vigo,Mallorca,20:00,12,8,3,2,7,5,10,19,2,1,1,0,A,A,0,1,2023-04-17,2.0299,1.18361,1.18361,0.714462,11.857142857142858,3,0.6745,0.469148,0.469148,-0.714462,4.470588235294118,16,3886622.0,12.0,11.0,Carlos Carvalhal,Javier Aguirre,Miguel Ángel Ortiz Arias,4-4-2 double 6,3-5-2,940.0,237.0,90000000.0,26.961110074046417,178.72727272727272,98.0,70500000.0,26.79036774313982,181.8181818181818,210.0
1430,Espanyol,Cadiz,20:00,14,11,5,2,6,3,8,22,4,2,0,0,D,D,0,0,2023-04-21,1.0529,1.12699,1.12699,-0.3958600000000001,7.541666666666667,3,1.6652,1.52285,1.52285,0.3958600000000001,11.384615384615383,5,3886637.0,19.0,15.0,Luis García,Sergio,Juan Martínez Munuera,5-3-2,4-4-2,714.0,2687.0,59500000.0,28.103789434384918,182.8181818181818,162.0,30000000.0,29.972248148839526,180.36363636363637,37.0
1431,Real Madrid,Celta Vigo,20:00,17,12,5,2,8,3,10,10,1,2,0,0,H,H,2,0,2023-04-22,0.6082000000000001,0.744532,0.744532,-1.069498,23.72222222222222,7,2.1673,1.81403,1.81403,1.069498,6.653846153846154,16,3886635.0,2.0,13.0,Carlo Ancelotti,Carlos Carvalhal,Mateu Lahoz,4-3-3 Attacking,4-4-2,418.0,940.0,610000000.0,27.281438616140875,184.54545454545453,597.0,88000000.0,27.86012071433016,179.1818181818182,165.0
1432,Real Valladolid,Girona,17:30,15,12,6,6,5,7,14,9,1,1,0,0,H,H,1,0,2023-04-22,1.3232,1.0586,1.0586,-0.0528299999999999,8.043478260869565,8,1.3607,1.11143,1.11143,0.0528299999999999,7.702702702702703,6,3886639.0,14.0,11.0,Paulo Pezzolano,Míchel,Mario Melero López,4-3-3 Attacking,4-1-4-1,366.0,12321.0,47000000.0,26.93920726774936,182.9090909090909,257.0,68000000.0,28.531143052703626,182.63636363636363,143.0
1433,Osasuna,Real Betis,13:00,10,21,5,6,5,13,20,13,2,0,0,0,H,H,3,2,2023-04-22,1.6096,1.99331,1.99331,0.36056,6.2727272727272725,14,1.1449,1.63275,1.63275,-0.36056,9.5,3,3886634.0,8.0,5.0,Jagoba Arrasate,Manuel Pellegrini,Javier Alberola Rojas,4-3-3 Attacking,4-2-3-1,331.0,150.0,87000000.0,27.79217223570406,182.0,83.0,131700000.0,28.685209383361336,183.45454545454547,320.0
1434,Almeria,Athletic Club,15:15,12,14,4,3,3,4,8,20,2,4,0,0,A,A,1,2,2023-04-22,2.3413,1.83476,1.83476,1.261405,9.615384615384617,8,0.4582,0.573355,0.573355,-1.261405,15.071428571428571,5,3886632.0,18.0,7.0,Rubi,Ernesto Valverde,Valentin Pizarro Gomez,4-2-3-1,4-2-3-1,3302.0,621.0,39800000.0,26.656461950096446,182.45454545454547,30.0,149800000.0,28.745193205152137,184.8181818181818,139.0
1435,Real Sociedad,Rayo Vallecano,17:30,7,7,1,2,3,3,18,19,1,2,0,0,D,H,2,1,2023-04-22,0.8423,0.359842,0.359842,-0.45484,6.25,3,1.7681,0.814682,0.814682,0.45484,3.363636363636364,8,3886638.0,4.0,9.0,Imanol Alguacil,Andoni Iraola,Alejandro Muñiz Ruiz,4-1-3-2,4-2-3-1,681.0,367.0,228000000.0,26.74556654844129,182.0,212.0,55500000.0,28.356916184431586,179.9090909090909,129.0
1436,Sevilla,Villarreal,20:00,17,17,4,5,5,3,12,10,1,2,0,0,H,H,2,1,2023-04-23,2.3139,2.13506,2.13506,1.281946,9.692307692307692,10,0.5016,0.853114,0.853114,-1.281946,9.724137931034482,8,3886631.0,12.0,6.0,José Luis Mendilibar,Quique Setién,De Burgos Bengoetxea,4-2-3-1,4-3-3 Attacking,368.0,1050.0,101500000.0,27.007404641901562,183.45454545454547,254.0,184700000.0,28.58764233712899,181.9090909090909,347.0
1437,Elche,Valencia,13:00,7,5,1,3,11,6,12,6,3,1,0,0,A,A,0,2,2023-04-23,1.5799,1.05313,1.05313,0.2579719999999998,13.590909090909092,4,1.0699,0.795158,0.795158,-0.2579719999999998,4.333333333333333,2,3886630.0,20.0,17.0,Sebastián Beccacece,Rubén Baraja,Guillermo Cuadra Fernández,5-3-2,5-3-2,1531.0,1049.0,25500000.0,29.68178706987742,181.63636363636363,15.0,143500000.0,25.996391014871506,183.8181818181818,298.0
1438,Barcelona,Atletico Madrid,15:15,13,13,4,3,3,3,15,16,4,7,0,0,H,H,1,0,2023-04-23,0.4169,0.714419,0.714419,-1.413611,13.384615384615383,10,2.4173,2.12803,2.12803,1.413611,9.428571428571429,11,3886633.0,1.0,3.0,Xavi,Diego Simeone,José María Sánchez Martínez,4-3-3 Attacking,5-3-2,131.0,13.0,492000000.0,26.816252877854524,182.8181818181818,625.0,274500000.0,29.472963723477072,180.36363636363637,813.0
1439,Mallorca,Getafe,17:30,8,3,4,1,2,2,15,18,2,3,0,0,A,H,3,1,2023-04-23,0.1351,0.118861,0.118861,-1.798139,8.208333333333334,3,2.758,1.917,1.917,1.798139,10.0,0,3886636.0,10.0,16.0,Javier Aguirre,Quique Sánchez Flores,Pablo González Fuertes,3-5-2 Attacking,5-4-1,237.0,3709.0,70500000.0,26.806794847862612,181.8181818181818,210.0,76000000.0,28.36512973679298,183.63636363636363,264.0
1440,Girona,Real Madrid,18:30,13,18,5,3,3,8,7,6,1,2,0,0,H,H,4,2,2023-04-25,0.8223,1.63006,1.63006,-0.7901399999999998,9.0,13,1.962,2.4202,2.4202,0.7901399999999998,21.866666666666667,3,3886646.0,10.0,2.0,Míchel,Carlo Ancelotti,Javier Iglesias Villanueva,4-1-4-1,4-3-3 Attacking,12321.0,418.0,90500000.0,25.38410802065833,181.63636363636363,103.0,531000000.0,28.37956567730695,180.8181818181818,608.0
1441,Real Betis,Real Sociedad,21:00,10,10,1,3,2,4,13,23,1,3,0,0,D,D,0,0,2023-04-25,1.1975,0.607061,0.607061,-0.121539,7.933333333333334,5,1.415,0.7286,0.7286,0.121539,8.666666666666666,8,3886642.0,6.0,4.0,Manuel Pellegrini,Imanol Alguacil,Juan Martínez Munuera,4-2-3-1,4-4-2 double 6,150.0,681.0,119500000.0,29.00031111940763,181.36363636363637,373.0,234000000.0,26.5412233215108,181.9090909090909,232.0
1442,Cadiz,Osasuna,18:30,20,6,4,4,11,2,8,15,0,1,0,1,D,A,0,1,2023-04-25,0.9222,0.865548,0.865548,-0.539852,12.947368421052632,1,1.7751,1.4054,1.4054,0.539852,14.2,4,3886644.0,17.0,8.0,Sergio,Jagoba Arrasate,Carlos del Cerro Grande,4-4-2,4-1-4-1,2687.0,331.0,30000000.0,29.422935722730383,179.63636363636363,43.0,46550000.0,27.37900566237322,179.45454545454547,57.0
1443,Atletico Madrid,Mallorca,18:30,24,6,9,2,5,8,10,9,0,0,0,0,D,H,3,1,2023-04-26,0.1953,0.741129,0.741129,-1.874321,26.23076923076923,1,2.6859,2.61545,2.61545,1.874321,5.68,10,3886641.0,3.0,12.0,Diego Simeone,Javier Aguirre,Juan Luis Pulido Santana,3-5-2 Attacking,3-5-2 Attacking,13.0,237.0,236500000.0,29.330844378072303,181.63636363636363,784.0,37100000.0,29.05506813515027,181.0909090909091,109.0
1444,Getafe,Almeria,18:30,21,23,9,11,4,6,15,9,2,2,1,0,A,A,1,2,2023-04-26,1.6799,2.08963,2.08963,0.4225100000000001,5.739130434782608,8,1.0865,1.66712,1.66712,-0.4225100000000001,9.76923076923077,14,3886649.0,18.0,16.0,Quique Sánchez Flores,Rubi,Javier Alberola Rojas,3-4-3,4-3-3 Attacking,3709.0,3302.0,77000000.0,28.929375894468297,181.8181818181818,266.0,36500000.0,27.76180698151951,180.45454545454547,24.0
1445,Celta Vigo,Elche,21:00,17,16,9,1,10,6,9,12,0,0,0,0,D,H,1,0,2023-04-26,1.4221,1.48138,1.48138,0.0462799999999998,10.88888888888889,1,1.309,1.4351,1.4351,-0.0462799999999998,8.516129032258064,6,3886643.0,13.0,20.0,Carlos Carvalhal,Sebastián Beccacece,Isidro Díaz de Mera Escuderos,4-4-2,4-4-2 Diamond,940.0,1531.0,94000000.0,27.373778856325057,177.63636363636363,188.0,23800000.0,29.305954825462013,182.36363636363637,30.0
1446,Rayo Vallecano,Barcelona,21:00,9,10,6,5,3,9,10,14,1,4,0,0,H,H,2,1,2023-04-26,1.4928,1.00988,1.00988,0.1476140000000001,6.761904761904762,5,1.1538,0.862266,0.862266,-0.1476140000000001,11.423076923076923,3,3886647.0,9.0,1.0,Andoni Iraola,Xavi,Jesús Gil Manzano,4-2-3-1,4-3-3 Attacking,367.0,131.0,68000000.0,28.81538174351316,178.0,137.0,587000000.0,25.51900939580611,181.45454545454547,522.0
1447,Valencia,Real Valladolid,18:30,18,8,5,2,6,2,16,17,0,4,0,0,A,H,2,1,2023-04-27,1.4684,0.993149,0.993149,0.0930649999999999,6.541666666666667,3,1.2023,0.900084,0.900084,-0.0930649999999999,8.62962962962963,3,3886645.0,15.0,14.0,Rubén Baraja,Paulo Pezzolano,José Luis Munuera Montero,5-4-1,4-3-3 Attacking,1049.0,366.0,143500000.0,26.007342418020038,183.8181818181818,298.0,47000000.0,26.952896521685023,182.9090909090909,257.0
1448,Villarreal,Espanyol,18:30,31,13,13,4,9,2,14,10,2,4,0,1,A,H,4,2,2023-04-27,0.055,1.12119,1.12119,-2.9107800000000004,10.5,7,2.9155,4.94822,4.03197,2.9107800000000004,7.833333333333333,14,3886648.0,5.0,19.0,Quique Setién,Luis García,César Soto Grado,4-2-3-1,4-4-1-1,1050.0,714.0,198700000.0,28.79148777300728,182.0909090909091,381.0,62500000.0,28.143114927509178,182.9090909090909,149.0
1449,Athletic Club,Sevilla,21:00,7,4,2,1,8,2,7,11,3,3,0,0,D,A,0,1,2023-04-27,2.3336,1.00143,0.258149,0.063467,8.846153846153847,4,0.4022,0.194682,0.194682,-0.063467,9.55,3,3886640.0,7.0,11.0,Ernesto Valverde,José Luis Mendilibar,Alejandro Hernández Hernández,4-2-3-1,4-2-3-1,621.0,368.0,149800000.0,28.280754153444093,184.0,128.0,90000000.0,30.984506253500093,182.0909090909091,456.0
1450,Osasuna,Real Sociedad,20:00,13,12,1,8,4,2,12,15,3,1,0,0,A,A,0,2,2023-04-28,2.2156,2.09575,2.09575,1.1085859999999998,10.333333333333334,15,0.5785,0.987164,0.987164,-1.1085859999999998,9.304347826086955,8,3886654.0,9.0,4.0,Jagoba Arrasate,Imanol Alguacil,Valentin Pizarro Gomez,4-2-3-1,4-3-3 Attacking,331.0,681.0,67050000.0,27.686391637110322,180.27272727272728,27.0,210000000.0,26.484724037085435,181.45454545454547,109.0
1451,Elche,Rayo Vallecano,15:15,18,14,9,3,3,8,13,16,1,2,0,1,H,H,4,0,2023-04-29,0.1127,0.565048,0.565048,-2.814642,5.162162162162162,5,2.8283000000000005,3.37969,3.37969,2.814642,12.133333333333333,9,3886651.0,20.0,10.0,Sebastián Beccacece,Andoni Iraola,Mario Melero López,4-2-3-1,4-2-3-1,1531.0,367.0,28300000.0,28.925642461576754,181.36363636363637,6.0,65500000.0,28.511978097193705,179.54545454545453,164.0
1452,Real Madrid,Almeria,17:30,15,9,12,3,7,0,12,16,2,2,0,0,H,H,4,2,2023-04-29,0.2872,1.375,1.375,-1.0871,25.357142857142858,3,2.5846,3.20538,2.4621,1.0871,5.742857142857143,19,3886658.0,2.0,17.0,Carlo Ancelotti,Rubi,Guillermo Cuadra Fernández,4-3-3 Attacking,4-2-3-1,418.0,3302.0,605000000.0,27.493995395432766,183.27272727272728,503.0,39200000.0,26.258726899383984,179.0,23.0
1453,Barcelona,Real Betis,20:00,15,4,8,1,10,0,10,9,0,2,0,1,H,H,4,0,2023-04-29,0.0578999999999999,0.231066,0.231066,-2.855334,24.857142857142858,1,2.9037,3.0864,3.0864,2.855334,9.130434782608695,20,3886650.0,1.0,6.0,Xavi,Manuel Pellegrini,Carlos del Cerro Grande,4-3-3 Attacking,4-2-3-1,131.0,150.0,595000000.0,26.103416091095763,182.0,681.0,128200000.0,28.93435380499035,183.63636363636363,185.0
1454,Cadiz,Valencia,13:00,8,16,4,4,5,6,14,10,6,2,0,0,H,H,2,1,2023-04-30,0.446,1.05204,1.05204,-1.1138899999999998,4.92,7,2.36,2.16593,2.16593,1.1138899999999998,6.076923076923077,2,3886652.0,14.0,16.0,Sergio,Rubén Baraja,De Burgos Bengoetxea,4-4-2,5-4-1,2687.0,1049.0,26000000.0,29.294754526787383,183.0909090909091,0.0,103500000.0,23.737166324435318,183.72727272727272,176.0
1455,Villarreal,Celta Vigo,15:15,9,14,3,5,4,9,12,11,1,4,0,0,H,H,3,1,2023-04-30,0.3177999999999999,0.746823,0.746823,-0.8795869999999999,14.090909090909092,8,2.548,2.36969,1.62641,0.8795869999999999,9.541666666666666,6,3886657.0,5.0,13.0,Quique Setién,Carlos Carvalhal,Pablo González Fuertes,4-2-3-1,4-4-2 double 6,1050.0,940.0,198700000.0,28.799701325368677,182.0909090909091,381.0,65500000.0,27.186609420695664,180.0909090909091,174.0
1456,Espanyol,Getafe,17:30,17,7,8,2,6,3,12,23,3,5,0,0,H,H,1,0,2023-04-30,0.1712,0.410072,0.410072,-1.290818,8.44,3,2.7293000000000003,2.44417,1.70089,1.290818,4.2727272727272725,5,3886653.0,19.0,18.0,Luis García,Pepe Bordalás,José María Sánchez Martínez,3-4-1-2,4-4-2,714.0,3709.0,56000000.0,28.83753344533632,180.9090909090909,92.0,81300000.0,27.664488830813266,183.1818181818182,169.0
1457,Real Valladolid,Atletico Madrid,20:00,19,9,6,6,9,1,14,8,2,1,0,0,A,A,2,5,2023-04-30,2.2876,2.75586,2.75586,2.0327210000000004,31.444444444444443,11,0.5317000000000001,1.46642,0.723139,-2.0327210000000004,9.5,2,3886656.0,15.0,3.0,Paulo Pezzolano,Diego Simeone,Mateu Lahoz,3-4-1-2,5-3-2,366.0,13.0,46000000.0,26.517329351004914,181.72727272727272,220.0,236500000.0,29.34179578122083,181.63636363636363,784.0
1458,Sevilla,Girona,20:00,23,9,5,3,6,1,14,11,1,1,0,0,A,A,0,2,2023-05-01,0.5755999999999999,1.13007,1.13007,-1.2219100000000005,22.07692307692308,4,2.2262,2.35198,2.35198,1.2219100000000005,5.083333333333333,7,3886659.0,12.0,8.0,José Luis Mendilibar,Míchel,Alejandro Muñiz Ruiz,4-2-3-1,5-4-1,368.0,12321.0,107000000.0,28.707361085184495,181.27272727272728,347.0,78000000.0,25.853276087362328,181.45454545454547,91.0
1459,Mallorca,Athletic Club,18:00,9,16,2,6,5,7,17,9,4,2,0,0,D,D,1,1,2023-05-01,1.4369999999999998,1.3765,0.633225,-0.6578749999999999,5.954545454545454,4,1.2516,1.2911,1.2911,0.6578749999999999,22.857142857142858,6,3886655.0,11.0,7.0,Javier Aguirre,Ernesto Valverde,Jorge Figueroa Vázquez,3-5-2 Attacking,4-2-3-1,237.0,621.0,69200000.0,27.541534440918426,181.0,180.0,90500000.0,28.596602576068697,184.0909090909091,46.0
1460,Almeria,Elche,18:30,10,14,4,1,7,13,8,9,2,2,0,0,H,H,2,1,2023-05-02,0.7428,1.01416,1.01416,-0.8112300000000001,6.866666666666666,3,2.0283,1.82539,1.82539,0.8112300000000001,13.235294117647058,5,3886665.0,14.0,20.0,Rubi,Sebastián Beccacece,Alejandro Hernández Hernández,4-3-3 Attacking,4-4-2,3302.0,1531.0,37500000.0,28.262335884512478,180.9090909090909,27.0,26100000.0,28.566237321884138,182.36363636363637,6.0
1461,Barcelona,Osasuna,18:30,21,7,4,2,11,0,7,10,0,0,0,1,D,H,1,0,2023-05-02,0.1828,0.355588,0.355588,-2.044872,20.428571428571427,3,2.7115000000000005,2.40046,2.40046,2.044872,6.125,23,3886662.0,1.0,10.0,Xavi,Jagoba Arrasate,Javier Iglesias Villanueva,4-2-3-1,4-2-3-1,131.0,331.0,595000000.0,26.11162964345716,182.0,681.0,55600000.0,25.86721423682409,179.45454545454547,31.0
1462,Real Sociedad,Real Madrid,21:00,9,10,4,5,2,6,17,9,1,5,0,1,D,H,2,0,2023-05-02,0.3250999999999999,0.867228,0.867228,-1.395292,19.33333333333333,2,2.5022,2.26252,2.26252,1.395292,8.333333333333334,5,3886669.0,4.0,3.0,Imanol Alguacil,Carlo Ancelotti,Juan Luis Pulido Santana,4-1-4-1,4-3-3 Attacking,681.0,418.0,261000000.0,26.988239686391637,181.54545454545453,269.0,410500000.0,28.514467052454734,183.1818181818182,443.0
1463,Valencia,Villarreal,18:30,8,11,1,4,6,6,14,13,4,2,0,0,D,D,1,1,2023-05-03,1.0379,0.742844,0.742844,-0.2987860000000001,4.095238095238095,8,1.6439,1.04163,1.04163,0.2987860000000001,11.185185185185183,5,3886663.0,17.0,5.0,Rubén Baraja,Quique Setién,Jesús Gil Manzano,4-2-3-1,4-3-3 Attacking,1049.0,1050.0,150000000.0,25.245722108145106,182.9090909090909,318.0,213200000.0,27.42778918548939,182.63636363636363,270.0
1464,Atletico Madrid,Cadiz,21:00,18,2,8,1,5,2,12,9,3,2,0,0,H,H,5,1,2023-05-03,0.0036,0.0260457,0.0260457,-3.4902243,22.15384615384616,1,2.9934000000000003,4.25954,3.51627,3.4902243,18.142857142857142,23,3886661.0,2.0,15.0,Diego Simeone,Sergio,César Soto Grado,3-5-2 Attacking,4-1-4-1,13.0,2687.0,236500000.0,29.35000933358223,181.63636363636363,784.0,25700000.0,28.83255553481426,180.63636363636363,61.0
1465,Getafe,Celta Vigo,21:00,14,7,4,1,1,5,21,14,7,5,0,1,H,H,1,0,2023-05-03,0.0545,0.219098,0.219098,-1.908122,5.2,2,2.9102,2.8705,2.12722,1.908122,10.625,4,3886667.0,18.0,13.0,Pepe Bordalás,Carlos Carvalhal,Guillermo Cuadra Fernández,4-3-3 Attacking,4-4-2,3709.0,940.0,81000000.0,28.99956443282932,183.63636363636363,236.0,97000000.0,27.562690560637176,177.72727272727272,91.0
1466,Girona,Mallorca,18:30,17,8,7,2,9,5,9,13,4,0,0,0,H,H,2,1,2023-05-04,0.7317,1.34254,0.599267,-1.606073,13.05,5,2.0304,2.20534,2.20534,1.606073,6.478260869565218,10,3886666.0,8.0,12.0,Míchel,Javier Aguirre,Juan Martínez Munuera,4-1-4-1,5-4-1,12321.0,237.0,96500000.0,25.606122829942134,183.1818181818182,109.0,70700000.0,26.956132163524362,182.0,210.0
1467,Sevilla,Espanyol,18:30,18,7,6,3,9,0,15,11,1,2,0,0,A,H,3,2,2023-05-04,0.1449,0.61847,0.61847,-1.54026,12.944444444444445,2,2.7759,2.902,2.15873,1.54026,5.862068965517241,7,3886668.0,11.0,19.0,José Luis Mendilibar,Luis García,Javier Alberola Rojas,4-2-3-1,5-3-2,368.0,714.0,76500000.0,29.494617634248026,182.1818181818182,343.0,65000000.0,28.457221081451063,182.1818181818182,83.0
1468,Athletic Club,Real Betis,21:00,21,12,6,2,13,2,13,7,1,3,1,0,A,A,0,1,2023-05-04,1.1275,0.753982,0.753982,-0.2605079999999998,19.2,5,1.543,1.01449,1.01449,0.2605079999999998,7.315789473684211,8,3886660.0,7.0,6.0,Ernesto Valverde,Manuel Pellegrini,Miguel Ángel Ortiz Arias,4-2-3-1,4-2-3-1,621.0,150.0,138800000.0,27.489764171489014,185.0909090909091,127.0,92000000.0,30.98873747744384,180.9090909090909,387.0
1469,Rayo Vallecano,Real Valladolid,21:00,16,7,6,4,3,4,18,15,0,0,0,0,D,H,2,1,2023-05-04,0.5778,0.571427,0.571427,-0.998853,6.137931034482759,4,2.1831,1.57028,1.57028,0.998853,7.392857142857143,6,3886664.0,9.0,16.0,Andoni Iraola,Paulo Pezzolano,Isidro Díaz de Mera Escuderos,4-2-3-1,3-4-1-2,367.0,366.0,71000000.0,28.686204965465745,179.27272727272728,122.0,37500000.0,27.82701760935847,181.0,215.0
1470,Mallorca,Cadiz,20:00,8,14,3,4,3,7,16,14,5,3,0,0,H,H,1,0,2023-05-12,0.5294000000000001,0.611231,0.611231,-0.991269,9.466666666666669,2,2.2499,1.6025,1.6025,0.991269,10.285714285714286,4,3886676.0,12.0,16.0,Javier Aguirre,Sergio,José María Sánchez Martínez,3-4-3,4-4-2,237.0,2687.0,76200000.0,27.181631510173602,180.54545454545453,180.0,27200000.0,29.926949163088793,181.54545454545453,0.0
1471,Real Sociedad,Girona,13:00,18,13,6,6,7,4,22,13,5,3,0,1,D,D,2,2,2023-05-13,0.4429,1.4691,1.4691,-0.8425699999999998,18.90909090909091,2,2.4034,3.05494,2.31167,0.8425699999999998,6.486486486486487,11,3886679.0,4.0,7.0,Imanol Alguacil,Míchel,Jorge Figueroa Vázquez,4-2-3-1,4-1-4-1,681.0,12321.0,261000000.0,27.018356045050094,181.54545454545453,269.0,78500000.0,26.957625536680975,181.54545454545453,149.0
1472,Osasuna,Almeria,15:15,18,8,7,3,4,1,7,7,0,0,0,0,D,H,3,1,2023-05-13,0.422,0.507884,0.507884,-1.366356,14.5,3,2.3822,1.87424,1.87424,1.366356,9.391304347826088,14,3886678.0,9.0,15.0,Jagoba Arrasate,Rubi,Mateu Lahoz,4-3-3 Attacking,4-3-3 Attacking,331.0,3302.0,96500000.0,27.685147159479808,181.0909090909091,99.0,37500000.0,28.29245224317093,180.9090909090909,27.0
1473,Villarreal,Athletic Club,17:30,17,11,11,5,7,5,11,13,4,3,0,0,H,H,5,1,2023-05-13,0.5728,1.82199,1.07871,-2.01401,8.96875,3,2.2372,3.09272,3.09272,2.01401,9.27777777777778,14,3886672.0,5.0,8.0,Quique Setién,Ernesto Valverde,Carlos del Cerro Grande,4-3-3 Attacking,4-2-3-1,1050.0,621.0,212700000.0,28.013440358409557,183.0,328.0,150500000.0,27.990044178955884,182.72727272727272,119.0
1474,Real Madrid,Getafe,20:00,16,9,3,2,1,3,5,23,1,4,0,0,D,H,1,0,2023-05-13,1.0284,0.586304,0.586304,-0.293021,22.17391304347826,2,1.5981,0.879325,0.879325,0.293021,6.105263157894737,7,3886675.0,2.0,18.0,Carlo Ancelotti,Pepe Bordalás,Juan Martínez Munuera,4-3-3 Attacking,4-3-3 Attacking,418.0,3709.0,466000000.0,27.676684711592312,182.45454545454547,390.0,56200000.0,28.55329475452679,183.8181818181818,258.0
1475,Espanyol,Barcelona,20:00,15,15,7,5,4,3,12,9,1,3,0,0,A,A,2,4,2023-05-14,1.9518,3.6498,3.6498,0.92246,7.095238095238095,14,0.8664,2.72734,2.72734,-0.92246,19.20833333333333,8,3886674.0,19.0,1.0,Luis García,Xavi,De Burgos Bengoetxea,5-3-2,4-3-3 Attacking,714.0,131.0,62000000.0,29.118287598780412,182.1818181818182,151.0,615000000.0,26.14448385290274,182.0,681.0
1476,Real Valladolid,Sevilla,17:30,28,17,6,5,8,3,9,16,2,1,0,0,D,A,0,3,2023-05-14,2.0653,3.05781,3.05781,1.0403599999999995,11.61111111111111,5,0.7492000000000001,2.01745,2.01745,-1.0403599999999995,8.894736842105264,4,3886677.0,17.0,10.0,Paulo Pezzolano,José Luis Mendilibar,Miguel Ángel Ortiz Arias,4-3-3 Attacking,4-2-3-1,366.0,368.0,33550000.0,26.404828573206398,181.27272727272728,179.0,84500000.0,29.084437807230415,182.9090909090909,266.0
1477,Celta Vigo,Valencia,13:00,10,12,6,5,5,4,13,19,3,5,0,1,A,A,1,2,2023-05-14,1.8434,1.86638,1.86638,0.65038,12.391304347826088,3,0.8987,1.216,1.216,-0.65038,5.038461538461538,3,3886671.0,13.0,14.0,Carlos Carvalhal,Rubén Baraja,César Soto Grado,4-4-2,4-2-3-1,940.0,1049.0,83000000.0,27.567170680107026,178.0,174.0,129500000.0,24.75664239935287,181.9090909090909,158.0
1478,Elche,Atletico Madrid,15:15,15,13,4,4,3,5,16,3,2,0,0,0,H,H,1,0,2023-05-14,0.7961,1.44785,1.44785,-0.8370200000000001,15.63157894736842,5,1.9865,2.28487,2.28487,0.8370200000000001,9.3,6,3886673.0,20.0,3.0,Sebastián Beccacece,Diego Simeone,Alejandro Muñiz Ruiz,3-4-1-2,3-5-2,1531.0,13.0,29300000.0,28.48011946985253,182.27272727272728,17.0,246500000.0,29.380125692240686,181.63636363636363,784.0
1479,Real Betis,Rayo Vallecano,20:00,11,16,5,4,6,5,11,9,3,2,0,1,H,H,3,1,2023-05-15,0.6839999999999999,1.71956,1.71956,-0.9764,8.476190476190476,4,2.1063,2.69596,2.69596,0.9764,12.31578947368421,7,3886670.0,6.0,11.0,Manuel Pellegrini,Andoni Iraola,Juan Luis Pulido Santana,4-2-3-1,4-2-3-1,150.0,367.0,111000000.0,29.78756766847116,183.27272727272728,214.0,71000000.0,28.716321324124195,179.27272727272728,122.0
1480,Cadiz,Real Valladolid,20:00,11,6,4,2,4,3,18,18,4,4,0,1,D,H,2,0,2023-05-19,0.1026,0.20683,0.20683,-0.4385189999999999,3.8620689655172415,5,2.8248,2.1319,0.645349,0.4385189999999999,7.428571428571429,3,3886683.0,16.0,18.0,Sergio,Paulo Pezzolano,Juan Martínez Munuera,4-4-2 double 6,3-5-2,2687.0,366.0,28700000.0,30.07529089664613,180.54545454545453,37.0,34000000.0,28.46593242486466,182.54545454545453,169.0
1481,Girona,Villarreal,13:00,9,10,3,5,3,1,16,11,2,1,0,0,D,A,1,2,2023-05-20,1.7271,1.71579,1.71579,0.3990499999999999,7.242424242424242,6,0.96,1.31674,1.31674,-0.3990499999999999,9.882352941176473,8,3886685.0,8.0,5.0,Míchel,Quique Setién,Valentin Pizarro Gomez,4-2-3-1,4-2-3-1,12321.0,1050.0,95500000.0,25.63051459150022,181.8181818181818,98.0,170700000.0,26.728890548192396,182.72727272727272,300.0
1482,Athletic Club,Celta Vigo,15:15,10,8,3,3,8,5,17,12,4,1,0,0,H,H,2,1,2023-05-20,0.577,0.283064,0.283064,-0.7589460000000001,9.5,2,2.0974,1.04201,1.04201,0.7589460000000001,11.32,2,3886680.0,7.0,14.0,Ernesto Valverde,Carlos Carvalhal,Mario Melero López,4-3-3 Attacking,4-2-3-1,621.0,940.0,154800000.0,27.669466741335324,181.9090909090909,129.0,101000000.0,26.012569224068194,177.54545454545453,72.0
1483,Almeria,Mallorca,17:30,12,7,3,3,4,6,11,15,1,2,0,0,H,H,3,0,2023-05-20,0.329,0.35959,0.35959,-1.34767,9.178571428571429,0,2.4992,1.70726,1.70726,1.34767,9.476190476190476,1,3886684.0,15.0,12.0,Rubi,Javier Aguirre,Carlos del Cerro Grande,4-3-3 Attacking,5-3-2,3302.0,237.0,45500000.0,26.65671084562255,181.27272727272728,32.0,74700000.0,26.89291269989422,182.72727272727272,207.0
1484,Getafe,Elche,17:30,9,13,5,4,5,6,19,11,3,1,0,0,D,D,1,1,2023-05-20,1.1445,1.34186,1.34186,-0.2465999999999999,6.666666666666667,3,1.56,1.58846,1.58846,0.2465999999999999,9.32,6,3886687.0,17.0,20.0,Pepe Bordalás,Sebastián Beccacece,Javier Iglesias Villanueva,3-4-3,3-1-4-2,3709.0,1531.0,77500000.0,28.56101051583598,182.9090909090909,281.0,29900000.0,28.469665857756205,182.63636363636363,17.0
1485,Barcelona,Real Sociedad,20:00,13,13,4,6,8,2,8,16,4,4,0,0,A,A,1,2,2023-05-20,2.0116,2.8035,2.8035,0.9622000000000002,14.96,6,0.7861,1.8413,1.8413,-0.9622000000000002,5.689655172413793,9,3886682.0,1.0,4.0,Xavi,Imanol Alguacil,Javier Alberola Rojas,4-3-3 Attacking,4-2-3-1,131.0,681.0,445000000.0,28.26258478003858,181.27272727272728,836.0,214000000.0,26.615643083815566,183.9090909090909,179.0
1486,Rayo Vallecano,Espanyol,13:00,15,10,5,6,4,4,8,11,2,2,0,0,D,A,1,2,2023-05-21,0.9089,1.3061,1.3061,0.21825,11.681818181818182,2,1.8158,1.83113,1.08785,-0.21825,6.35,10,3886688.0,11.0,19.0,Andoni Iraola,Luis García,Alejandro Hernández Hernández,4-2-3-1,4-2-3-1,367.0,714.0,71500000.0,29.412482110634063,180.27272727272728,154.0,59000000.0,28.63543027814075,181.1818181818182,17.0
1487,Atletico Madrid,Osasuna,15:15,15,12,5,2,8,10,6,11,0,2,0,0,H,H,3,0,2023-05-21,0.4382,0.714505,0.714505,-1.373225,17.8,5,2.3813,2.08773,2.08773,1.373225,22.58333333333333,8,3886681.0,2.0,10.0,Diego Simeone,Jagoba Arrasate,Pablo González Fuertes,5-3-2,4-3-3 Attacking,13.0,331.0,234500000.0,29.487897455043242,182.8181818181818,776.0,97500000.0,28.569224068197375,180.9090909090909,61.0
1488,Valencia,Real Madrid,17:30,12,13,6,5,2,9,13,4,4,2,0,1,H,H,1,0,2023-05-21,1.7964,2.08896,2.08896,0.5977000000000001,4.6,14,0.9615,1.49126,1.49126,-0.5977000000000001,22.352941176470587,9,3886689.0,13.0,3.0,Rubén Baraja,Carlo Ancelotti,De Burgos Bengoetxea,4-2-3-1,4-3-3 Attacking,1049.0,418.0,122000000.0,24.403459647812827,181.54545454545453,312.0,562000000.0,27.51291145541659,183.72727272727272,514.0
1489,Sevilla,Real Betis,20:00,10,5,4,0,4,3,14,11,2,2,0,1,D,D,0,0,2023-05-21,0.2427,0.114129,0.114129,-1.4053410000000002,6.129032258064516,6,2.5731,1.51947,1.51947,1.4053410000000002,5.266666666666667,12,3886686.0,9.0,6.0,José Luis Mendilibar,Manuel Pellegrini,Jesús Gil Manzano,4-2-3-1,4-2-3-1,368.0,150.0,76500000.0,29.8674631323502,182.54545454545453,340.0,131000000.0,29.669591189098377,182.54545454545453,224.0
1490,Real Valladolid,Barcelona,21:00,8,16,4,6,2,6,13,9,1,0,0,0,H,H,3,1,2023-05-23,1.0135,1.72866,1.72866,0.2660200000000001,8.933333333333334,8,1.7545,2.20591,1.46264,-0.2660200000000001,18.11111111111111,4,3886696.0,18.0,1.0,Paulo Pezzolano,Xavi,César Soto Grado,4-2-3-1,4-3-3 Attacking,366.0,131.0,49000000.0,28.114989733059545,179.8181818181818,201.0,403000000.0,26.361271856138387,180.72727272727272,485.0
1491,Real Sociedad,Almeria,18:30,15,2,2,2,10,2,20,8,0,1,0,1,H,H,1,0,2023-05-23,0.1336,0.0996009,0.0996009,-1.8202291,33.875,3,2.7622,1.91983,1.91983,1.8202291,3.24,14,3886699.0,4.0,15.0,Imanol Alguacil,Rubi,Pablo González Fuertes,4-1-4-1,4-2-3-1,681.0,3302.0,243000000.0,26.66019538298799,180.9090909090909,211.0,42700000.0,26.805550370232094,180.0,30.0
1492,Celta Vigo,Girona,18:30,16,11,7,4,9,3,13,13,0,0,0,0,H,D,1,1,2023-05-23,1.8217,1.40034,0.657063,-0.2762760000000001,10.11111111111111,2,0.8875,0.933339,0.933339,0.2762760000000001,13.851851851851851,5,3886691.0,14.0,9.0,Carlos Carvalhal,Míchel,Mateu Lahoz,4-3-3 Attacking,4-2-3-1,940.0,12321.0,92000000.0,25.688756144608302,180.36363636363637,167.0,75000000.0,26.74581544396739,182.9090909090909,149.0
1493,Espanyol,Atletico Madrid,21:00,26,16,13,7,16,1,6,9,2,3,0,0,A,D,3,3,2023-05-24,1.2425,2.76349,2.76349,0.4707400000000001,10.3125,7,1.5485000000000002,3.03603,2.29275,-0.4707400000000001,17.227272727272727,14,3886695.0,19.0,3.0,Luis García,Diego Simeone,Mario Melero López,5-3-2,5-3-2,714.0,13.0,65000000.0,28.19712525667351,182.0909090909091,83.0,244500000.0,29.280318586273413,181.1818181818182,717.0
1494,Villarreal,Cadiz,18:30,13,16,7,8,7,6,14,8,1,2,0,0,H,H,2,0,2023-05-24,0.8341000000000001,2.09634,2.09634,-0.8777599999999999,14.75,9,1.9606,2.9741,2.9741,0.8777599999999999,4.903225806451613,12,3886697.0,5.0,17.0,Quique Setién,Sergio,Juan Luis Pulido Santana,4-2-3-1,4-4-2 double 6,1050.0,2687.0,168200000.0,29.847053699209756,180.63636363636363,319.0,28400000.0,29.731068384045795,179.8181818181818,37.0
1495,Real Betis,Getafe,21:00,11,9,4,2,2,5,8,12,2,5,1,0,D,A,0,1,2023-05-24,0.5748,0.344449,0.344449,-0.7483709999999999,12.333333333333334,1,2.1174,1.09282,1.09282,0.7483709999999999,8.3,6,3886690.0,6.0,16.0,Manuel Pellegrini,Pepe Bordalás,De Burgos Bengoetxea,4-2-3-1,4-2-3-1,150.0,3709.0,101500000.0,30.700765353742767,179.8181818181818,276.0,69700000.0,29.500342231348395,183.0,261.0
1496,Elche,Sevilla,18:30,20,9,7,3,9,5,12,10,1,4,0,1,D,D,1,1,2023-05-24,0.981,0.889054,0.889054,-0.469486,16.31578947368421,1,1.7226,1.35854,1.35854,0.469486,6.6,6,3886692.0,20.0,10.0,Sebastián Beccacece,José Luis Mendilibar,Isidro Díaz de Mera Escuderos,4-4-2,4-2-3-1,1531.0,368.0,28300000.0,28.746437682782652,181.45454545454547,12.0,94500000.0,29.877418953394315,182.8181818181818,322.0
1497,Real Madrid,Rayo Vallecano,18:30,12,15,3,6,5,2,11,14,1,3,0,0,H,H,2,1,2023-05-24,0.3669,0.446413,0.446413,-1.216397,11.486486486486486,2,2.4474000000000005,1.66281,1.66281,1.216397,11.65,13,3886698.0,2.0,12.0,Carlo Ancelotti,Andoni Iraola,Jesús Gil Manzano,4-3-3 Attacking,4-2-3-1,418.0,367.0,470000000.0,30.102918300043555,181.9090909090909,814.0,76000000.0,28.124447763051457,178.72727272727272,137.0
1498,Mallorca,Valencia,18:30,4,15,3,5,2,4,15,12,4,2,0,0,D,H,1,0,2023-05-25,2.5229,2.073,2.073,1.534524,6.555555555555555,7,0.3149,0.538476,0.538476,-1.534524,12.5,3,3886693.0,11.0,13.0,Javier Aguirre,Rubén Baraja,Alejandro Hernández Hernández,3-4-3,4-2-3-1,237.0,1049.0,76200000.0,27.024329537676564,183.0909090909091,228.0,125000000.0,24.197871943251823,181.72727272727272,156.0
1499,Osasuna,Athletic Club,20:30,9,10,3,5,3,6,17,13,3,3,0,0,D,H,2,0,2023-05-25,0.9162,0.534145,0.534145,-0.372554,8.115384615384615,6,1.7229,0.906699,0.906699,0.372554,7.735294117647059,4,3886694.0,8.0,7.0,Jagoba Arrasate,Ernesto Valverde,Alejandro Muñiz Ruiz,4-2-3-1,4-2-3-1,331.0,621.0,96500000.0,27.718001368925396,181.0909090909091,99.0,111800000.0,27.218468048036836,181.45454545454547,76.0
1500,Sevilla,Real Madrid,18:00,11,6,1,3,1,1,23,10,2,4,1,0,D,A,1,2,2023-05-27,1.1931,0.815661,0.815661,-0.164492,10.1,6,1.4514,0.980153,0.980153,0.164492,17.285714285714285,7,3886709.0,11.0,2.0,José Luis Mendilibar,Carlo Ancelotti,César Soto Grado,4-2-3-1,4-3-3 Attacking,368.0,418.0,83300000.0,28.990853089415715,181.27272727272728,401.0,510000000.0,28.694667413353248,181.54545454545453,639.0
1501,Getafe,Osasuna,18:00,16,10,6,2,1,1,11,6,3,1,0,0,D,H,2,1,2023-05-28,0.0818,0.432264,0.432264,-2.286436,17.7,4,2.8673,2.7187,2.7187,2.286436,7.884615384615385,8,3886703.0,14.0,8.0,Pepe Bordalás,Jagoba Arrasate,Mateu Lahoz,4-3-3 Attacking,4-2-3-1,3709.0,331.0,42700000.0,29.454794350071555,183.0,225.0,96000000.0,27.60998071059673,179.45454545454547,59.0
1502,Valencia,Espanyol,18:00,19,9,4,5,10,3,12,12,0,4,0,0,D,D,2,2,2023-05-28,0.7989,1.78056,1.78056,-0.7521400000000003,7.32,5,1.9359,2.5327,2.5327,0.7521400000000003,9.125,13,3886708.0,13.0,19.0,Rubén Baraja,Luis García,Jesús Gil Manzano,4-2-3-1,5-3-2,1049.0,714.0,121500000.0,24.44278514093709,180.72727272727272,170.0,65000000.0,28.52292950034223,182.1818181818182,83.0
1503,Girona,Real Betis,18:00,9,18,3,7,8,5,14,12,0,1,0,0,H,A,1,2,2023-05-28,1.8382,2.32066,2.32066,0.6875100000000001,11.862068965517242,12,0.9304,1.63315,1.63315,-0.6875100000000001,13.705882352941176,6,3886707.0,9.0,6.0,Míchel,Manuel Pellegrini,Isidro Díaz de Mera Escuderos,4-3-3 Attacking,4-2-3-1,12321.0,150.0,82000000.0,26.466803559206024,184.0,139.0,128000000.0,29.25443345155871,182.72727272727272,185.0
1504,Cadiz,Celta Vigo,18:00,13,9,3,4,3,3,16,10,9,5,0,0,D,H,1,0,2023-05-28,0.5558000000000001,0.599427,0.599427,-0.998843,11.764705882352942,5,2.2103,1.59827,1.59827,0.998843,6.387096774193548,5,3886704.0,15.0,16.0,Sergio,Carlos Carvalhal,De Burgos Bengoetxea,4-4-2,4-3-3 Attacking,2687.0,940.0,29700000.0,30.4394250513347,179.9090909090909,101.0,92000000.0,25.702445398543958,180.36363636363637,167.0
1505,Rayo Vallecano,Villarreal,18:00,15,7,4,2,4,6,9,9,3,5,0,0,D,H,2,1,2023-05-28,0.8841999999999999,0.622891,0.622891,-0.5431590000000001,5.666666666666667,6,1.7929,1.16605,1.16605,0.5431590000000001,12.666666666666666,9,3886705.0,10.0,5.0,Andoni Iraola,Quique Setién,Javier Iglesias Villanueva,4-4-2,4-3-3 Attacking,367.0,1050.0,69500000.0,27.846929251446706,178.72727272727272,122.0,213700000.0,26.93895837222326,182.27272727272728,328.0
1506,Atletico Madrid,Real Sociedad,18:00,11,10,5,5,6,4,8,10,2,2,0,0,H,H,2,1,2023-05-28,1.4484,0.943774,0.943774,0.125175,14.227272727272728,5,1.2075,0.818599,0.818599,-0.125175,17.105263157894736,2,3886701.0,3.0,4.0,Diego Simeone,Imanol Alguacil,Juan Luis Pulido Santana,5-4-1,4-3-3 Attacking,13.0,681.0,224500000.0,29.129985688507247,181.8181818181818,695.0,264000000.0,26.89515275962915,182.9090909090909,270.0
1507,Athletic Club,Elche,18:00,27,6,8,2,19,3,7,10,1,1,0,0,D,A,0,1,2023-05-28,0.1765,0.769369,0.769369,-2.144521,12.363636363636363,2,2.7253,2.91389,2.91389,2.144521,6.206896551724138,9,3886700.0,7.0,20.0,Ernesto Valverde,Sebastián Beccacece,Valentin Pizarro Gomez,4-2-3-1,3-5-2 Attacking,621.0,1531.0,130800000.0,27.959927820297427,183.54545454545453,99.0,20900000.0,29.058552672515713,182.0,16.0
1508,Almeria,Real Valladolid,18:00,23,8,7,2,2,4,11,16,0,4,0,0,D,D,0,0,2023-05-28,0.4631999999999999,0.364363,0.364363,-1.188437,9.4,3,2.3016,1.5528,1.5528,1.188437,8.695652173913043,13,3886706.0,17.0,18.0,Rubi,Paulo Pezzolano,Javier Alberola Rojas,4-3-3 Attacking,4-3-3 Attacking,3302.0,366.0,38300000.0,27.42554912575446,182.0,24.0,49000000.0,27.9659013129239,179.0909090909091,234.0
1509,Barcelona,Mallorca,18:00,28,3,9,1,14,3,4,9,0,0,0,1,H,H,3,0,2023-05-28,0.0084,0.124265,0.124265,-4.283905,26.75,2,2.9853,4.40817,4.40817,4.283905,6.8125,26,3886702.0,1.0,12.0,Xavi,Javier Aguirre,Jorge Figueroa Vázquez,4-3-3 Attacking,5-4-1,131.0,237.0,485000000.0,27.05668595606994,180.54545454545453,738.0,44000000.0,27.62142990479746,182.2,93.0
1510,Real Valladolid,Getafe,20:00,15,4,0,1,6,1,9,25,1,3,0,0,D,D,0,0,2023-06-04,0.8564,0.27917,0.27917,-0.407661,12.666666666666666,3,1.6871,0.686831,0.686831,0.407661,3.2,5,3844554.0,18.0,15.0,Paulo Pezzolano,Pepe Bordalás,José Luis Munuera Montero,4-3-3 Attacking,4-2-3-1,366.0,3709.0,36000000.0,28.865160848733748,179.63636363636363,238.0,51700000.0,28.281998631074604,185.0,148.0
1511,Celta Vigo,Barcelona,20:00,12,9,9,2,2,4,13,9,2,2,0,0,H,H,2,1,2023-06-04,2.1373,1.41678,1.41678,0.8511789999999999,6.157894736842105,10,0.6073,0.565601,0.565601,-0.8511789999999999,24.27777777777778,2,3844553.0,13.0,1.0,Carlos Carvalhal,Xavi,Juan Luis Pulido Santana,4-3-3 Attacking,4-3-3 Attacking,940.0,131.0,88300000.0,25.367680915935537,179.54545454545453,61.0,375000000.0,27.816812892788253,182.72727272727272,629.0
1512,Espanyol,Almeria,20:00,12,11,8,4,7,6,11,12,2,3,0,0,D,D,3,3,2023-06-04,2.5844,2.03499,1.29171,0.7916259999999999,13.0,6,0.2729,0.500084,0.500084,-0.7916259999999999,6.5625,6,3844556.0,19.0,17.0,Luis García,Rubi,César Soto Grado,4-2-3-1,4-3-3 Attacking,714.0,3302.0,63900000.0,26.826457594424742,180.54545454545453,145.0,49500000.0,26.349075975359344,181.63636363636363,52.0
1513,Elche,Cadiz,20:00,12,14,5,3,7,4,18,8,4,3,0,0,A,D,1,1,2023-06-04,1.8861,2.22255,2.22255,0.68855,12.08695652173913,4,0.8756999999999999,1.534,1.534,-0.68855,5.764705882352941,6,3844555.0,20.0,16.0,Sebastián Beccacece,Sergio,Jesús Gil Manzano,4-1-4-1,4-4-2,1531.0,2687.0,29900000.0,28.507249082197745,183.1818181818182,50.0,29700000.0,29.924460207827767,179.54545454545453,101.0
1514,Real Betis,Valencia,20:00,8,10,3,3,5,4,11,11,3,0,0,1,H,D,1,1,2023-06-04,1.4967,0.845969,0.845969,0.1680499999999999,12.0,4,1.1295000000000002,0.677919,0.677919,-0.1680499999999999,8.61111111111111,12,3844549.0,6.0,14.0,Manuel Pellegrini,Rubén Baraja,Javier Alberola Rojas,4-2-3-1,4-2-3-1,150.0,1049.0,111500000.0,31.50594238068571,183.27272727272728,207.0,135000000.0,24.272291705556594,181.27272727272728,166.0
1515,Mallorca,Rayo Vallecano,17:30,8,20,4,4,2,6,14,15,0,0,0,0,D,H,3,0,2023-06-04,0.5336000000000001,1.04004,1.04004,-1.21119,6.4,2,2.2763,2.25123,2.25123,1.21119,11.23076923076923,4,3844550.0,9.0,12.0,Javier Aguirre,Andoni Iraola,Mateu Lahoz,3-5-2 flat,4-4-2 Diamond,237.0,367.0,66700000.0,27.94623856636177,181.27272727272728,134.0,69500000.0,27.86609420695663,178.72727272727272,122.0
1516,Real Sociedad,Sevilla,17:30,17,9,6,4,5,2,10,13,0,1,0,0,H,H,2,1,2023-06-04,0.2276,0.461529,0.461529,-1.892341,16.57894736842105,5,2.6533999999999995,2.35387,2.35387,1.892341,9.24,9,3844551.0,4.0,11.0,Imanol Alguacil,José Luis Mendilibar,Carlos del Cerro Grande,4-3-3 Attacking,4-2-3-1,681.0,368.0,168000000.0,26.253748988861926,181.8181818181818,170.0,73400000.0,26.99023085060046,182.54545454545453,223.0
1517,Real Madrid,Athletic Club,17:30,9,15,2,9,5,6,11,14,2,2,0,0,D,D,1,1,2023-06-04,1.7335,2.17987,1.43659,0.457633,16.625,9,0.9844,1.72224,0.978957,-0.457633,7.0,9,3844552.0,2.0,8.0,Carlo Ancelotti,Ernesto Valverde,Isidro Díaz de Mera Escuderos,4-3-3 Attacking,4-2-3-1,418.0,621.0,552000000.0,28.45547881276834,182.54545454545453,531.0,139300000.0,27.645074979777238,185.27272727272728,129.0
1518,Osasuna,Girona,17:30,14,11,7,6,5,2,12,9,1,5,0,0,D,H,2,1,2023-06-04,0.5253,0.822488,0.822488,-1.0946920000000002,10.266666666666667,4,2.2632,1.91718,1.91718,1.0946920000000002,11.133333333333333,3,3844557.0,7.0,10.0,Jagoba Arrasate,Míchel,Miguel Ángel Ortiz Arias,4-3-3 Attacking,4-2-3-1,331.0,12321.0,96500000.0,27.74537987679672,181.0909090909091,99.0,93500000.0,26.88345466990231,182.63636363636363,133.0
1519,Villarreal,Atletico Madrid,17:30,22,9,7,3,12,1,9,12,3,2,0,1,D,D,2,2,2023-06-04,0.7429,1.16068,1.16068,-0.90323,16.764705882352942,5,2.0263,2.06391,2.06391,0.90323,6.84,8,3844558.0,5.0,3.0,Quique Setién,Diego Simeone,De Burgos Bengoetxea,4-3-3 Attacking,3-5-2 flat,1050.0,13.0,163000000.0,28.149835106713955,181.36363636363637,259.0,165500000.0,28.55503702320951,181.1818181818182,543.0
1520,Athletic Club,Getafe,18:00,7,9,4,2,5,6,15,12,4,1,0,0,H,D,1,1,2024-08-15,1.5619,0.537517,0.537517,0.247322,14.61111111111111,1,0.9469,0.290195,0.290195,-0.247322,5.105263157894737,4,4361545.0,12.0,13.0,Ernesto Valverde,José Bordalás,Alejandro Muñiz Ruiz,4-2-3-1,4-1-4-1,621.0,3709.0,151000000.0,27.61222077033165,183.63636363636363,38.0,32800000.0,27.532076410926514,182.8181818181818,143.0
1521,Real Betis,Girona,20:30,19,13,4,2,4,4,11,7,2,0,0,0,H,D,1,1,2024-08-15,1.1868,1.54726,1.54726,-0.2585599999999999,9.909090909090908,4,1.5546,1.80582,1.80582,0.2585599999999999,12.851851851851851,8,4361546.0,10.0,15.0,Manuel Pellegrini,Míchel,Miguel Ángel Ortiz Arias,4-2-3-1,4-3-3 Attacking,150.0,12321.0,69000000.0,30.246531018604937,179.9090909090909,188.0,116000000.0,28.323066392881586,181.0,181.0
1522,Celta Vigo,Alaves,18:00,6,10,4,2,3,3,8,23,3,2,0,0,A,H,2,1,2024-08-16,2.2451000000000003,1.9391,1.9391,1.1453030000000002,11.79310344827586,2,0.5417000000000001,0.793797,0.793797,-1.1453030000000002,5.52,6,4361552.0,2.0,18.0,Claudio Giráldez,Luis García,Alejandro Quintero González,4-4-2,4-2-3-1,940.0,1108.0,46000000.0,26.72017920477879,179.72727272727272,81.0,44500000.0,26.591500217783587,180.36363636363637,35.0
1523,Las Palmas,Sevilla,20:30,13,16,5,5,6,3,12,13,0,0,0,0,D,D,2,2,2024-08-16,1.9369,2.09987,2.09987,0.7811700000000001,14.666666666666666,7,0.8233,1.3187,1.3187,-0.7811700000000001,11.0,5,4361548.0,8.0,6.0,Luis Carrión,Xavier García Pimienta,Francisco José Hernández Maeso,4-2-3-1,4-2-3-1,472.0,368.0,65100000.0,28.231472839275714,181.0,105.0,87900000.0,26.360774065086183,184.45454545454547,277.0
1524,Osasuna,Leganes,18:00,16,10,5,4,6,4,14,12,3,2,0,0,A,D,1,1,2024-08-17,1.0246,1.33949,1.33949,-0.4236099999999998,7.653846153846154,2,1.7083,1.7631,1.7631,0.4236099999999998,7.7,3,4361553.0,11.0,16.0,Vicente Moreno,Borja Jiménez,Juan Luis Pulido Santana,4-3-3 Attacking,4-2-3-1,331.0,1244.0,60300000.0,27.514404828573205,184.8181818181818,61.0,18700000.0,27.320764109265134,180.72727272727272,52.0
1525,Valencia,Barcelona,20:30,6,18,1,8,3,8,11,13,2,3,0,0,D,A,1,2,2024-08-17,2.5993,3.48824,2.74496,1.1928999999999998,7.153846153846154,12,0.2743,1.55206,1.55206,-1.1928999999999998,14.954545454545457,3,4361550.0,19.0,1.0,Rubén Baraja,Hansi Flick,José María Sánchez Martínez,4-2-3-1,4-2-3-1,1049.0,131.0,187500000.0,23.307323750855577,184.1818181818182,120.0,365500000.0,24.827079833239996,181.72727272727272,415.0
1526,Real Sociedad,Rayo Vallecano,18:00,11,12,5,5,10,5,14,21,2,4,0,0,D,A,1,2,2024-08-18,1.3795,1.60148,1.60148,0.0354000000000001,7.151515151515151,2,1.3503999999999998,1.56608,1.56608,-0.0354000000000001,6.0,4,4361551.0,17.0,3.0,Imanol Alguacil,Iñigo Pérez,Alejandro Hernández Hernández,4-3-3 Attacking,4-2-3-1,681.0,367.0,219700000.0,26.544707858876237,181.9090909090909,240.0,35000000.0,29.139692614025265,179.0909090909091,63.0
1527,Mallorca,Real Madrid,20:30,12,13,5,4,8,7,11,6,1,0,0,1,A,D,1,1,2024-08-18,0.7009000000000001,0.608052,0.608052,-0.6975579999999999,16.727272727272727,12,2.0206,1.30561,1.30561,0.6975579999999999,19.68421052631579,5,4361547.0,14.0,9.0,Jagoba Arrasate,Carlo Ancelotti,César Soto Grado,4-3-3,4-3-3 Attacking,237.0,418.0,55200000.0,30.020036089851285,183.54545454545453,206.0,1027000000.0,27.023085060046046,183.1818181818182,632.0
1528,Villarreal,Atletico Madrid,20:30,8,10,3,5,2,3,6,10,1,3,0,0,D,D,2,2,2024-08-19,1.7331,1.13868,1.13868,0.4518399999999999,16.529411764705884,8,0.9465,0.68684,0.68684,-0.4518399999999999,16.956521739130434,7,4361549.0,7.0,5.0,Marcelino,Diego Simeone,Guillermo Cuadra Fernández,4-4-2,3-4-2-1,1050.0,13.0,114900000.0,29.256922406819736,181.72727272727272,171.0,234500000.0,30.06010826955385,182.54545454545453,642.0
1529,Real Valladolid,Espanyol,18:00,12,10,3,2,3,2,15,8,2,2,0,0,H,H,1,0,2024-08-19,0.7329,0.515586,0.515586,-0.661944,11.85,1,1.9686,1.17753,1.17753,0.661944,16.31578947368421,5,4364902.0,4.0,20.0,Paulo Pezzolano,Manolo González,Pablo González Fuertes,4-3-3 Attacking,5-3-2,366.0,714.0,31000000.0,26.235579615456412,180.9090909090909,131.0,38000000.0,26.26196254122332,182.27272727272728,22.0
1530,Celta Vigo,Valencia,18:00,7,13,5,5,4,7,9,11,3,0,0,0,H,H,3,1,2024-08-23,1.1985,1.1544,1.1544,0.5919670000000001,15.7,4,1.4712,1.30571,0.562433,-0.5919670000000001,14.68421052631579,4,4361555.0,1.0,20.0,Claudio Giráldez,Rubén Baraja,José Luis Munuera Montero,3-4-3,4-2-3-1,940.0,1049.0,38700000.0,25.169808972683715,180.8181818181818,48.0,187500000.0,23.32375085557837,184.1818181818182,120.0
1531,Sevilla,Villarreal,20:30,15,6,9,5,7,2,15,7,3,5,0,0,D,A,1,2,2024-08-23,1.5042,1.39825,1.39825,0.15999,23.266666666666666,4,1.2057000000000002,1.23826,1.23826,-0.15999,6.851851851851852,4,4361558.0,13.0,4.0,Xavier García Pimienta,Marcelino,Isidro Díaz de Mera Escuderos,4-3-3 Attacking,4-4-2,368.0,1050.0,105400000.0,25.82838653475204,184.54545454545453,173.0,105400000.0,26.233588451247588,183.0909090909091,175.0
1532,Osasuna,Mallorca,16:00,15,11,5,2,5,4,10,8,2,1,0,0,D,H,1,0,2024-08-24,0.845,0.427602,0.427602,-0.460076,9.3125,5,1.7783,0.887678,0.887678,0.460076,6.15625,0,4361562.0,6.0,17.0,Vicente Moreno,Jagoba Arrasate,Adrián Cordero Vega,4-2-3-1,4-2-3-1,331.0,237.0,72000000.0,27.26998942194014,183.9090909090909,60.0,55200000.0,30.03646319457408,183.54545454545453,206.0
1533,Barcelona,Athletic Club,18:00,13,9,5,2,5,6,11,16,4,5,0,0,D,H,2,1,2024-08-24,0.4659,1.09985,0.356575,-2.0591950000000003,19.105263157894736,4,2.3457,2.41577,2.41577,2.0591950000000003,7.681818181818182,12,4361561.0,2.0,15.0,Hansi Flick,Ernesto Valverde,Jesús Gil Manzano,4-2-3-1,4-2-3-1,131.0,621.0,443000000.0,24.91917117789808,181.9090909090909,453.0,204000000.0,27.47707049965777,183.45454545454547,77.0
1534,Espanyol,Real Sociedad,20:30,13,8,3,4,7,4,14,18,2,2,0,0,D,A,0,1,2024-08-24,0.5499,0.796104,0.796104,-0.999556,4.071428571428571,5,2.2146,1.79566,1.79566,0.999556,22.0,4,4364903.0,19.0,9.0,Manolo González,Imanol Alguacil,Mario Melero López,4-2-3-1,4-3-3 Attacking,714.0,681.0,46600000.0,24.796963474581545,184.27272727272728,100.0,228500000.0,26.822475266007096,181.0,217.0
1535,Getafe,Rayo Vallecano,20:30,12,3,0,1,3,2,16,18,1,2,0,0,D,D,0,0,2024-08-24,0.8331999999999999,0.161076,0.161076,-0.351647,3.6538461538461537,2,1.6273,0.512723,0.512723,0.351647,5.695652173913044,5,4361556.0,12.0,8.0,José Bordalás,Iñigo Pérez,Javier Alberola Rojas,4-2-3-1,4-2-3-1,3709.0,367.0,35900000.0,27.35063157239749,183.27272727272728,134.0,26500000.0,30.497915499968887,180.54545454545453,76.0
1536,Real Madrid,Real Valladolid,16:00,17,8,9,2,5,5,10,15,1,1,0,0,D,H,3,0,2024-08-25,0.2316,0.378528,0.378528,-1.8010119999999998,11.84,4,2.6415,2.17954,2.17954,1.8010119999999998,8.75,9,4361557.0,7.0,10.0,Carlo Ancelotti,Paulo Pezzolano,Víctor García Verdura,4-2-3-1,4-1-4-1,418.0,366.0,885000000.0,26.51085806732624,181.1818181818182,606.0,33200000.0,27.075602016053764,181.0,129.0
1537,Leganes,Las Palmas,18:00,10,10,5,5,3,7,11,10,1,1,0,0,D,H,2,1,2024-08-25,1.0356,1.23438,1.23438,0.3876780000000001,8.590909090909092,4,1.6829999999999998,1.58998,0.846702,-0.3876780000000001,16.45,9,4361560.0,5.0,14.0,Borja Jiménez,Luis Carrión,De Burgos Bengoetxea,4-1-4-1,4-2-3-1,1244.0,472.0,20900000.0,27.62964345715886,181.0909090909091,53.0,70700000.0,28.01393814946176,181.0,158.0
1538,Alaves,Real Betis,18:15,3,13,1,3,3,8,16,13,1,4,1,0,D,D,0,0,2024-08-25,2.3955,1.36012,1.36012,1.187575,7.277777777777778,5,0.3611999999999999,0.172545,0.172545,-1.187575,10.46875,2,4361559.0,16.0,11.0,Luis García,Manuel Pellegrini,Mateo Busquets Ferrer,4-4-2,4-2-3-1,1108.0,150.0,41900000.0,27.93080704374339,180.0,42.0,67500000.0,30.73536183187107,180.72727272727272,316.0
1539,Atletico Madrid,Girona,20:30,11,13,6,5,1,9,11,10,1,3,0,0,H,H,3,0,2024-08-25,0.6107,0.596524,0.596524,-0.8274059999999999,11.333333333333334,7,2.1293,1.42393,1.42393,0.8274059999999999,14.9,8,4361554.0,3.0,18.0,Diego Simeone,Míchel,Juan Martínez Munuera,3-5-2 flat,4-3-3 Attacking,13.0,12321.0,337000000.0,28.37234770704997,180.0,555.0,142500000.0,27.85165826644266,182.0,244.0
1540,Villarreal,Celta Vigo,20:30,22,18,9,8,7,4,8,6,4,3,0,0,A,H,4,3,2024-08-26,1.0661,3.79183,3.79183,0.2944800000000001,20.166666666666668,10,1.7351,4.3817,3.49735,-0.2944800000000001,17.42105263157895,7,4361569.0,2.0,3.0,Marcelino,Claudio Giráldez,Miguel Ángel Ortiz Arias,4-4-2,3-4-3,1050.0,940.0,114900000.0,29.276087362329665,181.72727272727272,171.0,36000000.0,26.653972994835417,180.72727272727272,75.0
1541,Rayo Vallecano,Barcelona,20:30,8,22,4,5,6,6,17,11,3,1,0,0,H,A,1,2,2024-08-27,2.3057,1.51872,1.51872,1.126247,9.4,8,0.4625,0.392473,0.392473,-1.126247,7.852941176470588,7,4361568.0,11.0,1.0,Iñigo Pérez,Hansi Flick,César Soto Grado,4-4-2,4-2-3-1,367.0,131.0,36700000.0,29.41994897641715,176.9090909090909,52.0,403000000.0,25.076473150395124,182.72727272727272,449.0
1542,Mallorca,Sevilla,18:00,12,16,4,7,5,9,15,10,0,1,0,1,D,D,0,0,2024-08-27,0.9771,0.60976,0.60976,-0.331098,13.5,7,1.686,0.940858,0.940858,0.331098,13.409090909090908,3,4361566.0,17.0,15.0,Jagoba Arrasate,Xavier García Pimienta,Alejandro Muñiz Ruiz,4-3-3 Attacking,4-3-3 Attacking,237.0,368.0,56000000.0,28.362889677058057,184.0,224.0,82900000.0,27.60276274033974,184.0909090909091,329.0
1543,Real Sociedad,Alaves,20:30,8,12,1,5,8,6,16,12,4,4,1,0,D,A,1,2,2024-08-28,2.5331,2.62561,1.88233,0.930683,11.733333333333333,2,0.3251,0.951647,0.951647,-0.930683,10.538461538461538,4,4361570.0,14.0,10.0,Imanol Alguacil,Luis García,José María Sánchez Martínez,4-3-3 Attacking,4-2-3-1,681.0,1108.0,275500000.0,26.620123203285424,180.36363636363637,239.0,36300000.0,25.69224068197374,182.8181818181818,37.0
1544,Atletico Madrid,Espanyol,20:30,24,8,7,1,9,3,6,9,0,2,0,0,D,D,0,0,2024-08-28,0.0927,0.855829,0.855829,-3.030041,25.83333333333333,1,2.8557,3.88587,3.88587,3.030041,19.454545454545453,17,4364904.0,4.0,19.0,Diego Simeone,Manolo González,De Burgos Bengoetxea,5-3-2,5-3-2,13.0,714.0,298500000.0,29.249953332088854,180.54545454545453,626.0,46000000.0,24.983884014684836,182.72727272727272,92.0
1545,Real Valladolid,Leganes,18:00,12,8,2,1,4,4,13,19,1,5,0,0,D,D,0,0,2024-08-28,0.6740999999999999,0.184577,0.184577,-0.589208,13.916666666666666,2,1.9014,0.773785,0.773785,0.589208,9.434782608695652,3,4361571.0,12.0,7.0,Paulo Pezzolano,Borja Jiménez,Alejandro Quintero González,4-3-3 Attacking,4-2-3-1,366.0,1244.0,29200000.0,26.393877170057866,181.36363636363637,111.0,18300000.0,26.92228237197436,181.72727272727272,57.0
1546,Athletic Club,Valencia,18:00,13,2,4,0,5,3,14,9,1,3,0,0,H,H,1,0,2024-08-28,0.2119,0.0996371,0.0996371,-1.4163129,13.055555555555555,0,2.6176,1.51595,1.51595,1.4163129,7.212121212121212,5,4361563.0,9.0,20.0,Ernesto Valverde,Rubén Baraja,Pablo González Fuertes,4-2-3-1,4-4-2 double 6,621.0,1049.0,153300000.0,26.16862671893473,182.9090909090909,61.0,150000000.0,25.040881090162404,184.27272727272728,81.0
1547,Girona,Osasuna,18:00,10,1,5,0,5,0,10,9,0,0,0,0,H,H,4,0,2024-08-29,0.0281,0.0199618,0.0199618,-2.5815382,20.3125,1,2.9447,2.6015,2.6015,2.5815382,9.444444444444445,12,4361565.0,8.0,13.0,Míchel,Vicente Moreno,Francisco José Hernández Maeso,4-4-2,4-3-3 Defending,12321.0,331.0,134500000.0,27.22469043618941,182.54545454545453,286.0,66700000.0,28.334515587082322,183.54545454545453,62.0
1548,Las Palmas,Real Madrid,20:30,7,25,3,8,2,6,16,13,0,2,0,0,H,D,1,1,2024-08-29,2.7547,3.28322,2.53994,1.730727,11.75,16,0.1639,0.809213,0.809213,-1.730727,13.421052631578949,1,4361567.0,16.0,5.0,Luis Carrión,Carlo Ancelotti,Mateo Busquets Ferrer,4-1-4-1,4-3-3 Attacking,472.0,418.0,71000000.0,28.13067015120403,180.27272727272728,159.0,775000000.0,28.850476012693672,181.54545454545453,726.0
1549,Leganes,Mallorca,20:30,4,12,2,3,1,3,11,17,1,3,0,0,A,A,0,1,2024-08-31,2.2209,1.48758,1.48758,0.9668,10.172413793103448,8,0.5388,0.52078,0.52078,-0.9668,11.263157894736842,5,4364910.0,11.0,9.0,Borja Jiménez,Jagoba Arrasate,Mario Melero López,4-2-3-1,4-3-3 Attacking,1244.0,237.0,23400000.0,27.905917491133096,181.72727272727272,113.0,52500000.0,27.861614087486775,182.1818181818182,151.0
1550,Espanyol,Rayo Vallecano,18:15,10,17,5,5,3,7,14,16,3,2,0,0,D,H,2,1,2024-08-31,0.7201,1.0088,1.0088,-0.83799,7.344827586206897,4,2.0395000000000003,1.84679,1.84679,0.83799,10.285714285714286,7,4364911.0,15.0,13.0,Manolo González,Iñigo Pérez,Adrián Cordero Vega,4-4-2,4-4-2,714.0,367.0,46600000.0,24.735237384108018,182.8181818181818,94.0,32500000.0,29.082944434073795,178.27272727272728,66.0
1551,Valencia,Villarreal,20:30,22,9,6,3,14,3,15,11,3,5,0,1,D,D,1,1,2024-08-31,1.147,0.885369,0.885369,-0.2578509999999999,18.846153846153847,3,1.5177999999999998,1.14322,1.14322,0.2578509999999999,7.787878787878788,6,4364908.0,20.0,3.0,Rubén Baraja,Marcelino,Jesús Gil Manzano,4-2-3-1,4-4-2,1049.0,1050.0,166000000.0,24.239188600584907,182.27272727272728,103.0,82900000.0,28.243170929002552,184.72727272727272,162.0
1552,Barcelona,Real Valladolid,16:00,23,5,10,2,10,1,6,12,0,3,0,0,H,H,7,0,2024-08-31,0.0101999999999999,0.422493,0.422493,-4.517727,24.666666666666668,2,2.9817,4.94022,4.94022,4.517727,6.576923076923077,12,4364906.0,1.0,12.0,Hansi Flick,Paulo Pezzolano,Isidro Díaz de Mera Escuderos,4-3-3 Attacking,4-1-4-1,131.0,366.0,475500000.0,25.439362827453177,179.72727272727272,446.0,22700000.0,26.84711592309128,181.36363636363637,118.0
1553,Athletic Club,Atletico Madrid,18:00,8,9,1,2,2,2,13,9,3,1,0,0,D,A,0,1,2024-08-31,2.5737,1.58613,1.58613,1.3338990000000002,33.55555555555556,6,0.2589,0.252231,0.252231,-1.3338990000000002,12.357142857142858,4,4364905.0,16.0,2.0,Ernesto Valverde,Diego Simeone,Alejandro Hernández Hernández,4-2-3-1,3-4-2-1,621.0,13.0,212800000.0,27.963163462136766,183.54545454545453,84.0,328000000.0,28.09806483728455,180.8181818181818,485.0
1554,Alaves,Las Palmas,16:00,15,12,5,7,6,5,13,9,3,0,0,0,H,H,2,0,2024-09-01,0.3288,0.547308,0.547308,-0.719682,6.5625,7,2.5065,2.01026,1.26699,0.719682,16.0,6,4364909.0,6.0,18.0,Luis García,Luis Carrión,Víctor García Verdura,4-2-3-1,4-2-3-1,1108.0,472.0,40900000.0,28.164022151701825,179.9090909090909,42.0,50800000.0,29.542405575259785,180.72727272727272,138.0
1555,Osasuna,Celta Vigo,16:00,10,12,4,3,6,3,19,10,2,0,0,1,H,H,3,2,2024-09-01,2.146,1.72329,1.72329,0.943669,12.9,6,0.6244,0.779621,0.779621,-0.943669,7.566666666666666,5,4364913.0,7.0,8.0,Vicente Moreno,Claudio Giráldez,Juan Martínez Munuera,4-1-4-1,3-4-3,331.0,940.0,76000000.0,27.236886316968455,183.1818181818182,65.0,40200000.0,25.80299919108954,181.36363636363637,59.0
1556,Sevilla,Girona,18:00,16,11,5,4,7,5,6,14,3,2,0,0,A,A,0,2,2024-09-01,2.5545,2.36355,1.62028,0.8075929999999999,8.483870967741936,5,0.3137999999999999,0.812687,0.812687,-0.8075929999999999,16.5625,5,4364914.0,19.0,5.0,Xavier García Pimienta,Míchel,José María Sánchez Martínez,4-3-3 Attacking,4-3-3 Attacking,368.0,12321.0,115400000.0,25.06104162777674,183.8181818181818,147.0,132500000.0,27.937278327422064,182.0,252.0
1557,Getafe,Real Sociedad,18:15,16,1,1,0,4,1,14,16,1,1,0,0,D,D,0,0,2024-09-01,0.6042000000000001,0.0209183,0.0209183,-0.5261766999999999,4.785714285714286,0,1.8285,0.547095,0.547095,0.5261766999999999,8.090909090909092,5,4364907.0,17.0,14.0,José Bordalás,Imanol Alguacil,José Luis Munuera Montero,4-2-3-1,4-3-3 Attacking,3709.0,681.0,36400000.0,26.962105656150833,184.27272727272728,136.0,249000000.0,25.98643519382739,180.72727272727272,220.0
1558,Real Madrid,Real Betis,20:30,20,12,8,2,7,3,8,16,2,0,0,0,D,H,2,0,2024-09-01,0.391,0.831429,0.831429,-0.7969710000000001,13.954545454545457,9,2.4502,2.37168,1.6284,0.7969710000000001,8.071428571428571,9,4364912.0,4.0,10.0,Carlo Ancelotti,Manuel Pellegrini,Javier Alberola Rojas,4-3-3 Attacking,4-2-3-1,418.0,150.0,853000000.0,27.68788501026694,182.54545454545453,599.0,79000000.0,27.97784829817684,180.9090909090909,202.0
1559,Real Betis,Leganes,20:00,14,3,5,0,11,1,11,18,1,2,0,0,D,H,2,0,2024-09-13,0.1488999999999999,0.107021,0.107021,-1.614989,18.42105263157895,2,2.7307,1.72201,1.72201,1.614989,7.137931034482759,2,4405320.0,6.0,15.0,Manuel Pellegrini,Borja Jiménez,Pablo González Fuertes,4-2-3-1,4-2-3-1,150.0,1244.0,87500000.0,27.720739219712527,181.45454545454547,187.0,27200000.0,28.215294630079025,181.27272727272728,63.0
1560,Real Sociedad,Real Madrid,20:00,11,16,2,7,6,6,12,9,4,1,0,0,D,A,0,2,2024-09-14,2.0381,2.2759,0.789346,-0.628934,20.615384615384617,5,0.7268,1.41828,1.41828,0.628934,16.529411764705884,11,4405327.0,16.0,4.0,Imanol Alguacil,Carlo Ancelotti,Juan Martínez Munuera,4-3-3 Attacking,4-2-3-1,681.0,418.0,248500000.0,25.651919606745068,182.0,223.0,728000000.0,28.3840457967768,180.36363636363637,753.0
1561,Sevilla,Getafe,17:30,10,15,4,4,3,4,19,15,3,4,1,0,H,H,1,0,2024-09-14,0.8067,0.971555,0.971555,-0.676455,8.071428571428571,1,1.9359,1.64801,1.64801,0.676455,5.523809523809524,3,4405325.0,14.0,18.0,Xavier García Pimienta,José Bordalás,Mateo Busquets Ferrer,3-4-3,4-4-2,368.0,3709.0,63400000.0,27.7951589820173,181.45454545454547,281.0,38000000.0,27.43276709601145,182.63636363636363,119.0
1562,Espanyol,Alaves,15:15,9,19,4,6,0,5,17,14,2,3,0,0,D,H,3,2,2024-09-14,1.6648,2.3693,2.3693,1.16155,8.15,10,1.0441,1.95102,1.20775,-1.16155,14.2,3,4405328.0,7.0,11.0,Manolo González,Luis García,Juan Luis Pulido Santana,4-4-2,4-2-3-1,714.0,1108.0,41600000.0,25.316906228610545,182.27272727272728,87.0,40900000.0,28.19961421193454,179.9090909090909,42.0
1563,Mallorca,Villarreal,13:00,10,21,5,4,7,6,11,10,3,3,1,0,A,A,1,2,2024-09-14,2.7261,2.41884,2.41884,2.073415,16.53846153846154,12,0.1728,0.345425,0.345425,-2.073415,17.333333333333332,5,4405322.0,13.0,3.0,Jagoba Arrasate,Marcelino,De Burgos Bengoetxea,4-2-3-1,4-4-2,237.0,1050.0,48500000.0,27.920104536120963,182.8181818181818,151.0,101900000.0,27.920104536120963,183.63636363636363,129.0
1564,Celta Vigo,Real Valladolid,13:00,14,6,7,1,5,3,14,15,3,5,0,1,H,H,3,1,2024-09-15,0.2854,0.382657,0.382657,-1.610073,10.2,3,2.5615,1.99273,1.99273,1.610073,12.0,7,4405321.0,5.0,17.0,Claudio Giráldez,Paulo Pezzolano,Francisco José Hernández Maeso,3-4-3,5-3-2,940.0,366.0,37300000.0,27.474830439922844,180.54545454545453,52.0,22100000.0,25.00205338809035,182.0909090909091,125.0
1565,Girona,Barcelona,15:15,9,20,4,9,1,6,13,4,3,2,0,1,A,A,1,4,2024-09-15,2.389,2.5936,2.5936,1.49792,9.107142857142858,11,0.4428999999999999,1.09568,1.09568,-1.49792,13.454545454545457,4,4405324.0,8.0,1.0,Míchel,Hansi Flick,Alejandro Muñiz Ruiz,4-2-3-1,4-2-3-1,12321.0,131.0,123500000.0,26.876236699645325,181.72727272727272,211.0,475500000.0,25.480430589260155,179.72727272727272,446.0
1566,Las Palmas,Athletic Club,17:30,15,9,6,4,9,3,8,12,1,2,0,1,A,A,2,3,2024-09-15,1.6126,1.80432,1.80432,0.2849199999999998,17.95,2,1.0771,1.5194,1.5194,-0.2849199999999998,5.290322580645161,10,4405323.0,19.0,10.0,Luis Carrión,Ernesto Valverde,Miguel Ángel Ortiz Arias,4-5-1,4-2-3-1,472.0,621.0,70000000.0,28.177213614585277,180.27272727272728,159.0,214100000.0,27.281936407193083,183.0909090909091,88.0
1567,Atletico Madrid,Valencia,20:00,14,5,5,1,7,3,10,8,1,2,0,0,H,H,3,0,2024-09-15,0.0395,0.18311,0.18311,-3.04654,20.5625,1,2.9348,3.22965,3.22965,3.04654,19.545454545454547,4,4405319.0,2.0,20.0,Diego Simeone,Rubén Baraja,César Soto Grado,3-5-2 flat,4-2-3-1,13.0,1049.0,284000000.0,29.86099184867152,182.54545454545453,660.0,154700000.0,25.01748491070873,183.45454545454547,110.0
1568,Rayo Vallecano,Osasuna,20:00,17,5,6,2,7,4,12,15,3,2,0,0,A,H,3,1,2024-09-16,0.5604,0.530311,0.530311,-0.954019,7.933333333333334,1,2.1891000000000003,1.48433,1.48433,0.954019,4.380952380952381,9,4405326.0,9.0,12.0,Iñigo Pérez,Vicente Moreno,Alejandro Quintero González,4-2-3-1,4-3-3 Attacking,367.0,331.0,32300000.0,29.52075166448883,180.63636363636363,76.0,75000000.0,26.433700454234337,183.36363636363637,29.0
1569,Mallorca,Real Sociedad,18:00,10,13,4,4,5,5,5,10,1,1,0,0,H,H,1,0,2024-09-17,0.4331,0.499139,0.499139,-0.326902,6.965517241379311,8,2.3552,1.56932,0.826041,0.326902,18.75,2,4405341.0,7.0,16.0,Jagoba Arrasate,Imanol Alguacil,Adrián Cordero Vega,4-4-2 double 6,4-3-3 Attacking,237.0,681.0,39200000.0,28.305643706054386,183.9090909090909,164.0,260000000.0,26.130296807914878,181.0,198.0
1570,Real Betis,Getafe,18:00,18,15,8,5,8,4,10,20,3,5,0,0,D,H,2,1,2024-09-18,0.1639,0.864309,0.864309,-1.454171,12.173913043478262,5,2.7565,3.06176,2.31848,1.454171,4.809523809523809,3,4361564.0,6.0,18.0,Manuel Pellegrini,José Bordalás,Juan Luis Pulido Santana,4-2-3-1,4-2-3-1,150.0,3709.0,109500000.0,26.546450127558956,181.27272727272728,142.0,34600000.0,27.026320701885382,183.8181818181818,145.0
1571,Leganes,Athletic Club,18:00,14,10,3,4,4,7,12,11,3,0,0,0,D,A,0,2,2024-09-19,1.9444,1.32325,1.32325,0.656656,14.666666666666666,6,0.772,0.666594,0.666594,-0.656656,11.478260869565217,3,4405344.0,15.0,5.0,Borja Jiménez,Ernesto Valverde,Francisco José Hernández Maeso,3-5-2 flat,4-2-3-1,1244.0,621.0,22200000.0,28.214547943500715,182.36363636363637,115.0,151800000.0,27.245597660382053,181.0909090909091,53.0
1572,Alaves,Sevilla,20:00,10,8,4,2,3,5,11,16,1,4,0,0,H,H,2,1,2024-09-20,0.5211,0.623937,0.623937,-0.782473,7.615384615384615,3,2.1714,1.40641,1.40641,0.782473,13.583333333333334,4,4405332.0,6.0,17.0,Luis García,Xavier García Pimienta,Javier Alberola Rojas,4-2-3-1,4-3-3 Attacking,1108.0,368.0,45900000.0,27.49200423122394,181.63636363636363,31.0,87000000.0,25.553356978408313,183.8181818181818,202.0
1573,Real Valladolid,Real Sociedad,13:00,15,14,2,4,5,7,15,12,4,4,0,0,D,D,0,0,2024-09-21,1.734,1.3906,1.3906,0.438011,4.428571428571429,9,0.9834,0.952589,0.952589,-0.438011,12.076923076923077,0,4405336.0,16.0,15.0,Paulo Pezzolano,Imanol Alguacil,Guillermo Cuadra Fernández,4-2-3-1,4-3-3 Attacking,366.0,681.0,20500000.0,25.190467301350257,183.36363636363637,164.0,263000000.0,24.99607989546388,181.36363636363637,252.0
1574,Osasuna,Las Palmas,15:15,13,11,2,4,2,4,14,11,2,5,0,0,D,H,2,1,2024-09-21,0.8488,1.28282,1.28282,0.0544299999999999,6.25,6,1.9141,1.97167,1.22839,-0.0544299999999999,10.033333333333331,3,4405337.0,7.0,20.0,Vicente Moreno,Luis Carrión,Isidro Díaz de Mera Escuderos,4-3-3 Attacking,4-3-3 Attacking,331.0,472.0,73500000.0,27.291643332711093,183.1818181818182,65.0,78500000.0,25.759691369547628,180.27272727272728,106.0
1575,Valencia,Girona,17:30,7,8,2,3,5,4,13,10,3,2,0,0,D,H,2,0,2024-09-21,1.2687,0.387698,0.387698,0.0369129999999999,5.954545454545454,2,1.1904,0.350785,0.350785,-0.0369129999999999,15.538461538461538,1,4405335.0,19.0,12.0,Rubén Baraja,Míchel,Alejandro Hernández Hernández,4-2-3-1,4-4-2 double 6,1049.0,12321.0,153700000.0,24.026134030240804,184.0909090909091,113.0,66700000.0,27.232157301972496,184.9090909090909,217.0
1576,Real Madrid,Espanyol,20:00,31,10,14,2,9,4,7,5,4,3,0,0,D,H,4,1,2024-09-21,0.0047,0.318831,0.318831,-3.832769,31.846153846153847,3,2.9918,4.89487,4.1516,3.832769,5.666666666666667,23,4405338.0,2.0,13.0,Carlo Ancelotti,Manolo González,José Luis Munuera Montero,4-3-3 Attacking,5-3-2,418.0,714.0,865000000.0,26.99545765664862,180.45454545454547,719.0,40600000.0,25.538423246842136,182.45454545454547,87.0
1577,Rayo Vallecano,Atletico Madrid,20:00,15,10,3,5,3,4,9,12,0,0,0,0,H,D,1,1,2024-09-22,0.4759,0.554066,0.554066,-1.135454,14.3,7,2.3131,1.68952,1.68952,1.135454,12.047619047619047,1,4405333.0,10.0,3.0,Iñigo Pérez,Diego Simeone,Mario Melero López,4-2-3-1,3-5-2 flat,367.0,13.0,32300000.0,28.78800323564184,180.0,105.0,265300000.0,29.52498288843258,181.0,605.0
1578,Athletic Club,Celta Vigo,15:15,10,11,7,4,3,6,16,11,3,2,0,0,H,H,3,1,2024-09-22,1.6861000000000002,1.21547,0.47219,-0.3921139999999999,6.727272727272728,8,0.9925,0.864304,0.864304,0.3921139999999999,19.09090909090909,6,4405329.0,5.0,8.0,Ernesto Valverde,Claudio Giráldez,José María Sánchez Martínez,4-2-3-1,3-4-3,621.0,940.0,164300000.0,26.133034658702012,183.1818181818182,61.0,43800000.0,26.994959865596414,181.72727272727272,75.0
1579,Getafe,Leganes,13:00,12,6,3,3,6,2,16,17,3,2,0,0,D,D,1,1,2024-09-22,0.8698,0.783211,0.783211,0.283725,8.714285714285714,0,1.7863000000000002,1.24276,0.499486,-0.283725,5.407407407407407,7,4405331.0,18.0,14.0,José Bordalás,Borja Jiménez,Adrián Cordero Vega,5-3-2,3-4-3,3709.0,1244.0,34800000.0,27.107460643394937,185.27272727272728,153.0,22200000.0,28.185924957998882,182.1818181818182,199.0
1580,Villarreal,Barcelona,17:30,13,17,4,10,7,3,12,12,6,1,0,0,A,A,1,5,2024-09-22,2.403,4.1937,3.45042,1.05437,5.647058823529412,10,0.4638,2.39605,2.39605,-1.05437,18.789473684210527,6,4405334.0,4.0,1.0,Marcelino,Hansi Flick,Mateo Busquets Ferrer,4-4-2,4-3-3 Attacking,1050.0,131.0,126400000.0,27.967892477132725,182.0,172.0,366000000.0,25.610602949411984,181.54545454545453,421.0
1581,Real Betis,Mallorca,20:00,14,6,6,6,6,3,12,12,3,2,0,0,D,A,1,2,2024-09-23,1.4214,1.4369,1.4369,0.06606,16.59090909090909,2,1.3019999999999998,1.37084,1.37084,-0.06606,8.88,6,4405330.0,11.0,9.0,Manuel Pellegrini,Jagoba Arrasate,Víctor García Verdura,4-2-3-1,4-2-3-1,150.0,237.0,96800000.0,27.207267749362202,181.54545454545453,261.0,44000000.0,29.375147781718624,184.0909090909091,182.0
1582,Sevilla,Real Valladolid,18:00,22,8,5,2,6,4,14,12,5,4,1,0,H,H,2,1,2024-09-24,0.4296,0.411515,0.411515,-1.259475,11.9375,3,2.3604,1.67099,1.67099,1.259475,7.238095238095238,8,4405342.0,13.0,17.0,Xavier García Pimienta,Paulo Pezzolano,Juan Luis Pulido Santana,4-2-3-1,4-3-3 Attacking,368.0,366.0,79000000.0,28.01045361209632,182.45454545454547,314.0,20300000.0,26.252504511231407,180.54545454545453,130.0
1583,Valencia,Osasuna,18:00,10,9,2,2,10,5,6,11,2,3,0,0,D,D,0,0,2024-09-24,0.5872999999999999,0.377552,0.377552,-0.797718,10.95,3,2.1227,1.17527,1.17527,0.797718,16.833333333333332,8,4405347.0,18.0,6.0,Rubén Baraja,Vicente Moreno,Miguel Ángel Ortiz Arias,4-2-3-1,4-3-3 Attacking,1049.0,331.0,142700000.0,24.30265695974115,183.0909090909091,107.0,62800000.0,26.71619687636115,184.0909090909091,32.0
1584,Real Madrid,Alaves,20:00,10,12,4,3,4,4,7,10,4,0,0,0,H,H,3,2,2024-09-24,0.653,0.853455,0.853455,-0.944455,23.818181818181817,4,2.1236,1.79791,1.79791,0.944455,9.9375,4,4405348.0,2.0,8.0,Carlo Ancelotti,Luis García,Alejandro Muñiz Ruiz,4-3-3 Attacking,4-4-2 double 6,418.0,1108.0,1018500000.0,27.1726712712339,183.1818181818182,589.0,44500000.0,24.53487648559517,180.45454545454547,65.0
1585,Girona,Rayo Vallecano,18:00,11,2,0,0,4,3,8,16,3,4,0,0,D,D,0,0,2024-09-25,0.1644,0.377734,0.377734,-1.780166,13.44,2,2.7267,2.1579,2.1579,1.780166,5.24,6,4405340.0,12.0,9.0,Míchel,Iñigo Pérez,Juan Martínez Munuera,4-2-3-1,4-2-3-1,12321.0,367.0,135500000.0,26.831684400472906,181.36363636363637,250.0,32500000.0,28.698898637296995,179.36363636363637,100.0
1586,Barcelona,Getafe,20:00,16,7,4,1,7,5,4,14,1,1,0,0,H,H,1,0,2024-09-25,0.4812,0.929851,0.929851,-1.278139,21.9375,2,2.3253000000000004,2.20799,2.20799,1.278139,3.8333333333333335,7,4405339.0,1.0,19.0,Hansi Flick,José Bordalás,Pablo González Fuertes,4-3-3 Attacking,4-3-3 Attacking,131.0,3709.0,348500000.0,24.61078962105656,179.63636363636363,354.0,34500000.0,26.737850787132103,183.63636363636363,142.0
1587,Las Palmas,Real Betis,18:00,8,14,2,5,1,4,21,10,4,2,0,0,D,D,1,1,2024-09-26,2.4178,2.66646,2.66646,1.5584699999999998,17.333333333333332,16,0.4153,1.10799,1.10799,-1.5584699999999998,8.925925925925926,3,4405346.0,20.0,11.0,Luis Carrión,Manuel Pellegrini,José María Sánchez Martínez,4-1-4-1,4-2-3-1,472.0,150.0,61200000.0,26.050152448509735,179.45454545454547,105.0,123500000.0,26.422500155559703,181.9090909090909,163.0
1588,Espanyol,Villarreal,18:00,11,15,2,4,4,1,12,14,5,3,0,0,D,A,1,2,2024-09-26,2.5983,1.96233,1.96233,1.607258,15.61904761904762,4,0.261,0.355072,0.355072,-1.607258,13.61111111111111,2,4405343.0,14.0,4.0,Manolo González,Marcelino,Alejandro Quintero González,4-4-2,4-4-2,714.0,1050.0,42100000.0,25.726837160102047,182.45454545454547,93.0,105200000.0,27.06440171737913,184.27272727272728,165.0
1589,Celta Vigo,Atletico Madrid,20:00,9,7,4,2,2,3,10,7,2,2,0,0,D,A,0,1,2024-09-26,0.5736,0.778357,0.778357,-0.982903,16.0,1,2.1885000000000003,1.76126,1.76126,0.982903,13.789473684210526,8,4405345.0,10.0,3.0,Claudio Giráldez,Diego Simeone,Víctor García Verdura,3-4-3,4-4-2,940.0,13.0,35600000.0,28.389272602824963,180.36363636363637,69.0,257000000.0,28.867898699520875,181.9090909090909,647.0
1590,Real Valladolid,Mallorca,20:00,11,14,1,6,7,4,15,9,3,2,0,0,D,A,1,2,2024-09-27,2.2591,2.49026,2.49026,1.1747500000000002,10.083333333333334,3,0.5388999999999999,1.31551,1.31551,-1.1747500000000002,7.814814814814815,5,4405354.0,19.0,7.0,Paulo Pezzolano,Jagoba Arrasate,José Luis Munuera Montero,4-3-3 Attacking,4-4-2,366.0,237.0,17600000.0,24.4007217970257,181.45454545454547,146.0,43400000.0,28.18219152510734,182.72727272727272,151.0
1591,Osasuna,Barcelona,20:00,11,12,6,5,5,8,13,3,2,2,0,0,H,H,4,2,2024-09-28,0.2445999999999999,0.751814,0.751814,-1.005576,6.071428571428571,10,2.6434,2.50067,1.75739,1.005576,13.44,2,4405353.0,5.0,1.0,Vicente Moreno,Hansi Flick,Guillermo Cuadra Fernández,4-3-3 Attacking,4-3-3 Attacking,331.0,131.0,67600000.0,28.01169808972684,182.36363636363637,64.0,232500000.0,23.799390205961046,182.36363636363637,360.0
1592,Real Sociedad,Valencia,17:30,11,9,6,4,6,4,7,12,0,0,0,0,H,H,3,0,2024-09-28,0.0619,0.805963,0.805963,-2.879337,15.590909090909092,2,2.9008000000000003,3.6853,3.6853,2.879337,9.555555555555555,7,4405352.0,14.0,18.0,Imanol Alguacil,Rubén Baraja,Javier Alberola Rojas,4-1-4-1,4-4-2 double 6,681.0,1049.0,282500000.0,25.045361209632258,180.63636363636363,241.0,163000000.0,24.58938460581171,183.9090909090909,101.0
1593,Getafe,Alaves,13:00,14,9,8,1,2,2,17,24,3,6,0,0,H,H,2,0,2024-09-28,0.1502,0.415348,0.415348,-1.399842,3.272727272727273,2,2.7683,2.55847,1.81519,1.399842,5.1,2,4405356.0,15.0,11.0,José Bordalás,Luis García,Isidro Díaz de Mera Escuderos,4-4-2,4-2-3-1,3709.0,1108.0,37000000.0,27.608985128492314,182.72727272727272,154.0,36400000.0,27.428286976541596,183.36363636363637,31.0
1594,Rayo Vallecano,Leganes,15:15,15,13,6,3,5,5,12,7,2,1,0,0,H,D,1,1,2024-09-28,1.0843,0.852356,0.852356,-0.299934,13.952380952380953,4,1.6057,1.15229,1.15229,0.299934,10.571428571428571,2,4405357.0,10.0,16.0,Iñigo Pérez,Borja Jiménez,Alejandro Muñiz Ruiz,4-2-3-1,4-2-3-1,367.0,1244.0,30800000.0,29.35697840831311,179.63636363636363,256.0,28600000.0,27.870574326426482,182.0,215.0
1595,Atletico Madrid,Real Madrid,20:00,12,12,4,4,5,5,11,11,3,1,1,0,D,D,1,1,2024-09-29,0.9475,0.660987,0.660987,-0.393783,17.25,7,1.7215,1.05477,1.05477,0.393783,26.307692307692307,7,4405350.0,4.0,2.0,Diego Simeone,Carlo Ancelotti,Mateo Busquets Ferrer,4-4-2,4-3-1-2,13.0,418.0,335000000.0,28.922157924211316,182.0,702.0,852000000.0,28.345218094704748,182.45454545454547,732.0
1596,Real Betis,Espanyol,17:30,20,8,12,1,8,4,14,20,2,4,0,0,D,H,1,0,2024-09-29,0.3533,0.569387,0.569387,-0.662583,11.545454545454543,0,2.4671,1.97922,1.23197,0.662583,10.846153846153848,17,4405358.0,8.0,17.0,Manuel Pellegrini,Manolo González,Alejandro Hernández Hernández,4-2-3-1,4-2-3-1,150.0,714.0,76300000.0,27.80586148963972,182.54545454545453,328.0,42600000.0,25.142430464812392,183.0909090909091,92.0
1597,Celta Vigo,Girona,13:00,12,9,2,4,4,4,9,14,1,0,0,0,A,D,1,1,2024-09-29,2.1415,1.41269,1.41269,0.8887,20.73333333333333,13,0.6049,0.52399,0.52399,-0.8887,19.23809523809524,9,4405351.0,9.0,12.0,Claudio Giráldez,Míchel,De Burgos Bengoetxea,5-4-1,4-2-3-1,940.0,12321.0,25300000.0,26.30875490013067,181.54545454545453,50.0,116800000.0,27.514155933047103,182.8181818181818,278.0
1598,Athletic Club,Sevilla,15:15,13,13,3,4,4,7,6,7,0,3,1,0,H,D,1,1,2024-09-29,0.9153,1.24147,1.24147,-0.5881399999999999,8.777777777777779,4,1.8207,1.82961,1.82961,0.5881399999999999,10.642857142857142,5,4405349.0,6.0,13.0,Ernesto Valverde,Xavier García Pimienta,César Soto Grado,4-2-3-1,4-2-3-1,621.0,368.0,156300000.0,27.105718374712215,183.0,74.0,82500000.0,25.720614771949474,183.63636363636363,270.0
1599,Villarreal,Las Palmas,20:00,17,7,7,3,3,2,14,10,0,3,0,0,H,H,3,1,2024-09-30,0.0498,0.802357,0.802357,-2.5330630000000003,17.846153846153847,3,2.9193,4.07869,3.33542,2.5330630000000003,15.241379310344827,7,4405355.0,3.0,20.0,Marcelino,Luis Carrión,Mario Melero López,4-4-2 double 6,4-4-2 double 6,1050.0,472.0,62900000.0,27.491008649119532,184.0909090909091,193.0,62500000.0,26.015804865907533,182.45454545454547,60.0
1600,Leganes,Valencia,20:00,8,6,0,1,1,2,15,14,2,2,0,0,D,D,0,0,2024-10-04,1.0919,0.703751,0.703751,-0.2094169999999999,12.26923076923077,5,1.5416,0.913168,0.913168,0.2094169999999999,8.5,4,4405362.0,17.0,18.0,Borja Jiménez,Rubén Baraja,Alejandro Quintero González,4-2-3-1,5-4-1,1244.0,1049.0,24600000.0,27.42530023022836,181.63636363636363,104.0,153500000.0,25.250700018667168,184.0,83.0
1601,Real Madrid,Villarreal,20:00,11,10,2,1,2,5,7,11,0,1,0,0,H,H,2,0,2024-10-05,2.2427,1.4618,1.4618,1.002218,20.6875,3,0.5096,0.459582,0.459582,-1.002218,12.391304347826088,5,4405360.0,2.0,4.0,Carlo Ancelotti,Marcelino,Guillermo Cuadra Fernández,4-4-2,4-3-3 Attacking,418.0,1050.0,939000000.0,27.497231037272105,181.8181818181818,691.0,91200000.0,28.28622985501835,185.36363636363637,203.0
1602,Espanyol,Mallorca,13:00,8,11,3,4,4,6,14,19,1,5,0,0,H,H,2,1,2024-10-05,2.1481,1.79839,1.79839,0.8498359999999999,5.833333333333333,4,0.5791,0.948554,0.948554,-0.8498359999999999,11.523809523809524,2,4405363.0,13.0,7.0,Manolo González,Jagoba Arrasate,Francisco José Hernández Maeso,4-2-3-1,4-4-1-1,714.0,237.0,40100000.0,24.716819115176406,183.72727272727272,103.0,43300000.0,29.03963661253189,183.72727272727272,167.0
1603,Getafe,Osasuna,15:15,11,6,3,2,4,2,17,10,2,4,0,0,H,D,1,1,2024-10-05,0.377,0.247706,0.247706,-1.100614,3.8947368421052633,2,2.3936,1.34832,1.34832,1.100614,8.2,1,4405359.0,16.0,5.0,José Bordalás,Vicente Moreno,José María Sánchez Martínez,4-4-2,4-3-3 Attacking,3709.0,331.0,37000000.0,27.62815008400224,182.72727272727272,154.0,68800000.0,27.297616825337567,182.9090909090909,64.0
1604,Las Palmas,Celta Vigo,17:30,24,8,5,1,11,2,9,13,3,8,0,2,A,A,0,1,2024-10-05,1.2261000000000002,0.814163,0.814163,-0.150731,10.909090909090908,4,1.4334,0.964894,0.964894,0.150731,13.733333333333333,10,4405367.0,20.0,9.0,Luis Carrión,Claudio Giráldez,Adrián Cordero Vega,4-4-2 double 6,3-4-3,472.0,940.0,52900000.0,25.92321573019725,181.72727272727272,61.0,41600000.0,28.626221143674943,182.0909090909091,92.0
1605,Real Valladolid,Rayo Vallecano,17:30,13,17,5,3,5,13,13,18,4,2,0,0,D,A,1,2,2024-10-05,1.3731,1.64746,1.64746,-0.01096,6.571428571428571,7,1.3602,1.65842,1.65842,0.01096,11.291666666666666,6,4405368.0,19.0,8.0,Paulo Pezzolano,Iñigo Pérez,Pablo González Fuertes,4-3-3 Attacking,4-4-2,366.0,367.0,18100000.0,25.025947358596227,181.9090909090909,173.0,35300000.0,29.065521747246592,178.36363636363637,103.0
1606,Sevilla,Real Betis,17:30,14,11,5,3,4,1,15,15,6,3,1,0,D,H,1,0,2024-10-06,0.3212,0.436615,0.436615,-0.6485050000000001,11.736842105263158,6,2.5163,1.8284,1.08512,0.6485050000000001,10.181818181818182,3,4405366.0,11.0,12.0,Xavier García Pimienta,Manuel Pellegrini,Juan Martínez Munuera,4-2-3-1,4-2-3-1,368.0,150.0,94500000.0,25.973741521996143,183.63636363636363,219.0,130500000.0,27.05071246344347,181.9090909090909,293.0
1607,Real Sociedad,Atletico Madrid,20:00,16,4,8,1,5,1,10,9,0,2,0,0,A,D,1,1,2024-10-06,0.8543,0.561748,0.561748,-0.5234219999999999,29.0,4,1.808,1.08517,1.08517,0.5234219999999999,8.333333333333334,12,4405365.0,15.0,3.0,Imanol Alguacil,Diego Simeone,Isidro Díaz de Mera Escuderos,4-1-4-1,5-3-2,681.0,13.0,272500000.0,25.692738473025944,181.0909090909091,263.0,266500000.0,29.075228672764606,179.72727272727272,675.0
1608,Girona,Athletic Club,13:00,14,13,6,4,6,1,12,13,4,3,0,1,D,H,2,1,2024-10-06,2.0731,3.15974,1.67318,0.2425199999999998,13.592592592592592,9,0.7333000000000001,2.17393,1.43066,-0.2425199999999998,7.666666666666667,12,4405364.0,10.0,6.0,Míchel,Ernesto Valverde,Juan Luis Pulido Santana,4-2-3-1,4-2-3-1,12321.0,621.0,129000000.0,26.452118723165952,183.1818181818182,122.0,149700000.0,27.905668595606993,183.45454545454547,47.0
1609,Alaves,Barcelona,15:15,11,14,2,8,11,3,13,8,2,2,0,0,A,A,0,3,2024-10-06,2.547,2.49367,2.49367,1.6988409999999998,4.916666666666667,9,0.3165,0.794829,0.794829,-1.6988409999999998,27.823529411764707,3,4405361.0,14.0,1.0,Luis García,Hansi Flick,Miguel Ángel Ortiz Arias,4-2-3-1,4-2-3-1,1108.0,131.0,48200000.0,26.397361707423308,180.63636363636363,27.0,400500000.0,24.04953020969448,180.1818181818182,364.0
1610,Alaves,Real Valladolid,20:00,10,12,4,4,5,6,15,14,6,2,1,0,D,A,2,3,2024-10-18,2.7465,2.33646,0.849903,0.4168679999999999,16.153846153846153,1,0.1649999999999999,0.433035,0.433035,-0.4168679999999999,9.357142857142858,5,4405374.0,15.0,18.0,Luis García,Paulo Pezzolano,Mario Melero López,4-2-3-1,4-4-2 double 6,1108.0,366.0,51500000.0,26.45859000684463,180.63636363636363,47.0,12500000.0,25.45404766349325,180.27272727272728,123.0
1611,Celta Vigo,Real Madrid,20:00,13,10,5,3,6,2,16,13,2,1,0,0,A,A,1,2,2024-10-19,0.9066,1.19816,1.19816,-0.5929600000000002,14.904761904761903,6,1.8321,1.79112,1.79112,0.5929600000000002,12.678571428571429,6,4405371.0,10.0,2.0,Claudio Giráldez,Carlo Ancelotti,Alejandro Hernández Hernández,3-4-3,3-4-2-1,940.0,418.0,50100000.0,27.794910086491196,181.54545454545453,59.0,981500000.0,26.694045174537987,182.9090909090909,573.0
1612,Girona,Real Sociedad,17:30,8,14,3,4,6,6,10,12,2,1,0,0,A,A,0,1,2024-10-19,2.4718,1.86082,1.86082,1.4146679999999998,10.333333333333334,3,0.3540999999999999,0.446152,0.446152,-1.4146679999999998,17.94736842105263,5,4405372.0,12.0,11.0,Míchel,Imanol Alguacil,César Soto Grado,5-3-2,4-1-4-1,12321.0,681.0,107500000.0,26.66019538298799,184.36363636363637,168.0,295000000.0,25.28230975048223,181.9090909090909,209.0
1613,Osasuna,Real Betis,15:15,19,11,6,7,10,2,12,8,2,1,0,1,A,A,1,2,2024-10-19,1.804,2.79181,2.79181,0.5815600000000001,10.444444444444445,8,0.9673,2.21025,2.21025,-0.5815600000000001,10.235294117647058,14,4405375.0,8.0,7.0,Vicente Moreno,Manuel Pellegrini,Alejandro Muñiz Ruiz,4-3-3 Attacking,4-4-2,331.0,150.0,68800000.0,27.335946736357414,182.9090909090909,64.0,91800000.0,28.08412668782279,181.45454545454547,139.0
1614,Athletic Club,Espanyol,13:00,10,5,6,2,5,5,15,22,2,3,0,0,H,H,4,1,2024-10-19,0.5391,0.500795,0.500795,-0.964375,10.48148148148148,3,2.214,1.46517,1.46517,0.964375,13.176470588235292,5,4405378.0,5.0,14.0,Ernesto Valverde,Manolo González,Mateo Busquets Ferrer,4-2-3-1,4-2-3-1,621.0,714.0,170100000.0,28.10727397175036,182.0,84.0,35000000.0,25.060046045672326,182.8181818181818,97.0
1615,Mallorca,Rayo Vallecano,13:00,19,10,5,2,9,2,9,13,1,1,0,0,D,H,1,0,2024-10-20,0.1445,0.464955,0.464955,-2.255805,9.526315789473683,2,2.7743,2.72076,2.72076,2.255805,12.352941176470589,7,4405373.0,6.0,9.0,Jagoba Arrasate,Iñigo Pérez,Javier Alberola Rojas,4-2-3-1,4-2-3-1,237.0,367.0,55200000.0,28.35417833364445,184.63636363636363,237.0,34800000.0,29.03366311990542,178.8181818181818,103.0
1616,Atletico Madrid,Leganes,15:15,24,5,9,2,8,2,14,8,5,1,0,0,A,H,3,1,2024-10-20,0.0024,0.271901,0.271901,-4.942069,18.0625,2,2.9952,5.21397,5.21397,4.942069,5.205128205128205,14,4405369.0,3.0,17.0,Diego Simeone,Borja Jiménez,José Luis Munuera Montero,4-4-2 Diamond,4-4-1-1,13.0,1244.0,191500000.0,29.46549685769398,180.0,603.0,23200000.0,28.250637794785636,182.72727272727272,193.0
1617,Villarreal,Getafe,17:30,10,21,4,4,5,5,18,21,4,3,0,0,H,D,1,1,2024-10-20,2.0284,2.02638,1.2831,0.1362699999999999,5.027027027027027,3,0.7425999999999999,1.14683,1.14683,-0.1362699999999999,5.130434782608695,9,4405376.0,4.0,16.0,Marcelino,José Bordalás,Víctor García Verdura,4-2-3-1,4-2-3-1,1050.0,3709.0,81700000.0,28.1533196440794,184.36363636363637,187.0,37600000.0,27.723228174973553,182.72727272727272,148.0
1618,Barcelona,Sevilla,20:00,21,7,9,1,5,5,6,14,1,2,0,0,H,H,5,1,2024-10-20,0.0351,0.599652,0.599652,-2.742348,14.12,2,2.9454,4.08528,3.342,2.742348,6.241379310344827,14,4405370.0,1.0,13.0,Hansi Flick,Xavier García Pimienta,De Burgos Bengoetxea,4-2-3-1,4-2-3-1,131.0,368.0,430500000.0,24.547072366374213,179.36363636363637,364.0,95500000.0,26.55789932175969,183.0909090909091,216.0
1619,Valencia,Las Palmas,20:00,14,11,7,6,11,2,12,12,4,9,1,0,D,A,2,3,2024-10-21,1.0998,1.56861,1.56861,0.36771,16.214285714285715,6,1.6332,1.94417,1.2009,-0.36771,12.16,7,4405377.0,20.0,19.0,Rubén Baraja,Diego Martínez,Jesús Gil Manzano,4-4-2 double 6,4-2-3-1,1049.0,472.0,130100000.0,24.873872192147346,184.0,69.0,69000000.0,27.728454981021716,181.0909090909091,152.0
1620,Espanyol,Sevilla,20:00,16,6,1,3,13,2,14,9,2,0,0,0,A,A,0,2,2024-10-25,1.2197,0.813306,0.813306,-0.2158939999999999,17.4,4,1.4279,1.0292,1.0292,0.2158939999999999,10.464285714285714,5,4407515.0,16.0,10.0,Manolo González,Xavier García Pimienta,Miguel Ángel Ortiz Arias,4-4-2,4-3-3 Attacking,714.0,368.0,36500000.0,26.320452989857507,182.54545454545453,89.0,107000000.0,25.475950469790305,184.27272727272728,211.0
1621,Real Valladolid,Villarreal,13:00,7,21,3,9,4,6,16,13,4,3,0,0,A,A,1,2,2024-10-26,2.5454,2.68435,2.68435,2.449608,19.571428571428573,4,0.308,0.97802,0.234742,-2.449608,15.578947368421051,1,4407522.0,19.0,3.0,Paulo Pezzolano,Marcelino,Francisco José Hernández Maeso,4-2-3-1,4-4-2,366.0,1050.0,14500000.0,25.78906104162778,180.0909090909091,124.0,99700000.0,27.868583162217657,184.0909090909091,176.0
1622,Rayo Vallecano,Alaves,15:15,16,15,4,7,6,2,8,14,2,4,1,0,D,H,1,0,2024-10-26,0.2922,0.871439,0.871439,-2.018651,8.476190476190476,9,2.595,2.89009,2.89009,2.018651,11.105263157894736,3,4407523.0,9.0,17.0,Iñigo Pérez,Luis García,Adrián Cordero Vega,4-2-3-1,5-4-1,367.0,1108.0,37300000.0,28.509738037458774,178.0,79.0,43000000.0,25.68502271171676,182.45454545454547,32.0
1623,Las Palmas,Girona,17:30,12,8,3,3,3,5,12,14,4,5,0,1,H,H,1,0,2024-10-26,1.1411,1.04715,1.04715,-0.1973599999999999,6.962962962962963,3,1.5134,1.24451,1.24451,0.1973599999999999,10.310344827586206,4,4407520.0,18.0,13.0,Diego Martínez,Míchel,Alejandro Quintero González,4-2-3-1,4-2-3-1,472.0,12321.0,69000000.0,27.49573766411549,179.54545454545453,137.0,78800000.0,25.453549872441044,184.36363636363637,125.0
1624,Real Madrid,Barcelona,20:00,9,15,4,7,10,3,15,17,2,5,0,0,D,A,0,4,2024-10-26,2.1338,2.51566,2.51566,1.11207,7.269230769230769,4,0.6662000000000001,1.40359,1.40359,-1.11207,8.258064516129032,3,4407518.0,2.0,1.0,Carlo Ancelotti,Hansi Flick,José María Sánchez Martínez,4-4-2 double 6,4-2-3-1,418.0,131.0,985500000.0,26.47949723103727,183.0909090909091,490.0,435500000.0,24.515711530085245,179.0,361.0
1625,Leganes,Celta Vigo,13:00,7,18,4,5,4,2,15,17,2,2,0,0,D,H,3,0,2024-10-27,0.7159,0.767239,0.767239,-0.781571,8.25,4,2.0401,1.54881,1.54881,0.781571,12.576923076923077,4,4407519.0,14.0,11.0,Borja Jiménez,Claudio Giráldez,Mario Melero López,5-4-1,3-4-3,1244.0,940.0,22700000.0,28.01642710472279,183.1818181818182,219.0,44600000.0,28.957252193391824,182.36363636363637,102.0
1626,Getafe,Valencia,15:15,15,2,4,1,8,2,20,20,3,7,0,0,A,D,1,1,2024-10-27,0.1109,0.63831,0.63831,-1.59666,9.7,2,2.8196,2.97825,2.23497,1.59666,3.772727272727273,6,4407514.0,15.0,20.0,José Bordalás,Rubén Baraja,Guillermo Cuadra Fernández,4-4-2,5-4-1,3709.0,1049.0,35600000.0,27.637359218468045,183.0,153.0,159000000.0,24.834546699023086,183.36363636363637,121.0
1627,Real Betis,Atletico Madrid,17:30,24,10,3,3,3,10,8,4,3,2,0,0,H,H,1,0,2024-10-27,0.3378,0.555217,0.555217,-1.6486230000000002,14.333333333333334,6,2.508,2.20384,2.20384,1.6486230000000002,13.521739130434783,5,4407517.0,6.0,4.0,Manuel Pellegrini,Diego Simeone,Jesús Gil Manzano,4-4-2 double 6,4-4-2,150.0,13.0,100800000.0,27.235641839337937,180.45454545454547,103.0,279500000.0,29.620807665982205,179.54545454545453,789.0
1628,Real Sociedad,Osasuna,20:00,19,10,9,4,14,4,7,14,3,4,0,0,A,A,0,2,2024-10-27,0.8955,1.06487,1.06487,-0.6118300000000001,27.416666666666668,2,1.8348,1.6767,1.6767,0.6118300000000001,5.3125,11,4407521.0,12.0,7.0,Imanol Alguacil,Vicente Moreno,Juan Luis Pulido Santana,4-3-3 Attacking,4-3-3 Attacking,681.0,331.0,295000000.0,25.30421255677929,181.9090909090909,209.0,72100000.0,28.30439922842387,182.45454545454547,64.0
1629,Mallorca,Athletic Club,20:00,4,20,1,1,1,14,9,12,5,1,1,0,D,D,0,0,2024-10-28,1.4516,0.755466,0.755466,0.21311,6.65,7,1.142,0.542356,0.542356,-0.21311,17.533333333333335,1,4407516.0,5.0,8.0,Jagoba Arrasate,Ernesto Valverde,Juan Martínez Munuera,4-4-2,4-2-3-1,237.0,621.0,55200000.0,28.37608113994151,184.63636363636363,237.0,199600000.0,27.13931927073611,182.1818181818182,78.0
1630,Alaves,Mallorca,20:00,13,7,3,2,7,2,19,12,3,2,0,0,D,H,1,0,2024-11-01,0.6952,0.708287,0.708287,-0.7275330000000001,8.0,3,2.0329,1.43582,1.43582,0.7275330000000001,5.25,8,4407699.0,14.0,8.0,Luis García,Jagoba Arrasate,Pablo González Fuertes,4-2-3-1,4-2-3-1,1108.0,237.0,43200000.0,26.955634372472158,181.45454545454547,29.0,31400000.0,27.95470101424927,181.0,120.0
1631,Osasuna,Real Valladolid,13:00,20,7,4,4,7,2,21,12,1,5,0,0,H,H,1,0,2024-11-02,0.0447,0.204092,0.204092,-2.269578,5.958333333333333,0,2.9268,3.21695,2.47367,2.269578,8.708333333333334,20,4407698.0,5.0,19.0,Vicente Moreno,Paulo Pezzolano,Víctor García Verdura,4-3-3 Attacking,4-2-3-1,331.0,366.0,72100000.0,28.32082633314666,182.45454545454547,64.0,14500000.0,25.8082259971377,180.0909090909091,124.0
1632,Girona,Leganes,15:15,15,8,6,5,6,1,17,15,2,4,0,0,D,H,4,3,2024-11-02,0.2556,0.320545,0.320545,-0.748915,11.208333333333334,2,2.5986,1.81274,1.06946,0.748915,9.0,5,4407697.0,12.0,15.0,Míchel,Borja Jiménez,Mateo Busquets Ferrer,5-3-2,4-3-1-2,12321.0,1244.0,90700000.0,27.642337128990107,185.0,228.0,19600000.0,28.31186609420696,181.1818181818182,189.0
1633,Atletico Madrid,Las Palmas,13:00,15,1,3,1,9,1,13,13,1,1,0,0,H,H,2,0,2024-11-03,0.146,0.0329044,0.0329044,-1.7017856,10.961538461538462,0,2.7212,1.73469,1.73469,1.7017856,8.724137931034482,15,4407695.0,3.0,18.0,Diego Simeone,Diego Martínez,De Burgos Bengoetxea,4-4-2,4-3-3 Attacking,13.0,472.0,261000000.0,27.896708356667286,178.0909090909091,529.0,69000000.0,27.72571713023458,180.0,144.0
1634,Barcelona,Espanyol,15:15,14,10,9,3,9,5,13,14,0,3,0,0,H,H,3,1,2024-11-03,0.5455,0.787359,0.787359,-1.156621,21.571428571428573,2,2.2471,1.94398,1.94398,1.156621,4.583333333333333,15,4407703.0,1.0,17.0,Hansi Flick,Manolo González,José Luis Munuera Montero,4-2-3-1,4-1-4-1,131.0,714.0,430500000.0,24.291207765540413,179.9090909090909,357.0,32000000.0,25.32959990044179,182.0,77.0
1635,Sevilla,Real Sociedad,17:30,8,9,0,3,5,9,6,17,2,1,0,0,A,A,0,2,2024-11-03,1.9446,1.21835,0.475072,-0.154433,15.294117647058824,0,0.7386,0.629505,0.629505,0.154433,16.75,1,4407702.0,13.0,11.0,Xavier García Pimienta,Imanol Alguacil,Alejandro Muñiz Ruiz,4-3-3 Attacking,4-1-4-1,368.0,681.0,95000000.0,25.171800136892543,182.8181818181818,143.0,302500000.0,25.59566921784581,181.45454545454547,244.0
1636,Athletic Club,Real Betis,20:00,17,7,8,4,6,2,9,8,0,0,0,0,D,D,1,1,2024-11-03,0.1471,1.54499,1.54499,-2.65831,18.23529411764705,4,2.7832,4.2033,4.2033,2.65831,16.38095238095238,9,4407694.0,6.0,7.0,Ernesto Valverde,Manuel Pellegrini,Javier Alberola Rojas,4-2-3-1,4-4-2,621.0,150.0,221300000.0,27.401157364196376,182.1818181818182,86.0,101300000.0,27.346649243979837,180.63636363636363,107.0
1637,Celta Vigo,Getafe,20:00,10,10,3,2,0,2,12,11,1,4,0,1,H,H,1,0,2024-11-04,0.2592,0.424746,0.424746,-1.7000239999999998,14.695652173913045,4,2.6115000000000004,2.12477,2.12477,1.7000239999999998,8.8,8,4407696.0,10.0,16.0,Claudio Giráldez,José Bordalás,Jesús Gil Manzano,5-4-1,4-2-3-1,940.0,3709.0,48100000.0,29.441851782714206,180.8181818181818,99.0,32800000.0,28.67624914442163,183.0,161.0
1638,Rayo Vallecano,Las Palmas,20:00,35,11,7,3,12,4,9,13,1,3,0,0,A,A,1,3,2024-11-08,0.5736,1.25211,1.25211,-1.3877099999999998,13.666666666666666,4,2.2533,2.63982,2.63982,1.3877099999999998,6.038461538461538,9,4407672.0,11.0,16.0,Iñigo Pérez,Diego Martínez,Francisco José Hernández Maeso,4-2-3-1,4-3-3 Attacking,367.0,472.0,34800000.0,29.46076784269803,179.63636363636363,73.0,70700000.0,27.58061103851658,179.8181818181818,144.0
1639,Real Madrid,Osasuna,13:00,18,2,8,0,11,3,9,16,0,2,0,0,H,H,4,0,2024-11-09,0.0088,0.0678926,0.0678926,-3.2052574,16.652173913043477,1,2.9836,3.27315,3.27315,3.2052574,11.071428571428571,12,4407671.0,2.0,5.0,Carlo Ancelotti,Vicente Moreno,Mario Melero López,4-3-3 Attacking,4-3-3 Attacking,418.0,331.0,988500000.0,26.050899135088045,180.8181818181818,475.0,73300000.0,27.60674506875739,183.0,64.0
1640,Villarreal,Alaves,15:15,13,9,3,3,7,2,17,21,1,3,0,0,H,H,3,0,2024-11-09,0.6005,0.608571,0.608571,-0.0910779999999999,9.6875,4,2.1263,1.44293,0.699649,0.0910779999999999,6.7,5,4407673.0,4.0,15.0,Marcelino,Luis García,Alejandro Quintero González,4-4-2,4-3-3 Attacking,1050.0,1108.0,109700000.0,28.536618754277892,182.63636363636363,213.0,46700000.0,27.04374338871259,181.0,24.0
1641,Leganes,Sevilla,20:00,8,13,4,2,0,6,7,10,2,1,0,1,D,H,1,0,2024-11-09,0.733,0.539924,0.539924,0.1900149999999999,8.08,5,1.9588,1.09319,0.349909,-0.1900149999999999,18.6875,3,4407666.0,14.0,13.0,Borja Jiménez,Xavier García Pimienta,Juan Luis Pulido Santana,4-2-3-1,4-3-3 Attacking,1244.0,368.0,19600000.0,28.45298985750731,180.9090909090909,189.0,91500000.0,26.058614896397238,183.9090909090909,245.0
1642,Real Betis,Celta Vigo,13:00,19,3,6,2,2,0,12,8,3,0,0,0,D,D,2,2,2024-11-10,0.7885,0.941675,0.941675,-0.7089749999999999,38.0,5,1.9123,1.65065,1.65065,0.7089749999999999,9.612903225806452,9,4407664.0,7.0,12.0,Manuel Pellegrini,Claudio Giráldez,Miguel Ángel Ortiz Arias,4-2-3-1,5-4-1,150.0,940.0,108000000.0,25.956069939642838,180.8181818181818,123.0,48300000.0,29.22133034658702,180.9090909090909,78.0
1643,Mallorca,Atletico Madrid,15:15,12,9,6,2,7,2,10,16,1,3,0,0,D,A,0,1,2024-11-10,1.5447,0.93863,0.93863,0.2034829999999999,12.826086956521738,3,1.1046,0.735147,0.735147,-0.2034829999999999,17.444444444444443,7,4407669.0,8.0,3.0,Jagoba Arrasate,Diego Simeone,José María Sánchez Martínez,4-4-2,4-4-1-1,237.0,13.0,55200000.0,28.411673200174224,184.63636363636363,237.0,261000000.0,27.9659013129239,178.54545454545453,578.0
1644,Getafe,Girona,17:30,8,3,0,2,5,2,25,16,3,3,0,0,A,A,0,1,2024-11-10,1.6891,0.521025,0.521025,0.3002289999999999,8.5,0,0.8209,0.220796,0.220796,-0.3002289999999999,8.2,1,4407665.0,18.0,10.0,José Bordalás,Míchel,Juan Martínez Munuera,4-2-3-1,4-2-3-1,3709.0,12321.0,32000000.0,28.328044303403647,185.0909090909091,75.0,92200000.0,28.877854520564995,184.45454545454547,233.0
1645,Real Valladolid,Athletic Club,17:30,6,17,3,1,5,5,12,12,4,4,0,0,D,D,1,1,2024-11-10,1.8261,1.487,1.487,0.5993260000000001,8.666666666666666,2,0.8889,0.887674,0.887674,-0.5993260000000001,18.375,0,4407668.0,19.0,6.0,Paulo Pezzolano,Ernesto Valverde,Adrián Cordero Vega,5-4-1,4-2-3-1,366.0,621.0,14000000.0,25.750233339555724,182.0909090909091,72.0,141700000.0,25.06850849355983,181.0,62.0
1646,Real Sociedad,Barcelona,20:00,14,11,6,0,7,6,17,6,3,1,0,0,H,H,1,0,2024-11-10,0.4076999999999999,0.514102,0.514102,-1.3710780000000002,9.866666666666667,7,2.4081,1.88518,1.88518,1.3710780000000002,11.176470588235292,7,4407670.0,9.0,1.0,Imanol Alguacil,Hansi Flick,Guillermo Cuadra Fernández,4-1-4-1,4-3-3 Attacking,681.0,131.0,293000000.0,26.53972994835418,181.54545454545453,261.0,385500000.0,25.481177275838466,179.0909090909091,400.0
1647,Getafe,Real Valladolid,20:00,12,6,5,3,3,2,15,15,3,2,0,0,D,H,2,0,2024-11-22,1.4072,0.729169,0.729169,0.0706819999999999,11.384615384615383,2,1.2077,0.658487,0.658487,-0.0706819999999999,6.411764705882353,6,4407645.0,15.0,20.0,José Bordalás,Paulo Pezzolano,Pablo González Fuertes,4-4-2,5-4-1,3709.0,366.0,35200000.0,28.73598407068633,182.9090909090909,166.0,15800000.0,26.002115611971874,182.8181818181818,79.0
1648,Valencia,Real Betis,13:00,11,7,5,3,2,4,10,16,4,2,0,0,D,H,4,2,2024-11-23,0.8235999999999999,1.05242,1.05242,-0.6209600000000002,9.68,5,1.9027,1.67338,1.67338,0.6209600000000002,11.5,3,4407650.0,18.0,9.0,Rubén Baraja,Manuel Pellegrini,De Burgos Bengoetxea,5-4-1,4-2-3-1,1049.0,150.0,163500000.0,24.731752846742577,184.1818181818182,117.0,69800000.0,26.07404641901562,180.27272727272728,95.0
1649,Atletico Madrid,Alaves,15:15,11,4,8,1,5,0,18,19,3,3,0,0,A,H,2,1,2024-11-23,0.3639,0.785902,0.0426241,-1.2672859,19.25,0,2.424300000000001,2.05318,1.30991,1.2672859,6.173913043478261,5,4407652.0,3.0,16.0,Diego Simeone,Luis García,Víctor García Verdura,4-4-2,4-2-3-1,13.0,1108.0,193300000.0,30.442909588700147,179.54545454545453,541.0,52000000.0,26.763735921846806,181.36363636363637,29.0
1650,Girona,Espanyol,17:30,12,9,5,1,6,3,4,19,0,3,0,0,H,H,4,1,2024-11-23,0.0732,0.488285,0.488285,-2.7969250000000003,16.966666666666665,9,2.8866,3.28521,3.28521,2.7969250000000003,9.5,17,4407653.0,7.0,19.0,Míchel,Manolo González,Alejandro Hernández Hernández,5-4-1,5-4-1,12321.0,714.0,101300000.0,27.655528591873562,183.63636363636363,227.0,36500000.0,25.428162528778547,182.45454545454547,61.0
1651,Las Palmas,Mallorca,17:30,14,10,3,3,4,3,10,18,4,2,0,1,D,A,2,3,2024-11-23,1.5899,1.45816,1.45816,1.041722,11.954545454545457,2,1.0748,1.15972,0.416438,-1.041722,9.714285714285714,7,4407647.0,17.0,8.0,Diego Martínez,Jagoba Arrasate,Alejandro Muñiz Ruiz,4-2-3-1,4-2-3-1,472.0,237.0,50500000.0,28.320328542094455,179.8181818181818,130.0,53400000.0,28.831062161657645,183.8181818181818,150.0
1652,Celta Vigo,Barcelona,20:00,15,9,8,4,5,1,13,9,5,5,0,1,A,D,2,2,2024-11-23,0.8954,1.93782,1.93782,-0.8219899999999998,13.6875,7,1.9016,2.75981,2.75981,0.8219899999999998,11.35483870967742,8,4407649.0,11.0,1.0,Claudio Giráldez,Hansi Flick,César Soto Grado,4-4-2 double 6,4-3-3 Attacking,940.0,131.0,50800000.0,28.04853462759007,180.9090909090909,108.0,375500000.0,25.463754589011263,179.63636363636363,401.0
1653,Osasuna,Villarreal,13:00,4,17,3,7,0,8,12,13,6,5,0,0,H,D,2,2,2024-11-24,2.3746,2.68193,1.93865,1.354625,8.952380952380953,13,0.4351,1.3273,0.584025,-1.354625,10.538461538461538,4,4407646.0,6.0,4.0,Vicente Moreno,Marcelino,José Luis Munuera Montero,4-3-3 Attacking,4-2-3-1,331.0,1050.0,82300000.0,28.200112002986746,182.63636363636363,65.0,106300000.0,26.300043556717068,184.63636363636363,137.0
1654,Sevilla,Rayo Vallecano,15:15,11,9,3,1,8,3,14,14,2,5,0,1,H,H,1,0,2024-11-24,0.7826,0.862262,0.862262,-0.708368,10.545454545454543,1,1.946,1.57063,1.57063,0.708368,11.63157894736842,7,4407651.0,12.0,13.0,Xavier García Pimienta,Iñigo Pérez,Mateo Busquets Ferrer,4-2-3-1,4-3-3 Attacking,368.0,367.0,120500000.0,25.720614771949474,183.27272727272728,176.0,36800000.0,28.880592371352122,180.36363636363637,76.0
1655,Leganes,Real Madrid,17:30,4,16,0,9,2,4,17,11,2,0,0,0,A,A,0,3,2024-11-24,2.9008000000000003,2.73014,2.73014,2.621192,9.875,15,0.055,0.108948,0.108948,-2.621192,14.652173913043478,2,4407648.0,14.0,2.0,Borja Jiménez,Carlo Ancelotti,Javier Alberola Rojas,3-4-2-1,4-4-2,1244.0,418.0,25600000.0,28.76012693671831,181.54545454545453,175.0,869000000.0,25.405761931429286,182.0909090909091,523.0
1656,Athletic Club,Real Sociedad,20:00,12,6,4,1,4,4,18,9,3,4,0,0,H,H,1,0,2024-11-24,0.631,0.799084,0.799084,-0.8516659999999999,6.739130434782608,6,2.0995,1.65075,1.65075,0.8516659999999999,10.903225806451612,7,4407644.0,5.0,10.0,Ernesto Valverde,Imanol Alguacil,Jesús Gil Manzano,4-2-3-1,4-1-4-1,621.0,681.0,217300000.0,27.93702943189596,181.9090909090909,85.0,277500000.0,25.20141870449879,180.63636363636363,241.0
1657,Mallorca,Valencia,20:00,9,7,3,1,3,6,9,14,0,0,0,0,D,H,2,1,2024-11-29,1.9746,1.33443,0.59115,-0.1302850000000001,10.115384615384617,1,0.7257,0.721435,0.721435,0.1302850000000001,15.052631578947368,5,4407655.0,6.0,19.0,Jagoba Arrasate,Rubén Baraja,Alejandro Quintero González,4-2-3-1,5-4-1,237.0,1049.0,48900000.0,28.758384668035593,183.27272727272728,169.0,163500000.0,24.748179951465374,184.1818181818182,117.0
1658,Barcelona,Las Palmas,13:00,27,5,8,3,7,0,7,11,0,0,0,0,D,A,1,2,2024-11-30,0.3727,0.599185,0.599185,-1.584355,20.3125,5,2.455,2.18354,2.18354,1.584355,5.956521739130435,15,4407654.0,2.0,15.0,Hansi Flick,Diego Martínez,Adrián Cordero Vega,4-2-3-1,4-2-3-1,131.0,472.0,396000000.0,24.91917117789808,178.45454545454547,383.0,87300000.0,28.08288221019227,179.54545454545453,142.0
1659,Alaves,Leganes,15:15,18,6,7,3,13,8,15,15,1,4,0,0,D,D,1,1,2024-11-30,1.4591,1.3688,1.3688,0.07996,9.31578947368421,3,1.2452,1.28884,1.28884,-0.07996,4.62962962962963,5,4407656.0,17.0,14.0,Luis García,Borja Jiménez,Isidro Díaz de Mera Escuderos,4-3-3 Attacking,4-2-3-1,1108.0,1244.0,46000000.0,26.763487026320703,182.63636363636363,24.0,26200000.0,28.544583411113184,182.9090909090909,166.0
1660,Espanyol,Celta Vigo,17:30,9,16,5,2,2,5,13,7,2,2,0,0,H,H,3,1,2024-11-30,1.4011,1.55998,0.816704,-0.684656,4.588235294117647,11,1.3063,1.50136,1.50136,0.684656,31.071428571428573,2,4407657.0,16.0,12.0,Manolo González,Claudio Giráldez,José María Sánchez Martínez,4-2-3-1,3-4-3,714.0,940.0,33000000.0,25.865720863667477,183.72727272727272,97.0,45300000.0,27.693609607367307,182.27272727272728,107.0
1661,Real Valladolid,Atletico Madrid,20:00,9,13,1,9,3,5,6,11,1,2,0,0,A,A,0,5,2024-11-30,2.9095,3.40487,3.40487,2.967576,25.142857142857142,17,0.0556,0.437294,0.437294,-2.967576,27.615384615384617,1,4407659.0,20.0,3.0,Paulo Pezzolano,Diego Simeone,Guillermo Cuadra Fernández,5-4-1,4-4-2,366.0,13.0,16700000.0,26.454109887374774,181.54545454545453,125.0,318000000.0,28.032854209445585,179.72727272727272,530.0
1662,Real Sociedad,Real Betis,20:00,2,7,1,2,0,4,28,10,3,2,0,0,H,H,2,0,2024-12-01,0.6853,0.366137,0.366137,0.2913339,8.571428571428571,3,1.9633,0.818081,0.0748031,-0.2913339,7.219512195121951,1,4407660.0,9.0,10.0,Imanol Alguacil,Manuel Pellegrini,Francisco José Hernández Maeso,4-3-3 Attacking,4-2-3-1,681.0,150.0,298000000.0,26.026507373529963,180.72727272727272,249.0,78300000.0,26.379690125070002,181.0909090909091,169.0
1663,Rayo Vallecano,Athletic Club,17:30,7,12,4,7,1,7,14,8,3,0,0,0,H,A,1,2,2024-12-01,1.251,0.556919,0.556919,-0.0331049999999999,10.238095238095235,1,1.3191,0.590024,0.590024,0.0331049999999999,6.567567567567568,1,4407658.0,13.0,5.0,Iñigo Pérez,Ernesto Valverde,Mario Melero López,4-2-3-1,4-2-3-1,367.0,621.0,35500000.0,29.48067948478626,180.0909090909091,102.0,169600000.0,27.965403521871693,181.54545454545453,74.0
1664,Villarreal,Girona,13:00,13,13,4,6,1,5,8,13,2,6,0,0,H,D,2,2,2024-12-01,0.3447,0.516301,0.516301,-1.4521190000000002,11.8,8,2.4831000000000003,1.96842,1.96842,1.4521190000000002,20.31578947368421,8,4407662.0,4.0,8.0,Marcelino,Míchel,Miguel Ángel Ortiz Arias,4-2-3-1,4-3-3 Attacking,1050.0,12321.0,109200000.0,27.770020533880903,184.36363636363637,172.0,104300000.0,27.483043992284237,183.63636363636363,116.0
1665,Real Madrid,Getafe,15:15,13,8,4,3,5,3,7,26,2,6,0,0,H,H,2,0,2024-12-01,0.059,0.34657,0.34657,-2.1464100000000004,11.628571428571428,3,2.9069,3.23626,2.49298,2.1464100000000004,7.8,7,4407661.0,1.0,18.0,Carlo Ancelotti,José Bordalás,Alejandro Hernández Hernández,4-3-3 Attacking,4-4-2,418.0,3709.0,717500000.0,26.918797834608924,180.63636363636363,489.0,31500000.0,28.76236699645324,184.9090909090909,84.0
1666,Sevilla,Osasuna,20:00,12,7,5,3,5,1,11,15,1,1,0,0,D,D,1,1,2024-12-02,1.3253,1.04839,1.04839,-0.0424200000000001,18.714285714285715,1,1.3577,1.09081,1.09081,0.0424200000000001,6.944444444444445,6,4407663.0,11.0,7.0,Xavier García Pimienta,Vicente Moreno,Juan Martínez Munuera,4-3-3 Attacking,4-3-3 Attacking,368.0,331.0,120500000.0,25.74251757824653,183.27272727272728,176.0,81800000.0,27.482795096758135,181.72727272727272,64.0
1667,Mallorca,Barcelona,18:00,6,20,1,9,2,5,13,13,4,3,0,0,D,A,1,5,2024-12-03,2.9861,5.38074,4.63746,3.715732,6.461538461538462,13,0.0083,0.921728,0.921728,-3.715732,11.26923076923077,3,4407720.0,6.0,3.0,Jagoba Arrasate,Hansi Flick,Jesús Gil Manzano,4-4-2,4-2-3-1,237.0,131.0,52200000.0,28.212805674817993,183.45454545454547,137.0,480500000.0,24.027627403397425,179.0909090909091,292.0
1668,Athletic Club,Real Madrid,20:00,9,10,3,5,5,2,21,9,3,3,0,0,D,H,2,1,2024-12-04,1.269,1.97732,1.23405,-0.8472899999999999,12.125,5,1.4265,2.08134,2.08134,0.8472899999999999,14.62962962962963,3,4407714.0,4.0,2.0,Ernesto Valverde,Carlo Ancelotti,José María Sánchez Martínez,4-2-3-1,4-4-2 double 6,621.0,418.0,215800000.0,25.61707423309066,181.54545454545453,90.0,777500000.0,26.882956878850106,182.27272727272728,509.0
1669,Celta Vigo,Mallorca,20:00,12,9,5,4,3,3,9,12,1,0,0,1,H,H,2,0,2024-12-06,1.2435,1.09038,1.09038,-0.10911,13.272727272727272,1,1.4472,1.19949,1.19949,0.10911,13.166666666666666,6,4407686.0,10.0,7.0,Claudio Giráldez,Jagoba Arrasate,De Burgos Bengoetxea,3-4-3,4-2-3-1,940.0,237.0,43300000.0,26.436189409495363,183.1818181818182,69.0,43200000.0,28.000248895526102,183.0,136.0
1670,Valencia,Rayo Vallecano,17:30,14,6,6,1,9,4,5,12,2,2,0,0,A,A,0,1,2024-12-07,1.3596,1.02294,1.02294,0.0227399999999999,11.0,3,1.3071,1.0002,1.0002,-0.0227399999999999,7.375,4,4407691.0,19.0,12.0,Rubén Baraja,Iñigo Pérez,José Luis Munuera Montero,5-4-1,4-2-3-1,1049.0,367.0,163000000.0,23.953705432144854,183.0,117.0,38000000.0,29.061539418828946,180.0909090909091,103.0
1671,Las Palmas,Real Valladolid,13:00,11,9,5,2,3,3,17,13,4,3,0,0,D,H,2,1,2024-12-07,1.3868999999999998,1.30835,1.30835,0.0320999999999997,17.57894736842105,1,1.3017,1.27625,1.27625,-0.0320999999999997,9.08,6,4407688.0,14.0,20.0,Diego Martínez,Álvaro Rubio,Isidro Díaz de Mera Escuderos,4-2-3-1,4-1-4-1,472.0,366.0,89500000.0,27.03055192582913,179.45454545454547,149.0,18500000.0,27.243606496173232,181.63636363636363,73.0
1672,Real Betis,Barcelona,15:15,12,9,6,3,6,4,15,14,1,2,0,0,A,D,2,2,2024-12-07,0.5269999999999999,1.54117,1.54117,-0.4781299999999999,9.333333333333334,6,2.2859,2.76257,2.0193,0.4781299999999999,9.13157894736842,4,4407690.0,11.0,2.0,Manuel Pellegrini,Hansi Flick,Alejandro Muñiz Ruiz,4-2-3-1,4-3-3 Attacking,150.0,131.0,72300000.0,26.905108580673264,179.8181818181818,166.0,465500000.0,25.086180075913138,179.45454545454547,402.0
1673,Girona,Real Madrid,20:00,10,10,4,7,6,3,6,7,3,2,0,0,A,A,0,3,2024-12-07,2.1103,1.16034,1.16034,0.8090029999999999,19.866666666666667,2,0.5895999999999999,0.351337,0.351337,-0.8090029999999999,34.90909090909091,5,4407687.0,9.0,1.0,Míchel,Carlo Ancelotti,Jesús Gil Manzano,4-2-3-1,4-2-3-1,12321.0,418.0,109300000.0,26.881463505693485,183.45454545454547,121.0,758500000.0,28.20907224192645,181.45454545454547,715.0
1674,Leganes,Real Sociedad,13:00,11,15,2,5,5,3,12,15,2,2,0,0,A,A,0,3,2024-12-08,2.4092,1.74462,1.74462,1.280898,6.097560975609756,8,0.3956,0.463722,0.463722,-1.280898,8.444444444444445,3,4407689.0,17.0,8.0,Borja Jiménez,Imanol Alguacil,Pablo González Fuertes,4-2-3-1,4-2-3-1,1244.0,681.0,22400000.0,28.144359405139696,182.45454545454547,194.0,298000000.0,26.11013627030054,180.72727272727272,239.0
1675,Athletic Club,Villarreal,15:15,12,11,4,1,3,3,15,10,2,1,0,0,H,H,2,0,2024-12-08,0.8841,0.796459,0.796459,-0.518381,12.823529411764708,5,1.8186,1.31484,1.31484,0.518381,11.151515151515152,3,4407684.0,4.0,5.0,Ernesto Valverde,Marcelino,Víctor García Verdura,4-2-3-1,4-4-2,621.0,1050.0,179300000.0,28.401219588077904,182.8181818181818,55.0,104700000.0,28.3666231099496,182.9090909090909,183.0
1676,Osasuna,Alaves,17:30,16,6,8,3,8,3,13,14,4,3,0,0,A,D,2,2,2024-12-08,0.8012,1.50067,1.50067,-0.8127800000000001,10.666666666666666,2,1.9601,2.31345,2.31345,0.8127800000000001,8.454545454545455,9,4407692.0,6.0,16.0,Vicente Moreno,Eduardo Coudet,César Soto Grado,4-2-3-1,4-2-3-1,331.0,1108.0,73300000.0,28.334017796030118,184.8181818181818,62.0,44500000.0,27.05842822475266,183.0909090909091,24.0
1677,Atletico Madrid,Sevilla,20:00,14,4,9,3,5,3,11,8,4,3,0,0,A,H,4,3,2024-12-08,0.3116,0.635773,0.635773,-1.686057,24.3125,2,2.5394,2.32183,2.32183,1.686057,13.52,6,4407685.0,3.0,13.0,Diego Simeone,Xavier García Pimienta,Javier Alberola Rojas,4-4-2,4-3-3 Attacking,13.0,368.0,318000000.0,28.05475701574264,179.72727272727272,530.0,116500000.0,25.071744135399168,184.72727272727272,192.0
1678,Getafe,Espanyol,20:00,15,9,6,1,3,3,14,15,3,6,0,0,H,H,1,0,2024-12-09,1.9919,1.17303,1.17303,0.6427620000000001,5.7407407407407405,6,0.7162999999999999,0.530268,0.530268,-0.6427620000000001,9.77777777777778,1,4407693.0,15.0,18.0,José Bordalás,Manolo González,Mateo Busquets Ferrer,4-4-2,4-1-4-1,3709.0,714.0,32900000.0,28.2815008400224,184.72727272727272,166.0,28500000.0,26.60543836724535,183.1818181818182,71.0
1679,Real Valladolid,Valencia,20:00,2,14,1,2,1,7,10,10,4,3,1,0,H,H,1,0,2024-12-13,1.3702,0.657242,0.657242,0.1254109999999999,9.166666666666666,2,1.2091,0.531831,0.531831,-0.1254109999999999,15.647058823529411,0,4407712.0,19.0,20.0,Álvaro Rubio,Rubén Baraja,Miguel Ángel Ortiz Arias,4-2-3-1,4-4-2 double 6,366.0,1049.0,14600000.0,26.554912575446455,181.36363636363637,70.0,123000000.0,25.17528467425798,182.9090909090909,156.0
1680,Mallorca,Girona,15:15,8,13,2,1,2,4,10,14,5,2,1,0,D,H,2,1,2024-12-14,0.7779,0.939735,0.939735,-0.7111750000000001,6.956521739130435,6,1.9602,1.65091,1.65091,0.7111750000000001,29.0,2,4407711.0,6.0,10.0,Jagoba Arrasate,Míchel,Francisco José Hernández Maeso,4-4-2 double 6,5-4-1,237.0,12321.0,43400000.0,28.939580611038515,184.63636363636363,237.0,99200000.0,28.65534192022898,182.72727272727272,169.0
1681,Sevilla,Celta Vigo,17:30,8,10,3,2,3,4,12,9,7,3,0,0,D,H,1,0,2024-12-14,1.7587000000000002,0.928845,0.928845,0.441379,14.529411764705882,6,0.8755000000000001,0.487466,0.487466,-0.441379,10.1,3,4407710.0,11.0,13.0,Xavier García Pimienta,Claudio Giráldez,Jesús Gil Manzano,4-3-3 Attacking,3-4-3,368.0,940.0,75000000.0,27.527098500404453,183.1818181818182,295.0,40800000.0,27.227428286976544,181.0909090909091,79.0
1682,Espanyol,Osasuna,13:00,9,6,3,0,5,4,13,13,3,1,0,0,D,D,0,0,2024-12-14,1.0817,0.213917,0.213917,-0.084827,9.428571428571429,4,1.2806000000000002,0.298744,0.298744,0.084827,16.894736842105264,3,4407708.0,18.0,7.0,Manolo González,Vicente Moreno,Adrián Cordero Vega,4-4-2,4-4-2,714.0,331.0,31500000.0,26.558148217285794,182.0,90.0,70300000.0,27.566423993528716,185.45454545454547,61.0
1683,Rayo Vallecano,Real Madrid,20:00,14,13,5,6,4,3,18,8,4,2,0,0,D,D,3,3,2024-12-14,0.9915,1.15429,1.15429,-0.4534,8.1,8,1.7277,1.60769,1.60769,0.4534,10.314285714285717,6,4407706.0,12.0,1.0,Iñigo Pérez,Carlo Ancelotti,Juan Martínez Munuera,4-2-3-1,4-2-3-1,367.0,418.0,35300000.0,29.015244850973804,180.0,105.0,681500000.0,27.661004293447828,179.9090909090909,648.0
1684,Barcelona,Leganes,20:00,20,6,4,4,8,2,5,13,0,2,0,0,A,A,0,1,2024-12-15,0.4246,0.77236,0.77236,-1.3936100000000002,17.05,3,2.3989,2.16597,2.16597,1.3936100000000002,4.2631578947368425,20,4407705.0,3.0,15.0,Hansi Flick,Borja Jiménez,Alejandro Quintero González,4-2-3-1,5-4-1,131.0,1244.0,455500000.0,25.656648621741024,179.27272727272728,410.0,21400000.0,27.834733370667664,181.0909090909091,168.0
1685,Villarreal,Real Betis,17:30,17,10,4,4,5,5,19,10,5,2,0,1,A,A,1,2,2024-12-15,1.4230999999999998,1.6735,1.6735,0.06393,13.363636363636363,2,1.3016,1.60957,1.60957,-0.06393,5.0,11,4407709.0,5.0,9.0,Marcelino,Manuel Pellegrini,Guillermo Cuadra Fernández,4-4-2,4-2-3-1,1050.0,150.0,116700000.0,29.488395246095454,182.1818181818182,210.0,97300000.0,27.158484226246035,180.54545454545453,189.0
1686,Alaves,Athletic Club,15:15,6,9,3,2,2,4,14,17,2,2,0,0,A,D,1,1,2024-12-15,1.2998,0.843706,0.843706,0.0399299999999999,8.3,4,1.3163,0.803776,0.803776,-0.0399299999999999,8.481481481481481,4,4407707.0,17.0,4.0,Eduardo Coudet,Ernesto Valverde,José María Sánchez Martínez,4-2-3-1,4-2-3-1,1108.0,621.0,44500000.0,27.077593180262582,183.0909090909091,24.0,196300000.0,26.55789932175969,181.9090909090909,134.0
1687,Real Sociedad,Las Palmas,17:30,15,9,4,3,8,6,17,12,2,3,0,0,D,D,0,0,2024-12-15,0.9818,0.840973,0.840973,-0.404647,6.0588235294117645,2,1.7152999999999998,1.24562,1.24562,0.404647,4.6923076923076925,11,4407713.0,8.0,14.0,Imanol Alguacil,Diego Martínez,Mario Melero López,4-1-4-1,4-3-3 Attacking,681.0,472.0,297500000.0,25.71065895090536,181.45454545454547,244.0,73500000.0,27.67743139817062,180.72727272727272,154.0
1688,Atletico Madrid,Getafe,13:00,11,7,3,1,8,3,13,15,3,1,0,0,D,H,1,0,2024-12-15,0.2219,0.238672,0.238672,-1.615088,8.290322580645162,2,2.6396,1.85376,1.85376,1.615088,9.3,6,4407704.0,2.0,16.0,Diego Simeone,José Bordalás,César Soto Grado,4-4-2,4-5-1,13.0,3709.0,303000000.0,28.085122269927197,179.27272727272728,509.0,23600000.0,27.390703752100055,186.72727272727272,156.0
1689,Espanyol,Valencia,20:30,10,14,3,4,4,7,13,11,1,0,0,0,H,D,1,1,2024-12-18,1.2776,1.78128,1.78128,-0.0972299999999999,10.727272727272728,8,1.4624,1.87851,1.87851,0.0972299999999999,13.95,10,4407667.0,17.0,20.0,Manolo González,Rubén Baraja,Pablo González Fuertes,4-4-2,4-2-3-1,714.0,1049.0,36500000.0,25.608362889677053,184.27272727272728,91.0,99500000.0,25.720614771949474,182.36363636363637,149.0
1690,Villarreal,Rayo Vallecano,20:30,14,18,5,3,7,7,10,15,4,3,1,0,D,D,1,1,2024-12-18,0.9498,1.85712,1.85712,-0.6719599999999999,6.851851851851852,11,1.8417,2.52908,2.52908,0.6719599999999999,12.666666666666666,6,4407700.0,4.0,9.0,Marcelino,Iñigo Pérez,Alejandro Hernández Hernández,4-4-2 double 6,4-2-3-1,1050.0,367.0,86000000.0,24.892539356605063,185.72727272727272,106.0,30500000.0,30.182067077344286,178.72727272727272,63.0
1691,Girona,Real Valladolid,20:00,23,1,7,1,9,1,13,7,3,1,0,0,H,H,3,0,2024-12-20,0.0853,0.0119855,0.0119855,-2.1524045,34.8,1,2.8321,2.16439,2.16439,2.1524045,7.5,20,4407677.0,8.0,19.0,Míchel,Diego Cocca,Pablo González Fuertes,5-4-1,5-4-1,12321.0,366.0,113000000.0,27.003173417957814,182.54545454545453,187.0,13100000.0,25.637732561757204,182.8181818181818,82.0
1692,Osasuna,Athletic Club,17:30,6,13,3,8,4,4,10,13,0,1,0,0,D,A,1,2,2024-12-21,2.0882,1.18093,1.18093,0.7633730000000001,11.952380952380953,6,0.6134,0.417557,0.417557,-0.7633730000000001,14.1875,2,4407680.0,10.0,4.0,Vicente Moreno,Ernesto Valverde,Alejandro Quintero González,4-3-3 Attacking,4-2-3-1,331.0,621.0,72100000.0,28.10154937464999,183.8181818181818,67.0,251600000.0,27.205276585153385,182.63636363636363,137.0
1693,Barcelona,Atletico Madrid,20:00,19,5,7,4,11,3,11,8,0,3,0,0,H,A,1,2,2024-12-21,0.1253,0.710716,0.710716,-2.663524,22.071428571428573,2,2.8058,3.37424,3.37424,2.663524,8.566666666666666,17,4407681.0,3.0,2.0,Hansi Flick,Diego Simeone,De Burgos Bengoetxea,4-3-3 Attacking,4-4-2,131.0,13.0,395500000.0,24.93584717814697,178.36363636363637,364.0,318000000.0,28.09034907597536,179.72727272727272,530.0
1694,Getafe,Mallorca,13:00,18,9,5,2,3,0,19,13,4,3,0,0,D,A,0,1,2024-12-21,2.4214,2.06274,1.31946,0.584219,7.684210526315789,2,0.4105,0.735241,0.735241,-0.584219,5.142857142857143,1,4407676.0,17.0,6.0,José Bordalás,Jagoba Arrasate,José Luis Munuera Montero,4-2-3-1,4-2-3-1,3709.0,237.0,32900000.0,28.496795470101425,184.54545454545453,163.0,35500000.0,30.600460456723287,182.45454545454547,221.0
1695,Celta Vigo,Real Sociedad,15:15,11,7,7,1,5,7,19,13,3,5,0,0,H,H,2,0,2024-12-21,0.4476,0.314488,0.314488,-0.907162,7.583333333333333,4,2.2977000000000003,1.22165,1.22165,0.907162,9.064516129032258,5,4407675.0,11.0,7.0,Claudio Giráldez,Imanol Alguacil,Mateo Busquets Ferrer,5-4-1,4-1-4-1,940.0,681.0,36800000.0,27.428286976541596,180.1818181818182,68.0,221000000.0,25.38784145354987,180.36363636363637,148.0
1696,Valencia,Alaves,13:00,8,11,3,3,5,4,20,15,2,1,0,0,A,D,2,2,2024-12-22,1.4912,1.54294,0.799667,0.1953209999999999,10.307692307692308,2,1.1792,1.34762,0.604346,-0.1953209999999999,4.066666666666666,4,4407682.0,20.0,16.0,Rubén Baraja,Eduardo Coudet,Javier Alberola Rojas,4-2-3-1,5-3-2,1049.0,1108.0,122500000.0,24.921411237633002,182.0909090909091,161.0,49000000.0,26.6694045174538,182.54545454545453,33.0
1697,Real Madrid,Sevilla,15:15,16,10,8,5,6,6,5,14,1,2,0,0,H,H,4,2,2024-12-22,0.5216000000000001,1.41183,1.41183,-1.4891500000000002,15.035714285714286,3,2.3165,2.90098,2.90098,1.4891500000000002,12.181818181818182,13,4407678.0,1.0,13.0,Carlo Ancelotti,Xavier García Pimienta,Isidro Díaz de Mera Escuderos,4-2-3-1,4-4-2,418.0,368.0,882500000.0,26.95862111878539,182.1818181818182,560.0,120000000.0,24.615518636052517,184.54545454545453,149.0
1698,Las Palmas,Espanyol,17:30,10,9,4,2,2,2,9,16,4,2,0,0,D,H,1,0,2024-12-22,1.2578,0.878983,0.878983,-0.077179,14.0,1,1.3955,0.956162,0.956162,0.077179,10.9,2,4407683.0,12.0,18.0,Diego Martínez,Manolo González,César Soto Grado,4-3-3 Attacking,4-1-4-1,472.0,714.0,67800000.0,27.756829070997448,180.63636363636363,137.0,36500000.0,26.368489826395372,183.0,89.0
1699,Leganes,Villarreal,17:30,5,18,3,9,1,5,17,15,1,2,2,0,D,A,2,5,2024-12-22,2.77,4.01011,2.52355,1.7922540000000002,8.619047619047619,7,0.1585,1.47457,0.731296,-1.7922540000000002,16.6,5,4407679.0,15.0,5.0,Borja Jiménez,Marcelino,Alejandro Muñiz Ruiz,5-4-1,4-2-3-1,1244.0,1050.0,17200000.0,28.051521373903302,182.0,99.0,114200000.0,27.19656524173978,184.1818181818182,169.0
1700,Real Betis,Rayo Vallecano,20:00,14,10,5,4,5,5,9,14,0,4,0,0,H,D,1,1,2024-12-22,0.5766,0.878426,0.878426,-0.308604,6.4375,3,2.1933,1.93031,1.18703,0.308604,5.774193548387097,12,4407674.0,9.0,14.0,Manuel Pellegrini,Iñigo Pérez,Víctor García Verdura,4-2-3-1,4-2-3-1,150.0,367.0,102500000.0,27.340924646879476,180.9090909090909,228.0,32600000.0,30.266442660693176,179.45454545454547,100.0
1701,Valencia,Real Madrid,20:00,8,17,5,5,2,5,16,9,2,3,0,1,H,A,1,2,2025-01-03,2.318,2.69157,1.94829,0.5951600000000001,9.615384615384617,7,0.4901,1.35313,1.35313,-0.5951600000000001,25.571428571428573,3,4407701.0,20.0,2.0,Carlos Corberán,Carlo Ancelotti,César Soto Grado,4-4-2,4-2-3-1,1049.0,418.0,120500000.0,25.002800074668656,183.72727272727272,161.0,964500000.0,27.58085993404268,182.54545454545453,564.0
1702,Rayo Vallecano,Celta Vigo,20:00,8,23,5,7,3,3,18,9,2,3,0,1,D,H,2,1,2025-01-10,2.6764,3.25801,3.25801,2.25362,15.157894736842104,9,0.2233,1.00439,1.00439,-2.25362,9.782608695652174,1,4407722.0,9.0,12.0,Iñigo Pérez,Claudio Giráldez,Guillermo Cuadra Fernández,4-2-3-1,4-2-3-1,367.0,940.0,33600000.0,28.71731690622861,179.45454545454547,95.0,44300000.0,28.748428846991477,180.54545454545453,78.0
1703,Sevilla,Valencia,20:00,15,5,5,1,10,1,16,8,1,2,0,0,D,D,1,1,2025-01-11,1.6939000000000002,1.08107,1.08107,0.3467139999999999,17.0,0,0.9694,0.734356,0.734356,-0.3467139999999999,7.862068965517241,3,4407717.0,13.0,20.0,Xavier García Pimienta,Carlos Corberán,Francisco José Hernández Maeso,4-2-3-1,4-2-3-1,368.0,1049.0,119000000.0,26.916806670400103,186.1818181818182,266.0,157500000.0,25.28604318337378,182.8181818181818,127.0
1704,Espanyol,Leganes,17:30,15,14,5,6,8,4,15,19,2,2,0,1,D,D,1,1,2025-01-11,2.0458000000000003,1.92496,1.92496,0.8695200000000001,9.615384615384617,6,0.7222,1.05544,1.05544,-0.8695200000000001,13.142857142857142,10,4407719.0,18.0,16.0,Manolo González,Borja Jiménez,Juan Martínez Munuera,4-2-3-1,5-4-1,714.0,1244.0,30500000.0,26.11411859871819,181.9090909090909,83.0,22900000.0,29.04312114989733,182.54545454545453,196.0
1705,Real Valladolid,Real Betis,15:15,12,14,1,3,1,8,21,10,2,4,0,0,D,H,1,0,2025-01-11,0.8652,1.03813,1.03813,-0.58633,7.74074074074074,9,1.8747,1.62446,1.62446,0.58633,10.576923076923077,3,4407721.0,19.0,10.0,Diego Cocca,Manuel Pellegrini,Adrián Cordero Vega,4-3-3 Attacking,4-2-3-1,366.0,150.0,14300000.0,25.593678053636985,182.0909090909091,74.0,93800000.0,28.2048410179827,182.8181818181818,407.0
1706,Alaves,Girona,13:00,11,3,2,1,6,3,16,11,1,4,0,0,D,A,0,1,2025-01-11,0.3999,0.625652,0.625652,-1.096358,10.705882352941176,6,2.3661,1.72201,1.72201,1.096358,10.178571428571429,1,4407718.0,17.0,8.0,Eduardo Coudet,Míchel,Mateo Busquets Ferrer,4-2-3-1,4-4-1-1,1108.0,12321.0,45500000.0,26.87150768464937,181.8181818181818,66.0,115000000.0,27.596540352187166,183.27272727272728,218.0
1707,Las Palmas,Getafe,13:00,15,12,7,3,4,5,14,17,2,3,0,0,D,A,1,2,2025-01-12,1.1671,1.39575,1.39575,0.512669,10.0,7,1.5457,1.62636,0.883081,-0.512669,6.0,5,4407723.0,14.0,15.0,Diego Martínez,José Bordalás,Javier Alberola Rojas,4-2-3-1,4-4-2,472.0,3709.0,90500000.0,26.524049530209695,180.72727272727272,153.0,35000000.0,27.493746499906663,184.54545454545453,151.0
1708,Atletico Madrid,Osasuna,15:15,9,6,5,1,4,0,8,14,2,0,0,0,D,H,1,0,2025-01-12,0.1642,0.391974,0.391974,-1.895216,13.807692307692308,0,2.737,2.28719,2.28719,1.895216,19.0,9,4407715.0,1.0,11.0,Diego Simeone,Vicente Moreno,Isidro Díaz de Mera Escuderos,4-4-2,5-3-2,13.0,331.0,333000000.0,27.696845249206646,179.0909090909091,493.0,51100000.0,28.171240121958807,184.45454545454547,20.0
1709,Real Sociedad,Villarreal,20:00,6,15,3,5,3,7,17,6,4,2,0,0,D,H,1,0,2025-01-13,1.6794,1.22527,1.22527,0.419302,17.0625,5,0.9783,0.805968,0.805968,-0.419302,6.137931034482759,0,4407716.0,7.0,5.0,Imanol Alguacil,Marcelino,César Soto Grado,4-1-4-1,4-4-2,681.0,1050.0,280000000.0,26.4819861862983,180.63636363636363,236.0,81900000.0,27.052703627652292,185.0,90.0
1710,Espanyol,Real Valladolid,20:00,12,11,4,4,1,7,13,16,2,2,0,0,H,H,2,1,2025-01-17,1.7294,1.72021,1.72021,0.4318200000000001,13.733333333333333,5,1.0094,1.28839,1.28839,-0.4318200000000001,18.5,3,4407726.0,18.0,20.0,Manolo González,Diego Cocca,De Burgos Bengoetxea,4-3-3 Attacking,4-3-3 Attacking,714.0,366.0,39500000.0,25.925455789932176,182.9090909090909,93.0,14300000.0,25.610105158359776,182.0909090909091,74.0
1711,Real Betis,Alaves,17:30,7,9,2,5,2,3,12,24,4,5,1,0,D,A,1,3,2025-01-18,2.3775,1.6539,0.910626,0.409134,6.048780487804878,2,0.4236,0.501492,0.501492,-0.409134,13.9375,5,4407733.0,12.0,17.0,Manuel Pellegrini,Eduardo Coudet,Alejandro Hernández Hernández,4-2-3-1,4-2-3-1,150.0,1108.0,97600000.0,28.624229979466122,181.0,301.0,43000000.0,26.986995208761126,180.63636363636363,78.0
1712,Getafe,Barcelona,20:00,10,21,4,5,2,10,9,9,3,2,0,0,D,D,1,1,2025-01-18,2.7008,3.50383,3.50383,2.33462,2.9444444444444446,21,0.2057,1.16921,1.16921,-2.33462,15.636363636363637,5,4407729.0,16.0,3.0,José Bordalás,Hansi Flick,Pablo González Fuertes,4-1-4-1,4-3-3 Attacking,3709.0,131.0,33300000.0,28.362889677058057,183.8181818181818,146.0,550500000.0,23.923589073486404,179.8181818181818,388.0
1713,Girona,Sevilla,13:00,7,14,4,6,7,4,6,15,0,4,0,0,H,A,1,2,2025-01-18,2.6342,3.09224,2.34896,1.20567,14.304347826086955,5,0.2522,1.14329,1.14329,-1.20567,10.6,8,4407724.0,8.0,10.0,Míchel,Xavier García Pimienta,Juan Martínez Munuera,4-2-3-1,4-2-3-1,12321.0,368.0,104300000.0,27.924584655590817,182.27272727272728,236.0,121000000.0,27.614211934540478,184.1818181818182,317.0
1714,Leganes,Atletico Madrid,15:15,9,19,3,4,2,9,16,6,1,3,0,0,D,H,1,0,2025-01-18,2.762,3.0563,2.31302,1.542678,21.33333333333333,11,0.1577,0.770342,0.770342,-1.542678,19.857142857142858,3,4407728.0,14.0,2.0,Borja Jiménez,Diego Simeone,Mario Melero López,5-4-1,4-4-2,1244.0,13.0,24200000.0,28.497044365627527,182.72727272727272,193.0,333000000.0,27.713272353929437,179.0909090909091,493.0
1715,Celta Vigo,Athletic Club,13:00,3,14,1,6,3,4,14,6,0,0,0,0,D,A,1,2,2025-01-19,2.7736,2.49675,2.49675,2.09642,13.551724137931034,4,0.1357,0.40033,0.40033,-2.09642,11.363636363636363,1,4407727.0,13.0,4.0,Claudio Giráldez,Ernesto Valverde,Miguel Ángel Ortiz Arias,5-4-1,4-2-3-1,940.0,621.0,32500000.0,25.722357040632197,179.1818181818182,18.0,200000000.0,26.718685831622178,181.1818181818182,130.0
1716,Real Madrid,Las Palmas,15:15,26,6,13,2,8,2,11,13,0,1,0,1,H,H,4,1,2025-01-19,0.0056,1.06201,1.06201,-4.6002,26.416666666666668,1,2.9906,6.40549,5.66221,4.6002,5.486486486486487,22,4407732.0,1.0,15.0,Carlo Ancelotti,Diego Martínez,Alejandro Quintero González,4-2-3-1,4-5-1,418.0,472.0,717500000.0,27.052952523178398,180.63636363636363,489.0,88200000.0,27.508929126998943,181.54545454545453,145.0
1717,Osasuna,Rayo Vallecano,17:30,12,8,3,3,6,3,9,13,3,2,0,0,A,D,1,1,2025-01-19,1.4502,0.797534,0.797534,0.1371479999999999,11.05,2,1.1814,0.660386,0.660386,-0.1371479999999999,8.777777777777779,6,4407725.0,11.0,9.0,Vicente Moreno,Iñigo Pérez,Alejandro Muñiz Ruiz,4-2-3-1,4-4-2,331.0,367.0,72600000.0,28.62348329288781,184.0,62.0,38800000.0,28.78551428038081,178.54545454545453,79.0
1718,Valencia,Real Sociedad,20:00,7,9,2,3,4,7,10,12,3,4,0,0,H,H,1,0,2025-01-19,0.5444,0.758224,0.758224,-1.014256,5.590909090909091,12,2.2412,1.77248,1.77248,1.014256,13.714285714285714,4,4407731.0,19.0,7.0,Carlos Corberán,Imanol Alguacil,Víctor García Verdura,4-2-3-1,5-4-1,1049.0,681.0,157500000.0,25.307945989670838,182.8181818181818,127.0,243500000.0,26.61962541223322,182.8181818181818,162.0
1719,Villarreal,Mallorca,20:00,14,9,7,2,6,5,9,12,1,3,0,0,H,H,4,0,2025-01-20,0.2061,0.390989,0.390989,-1.963381,12.625,3,2.6826,2.35437,2.35437,1.963381,15.045454545454543,20,4407730.0,5.0,6.0,Marcelino,Jagoba Arrasate,José Luis Munuera Montero,4-4-2 double 6,4-4-2,1050.0,237.0,125400000.0,26.990977537178768,183.72727272727272,154.0,53500000.0,30.4050774687325,184.9090909090909,240.0
1720,Las Palmas,Osasuna,20:00,16,16,7,4,4,2,14,17,7,8,1,0,D,D,1,1,2025-01-24,2.5547,2.53692,2.53692,1.7037079999999998,13.733333333333333,5,0.3083,0.833212,0.833212,-1.7037079999999998,14.4,6,4407747.0,16.0,11.0,Diego Martínez,Vicente Moreno,Jesús Gil Manzano,4-2-3-1,4-1-4-1,472.0,331.0,91000000.0,27.15300852467177,179.1818181818182,149.0,71600000.0,28.03160973181507,183.0909090909091,62.0
1721,Real Valladolid,Real Madrid,20:00,6,20,2,4,1,7,11,12,3,3,1,0,A,A,0,3,2025-01-25,2.8263000000000003,2.45677,1.7135,1.478847,11.166666666666666,10,0.1028999999999999,0.234653,0.234653,-1.478847,20.11764705882353,1,4407752.0,20.0,1.0,Diego Cocca,Carlo Ancelotti,Mateo Busquets Ferrer,4-3-3 Attacking,4-2-3-1,366.0,418.0,13600000.0,27.082819986310746,180.27272727272728,92.0,814000000.0,26.289838840146846,182.0,524.0
1722,Sevilla,Espanyol,17:30,25,6,4,1,5,1,13,14,1,4,0,0,A,D,1,1,2025-01-25,1.5156,1.27943,1.27943,0.1292999999999999,22.88235294117647,0,1.1934,1.15013,1.15013,-0.1292999999999999,4.541666666666667,5,4407753.0,12.0,18.0,Xavier García Pimienta,Manolo González,Adrián Cordero Vega,4-3-3 Attacking,4-4-2,368.0,714.0,113000000.0,26.939207267749364,184.45454545454547,323.0,30500000.0,26.168377823408626,182.45454545454547,89.0
1723,Mallorca,Real Betis,13:00,16,8,3,3,4,4,12,18,2,2,1,0,D,A,0,1,2025-01-25,1.12,0.59491,0.59491,-0.1944739999999999,5.96969696969697,4,1.4935,0.789384,0.789384,0.1944739999999999,9.071428571428571,5,4407749.0,6.0,10.0,Jagoba Arrasate,Manuel Pellegrini,Javier Alberola Rojas,4-2-3-1,4-2-3-1,237.0,150.0,48300000.0,29.346275900690685,183.72727272727272,167.0,97600000.0,25.673075726463818,181.63636363636363,119.0
1724,Atletico Madrid,Villarreal,15:15,20,11,8,1,5,6,10,14,4,2,0,0,A,D,1,1,2025-01-25,1.4247,1.78456,1.04128,-0.68146,15.19047619047619,7,1.3074,1.72274,1.72274,0.68146,9.192307692307692,15,4407745.0,2.0,5.0,Diego Simeone,Marcelino,José María Sánchez Martínez,4-4-2,4-4-2 double 6,13.0,1050.0,307500000.0,28.246904361894096,179.0,537.0,125400000.0,25.72385041378881,184.72727272727272,128.0
1725,Rayo Vallecano,Girona,13:00,17,12,7,5,4,1,19,9,3,1,0,0,D,H,2,1,2025-01-26,0.4831999999999999,1.56182,1.56182,-1.44873,12.291666666666666,5,2.3471,3.01055,3.01055,1.44873,7.310344827586207,10,4407751.0,7.0,9.0,Iñigo Pérez,Míchel,Isidro Díaz de Mera Escuderos,4-2-3-1,4-2-3-1,367.0,12321.0,36800000.0,28.843755833488895,179.36363636363637,108.0,102400000.0,28.42386908095327,182.63636363636363,206.0
1726,Real Sociedad,Getafe,15:15,13,13,4,4,5,2,11,15,3,6,0,0,D,A,0,3,2025-01-26,1.962,2.01027,2.01027,0.7495299999999998,5.482758620689655,2,0.7994999999999999,1.26074,1.26074,-0.7495299999999998,6.866666666666666,10,4407750.0,8.0,14.0,Imanol Alguacil,José Bordalás,Guillermo Cuadra Fernández,4-1-4-1,4-4-2 double 6,681.0,3709.0,234200000.0,25.53692987368552,179.0909090909091,198.0,31300000.0,27.638852591624666,185.0909090909091,137.0
1727,Athletic Club,Leganes,17:30,29,5,3,2,16,1,10,8,1,1,0,0,D,D,0,0,2025-01-26,0.9255,1.57401,1.57401,-0.69876,15.076923076923077,2,1.8369,2.27277,2.27277,0.69876,5.869565217391305,5,4407744.0,4.0,15.0,Ernesto Valverde,Borja Jiménez,Alejandro Hernández Hernández,4-2-3-1,5-4-1,621.0,1244.0,197800000.0,27.125630016800446,182.8181818181818,130.0,19900000.0,28.568975172671273,181.1818181818182,104.0
1728,Barcelona,Valencia,20:00,22,7,11,2,14,4,10,12,0,1,0,0,H,H,7,1,2025-01-26,0.1183999999999999,1.30328,1.30328,-3.05547,16.62962962962963,4,2.8259,4.35875,4.35875,3.05547,6.0,14,4407746.0,3.0,19.0,Hansi Flick,Carlos Corberán,César Soto Grado,4-2-3-1,4-4-2,131.0,1049.0,453500000.0,24.15257295750109,180.27272727272728,357.0,157000000.0,25.530209694480742,182.8181818181818,130.0
1729,Alaves,Celta Vigo,20:00,3,5,1,2,3,4,15,14,2,3,0,0,H,D,1,1,2025-01-27,0.4024,0.155093,0.155093,0.0066299999999999,9.517241379310343,1,2.3173,0.891741,0.148463,-0.0066299999999999,9.148148148148149,3,4407748.0,17.0,13.0,Eduardo Coudet,Claudio Giráldez,Francisco José Hernández Maeso,4-2-3-1,5-4-1,1108.0,940.0,37000000.0,27.22220148092838,181.45454545454547,82.0,25500000.0,28.23197063032792,179.9090909090909,75.0
1730,Leganes,Rayo Vallecano,20:00,5,19,1,3,2,9,7,19,2,4,1,0,D,A,0,1,2025-01-31,2.4714,2.39088,2.39088,2.134071,5.724137931034483,7,0.3470999999999999,1.00009,0.256809,-2.134071,14.0,1,4407779.0,15.0,6.0,Borja Jiménez,Iñigo Pérez,Alejandro Quintero González,5-4-1,4-2-3-1,1244.0,367.0,21700000.0,28.367369796527907,180.36363636363637,110.0,36800000.0,29.10360276274034,179.45454545454547,105.0
1731,Getafe,Sevilla,13:00,7,13,1,1,6,5,15,12,4,6,0,0,D,D,0,0,2025-02-01,1.2667,0.871043,0.871043,-0.0516879999999999,10.133333333333333,4,1.3846,0.922731,0.922731,0.0516879999999999,9.64,3,4407775.0,14.0,12.0,José Bordalás,Xavier García Pimienta,De Burgos Bengoetxea,4-4-2 double 6,4-3-3 Attacking,3709.0,368.0,30800000.0,28.324559766038206,182.8181818181818,117.0,121000000.0,27.652541845560325,184.1818181818182,317.0
1732,Villarreal,Real Valladolid,15:15,22,8,8,2,3,6,9,14,1,2,0,0,H,H,5,1,2025-02-01,0.0747,0.747261,0.747261,-3.146279,13.45,4,2.8815,3.89354,3.89354,3.146279,10.25,15,4407778.0,5.0,20.0,Marcelino,Diego Cocca,Isidro Díaz de Mera Escuderos,4-4-2,4-1-4-1,1050.0,366.0,121900000.0,27.075850911579867,182.54545454545453,121.0,15000000.0,26.73411735424056,181.9090909090909,90.0
1733,Atletico Madrid,Mallorca,17:30,17,10,5,1,10,4,9,14,2,3,0,0,H,H,2,0,2025-02-01,0.4304,0.421783,0.421783,-1.176907,15.1875,4,2.3573,1.59869,1.59869,1.176907,14.588235294117649,11,4407774.0,2.0,9.0,Diego Simeone,Jagoba Arrasate,Víctor García Verdura,4-4-2,5-3-2,13.0,237.0,313000000.0,27.914877730072803,181.54545454545453,403.0,51200000.0,29.59044241179765,185.8181818181818,226.0
1734,Espanyol,Real Madrid,20:00,5,21,2,7,1,8,14,3,2,0,0,0,D,H,1,0,2025-02-01,2.1444,1.52796,1.52796,1.00077,12.0,18,0.5958,0.52719,0.52719,-1.00077,34.75,1,4407780.0,17.0,1.0,Manolo González,Carlo Ancelotti,Alejandro Muñiz Ruiz,4-2-3-1,4-2-3-1,714.0,418.0,33200000.0,25.0744819861863,183.72727272727272,88.0,957500000.0,27.279945242984255,181.54545454545453,556.0
1735,Barcelona,Alaves,13:00,11,3,4,0,5,2,8,20,5,2,0,0,D,H,1,0,2025-02-02,0.3379,0.126278,0.126278,-1.058982,12.129032258064516,1,2.4121,1.18526,1.18526,1.058982,8.0,3,4407783.0,3.0,18.0,Hansi Flick,Eduardo Coudet,José Luis Munuera Montero,4-3-3 Attacking,4-2-3-1,131.0,1108.0,548500000.0,24.771078339866843,180.8181818181818,472.0,37500000.0,26.761495862111875,180.45454545454547,76.0
1736,Valencia,Celta Vigo,15:15,8,3,5,2,5,2,9,17,1,2,0,0,H,H,2,1,2025-02-02,0.3105,0.51501,0.51501,-1.41564,8.586206896551724,4,2.5191,1.93065,1.93065,1.41564,23.142857142857142,8,4407782.0,19.0,13.0,Carlos Corberán,Claudio Giráldez,Pablo González Fuertes,4-2-3-1,5-4-1,1049.0,940.0,157500000.0,25.346275900690685,182.8181818181818,127.0,36300000.0,26.645261651421812,179.8181818181818,58.0
1737,Osasuna,Real Sociedad,17:30,11,13,4,3,3,5,10,8,3,3,0,0,H,H,2,1,2025-02-02,2.2869,2.35115,2.35115,1.24027,10.529411764705882,13,0.5214,1.11088,1.11088,-1.24027,20.4375,6,4407777.0,8.0,11.0,Vicente Moreno,Imanol Alguacil,Miguel Ángel Ortiz Arias,4-3-3 Attacking,4-1-4-1,331.0,681.0,72100000.0,28.79547010142493,184.0,63.0,258700000.0,25.397797274593987,181.0909090909091,241.0
1738,Real Betis,Athletic Club,20:00,10,12,6,4,3,7,10,20,3,1,0,0,H,D,2,2,2025-02-02,1.7281000000000002,1.75905,1.75905,0.44188,6.75,3,0.9721,1.31717,1.31717,-0.44188,8.066666666666666,5,4407781.0,10.0,4.0,Manuel Pellegrini,Ernesto Valverde,Juan Martínez Munuera,4-2-3-1,4-4-2 double 6,150.0,621.0,82900000.0,27.18038703254309,181.1818181818182,166.0,182800000.0,27.089042374463318,183.0,106.0
1739,Girona,Las Palmas,20:00,12,10,4,2,11,3,12,12,2,2,0,0,H,H,2,1,2025-02-03,0.6594,1.31791,1.31791,-0.13067,13.15,6,2.0922,2.19186,1.44858,0.13067,12.227272727272728,5,4407776.0,7.0,16.0,Míchel,Diego Martínez,Mario Melero López,4-2-3-1,4-2-3-1,12321.0,472.0,133400000.0,26.819239624167757,183.72727272727272,175.0,91500000.0,27.145541658888682,179.9090909090909,138.0
1740,Rayo Vallecano,Real Valladolid,20:00,20,8,6,3,4,2,11,15,2,2,0,0,D,H,1,0,2025-02-07,0.1823,0.610157,0.610157,-2.262453,15.947368421052632,2,2.7284,2.87261,2.87261,2.262453,5.636363636363637,13,4407766.0,6.0,20.0,Iñigo Pérez,Diego Cocca,Jesús Gil Manzano,4-2-3-1,4-4-1-1,367.0,366.0,38300000.0,28.833551116918674,178.8181818181818,108.0,15200000.0,25.649679547010145,182.45454545454547,82.0
1741,Celta Vigo,Real Betis,13:00,14,12,6,5,4,7,11,11,3,5,0,0,A,H,3,2,2025-02-08,1.1474,1.51159,1.51159,-0.2397499999999999,17.57894736842105,6,1.5395,1.75134,1.75134,0.2397499999999999,11.714285714285714,14,4407771.0,13.0,11.0,Claudio Giráldez,Manuel Pellegrini,Mateo Busquets Ferrer,3-4-3,4-2-3-1,940.0,150.0,36300000.0,25.938149461763427,179.1818181818182,22.0,98400000.0,27.62815008400224,180.8181818181818,173.0
1742,Athletic Club,Girona,15:15,23,3,8,1,11,2,7,12,0,4,0,0,H,H,3,0,2025-02-08,0.0056,0.0558089,0.0558089,-3.0202811,15.615384615384617,2,2.9891,3.81937,3.07609,3.0202811,14.0,12,4407764.0,4.0,9.0,Ernesto Valverde,Míchel,José María Sánchez Martínez,4-2-3-1,4-3-3 Attacking,621.0,12321.0,195300000.0,27.314043930060357,183.1818181818182,109.0,121900000.0,26.899383983572896,183.72727272727272,183.0
1743,Las Palmas,Villarreal,17:30,20,9,4,4,6,5,12,12,6,3,0,0,D,A,1,2,2025-02-08,0.9104,1.26021,1.26021,-0.64598,14.11111111111111,4,1.8380000000000003,1.90619,1.90619,0.64598,11.85,8,4407767.0,16.0,5.0,Diego Martínez,Marcelino,Francisco José Hernández Maeso,4-2-3-1,4-4-2,472.0,1050.0,72000000.0,27.139070375210007,181.27272727272728,166.0,115400000.0,26.137016987119658,183.9090909090909,111.0
1744,Real Madrid,Atletico Madrid,20:00,23,10,9,1,6,1,14,13,1,3,0,0,A,D,1,1,2025-02-08,0.7348,1.62463,0.881351,-1.6743990000000002,22.692307692307693,4,2.0506,2.55575,2.55575,1.6743990000000002,12.956521739130435,10,4407769.0,1.0,2.0,Carlo Ancelotti,Diego Simeone,César Soto Grado,4-2-3-1,4-4-2,418.0,13.0,932500000.0,26.394623856636176,181.0,474.0,326000000.0,28.235704063219465,179.27272727272728,509.0
1745,Alaves,Getafe,13:00,12,4,4,3,8,3,16,16,2,6,0,0,A,A,0,1,2025-02-09,0.8005,0.825065,0.081787,-1.176763,16.214285714285715,0,1.7377,1.25855,1.25855,1.176763,3.684210526315789,9,4407768.0,19.0,14.0,Eduardo Coudet,José Bordalás,Isidro Díaz de Mera Escuderos,4-4-2,4-4-2,1108.0,3709.0,52000000.0,26.879472341484664,182.0,35.0,43900000.0,29.15039512164769,182.54545454545453,155.0
1746,Valencia,Leganes,15:15,18,12,4,4,9,3,14,9,1,1,0,0,H,H,2,0,2025-02-09,0.2822,0.417562,0.417562,-1.614308,6.833333333333333,3,2.5697,2.03187,2.03187,1.614308,13.55,10,4407772.0,18.0,15.0,Carlos Corberán,Borja Jiménez,Guillermo Cuadra Fernández,4-2-3-1,4-5-1 flat,1049.0,1244.0,146500000.0,25.02520067201792,183.63636363636363,143.0,22300000.0,29.45653661875428,183.1818181818182,210.0
1747,Real Sociedad,Espanyol,17:30,13,4,3,1,6,0,11,17,1,2,0,0,H,H,2,1,2025-02-09,0.6743000000000001,0.872507,0.129229,-1.549161,13.454545454545457,0,2.039,1.67839,1.67839,1.549161,6.047619047619048,8,4407773.0,10.0,17.0,Imanol Alguacil,Manolo González,Javier Alberola Rojas,4-3-3 Attacking,4-2-3-1,681.0,714.0,184000000.0,25.453300976914942,181.9090909090909,179.0,49000000.0,26.27540289963288,184.0,83.0
1748,Sevilla,Barcelona,20:00,8,10,4,6,5,6,14,6,5,2,0,1,D,A,1,4,2025-02-09,2.1788,1.93199,1.93199,1.010561,9.6,11,0.5849,0.921429,0.921429,-1.010561,14.88888888888889,3,4407770.0,12.0,3.0,Xavier García Pimienta,Hansi Flick,Alejandro Hernández Hernández,4-2-3-1,4-3-3 Attacking,368.0,131.0,126000000.0,27.306825959803373,184.8181818181818,329.0,591000000.0,26.79260780287474,181.45454545454547,544.0
1749,Mallorca,Osasuna,20:00,10,19,2,4,7,11,7,11,1,4,0,0,D,D,1,1,2025-02-10,1.9279,1.81967,1.81967,1.3897339999999998,7.833333333333333,7,0.7531,1.17321,0.429936,-1.3897339999999998,13.533333333333331,6,4407765.0,8.0,7.0,Jagoba Arrasate,Vicente Moreno,Adrián Cordero Vega,4-2-3-1,4-1-4-1,237.0,331.0,56000000.0,29.827390952647626,184.0,163.0,82300000.0,28.413664364383052,182.63636363636363,65.0
1750,Girona,Getafe,20:00,14,10,4,6,3,3,11,23,2,3,1,0,A,A,1,2,2025-02-14,1.0686,0.95535,0.95535,-0.3316499999999999,10.4,4,1.6134000000000002,1.287,1.287,0.3316499999999999,3.857142857142857,2,4407759.0,11.0,13.0,Míchel,José Bordalás,Alejandro Quintero González,3-4-3 Diamond,4-4-2,12321.0,3709.0,115000000.0,29.517764918175597,183.36363636363637,315.0,43900000.0,29.164084375583347,182.54545454545453,155.0
1751,Leganes,Alaves,13:00,8,16,3,7,3,2,18,15,4,5,1,0,H,D,3,3,2025-02-15,0.9868,1.4212,0.677922,0.401201,8.857142857142858,5,1.7047,1.76328,0.276721,-0.401201,12.4375,5,4407763.0,16.0,19.0,Borja Jiménez,Eduardo Coudet,Pablo González Fuertes,4-2-3-1,4-2-3-1,1244.0,1108.0,21800000.0,28.961732312861674,183.0909090909091,181.0,51000000.0,27.49847551490262,180.9090909090909,32.0
1752,Osasuna,Real Madrid,15:15,11,17,4,6,6,2,16,7,3,1,0,1,A,D,1,1,2025-02-15,2.1201000000000003,2.73344,2.73344,1.832897,22.444444444444443,8,0.6732,1.64382,0.900543,-1.832897,13.7,7,4407757.0,9.0,2.0,Vicente Moreno,Carlo Ancelotti,José Luis Munuera Montero,4-1-4-1,4-4-2,331.0,418.0,66300000.0,28.482359529587452,183.36363636363637,60.0,928000000.0,26.503391201543153,180.8181818181818,664.0
1753,Atletico Madrid,Celta Vigo,17:30,9,11,3,4,2,7,8,18,3,5,1,0,D,D,1,1,2025-02-15,2.0859,1.45388,0.710601,0.021496,7.3478260869565215,15,0.6462,0.689105,0.689105,-0.021496,22.33333333333333,3,4407754.0,3.0,14.0,Diego Simeone,Claudio Giráldez,Juan Martínez Munuera,4-4-2,3-4-3,13.0,940.0,356000000.0,28.12718561383859,179.36363636363637,520.0,37800000.0,25.875925580237695,181.45454545454547,38.0
1754,Villarreal,Valencia,20:00,13,12,4,3,4,5,6,17,0,5,0,0,H,D,1,1,2025-02-15,1.0502,0.740954,0.740954,-0.3013260000000001,14.8,2,1.6169,1.04228,1.04228,0.3013260000000001,16.80952380952381,9,4407761.0,5.0,18.0,Marcelino,Carlos Corberán,De Burgos Bengoetxea,4-4-2,4-2-3-1,1050.0,1049.0,131000000.0,26.523800634683592,183.0909090909091,190.0,161000000.0,25.634496919917865,182.8181818181818,127.0
1755,Real Betis,Real Sociedad,20:00,24,5,8,1,5,5,9,15,0,2,0,2,D,H,3,0,2025-02-16,0.0812,0.20529,0.20529,-1.54588,13.789473684210526,2,2.8622,2.49445,1.75117,1.54588,5.5,10,4407756.0,8.0,10.0,Manuel Pellegrini,Imanol Alguacil,Jesús Gil Manzano,4-2-3-1,4-4-2 double 6,150.0,681.0,109100000.0,28.35417833364445,180.0909090909091,313.0,249000000.0,26.87598780411922,181.36363636363637,214.0
1756,Mallorca,Las Palmas,17:30,14,9,5,4,3,5,7,13,1,4,0,0,H,H,3,1,2025-02-16,0.536,1.04401,1.04401,-1.29013,11.157894736842104,7,2.2712,2.33414,2.33414,1.29013,21.727272727272727,9,4407762.0,7.0,17.0,Jagoba Arrasate,Diego Martínez,Miguel Ángel Ortiz Arias,4-2-3-1,4-2-3-1,237.0,472.0,43500000.0,30.393628274531764,182.9090909090909,212.0,68500000.0,27.17889365938647,179.8181818181818,156.0
1757,Espanyol,Athletic Club,13:00,12,14,4,4,2,7,12,8,1,1,0,0,D,D,1,1,2025-02-16,1.0734,0.896815,0.896815,-0.2989549999999999,6.375,4,1.6122,1.19577,1.19577,0.2989549999999999,9.961538461538462,3,4407758.0,15.0,4.0,Manolo González,Ernesto Valverde,Guillermo Cuadra Fernández,4-2-3-1,4-2-3-1,714.0,621.0,50500000.0,25.11554974799328,183.72727272727272,88.0,182600000.0,27.396428349200423,182.63636363636363,112.0
1758,Real Valladolid,Sevilla,15:15,7,11,2,6,3,2,11,10,4,2,0,0,A,A,0,4,2025-02-16,2.1584,1.4827,1.4827,0.950219,20.15,3,0.5831,0.532481,0.532481,-0.950219,17.25,3,4407760.0,20.0,12.0,Diego Cocca,Xavier García Pimienta,Javier Alberola Rojas,4-1-4-1,4-3-3 Attacking,366.0,368.0,21200000.0,25.227801630265695,183.0909090909091,141.0,110500000.0,26.505880156804178,184.27272727272728,326.0
1759,Barcelona,Rayo Vallecano,20:00,14,9,5,4,4,5,11,9,2,3,0,0,H,H,1,0,2025-02-17,0.4204,1.30941,1.30941,-0.7750600000000001,16.59090909090909,2,2.4169,2.82775,2.08447,0.7750600000000001,8.72,10,4407755.0,1.0,6.0,Hansi Flick,Iñigo Pérez,Mario Melero López,4-3-3 Attacking,4-2-3-1,131.0,367.0,516000000.0,25.396303901437367,181.1818181818182,483.0,43000000.0,28.913944371849915,180.36363636363637,103.0
1760,Celta Vigo,Osasuna,20:00,12,18,5,1,5,4,11,13,1,0,0,0,D,H,1,0,2025-02-21,0.396,0.838476,0.838476,-0.7371540000000001,13.19047619047619,5,2.4492,2.31891,1.57563,0.7371540000000001,19.88235294117647,10,4407535.0,12.0,11.0,Claudio Giráldez,Vicente Moreno,José María Sánchez Martínez,5-4-1,5-4-1,940.0,331.0,44800000.0,26.450874245535434,184.0,72.0,67300000.0,28.41590442411798,183.8181818181818,59.0
1761,Alaves,Espanyol,13:00,15,9,5,2,7,0,13,17,2,2,0,0,D,A,0,1,2025-02-22,0.5476,0.495881,0.495881,-1.050389,11.894736842105264,4,2.2126,1.54627,1.54627,1.050389,6.454545454545454,6,4407537.0,19.0,15.0,Eduardo Coudet,Manolo González,Juan Luis Pulido Santana,4-4-2,4-2-3-1,1108.0,714.0,44500000.0,27.444465185738284,183.45454545454547,25.0,50500000.0,25.131976852716072,183.72727272727272,88.0
1762,Rayo Vallecano,Villarreal,15:15,10,10,5,5,3,5,15,12,1,4,1,0,D,A,0,1,2025-02-22,1.5754,0.79404,0.79404,0.2797039999999999,9.96,2,1.0429,0.514336,0.514336,-0.2797039999999999,8.785714285714286,3,4407536.0,8.0,5.0,Iñigo Pérez,Marcelino,Víctor García Verdura,4-2-3-1,4-4-2 double 6,367.0,1050.0,43000000.0,28.927633625785575,180.36363636363637,103.0,129000000.0,25.251695600771576,185.36363636363637,137.0
1763,Valencia,Atletico Madrid,17:30,18,11,2,3,7,0,18,16,1,3,0,0,A,A,0,3,2025-02-22,2.0542,2.31785,2.31785,0.9635,12.523809523809524,12,0.7435,1.35435,1.35435,-0.9635,11.064516129032258,8,4407538.0,18.0,3.0,Carlos Corberán,Diego Simeone,Mateo Busquets Ferrer,3-4-2-1,4-4-2,1049.0,13.0,146500000.0,25.96428349200423,185.72727272727272,107.0,316800000.0,29.05656150830689,179.45454545454547,535.0
1764,Las Palmas,Barcelona,20:00,10,15,2,5,5,3,13,4,1,1,0,0,D,A,0,2,2025-02-22,2.3322,1.66486,1.66486,1.233851,8.277777777777779,12,0.4536,0.431009,0.431009,-1.233851,17.761904761904763,1,4407539.0,17.0,1.0,Diego Martínez,Hansi Flick,Adrián Cordero Vega,4-2-3-1,4-2-3-1,472.0,131.0,62700000.0,27.22120589882397,180.1818181818182,122.0,458500000.0,24.770580548814635,180.0,443.0
1765,Athletic Club,Real Valladolid,13:00,29,5,16,3,4,4,10,5,2,3,0,1,H,H,7,1,2025-02-23,0.0013,0.598765,0.598765,-4.717435,19.181818181818183,0,2.9974000000000003,5.3162,5.3162,4.717435,10.85,14,4407534.0,4.0,20.0,Ernesto Valverde,Álvaro Rubio,César Soto Grado,4-2-3-1,5-4-1,621.0,366.0,240100000.0,27.675689129487896,185.1818181818182,138.0,16000000.0,26.060606060606062,182.63636363636363,71.0
1766,Real Madrid,Girona,15:15,22,6,5,2,11,5,1,7,0,2,0,0,H,H,2,0,2025-02-23,0.1851,0.325619,0.325619,-2.037511,31.166666666666668,5,2.7096,2.36313,2.36313,2.037511,35.5,11,4407541.0,2.0,13.0,Carlo Ancelotti,Míchel,Guillermo Cuadra Fernández,4-4-2 double 6,3-4-1-2,418.0,12321.0,688500000.0,28.715076846493684,179.72727272727272,682.0,109300000.0,28.852467176902493,183.0909090909091,245.0
1767,Getafe,Real Betis,17:30,10,13,4,6,2,5,17,20,3,0,1,1,A,A,1,2,2025-02-23,2.4637,2.34571,1.60243,0.73976,5.633333333333334,6,0.364,0.86267,0.86267,-0.73976,6.4,6,4407540.0,14.0,7.0,José Bordalás,Manuel Pellegrini,Javier Alberola Rojas,4-2-4,4-2-3-1,3709.0,150.0,44900000.0,29.74500653350756,181.8181818181818,183.0,98100000.0,28.919917864476385,181.63636363636363,278.0
1768,Real Sociedad,Leganes,20:00,12,8,5,2,3,3,13,13,3,3,0,0,H,H,3,0,2025-02-23,0.5443,0.256673,0.256673,-0.8112270000000001,12.0,5,2.1397,1.0679,1.0679,0.8112270000000001,9.708333333333334,1,4407543.0,9.0,16.0,Imanol Alguacil,Borja Jiménez,Francisco José Hernández Maeso,4-1-4-1,4-5-1 flat,681.0,1244.0,214000000.0,24.8527160724286,181.0909090909091,193.0,23700000.0,28.274780660817623,182.36363636363637,189.0
1769,Sevilla,Mallorca,20:00,19,13,4,2,4,4,11,12,1,3,0,0,H,D,1,1,2025-02-24,1.413,1.64957,1.64957,0.0673699999999999,10.16,6,1.3287,1.5822,1.5822,-0.0673699999999999,6.935483870967742,8,4407542.0,10.0,6.0,Xavier García Pimienta,Jagoba Arrasate,Alejandro Muñiz Ruiz,4-2-3-1,5-3-2,368.0,237.0,134500000.0,26.420260095824776,184.54545454545453,257.0,40300000.0,30.64327048721299,184.0,202.0
1770,Real Valladolid,Las Palmas,20:00,23,4,7,3,13,4,11,8,2,1,0,1,A,D,1,1,2025-02-28,0.1498,0.163235,0.163235,-2.010625,21.5,5,2.7442,2.17386,2.17386,2.010625,6.944444444444445,6,4407741.0,20.0,17.0,Álvaro Rubio,Diego Martínez,De Burgos Bengoetxea,4-2-3-1,4-2-3-1,366.0,472.0,18400000.0,25.94362516333769,183.63636363636363,187.0,62500000.0,27.941260655839713,180.45454545454547,166.0
1771,Real Betis,Real Madrid,17:30,18,9,3,2,9,2,17,12,3,4,0,0,D,H,2,1,2025-03-01,0.5136000000000001,1.05072,1.05072,-0.4455699999999998,10.047619047619047,5,2.2886999999999995,2.23957,1.49629,0.4455699999999998,7.948717948717949,3,4407735.0,6.0,3.0,Manuel Pellegrini,Carlo Ancelotti,Alejandro Hernández Hernández,4-2-3-1,4-3-3 Attacking,150.0,418.0,98100000.0,28.93634496919918,181.63636363636363,278.0,713500000.0,29.63599029307448,180.27272727272728,764.0
1772,Atletico Madrid,Athletic Club,20:00,12,15,4,3,6,2,7,8,2,3,0,0,D,H,1,0,2025-03-01,1.0017,1.54329,1.54329,-0.4728299999999998,13.875,5,1.7456999999999998,2.01612,2.01612,0.4728299999999998,9.5,4,4407738.0,2.0,4.0,Diego Simeone,Ernesto Valverde,Jesús Gil Manzano,4-4-2,4-2-3-1,13.0,621.0,276000000.0,28.21728579428785,180.9090909090909,491.0,187600000.0,27.703814323937525,180.72727272727272,133.0
1773,Girona,Celta Vigo,13:00,9,10,6,6,4,2,8,17,0,0,0,0,D,D,2,2,2025-03-01,2.0174000000000003,1.64758,0.904306,0.009276,12.916666666666666,5,0.6940999999999999,0.89503,0.89503,-0.009276,13.782608695652174,4,4407739.0,13.0,12.0,Míchel,Claudio Giráldez,Miguel Ángel Ortiz Arias,5-4-1,5-4-1,12321.0,940.0,116800000.0,28.404455229917243,183.8181818181818,304.0,40800000.0,26.412295438989485,180.45454545454547,63.0
1774,Rayo Vallecano,Sevilla,15:15,20,10,8,5,6,6,14,9,1,0,0,0,D,D,1,1,2025-03-01,0.3074,0.807803,0.807803,-1.782287,16.31578947368421,1,2.5565,2.59009,2.59009,1.782287,5.032258064516129,9,4407737.0,8.0,10.0,Iñigo Pérez,Xavier García Pimienta,Pablo González Fuertes,4-2-3-1,4-2-3-1,367.0,368.0,37500000.0,29.988675253562317,181.36363636363637,102.0,134500000.0,26.43394934976044,184.54545454545453,257.0
1775,Leganes,Getafe,13:00,5,9,1,0,2,6,15,15,1,1,0,0,D,H,1,0,2025-03-02,1.3285,0.585024,0.585024,0.0304999999999999,8.586206896551724,0,1.2409,0.554524,0.554524,-0.0304999999999999,4.666666666666667,1,4407740.0,16.0,14.0,Borja Jiménez,José Bordalás,Alejandro Muñiz Ruiz,5-4-1,4-2-3-1,1244.0,3709.0,15800000.0,29.241241988675256,182.8181818181818,107.0,43500000.0,29.28454981021716,183.0909090909091,171.0
1776,Barcelona,Real Sociedad,15:15,33,0,10,0,12,0,15,6,0,0,0,1,H,H,4,0,2025-03-02,0.0127,0.0,0.0,-3.63697,24.444444444444443,0,2.9746,3.63697,3.63697,3.63697,4.212121212121212,33,4407734.0,1.0,9.0,Hansi Flick,Imanol Alguacil,Alejandro Quintero González,4-2-3-1,4-1-4-1,131.0,681.0,478500000.0,25.56480617260905,182.1818181818182,488.0,168200000.0,24.981892850476015,179.8181818181818,79.0
1777,Mallorca,Alaves,17:30,15,19,4,7,3,9,20,14,0,2,0,0,H,D,1,1,2025-03-02,1.1885,1.63763,1.63763,-0.19432,7.36,3,1.5203000000000002,1.83195,1.83195,0.19432,7.538461538461538,3,4407742.0,7.0,19.0,Jagoba Arrasate,Eduardo Coudet,César Soto Grado,4-2-3-1,4-2-3-1,237.0,1108.0,43300000.0,29.954576566486217,181.63636363636363,174.0,48500000.0,27.048472403708544,181.9090909090909,32.0
1778,Osasuna,Valencia,20:00,12,12,5,5,3,3,10,7,2,1,0,0,H,D,3,3,2025-03-02,1.6027,1.54983,1.54983,1.02534,15.466666666666669,4,1.0834,1.26777,0.52449,-1.02534,10.681818181818182,6,4407736.0,11.0,18.0,Vicente Moreno,Carlos Corberán,Mario Melero López,4-2-3-1,4-2-3-1,331.0,1049.0,83500000.0,27.735175160226493,183.1818181818182,65.0,134500000.0,25.644950532014185,184.45454545454547,127.0
1779,Alaves,Villarreal,15:15,5,24,3,2,1,6,11,13,3,1,2,0,H,H,1,0,2025-03-08,2.3602,2.63287,2.63287,1.41808,4.523809523809524,16,0.4528,1.21479,1.21479,-1.41808,15.529411764705882,2,4407790.0,18.0,5.0,Eduardo Coudet,Marcelino,Miguel Ángel Ortiz Arias,4-4-2 double 6,4-4-2 double 6,1108.0,1050.0,44500000.0,26.53549872441043,181.9090909090909,32.0,134000000.0,26.641777114056378,183.72727272727272,185.0
1780,Valencia,Real Valladolid,17:30,17,11,4,4,5,4,11,10,1,3,0,0,D,H,2,1,2025-03-08,0.3014,0.645621,0.645621,-1.725429,17.928571428571427,1,2.552,2.37105,2.37105,1.725429,8.0,11,4407789.0,16.0,20.0,Carlos Corberán,Álvaro Rubio,Juan Luis Pulido Santana,4-2-3-1,4-4-2 double 6,1049.0,366.0,135500000.0,25.69099620434323,184.0909090909091,138.0,15800000.0,25.79354116109763,182.72727272727272,131.0
1781,Celta Vigo,Leganes,13:00,7,12,4,6,2,5,10,9,3,2,0,0,H,H,2,1,2025-03-08,1.2602,0.99815,0.99815,-0.07289,15.192307692307692,7,1.415,1.07104,1.07104,0.07289,10.458333333333334,10,4407787.0,10.0,17.0,Claudio Giráldez,Borja Jiménez,Isidro Díaz de Mera Escuderos,5-4-1,5-4-1,940.0,1244.0,31300000.0,29.14715947980835,181.9090909090909,64.0,23900000.0,28.332275527347395,182.27272727272728,191.0
1782,Getafe,Atletico Madrid,13:00,11,4,3,2,4,4,10,14,6,2,0,1,D,H,2,1,2025-03-09,1.0031,1.02142,0.278141,-1.119999,5.916666666666667,2,1.6583,1.39814,1.39814,1.119999,20.94117647058824,4,4407792.0,13.0,3.0,José Bordalás,Diego Simeone,Guillermo Cuadra Fernández,4-1-4-1,4-4-2,3709.0,13.0,44100000.0,27.69833862236326,184.45454545454547,151.0,331000000.0,28.659324248646634,178.8181818181818,574.0
1783,Real Madrid,Rayo Vallecano,15:15,10,20,5,6,4,6,12,17,3,1,0,0,H,H,2,1,2025-03-09,1.0371,1.21003,1.21003,-0.38436,12.73913043478261,4,1.6914,1.59439,1.59439,0.38436,13.214285714285714,5,4407793.0,2.0,9.0,Carlo Ancelotti,Iñigo Pérez,Francisco José Hernández Maeso,4-4-2 double 6,4-2-3-1,418.0,367.0,818500000.0,27.404144110509616,179.36363636363637,605.0,36800000.0,30.781407504200107,180.54545454545453,87.0
1784,Athletic Club,Mallorca,17:30,8,9,2,2,3,3,6,13,1,3,0,0,D,D,1,1,2025-03-09,1.3924,1.02509,1.02509,0.086427,9.75,0,1.2717999999999998,0.938663,0.938663,-0.086427,19.454545454545453,3,4407784.0,4.0,7.0,Ernesto Valverde,Jagoba Arrasate,Alejandro Hernández Hernández,4-2-3-1,5-4-1,621.0,237.0,180800000.0,25.490635305830377,180.9090909090909,105.0,54400000.0,29.54464563499471,184.63636363636363,206.0
1785,Real Betis,Las Palmas,17:30,14,8,6,1,11,1,12,14,2,8,0,1,D,H,1,0,2025-03-09,0.1854,0.426529,0.426529,-1.144321,17.526315789473685,3,2.7177,2.31412,1.57085,1.144321,6.363636363636363,4,4407786.0,6.0,19.0,Manuel Pellegrini,Diego Martínez,José María Sánchez Martínez,4-2-3-1,5-4-1,150.0,472.0,120600000.0,28.54408562006098,181.0909090909091,273.0,42200000.0,27.384730259473585,180.9090909090909,92.0
1786,Real Sociedad,Sevilla,20:00,7,9,2,4,6,3,14,12,2,1,0,0,D,A,0,1,2025-03-09,1.5335,1.01162,1.01162,0.2077519999999999,24.75,3,1.1249,0.803868,0.803868,-0.2077519999999999,7.833333333333333,2,4407788.0,11.0,8.0,Imanol Alguacil,Xavier García Pimienta,Víctor García Verdura,4-1-4-1,4-2-3-1,681.0,368.0,122800000.0,24.57669093398046,181.0,166.0,125500000.0,26.646755024578432,184.1818181818182,212.0
1787,Espanyol,Girona,20:00,7,18,4,4,4,9,11,13,3,3,0,0,D,D,1,1,2025-03-10,2.4739,1.58787,0.844596,0.5193000000000001,6.538461538461538,15,0.3376,0.325296,0.325296,-0.5193000000000001,26.58333333333333,1,4407791.0,15.0,12.0,Manolo González,Míchel,Adrián Cordero Vega,4-2-3-1,4-3-3 Attacking,714.0,12321.0,50500000.0,25.17578246531019,183.72727272727272,88.0,127500000.0,27.13508804679236,182.1818181818182,323.0
1788,Las Palmas,Alaves,20:00,14,9,7,3,4,5,10,22,5,5,0,0,A,D,2,2,2025-03-14,0.9715,1.49888,1.49888,0.2982899999999999,10.25,5,1.7245,1.94387,1.20059,-0.2982899999999999,7.4,5,4407532.0,19.0,17.0,Diego Martínez,Eduardo Coudet,Mario Melero López,4-2-3-1,4-4-2,472.0,1108.0,72700000.0,27.607242859809595,181.8181818181818,146.0,44100000.0,26.273411735424055,183.27272727272728,25.0
1789,Girona,Valencia,20:00,14,12,4,2,9,4,12,5,2,1,0,0,D,D,1,1,2025-03-15,1.4325,1.21975,1.21975,0.0399699999999998,30.0,3,1.2621000000000002,1.17978,1.17978,-0.0399699999999998,10.16,5,4407525.0,13.0,16.0,Míchel,Carlos Corberán,José Luis Munuera Montero,4-3-3 Attacking,5-4-1,12321.0,1049.0,125500000.0,27.515151515151516,182.45454545454547,324.0,135500000.0,25.421442349573763,185.54545454545453,156.0
1790,Villarreal,Real Madrid,17:30,23,9,10,5,11,4,17,3,2,1,0,0,A,A,1,2,2025-03-15,0.7016,1.10001,1.10001,-0.90538,15.666666666666666,7,2.0504,2.00539,2.00539,0.90538,8.657894736842104,17,4407531.0,5.0,2.0,Marcelino,Carlo Ancelotti,Jesús Gil Manzano,4-4-2,4-2-3-1,1050.0,418.0,115500000.0,26.317715139070376,185.27272727272728,218.0,856500000.0,26.007093522493935,180.72727272727272,467.0
1791,Real Valladolid,Celta Vigo,13:00,5,10,2,1,3,4,9,15,3,3,0,0,D,A,0,1,2025-03-15,2.2071,1.81654,1.07326,0.233845,9.08,8,0.5523,0.839415,0.839415,-0.233845,21.73333333333333,1,4407529.0,20.0,8.0,Álvaro Rubio,Claudio Giráldez,Víctor García Verdura,4-1-4-1,5-4-1,366.0,940.0,17200000.0,25.556094829195445,182.45454545454547,154.0,45300000.0,28.831062161657645,179.72727272727272,65.0
1792,Mallorca,Espanyol,15:15,20,2,7,0,6,2,10,12,0,2,0,0,D,H,2,1,2025-03-15,0.0621,0.184342,0.184342,-0.8994679999999999,17.642857142857142,3,2.892,2.57036,1.08381,0.8994679999999999,8.823529411764707,9,4407533.0,7.0,15.0,Jagoba Arrasate,Manolo González,Alejandro Quintero González,4-2-3-1,4-3-3,237.0,714.0,54100000.0,30.052143612718563,183.27272727272728,193.0,52000000.0,25.478439425051338,183.9090909090909,84.0
1793,Leganes,Real Betis,13:00,10,21,4,6,3,7,16,5,2,1,0,0,H,A,2,3,2025-03-16,2.2679000000000005,2.92809,2.18481,0.6115200000000001,13.461538461538462,4,0.5525,1.57329,1.57329,-0.6115200000000001,12.954545454545457,0,4407528.0,18.0,6.0,Borja Jiménez,Manuel Pellegrini,César Soto Grado,4-3-3 Attacking,4-2-3-1,1244.0,150.0,22800000.0,29.340053512538113,182.36363636363637,192.0,116600000.0,28.465434633812457,179.72727272727272,156.0
1794,Sevilla,Athletic Club,15:15,11,9,4,4,4,6,13,12,4,2,0,0,D,A,0,1,2025-03-16,2.4111,1.64488,0.901598,0.442275,14.083333333333334,3,0.3944999999999999,0.459323,0.459323,-0.442275,11.466666666666669,2,4407527.0,10.0,4.0,Xavier García Pimienta,Ernesto Valverde,Juan Luis Pulido Santana,4-2-3-1,4-2-3-1,368.0,621.0,125500000.0,26.665919980088358,184.1818181818182,212.0,133000000.0,28.48260842511356,183.1818181818182,89.0
1795,Osasuna,Getafe,17:30,12,7,4,4,3,2,19,15,2,3,0,1,H,A,1,2,2025-03-16,0.505,0.900928,0.900928,-0.440652,14.157894736842104,8,2.2897,2.08486,1.34158,0.440652,5.0,3,4407530.0,14.0,11.0,Vicente Moreno,José Bordalás,Alejandro Hernández Hernández,4-3-3 Attacking,4-2-3-1,331.0,3709.0,69600000.0,28.796465683529338,182.8181818181818,55.0,44400000.0,28.731255055690372,182.54545454545453,144.0
1796,Rayo Vallecano,Real Sociedad,17:30,10,8,5,4,4,4,16,9,3,2,0,0,A,D,2,2,2025-03-16,1.6827,0.905535,0.905535,0.368676,12.0,4,0.9426,0.536859,0.536859,-0.368676,6.115384615384615,3,4407526.0,9.0,12.0,Iñigo Pérez,Imanol Alguacil,Alejandro Muñiz Ruiz,4-2-3-1,4-1-4-1,367.0,681.0,37600000.0,31.024080642150455,181.0,88.0,206700000.0,25.209134465807974,179.36363636363637,125.0
1797,Atletico Madrid,Barcelona,20:00,7,13,2,6,6,6,10,11,1,3,0,0,H,A,2,4,2025-03-16,2.1636,2.16215,2.16215,1.0678,5.333333333333333,11,0.6201,1.09435,1.09435,-1.0678,17.266666666666666,5,4407524.0,3.0,1.0,Diego Simeone,Hansi Flick,De Burgos Bengoetxea,4-4-2,4-2-3-1,13.0,131.0,348000000.0,28.244913197685268,180.1818181818182,485.0,473500000.0,26.163648808412667,180.45454545454547,486.0
1798,Barcelona,Osasuna,20:00,19,4,5,0,8,4,7,14,1,3,0,0,H,H,3,0,2025-03-27,0.0110999999999999,0.53356,0.53356,-3.36023,12.363636363636363,1,2.9814,4.63707,3.89379,3.36023,7.0,14,4407785.0,1.0,14.0,Hansi Flick,Vicente Moreno,Mateo Busquets Ferrer,4-3-3 Attacking,4-4-2,131.0,331.0,566000000.0,25.57650426233588,180.45454545454547,437.0,55000000.0,27.11915873312177,184.0909090909091,19.0
1799,Real Sociedad,Real Valladolid,13:00,12,12,2,5,3,6,20,10,2,3,0,0,H,H,2,1,2025-03-29,1.3466,1.29525,1.29525,-0.0328599999999998,17.0,5,1.3586,1.32811,1.32811,0.0328599999999998,5.971428571428572,12,4407559.0,10.0,20.0,Imanol Alguacil,Álvaro Rubio,Adrián Cordero Vega,4-1-4-1,4-2-3-1,681.0,366.0,185200000.0,26.7291394437185,179.0909090909091,200.0,11700000.0,25.262647003920105,181.0909090909091,59.0
1800,Espanyol,Atletico Madrid,15:15,8,13,1,2,4,3,12,14,2,1,0,0,A,D,1,1,2025-03-29,1.2801,0.994468,0.994468,0.752702,11.35,5,1.3458,0.985043,0.241766,-0.752702,14.75,0,4407561.0,16.0,3.0,Manolo González,Diego Simeone,Javier Alberola Rojas,4-2-3-1,4-4-2,714.0,13.0,50500000.0,25.227801630265695,183.72727272727272,88.0,281500000.0,28.53960550059113,182.45454545454547,437.0
1801,Alaves,Rayo Vallecano,17:30,12,11,4,5,8,5,14,12,3,5,0,0,A,A,0,2,2025-03-29,0.5809,0.681703,0.681703,-0.175659,9.055555555555555,1,2.1871,1.60064,0.857362,0.175659,6.407407407407407,4,4407560.0,17.0,8.0,Eduardo Coudet,Iñigo Pérez,José Luis Munuera Montero,4-2-3-1,4-2-3-1,1108.0,367.0,49000000.0,27.242610914068823,181.45454545454547,28.0,35300000.0,29.61707423309066,180.72727272727272,94.0
1802,Real Madrid,Leganes,20:00,24,10,10,4,8,3,9,13,1,4,0,0,A,H,3,2,2025-03-29,0.595,2.38359,2.38359,-0.4657,30.3,6,2.2132,3.59257,2.84929,0.4657,7.705882352941177,18,4407563.0,2.0,18.0,Carlo Ancelotti,Borja Jiménez,Pablo González Fuertes,4-2-3-1,4-2-3-1,418.0,1244.0,590000000.0,26.85308941571775,179.27272727272728,528.0,27200000.0,28.870387654781904,182.9090909090909,166.0
1803,Valencia,Mallorca,17:30,8,8,2,2,4,5,16,15,5,5,0,0,D,H,1,0,2025-03-30,1.1675,0.657805,0.657805,-0.073739,6.161290322580645,1,1.4246,0.731544,0.731544,0.073739,9.333333333333334,1,4407562.0,15.0,9.0,Carlos Corberán,Jagoba Arrasate,Francisco José Hernández Maeso,4-2-3-1,5-3-2,1049.0,237.0,140500000.0,25.751228921660132,184.0909090909091,138.0,43500000.0,28.059983821790805,182.63636363636363,72.0
1804,Real Betis,Sevilla,20:00,11,6,3,2,2,2,10,22,4,4,0,0,H,H,2,1,2025-03-30,1.3087999999999995,0.867589,0.867589,-0.0266139999999999,8.382352941176471,4,1.3493,0.894203,0.894203,0.0266139999999999,8.892857142857142,7,4407556.0,6.0,11.0,Manuel Pellegrini,Xavier García Pimienta,Mateo Busquets Ferrer,4-2-3-1,4-3-3 Attacking,150.0,368.0,124600000.0,29.51627154501898,180.72727272727272,287.0,139900000.0,26.5414722170369,184.72727272727272,265.0
1805,Athletic Club,Osasuna,17:30,11,5,5,2,3,4,12,12,1,1,0,0,D,D,0,0,2025-03-30,1.1229,0.564979,0.564979,-0.194484,18.73333333333333,2,1.473,0.759463,0.759463,0.194484,6.310344827586207,10,4407554.0,4.0,14.0,Ernesto Valverde,Vicente Moreno,Guillermo Cuadra Fernández,4-2-3-1,5-4-1,621.0,331.0,171100000.0,28.195134092464688,182.9090909090909,129.0,75700000.0,28.05002800074669,184.8181818181818,69.0
1806,Barcelona,Girona,15:15,21,4,9,2,10,2,8,11,0,1,0,0,H,H,4,1,2025-03-30,0.1659999999999999,0.490847,0.490847,-2.262483,12.083333333333334,2,2.7445000000000004,2.75333,2.75333,2.262483,7.12,12,4407555.0,1.0,13.0,Hansi Flick,Míchel,Juan Luis Pulido Santana,4-2-3-1,3-4-3,131.0,12321.0,461000000.0,26.160662062099433,182.1818181818182,465.0,112000000.0,26.84114243046481,181.63636363636363,314.0
1807,Getafe,Villarreal,13:00,11,9,4,3,3,1,16,21,1,4,0,0,A,A,1,2,2025-03-30,1.7322,1.38471,1.38471,0.4446250000000001,6.333333333333333,9,0.9714,0.940085,0.940085,-0.4446250000000001,7.407407407407407,4,4407558.0,12.0,5.0,José Bordalás,Marcelino,Isidro Díaz de Mera Escuderos,4-1-4-1,4-4-2,3709.0,1050.0,37100000.0,29.455541036649866,181.54545454545453,143.0,95500000.0,26.003857880654596,185.63636363636363,117.0
1808,Celta Vigo,Las Palmas,20:00,19,4,7,2,4,2,17,5,3,0,0,0,H,D,1,1,2025-03-31,0.8523000000000001,0.52734,0.52734,-0.54929,44.625,2,1.7913,1.07663,1.07663,0.54929,8.413793103448276,10,4407557.0,7.0,19.0,Claudio Giráldez,Diego Martínez,Juan Martínez Munuera,5-4-1,5-3-2,940.0,472.0,28200000.0,27.63213241241989,181.0909090909091,74.0,86300000.0,26.5330097691494,182.0,161.0
1809,Rayo Vallecano,Espanyol,20:00,16,15,5,7,8,4,8,10,2,2,0,0,A,A,0,4,2025-04-04,2.877,3.48741,2.74413,2.242877,16.941176470588236,8,0.0791999999999999,0.501253,0.501253,-2.242877,7.2,7,4407553.0,10.0,16.0,Iñigo Pérez,Manolo González,Alejandro Hernández Hernández,4-2-3-1,4-2-3-1,367.0,714.0,39800000.0,29.800261340302406,180.45454545454547,101.0,48500000.0,25.296745690996204,183.45454545454547,40.0
1810,Girona,Alaves,13:00,11,14,6,3,1,5,9,16,1,4,0,0,D,A,0,1,2025-04-05,0.6632,0.805674,0.805674,-0.927386,8.416666666666666,4,2.1002,1.73306,1.73306,0.927386,10.5,7,4407552.0,15.0,17.0,Míchel,Eduardo Coudet,Alejandro Muñiz Ruiz,4-2-3-1,4-2-3-1,12321.0,1108.0,91200000.0,27.64855951714268,183.1818181818182,241.0,52000000.0,26.971812581668846,182.1818181818182,34.0
1811,Real Madrid,Valencia,15:15,21,10,9,2,9,4,10,13,0,4,0,0,A,A,1,2,2025-04-05,0.225,1.08997,1.08997,-1.5279699999999998,18.61111111111111,5,2.6790000000000003,3.36121,2.61794,1.5279699999999998,5.266666666666667,15,4407545.0,2.0,14.0,Carlo Ancelotti,Carlos Corberán,Guillermo Cuadra Fernández,4-4-2,5-4-1,418.0,1049.0,860000000.0,27.38224130421256,180.45454545454547,622.0,145000000.0,24.1704934353805,185.9090909090909,167.0
1812,Mallorca,Celta Vigo,17:30,7,10,2,4,4,2,9,11,3,0,0,0,H,A,1,2,2025-04-05,1.7571,1.12056,1.12056,0.4505519999999999,11.0,3,0.9213,0.670008,0.670008,-0.4505519999999999,15.95,1,4407550.0,9.0,7.0,Jagoba Arrasate,Claudio Giráldez,De Burgos Bengoetxea,4-2-3-1,5-4-1,237.0,940.0,37700000.0,30.092464687947235,183.1818181818182,203.0,37700000.0,28.21255677929189,179.1818181818182,82.0
1813,Barcelona,Real Betis,20:00,13,6,5,2,9,3,16,12,2,1,0,0,D,D,1,1,2025-04-05,0.3483,0.249939,0.249939,-1.218501,41.2,2,2.4378,1.46844,1.46844,1.218501,4.709677419354839,12,4407544.0,1.0,6.0,Hansi Flick,Manuel Pellegrini,Jesús Gil Manzano,4-2-3-1,4-2-3-1,131.0,150.0,596000000.0,25.225561570530772,182.1818181818182,552.0,132600000.0,28.139381494617634,180.72727272727272,142.0
1814,Las Palmas,Real Sociedad,13:00,13,13,5,8,5,4,7,10,0,2,0,0,A,A,1,3,2025-04-06,2.1299,2.81501,2.81501,1.06114,16.583333333333332,9,0.6674,1.75387,1.75387,-1.06114,7.714285714285714,10,4407546.0,19.0,8.0,Diego Martínez,Imanol Alguacil,Miguel Ángel Ortiz Arias,4-4-2 double 6,4-1-4-1,472.0,681.0,80000000.0,25.424180200360897,181.0909090909091,106.0,172200000.0,25.746499906664177,179.36363636363637,114.0
1815,Sevilla,Atletico Madrid,15:15,11,13,6,5,7,7,14,12,1,4,0,0,D,A,1,2,2025-04-06,1.7698000000000005,1.23653,0.493255,-0.325437,11.173913043478262,6,0.9022,0.818692,0.818692,0.325437,13.125,4,4407549.0,12.0,3.0,Xavier García Pimienta,Diego Simeone,César Soto Grado,4-3-3 Attacking,4-4-2,368.0,13.0,131900000.0,26.250264451496488,185.0,254.0,344500000.0,28.33949349760438,180.0,475.0
1816,Real Valladolid,Getafe,17:30,5,16,0,9,3,4,11,17,3,1,1,0,A,A,0,4,2025-04-06,2.8471,2.80288,2.80288,2.501886,12.416666666666666,7,0.0922,0.300994,0.300994,-2.501886,12.38888888888889,0,4407551.0,20.0,11.0,Álvaro Rubio,José Bordalás,Alejandro Quintero González,4-4-2,4-2-3-1,366.0,3709.0,15800000.0,25.524733992906476,182.63636363636363,57.0,43800000.0,29.05208138883704,182.27272727272728,65.0
1817,Villarreal,Athletic Club,20:00,12,11,4,2,6,5,9,13,0,1,1,0,D,D,0,0,2025-04-06,0.8865999999999999,0.998653,0.998653,-0.596257,13.25,8,1.8301,1.59491,1.59491,0.596257,10.045454545454543,7,4407548.0,5.0,4.0,Marcelino,Ernesto Valverde,Mario Melero López,4-4-2,4-2-3-1,1050.0,621.0,109900000.0,27.625412233215105,184.45454545454547,138.0,218600000.0,26.532760873623296,182.63636363636363,137.0
1818,Leganes,Osasuna,20:00,13,14,7,6,4,8,18,14,3,3,0,0,D,D,1,1,2025-04-07,1.2519,2.07408,2.07408,0.59402,14.1875,6,1.4955,2.22334,1.48006,-0.59402,9.2,6,4407547.0,18.0,13.0,Borja Jiménez,Vicente Moreno,Víctor García Verdura,5-4-1,5-4-1,1244.0,331.0,25200000.0,28.6565863978595,183.27272727272728,189.0,78000000.0,27.881774625101116,185.72727272727272,66.0
1819,Valencia,Sevilla,20:00,8,12,6,5,3,3,10,18,3,2,0,0,H,H,1,0,2025-04-11,0.8708,0.910522,0.910522,-0.5158179999999999,9.56,7,1.8449,1.42634,1.42634,0.5158179999999999,12.055555555555555,7,4407632.0,13.0,14.0,Carlos Corberán,Xavier García Pimienta,José María Sánchez Martínez,4-2-3-1,4-2-3-1,1049.0,368.0,140500000.0,25.784083131105717,184.0909090909091,138.0,130400000.0,26.4478874992222,185.0909090909091,249.0
1820,Celta Vigo,Espanyol,17:30,16,5,6,3,13,5,14,10,2,2,0,0,A,A,0,2,2025-04-12,1.3281999999999998,0.780846,0.780846,-0.04352,24.727272727272727,3,1.3147,0.824366,0.824366,0.04352,7.892857142857143,8,4407633.0,7.0,15.0,Claudio Giráldez,Manolo González,Mateo Busquets Ferrer,5-4-1,4-3-3 Attacking,940.0,714.0,38700000.0,28.148590629083444,178.72727272727272,59.0,48500000.0,25.31864849729326,183.45454545454547,40.0
1821,Leganes,Barcelona,20:00,6,12,1,3,4,8,10,4,2,1,0,0,D,A,0,1,2025-04-12,1.8188,1.10105,1.10105,0.5022500000000001,9.526315789473683,8,0.8533999999999999,0.5988,0.5988,-0.5022500000000001,15.789473684210526,5,4407629.0,19.0,1.0,Borja Jiménez,Hansi Flick,Francisco José Hernández Maeso,4-5-1 flat,4-2-3-1,1244.0,131.0,18800000.0,27.523116171986807,181.1818181818182,158.0,501000000.0,26.74183311554975,181.63636363636363,478.0
1822,Real Sociedad,Mallorca,13:00,15,7,4,3,8,2,11,12,3,1,0,0,A,A,0,2,2025-04-12,1.5029,0.801126,0.801126,0.1843439999999999,22.846153846153847,4,1.1264,0.616782,0.616782,-0.1843439999999999,4.935483870967742,3,4407631.0,9.0,8.0,Imanol Alguacil,Jagoba Arrasate,José Luis Munuera Montero,4-2-3-1,5-3-2,681.0,237.0,186500000.0,25.102109389583724,180.1818181818182,174.0,49600000.0,29.749735548503512,184.36363636363637,158.0
1823,Getafe,Las Palmas,15:15,11,10,6,5,3,2,14,15,0,2,1,0,H,A,1,3,2025-04-12,1.2578,1.54225,1.54225,-0.0755800000000002,8.166666666666666,11,1.4324,1.61783,1.61783,0.0755800000000002,11.2,5,4407627.0,11.0,18.0,José Bordalás,Diego Martínez,Javier Alberola Rojas,4-2-3-1,4-4-2 double 6,3709.0,472.0,43800000.0,29.06850849355983,182.27272727272728,65.0,64200000.0,26.358036214299048,181.8181818181818,93.0
1824,Athletic Club,Rayo Vallecano,20:00,13,11,4,3,7,1,12,7,4,3,0,0,A,H,3,1,2025-04-13,1.2447,1.81883,0.99063,-0.24263,12.473684210526317,6,1.476,1.97654,1.23326,0.24263,7.925925925925926,9,4407624.0,4.0,10.0,Ernesto Valverde,Iñigo Pérez,Adrián Cordero Vega,4-2-3-1,4-3-3 Attacking,621.0,367.0,141800000.0,25.596664799950222,181.27272727272728,83.0,38500000.0,30.44166511106963,180.54545454545453,88.0
1825,Real Betis,Villarreal,17:30,24,8,5,2,5,5,4,13,0,4,0,0,D,A,1,2,2025-04-13,0.8954,1.32607,1.32607,-0.7143899999999999,12.428571428571429,4,1.8614,2.04046,2.04046,0.7143899999999999,11.142857142857142,15,4407626.0,6.0,5.0,Manuel Pellegrini,Marcelino,Juan Luis Pulido Santana,4-2-3-1,4-4-2,150.0,1050.0,127100000.0,28.816128430091467,180.1818181818182,127.0,94400000.0,27.788438802812518,184.36363636363637,87.0
1826,Alaves,Real Madrid,15:15,13,11,6,4,4,4,21,12,4,4,1,1,A,A,0,1,2025-04-13,1.9654000000000005,1.26541,1.26541,0.6576289999999999,14.333333333333334,3,0.7435,0.607781,0.607781,-0.6576289999999999,5.7317073170731705,4,4407628.0,17.0,2.0,Eduardo Coudet,Carlo Ancelotti,César Soto Grado,4-2-3-1,4-3-3 Attacking,1108.0,418.0,47000000.0,26.749548876858935,182.0,65.0,709000000.0,26.518822724161534,181.54545454545453,507.0
1827,Osasuna,Girona,13:00,13,18,6,8,4,4,17,15,2,0,0,0,H,H,2,1,2025-04-13,0.3911,0.57428,0.57428,-1.1141800000000002,6.55,7,2.4074,1.68846,1.68846,1.1141800000000002,16.8,4,4407630.0,12.0,16.0,Vicente Moreno,Míchel,Pablo González Fuertes,5-4-1,4-2-3-1,331.0,12321.0,78000000.0,27.898201729823906,185.72727272727272,66.0,86700000.0,29.284798705743263,182.72727272727272,288.0
1828,Atletico Madrid,Real Valladolid,20:00,24,6,9,3,5,1,11,8,1,1,0,0,H,H,4,2,2025-04-14,0.1311,1.38016,0.636887,-1.939473,32.666666666666664,1,2.8014,4.06291,2.57636,1.939473,12.20689655172414,11,4407625.0,3.0,20.0,Diego Simeone,Álvaro Rubio,Isidro Díaz de Mera Escuderos,4-4-2,4-1-4-1,13.0,366.0,317000000.0,28.618256486839652,179.36363636363637,515.0,16300000.0,28.657830875490014,181.45454545454547,135.0
1829,Espanyol,Getafe,20:00,9,9,3,4,6,8,12,15,0,2,0,1,H,H,1,0,2025-04-18,1.7191999999999998,0.736613,0.736613,0.369345,11.545454545454543,4,0.8768,0.367268,0.367268,-0.369345,3.809523809523809,3,4407636.0,13.0,12.0,Manolo González,José Bordalás,De Burgos Bengoetxea,4-2-3-1,4-2-3-1,714.0,3709.0,40500000.0,25.05656150830689,183.27272727272728,39.0,45100000.0,27.503453425424677,184.63636363636363,148.0
1830,Rayo Vallecano,Valencia,13:00,11,10,4,3,5,2,18,13,3,1,0,0,H,D,1,1,2025-04-19,2.4743,2.06284,2.06284,1.340523,10.954545454545457,3,0.3536,0.722317,0.722317,-1.340523,6.7,5,4407635.0,10.0,14.0,Iñigo Pérez,Carlos Corberán,Alejandro Quintero González,4-2-3-1,4-4-2 double 6,367.0,1049.0,42000000.0,29.428162528778547,181.0909090909091,99.0,151500000.0,25.554352560512722,182.8181818181818,127.0
1831,Barcelona,Celta Vigo,15:15,18,11,6,8,4,1,10,13,2,2,0,0,D,H,4,3,2025-04-19,1.3607,2.50499,2.50499,0.6823999999999999,14.695652173913045,2,1.4045,2.56587,1.82259,-0.6823999999999999,6.703703703703703,16,4407634.0,1.0,8.0,Hansi Flick,Claudio Giráldez,Mario Melero López,4-3-3 Attacking,4-1-4-1,131.0,940.0,361000000.0,27.19656524173978,181.8181818181818,533.0,31900000.0,26.319208512226997,180.54545454545453,48.0
1832,Mallorca,Leganes,17:30,11,15,1,1,4,4,17,15,2,1,0,0,D,D,0,0,2025-04-19,1.2106,0.951824,0.951824,-0.1173859999999999,8.185185185185185,8,1.4794,1.06921,1.06921,0.1173859999999999,7.333333333333333,4,4407643.0,7.0,19.0,Jagoba Arrasate,Borja Jiménez,Alejandro Muñiz Ruiz,5-3-2,4-2-3-1,237.0,1244.0,48300000.0,30.1663866591998,184.54545454545453,158.0,18800000.0,27.270487212992347,182.0,167.0
1833,Las Palmas,Atletico Madrid,20:00,8,7,2,2,4,4,13,13,3,1,0,0,D,H,1,0,2025-04-19,1.2562000000000002,0.757145,0.757145,-0.011292,11.31578947368421,3,1.3417,0.768437,0.768437,0.011292,14.24,4,4407638.0,17.0,3.0,Diego Martínez,Diego Simeone,Víctor García Verdura,4-4-2,4-4-2,472.0,13.0,87700000.0,25.6292701138697,181.54545454545453,100.0,354000000.0,28.076162030987494,181.1818181818182,459.0
1834,Real Madrid,Athletic Club,20:00,22,3,7,1,14,1,7,15,1,2,0,0,D,H,1,0,2025-04-20,0.0837,0.132511,0.132511,-2.274159,22.4375,1,2.8554000000000004,2.40667,2.40667,2.274159,6.105263157894737,7,4407637.0,2.0,4.0,Carlo Ancelotti,Ernesto Valverde,Juan Martínez Munuera,4-3-1-2,4-2-3-1,418.0,621.0,833000000.0,27.34938709476697,183.0,674.0,127000000.0,26.79982577313173,182.72727272727272,66.0
1835,Sevilla,Alaves,17:30,10,11,2,3,3,6,10,11,2,2,0,0,D,D,1,1,2025-04-20,0.9204,1.30312,1.30312,-0.59301,8.454545454545455,5,1.8219,1.89613,1.89613,0.59301,10.272727272727272,2,4407642.0,15.0,18.0,Joaquín Caparrós,Eduardo Coudet,Miguel Ángel Ortiz Arias,4-2-3-1,4-2-3-1,368.0,1108.0,111650000.0,26.476261589197932,183.0909090909091,216.0,36800000.0,28.692925144670525,182.45454545454547,23.0
1836,Real Valladolid,Osasuna,13:00,12,11,5,6,5,2,12,17,2,0,0,0,A,A,2,3,2025-04-20,2.1125000000000003,2.36202,1.61874,0.907467,10.774193548387096,3,0.6580999999999999,1.45455,0.711273,-0.907467,15.77777777777778,3,4407640.0,20.0,11.0,Álvaro Rubio,Vicente Moreno,Jesús Gil Manzano,4-1-4-1,5-4-1,366.0,331.0,16200000.0,27.320017422686828,182.1818181818182,146.0,78000000.0,27.917366685333832,185.72727272727272,66.0
1837,Villarreal,Real Sociedad,15:15,20,4,5,4,10,4,12,12,5,1,0,0,D,D,2,2,2025-04-20,1.5707,2.29777,1.5545,-0.5904799999999999,16.3125,1,1.1849,2.14498,2.14498,0.5904799999999999,16.0,7,4407641.0,5.0,9.0,Marcelino,Imanol Alguacil,Guillermo Cuadra Fernández,4-4-2,4-1-4-1,1050.0,681.0,93400000.0,28.012693671831247,183.63636363636363,87.0,155500000.0,25.924211312301665,179.72727272727272,217.0
1838,Girona,Real Betis,20:00,11,17,5,9,8,9,13,11,3,2,0,0,A,A,1,3,2025-04-21,2.1892,2.28252,2.28252,1.17926,24.692307692307693,5,0.6091,1.10326,1.10326,-1.17926,11.055555555555555,2,4407639.0,16.0,6.0,Míchel,Manuel Pellegrini,Alejandro Hernández Hernández,4-3-3 Attacking,4-2-3-1,12321.0,150.0,108000000.0,27.282434198245287,181.27272727272728,304.0,134100000.0,28.515462634559142,179.63636363636363,151.0
1839,Valencia,Espanyol,18:00,16,8,7,3,6,4,7,7,2,1,0,0,A,D,1,1,2025-04-22,0.6396999999999999,0.344156,0.344156,-0.734814,18.473684210526315,1,2.0386,1.07897,1.07897,0.734814,11.0,8,4407623.0,14.0,12.0,Carlos Corberán,Manolo González,Juan Luis Pulido Santana,4-2-3-1,4-2-3-1,1049.0,714.0,151500000.0,25.56256611287412,182.8181818181818,127.0,48500000.0,25.456785514280384,183.0,40.0
1840,Barcelona,Mallorca,20:30,40,4,13,0,13,2,10,7,0,1,0,0,D,H,1,0,2025-04-22,0.0608999999999999,0.326579,0.326579,-3.107991,17.9,0,2.898,3.43457,3.43457,3.107991,3.1515151515151514,22,4407616.0,1.0,9.0,Hansi Flick,Jagoba Arrasate,Miguel Ángel Ortiz Arias,4-2-3-1,5-4-1,131.0,237.0,496000000.0,24.86814759504698,182.0,358.0,44500000.0,28.818119594300295,184.0,169.0
1841,Getafe,Real Madrid,20:30,20,14,6,7,4,4,15,7,3,1,0,0,A,A,0,1,2025-04-23,0.8271000000000001,1.74803,1.74803,-0.78762,10.357142857142858,5,1.9503,2.53565,2.53565,0.78762,13.115384615384617,5,4407619.0,13.0,2.0,José Bordalás,Carlo Ancelotti,José María Sánchez Martínez,5-4-1,4-4-2 double 6,3709.0,418.0,42900000.0,29.239997511044738,182.45454545454547,188.0,564000000.0,26.26196254122332,179.0909090909091,461.0
1842,Alaves,Real Sociedad,20:30,10,6,1,0,6,6,17,17,4,5,0,0,D,H,1,0,2025-04-23,0.9264,0.472083,0.472083,-0.343396,6.941176470588236,2,1.6892999999999998,0.815479,0.815479,0.343396,6.534883720930233,2,4407621.0,17.0,10.0,Eduardo Coudet,Imanol Alguacil,Mateo Busquets Ferrer,4-2-3-1,4-1-4-1,1108.0,681.0,45500000.0,27.40563748366623,182.0909090909091,28.0,217500000.0,24.731255055690372,180.8181818181818,179.0
1843,Celta Vigo,Villarreal,18:00,21,4,9,1,6,3,16,10,2,1,0,1,H,H,3,0,2025-04-23,0.0754,0.5946,0.5946,-1.85891,18.466666666666665,1,2.8774,3.19678,2.45351,1.85891,9.88,12,4407618.0,7.0,5.0,Claudio Giráldez,Marcelino,Javier Alberola Rojas,5-4-1,4-4-2,940.0,1050.0,26900000.0,26.64551054694792,182.0,28.0,67900000.0,27.29288781034161,184.72727272727272,172.0
1844,Athletic Club,Las Palmas,18:00,13,10,4,2,3,3,13,9,1,3,0,0,H,H,1,0,2025-04-23,0.3094,1.01774,1.01774,-1.6203099999999997,12.789473684210526,3,2.539,2.63805,2.63805,1.6203099999999997,11.24,9,4407614.0,4.0,18.0,Ernesto Valverde,Diego Martínez,Isidro Díaz de Mera Escuderos,4-2-3-1,4-2-3-1,621.0,472.0,167100000.0,28.924149088420133,182.9090909090909,109.0,68200000.0,25.793292265571527,180.54545454545453,106.0
1845,Leganes,Girona,18:00,7,8,1,3,4,5,16,18,4,2,1,0,D,D,1,1,2025-04-24,1.7521999999999998,0.764098,0.764098,0.433289,7.705882352941177,3,0.8315,0.330809,0.330809,-0.433289,15.6,2,4407622.0,19.0,16.0,Borja Jiménez,Míchel,José Luis Munuera Montero,5-4-1,5-4-1,1244.0,12321.0,21800000.0,27.389957065521745,181.72727272727272,157.0,89300000.0,30.056125941136205,181.63636363636363,329.0
1846,Osasuna,Sevilla,18:00,9,12,2,3,4,4,14,13,4,2,0,1,H,H,1,0,2025-04-24,1.8621,0.934425,0.934425,0.5607139999999999,24.5,7,0.7769999999999999,0.373711,0.373711,-0.5607139999999999,11.058823529411764,1,4407620.0,8.0,15.0,Vicente Moreno,Joaquín Caparrós,Adrián Cordero Vega,5-4-1,4-2-3-1,331.0,368.0,73000000.0,27.89596167008898,185.45454545454547,65.0,113200000.0,25.997635492502024,185.0,211.0
1847,Atletico Madrid,Rayo Vallecano,20:30,10,12,5,5,6,3,8,15,0,2,0,0,H,H,3,0,2025-04-24,0.2317,1.13186,1.13186,-2.21343,8.862068965517242,10,2.6728,3.34529,3.34529,2.21343,19.764705882352946,9,4407615.0,3.0,11.0,Diego Simeone,Iñigo Pérez,Pablo González Fuertes,4-4-2,4-2-3-1,13.0,367.0,359000000.0,27.83722232592869,181.63636363636363,391.0,40200000.0,30.12805674817995,178.9090909090909,100.0
1848,Real Betis,Real Valladolid,20:30,16,10,6,5,4,4,7,7,1,0,0,0,D,H,5,1,2025-04-24,0.4104,0.839722,0.839722,-1.427298,16.68421052631579,2,2.4078,2.26702,2.26702,1.427298,6.185185185185185,14,4407617.0,6.0,20.0,Manuel Pellegrini,Álvaro Rubio,Francisco José Hernández Maeso,4-2-3-1,4-1-4-1,150.0,366.0,129600000.0,28.90498413291021,180.9090909090909,277.0,15700000.0,26.199987555223696,181.72727272727272,77.0
1849,Villarreal,Espanyol,15:15,14,12,5,1,8,6,19,11,4,0,0,0,D,H,1,0,2025-04-27,1.5124999999999995,1.53522,1.53522,0.1810899999999999,18.0,3,1.2125,1.35413,1.35413,-0.1810899999999999,10.576923076923077,11,4407743.0,5.0,15.0,Marcelino,Manolo González,José Luis Munuera Montero,4-4-2,4-2-3-1,1050.0,714.0,100400000.0,27.90541970008089,184.27272727272728,138.0,53500000.0,25.485408499782217,184.36363636363637,84.0
1850,Rayo Vallecano,Getafe,20:00,13,12,8,1,7,3,12,13,3,2,0,1,H,H,1,0,2025-05-02,0.9714,0.8041,0.8041,-0.4120999999999999,8.23076923076923,7,1.7187,1.2162,1.2162,0.4120999999999999,5.625,4,4407611.0,9.0,13.0,Iñigo Pérez,José Bordalás,Víctor García Verdura,4-2-3-1,4-4-2,367.0,3709.0,28200000.0,31.202289838840148,177.0909090909091,63.0,48800000.0,28.597349262647004,182.36363636363637,190.0
1851,Alaves,Atletico Madrid,13:00,8,9,2,2,3,5,18,13,3,2,0,0,D,D,0,0,2025-05-03,0.7977000000000001,0.391409,0.391409,-0.516739,4.523809523809524,1,1.833,0.908148,0.908148,0.516739,8.588235294117647,5,4407606.0,17.0,3.0,Eduardo Coudet,Diego Simeone,Juan Martínez Munuera,4-2-3-1,4-4-2,1108.0,13.0,47000000.0,27.550245784332027,181.27272727272728,27.0,372000000.0,28.289963287909902,179.9090909090909,458.0
1852,Villarreal,Osasuna,15:15,15,11,5,4,2,8,10,18,4,1,0,0,H,H,4,2,2025-05-03,0.7635,1.41412,0.670841,-1.6295689999999998,9.923076923076923,7,2.0073,2.30041,2.30041,1.6295689999999998,18.23076923076923,11,4407612.0,5.0,8.0,Marcelino,Vicente Moreno,Alejandro Quintero González,4-4-2,5-4-1,1050.0,331.0,83400000.0,28.261589197934168,185.8181818181818,157.0,70800000.0,28.554788127683402,184.45454545454547,68.0
1853,Las Palmas,Valencia,17:30,15,10,3,5,9,5,12,6,1,1,0,0,D,A,2,3,2025-05-03,1.2826,1.6731,1.6731,0.60643,20.5,2,1.4308,1.80995,1.06667,-0.60643,10.695652173913045,7,4407605.0,18.0,12.0,Diego Martínez,Carlos Corberán,De Burgos Bengoetxea,4-2-3-1,4-4-2,472.0,1049.0,60700000.0,26.514591500217783,180.36363636363637,58.0,150000000.0,26.585028934104912,184.0,124.0
1854,Real Valladolid,Barcelona,20:00,5,24,4,7,4,8,12,15,3,2,0,0,H,A,1,2,2025-05-03,2.3689,2.21168,2.21168,1.466068,2.5357142857142856,13,0.4548999999999999,0.745612,0.745612,-1.466068,22.23076923076923,0,4407609.0,20.0,1.0,Álvaro Rubio,Hansi Flick,Alejandro Muñiz Ruiz,4-3-3 Attacking,4-2-3-1,366.0,131.0,15200000.0,27.11691867338685,181.1818181818182,82.0,344500000.0,23.726214921286786,181.36363636363637,241.0
1855,Real Madrid,Celta Vigo,13:00,17,14,6,7,4,6,5,11,2,1,0,0,H,H,3,2,2025-05-04,0.814,2.13071,2.13071,-0.9433699999999998,18.75,13,1.9822,3.07408,3.07408,0.9433699999999998,15.421052631578949,14,4407610.0,2.0,7.0,Carlo Ancelotti,Claudio Giráldez,Jesús Gil Manzano,4-2-3-1,3-4-2-1,418.0,940.0,870000000.0,26.252006720179203,181.0909090909091,465.0,40900000.0,26.63804368116483,180.63636363636363,32.0
1856,Sevilla,Leganes,15:15,25,9,7,3,8,2,17,12,4,5,0,0,D,D,2,2,2025-05-04,0.3406,0.804853,0.804853,-1.5325669999999998,10.0,2,2.4946,2.33742,2.33742,1.5325669999999998,5.068965517241379,8,4407613.0,16.0,19.0,Joaquín Caparrós,Borja Jiménez,Alejandro Hernández Hernández,4-2-3-1,4-4-2,368.0,1244.0,90400000.0,26.46282123078838,183.8181818181818,155.0,20700000.0,29.22730383921349,183.63636363636363,140.0
1857,Espanyol,Real Betis,17:30,11,20,5,10,3,7,16,10,2,0,0,0,H,A,1,2,2025-05-04,1.4923,1.05631,1.05631,0.183143,11.166666666666666,14,1.1917,0.873167,0.873167,-0.183143,15.105263157894736,9,4407607.0,14.0,6.0,Manolo González,Manuel Pellegrini,Guillermo Cuadra Fernández,4-2-3-1,4-2-3-1,714.0,150.0,64000000.0,25.378881214610168,183.45454545454547,40.0,124100000.0,28.930620372098815,182.1818181818182,351.0
1858,Real Sociedad,Athletic Club,20:00,12,3,3,1,7,3,18,13,1,2,0,0,D,D,0,0,2025-05-04,0.6471,0.232928,0.232928,-0.660227,17.7,4,1.9764,0.893155,0.893155,0.660227,5.777777777777778,3,4407608.0,11.0,4.0,Imanol Alguacil,Ernesto Valverde,César Soto Grado,4-1-4-1,4-2-3-1,681.0,621.0,224500000.0,26.567606247277705,180.54545454545453,261.0,164000000.0,27.88799701325369,181.8181818181818,101.0
1859,Girona,Mallorca,20:00,13,9,6,1,5,2,11,14,0,2,0,0,H,H,1,0,2025-05-05,0.3881,0.488126,0.488126,-1.290004,17.666666666666668,5,2.4245,1.77813,1.77813,1.290004,9.806451612903226,6,4407604.0,15.0,10.0,Míchel,Jagoba Arrasate,Mario Melero López,4-3-3 Attacking,5-4-1,12321.0,237.0,75300000.0,30.30875490013067,181.45454545454547,329.0,49600000.0,29.812706116607554,184.36363636363637,158.0
1860,Las Palmas,Rayo Vallecano,20:00,11,16,2,5,8,8,8,9,2,3,0,0,D,A,0,1,2025-05-09,1.59,1.00781,1.00781,0.286368,9.642857142857142,4,1.0719,0.721442,0.721442,-0.286368,9.9,2,4407600.0,19.0,9.0,Diego Martínez,Iñigo Pérez,Francisco José Hernández Maeso,4-4-2 double 6,4-2-3-1,472.0,367.0,60400000.0,25.679547010142493,181.36363636363637,70.0,41400000.0,31.144297181258164,177.0909090909091,84.0
1861,Valencia,Getafe,13:00,10,10,6,3,2,6,17,20,3,5,0,0,H,H,3,0,2025-05-10,0.115,0.590071,0.590071,-0.8973389999999999,6.971428571428572,3,2.8204,2.97396,1.48741,0.8973389999999999,5.095238095238095,7,4407601.0,11.0,13.0,Carlos Corberán,José Bordalás,Adrián Cordero Vega,4-2-3-1,4-4-2,1049.0,3709.0,165500000.0,25.864476386036962,182.8181818181818,127.0,37200000.0,28.067948478626093,183.9090909090909,96.0
1862,Celta Vigo,Sevilla,15:15,8,19,4,10,3,6,11,16,0,2,1,0,D,H,3,2,2025-05-10,2.4907,2.61391,1.87064,0.911109,10.433333333333334,5,0.3598,0.959531,0.959531,-0.911109,19.615384615384617,4,4407597.0,7.0,16.0,Claudio Giráldez,Joaquín Caparrós,Pablo González Fuertes,4-1-4-1,4-4-2 double 6,940.0,368.0,25900000.0,26.669902308506003,183.0909090909091,61.0,89400000.0,26.498662186547197,184.45454545454547,235.0
1863,Girona,Villarreal,17:30,7,14,0,5,5,3,13,10,2,3,0,0,D,A,0,1,2025-05-10,2.7488,2.28245,2.28245,2.002215,30.363636363636363,9,0.1543999999999999,0.280235,0.280235,-2.002215,14.473684210526317,4,4407598.0,15.0,5.0,Míchel,Marcelino,Isidro Díaz de Mera Escuderos,4-3-3 Attacking,4-2-3-1,12321.0,1050.0,75300000.0,30.32244415406633,181.45454545454547,329.0,152500000.0,25.87318772945056,184.0,186.0
1864,Mallorca,Real Valladolid,17:30,12,16,4,7,5,10,16,12,2,1,0,0,D,H,2,1,2025-05-10,2.0943,2.76393,2.76393,1.0075500000000002,18.07692307692308,6,0.6996,1.75638,1.75638,-1.0075500000000002,8.428571428571429,4,4407599.0,8.0,20.0,Jagoba Arrasate,Álvaro Rubio,Juan Luis Pulido Santana,4-2-3-1,4-1-4-1,237.0,366.0,49000000.0,30.74556654844129,183.54545454545453,206.0,17200000.0,25.147408375334454,183.36363636363637,92.0
1865,Atletico Madrid,Real Sociedad,20:00,13,6,7,1,3,3,7,12,0,1,0,0,H,H,4,0,2025-05-10,0.2922,0.298675,0.298675,-1.416605,22.944444444444443,6,2.5302,1.71528,1.71528,1.416605,17.3125,6,4407594.0,3.0,12.0,Diego Simeone,Imanol Alguacil,José María Sánchez Martínez,4-3-3 Attacking,4-1-4-1,13.0,681.0,281000000.0,28.66206209943376,181.63636363636363,472.0,178000000.0,24.76012693671831,180.9090909090909,179.0
1866,Leganes,Espanyol,13:00,13,12,5,6,3,8,14,18,2,2,0,0,H,H,3,2,2025-05-11,1.0386,1.57739,1.57739,-0.4803999999999997,10.263157894736842,6,1.719,2.05779,2.05779,0.4803999999999997,7.416666666666667,5,4407603.0,18.0,14.0,Borja Jiménez,Manolo González,Javier Alberola Rojas,3-4-3,5-4-1,1244.0,714.0,21000000.0,27.25281563063904,181.36363636363637,178.0,54000000.0,26.361271856138387,184.0,83.0
1867,Barcelona,Real Madrid,15:15,23,9,9,5,10,2,17,15,4,3,0,0,H,H,4,3,2025-05-11,0.578,2.5616,1.81832,-2.2880000000000003,12.166666666666666,2,2.2721000000000005,4.10632,4.10632,2.2880000000000003,7.1923076923076925,13,4407595.0,1.0,2.0,Hansi Flick,Carlo Ancelotti,Alejandro Hernández Hernández,4-2-3-1,4-2-3-1,131.0,418.0,471000000.0,25.79851907161969,181.9090909090909,407.0,870000000.0,26.27117167568913,181.0909090909091,465.0
1868,Athletic Club,Alaves,17:30,11,4,3,1,9,2,17,12,1,1,0,0,D,H,1,0,2025-05-11,0.7299,0.642793,0.642793,-0.707697,10.076923076923077,0,1.9533,1.35049,1.35049,0.707697,3.9705882352941178,6,4407602.0,4.0,17.0,Ernesto Valverde,Eduardo Coudet,José Luis Munuera Montero,4-2-3-1,4-1-4-1,621.0,1108.0,75600000.0,27.131105718374712,181.36363636363637,85.0,50000000.0,26.45261651421816,181.72727272727272,34.0
1869,Real Betis,Osasuna,20:00,10,16,5,5,6,7,8,12,3,2,0,0,D,D,1,1,2025-05-11,2.6632,2.2272,2.2272,1.867852,13.36842105263158,3,0.2143,0.359348,0.359348,-1.867852,10.578947368421051,8,4407596.0,6.0,10.0,Manuel Pellegrini,Vicente Moreno,Miguel Ángel Ortiz Arias,4-2-3-1,4-2-3-1,150.0,331.0,103600000.0,28.046543463381248,182.0909090909091,210.0,78500000.0,28.627714516831556,182.36363636363637,64.0
1870,Real Valladolid,Girona,18:00,11,13,4,5,6,4,5,19,0,0,0,0,D,A,0,1,2025-05-13,1.5880999999999998,1.56752,1.56752,0.26058,10.576923076923077,3,1.1263999999999998,1.30694,1.30694,-0.26058,33.888888888888886,5,4407580.0,20.0,13.0,Álvaro Rubio,Míchel,Alejandro Quintero González,5-4-1,4-2-3-1,366.0,12321.0,14050000.0,24.918673386845875,181.1818181818182,156.0,62100000.0,29.985688507249083,181.0909090909091,228.0
1871,Real Sociedad,Celta Vigo,19:00,15,6,5,2,14,1,18,11,3,1,0,0,A,A,0,1,2025-05-13,0.2713,1.29945,1.29945,-2.01379,25.0,3,2.6071,3.31324,3.31324,2.01379,6.714285714285714,3,4407579.0,12.0,7.0,Imanol Alguacil,Claudio Giráldez,Víctor García Verdura,4-2-3-1,5-4-1,681.0,940.0,213500000.0,27.598780411922096,179.0909090909091,198.0,41700000.0,26.589011262522558,180.54545454545453,55.0
1872,Sevilla,Las Palmas,20:30,10,14,3,3,4,2,22,15,6,6,0,0,D,H,1,0,2025-05-13,0.8078,0.399067,0.399067,-0.5321830000000001,10.5625,2,1.8263,0.93125,0.93125,0.5321830000000001,6.783783783783784,7,4407582.0,14.0,19.0,Joaquín Caparrós,Diego Martínez,Juan Martínez Munuera,4-2-3-1,4-4-2,368.0,472.0,112900000.0,26.07678426980275,186.0909090909091,190.0,57300000.0,26.7293883392446,181.1818181818182,69.0
1873,Villarreal,Leganes,18:00,17,23,7,6,3,6,5,11,1,1,0,0,H,H,3,0,2025-05-14,0.6617000000000001,1.19032,1.19032,-1.09853,7.607142857142857,8,2.1338,2.28885,2.28885,1.09853,26.5,11,4407583.0,5.0,18.0,Marcelino,Borja Jiménez,De Burgos Bengoetxea,4-2-3-1,3-4-2-1,1050.0,1244.0,141500000.0,26.858316221765914,183.27272727272728,191.0,21000000.0,27.018604940576196,181.63636363636363,167.0
1874,Real Madrid,Mallorca,20:30,39,4,13,2,26,0,6,15,0,3,0,0,A,H,2,1,2025-05-14,0.0837,0.475193,0.475193,-2.986547,20.5,2,2.8647,3.46174,3.46174,2.986547,9.235294117647058,16,4407581.0,2.0,10.0,Carlo Ancelotti,Jagoba Arrasate,Javier Alberola Rojas,4-4-2,5-3-2,418.0,237.0,591000000.0,25.81021716134653,181.45454545454547,578.0,48400000.0,28.289963287909902,183.9090909090909,185.0
1875,Alaves,Valencia,18:00,11,10,5,3,9,4,16,10,4,3,0,0,D,H,1,0,2025-05-14,0.3075,0.584778,0.584778,-0.7345619999999999,13.416666666666666,2,2.5455,2.06262,1.31934,0.7345619999999999,12.92,5,4407574.0,17.0,11.0,Eduardo Coudet,Carlos Corberán,Jesús Gil Manzano,4-1-4-1,4-4-2 double 6,1108.0,1049.0,47000000.0,27.580362142990477,181.27272727272728,27.0,148500000.0,25.982701760935846,184.9090909090909,108.0
1876,Rayo Vallecano,Real Betis,18:00,20,10,6,3,10,7,8,18,1,3,0,0,H,D,2,2,2025-05-15,1.2363,1.17134,0.428058,-0.8739319999999999,9.041666666666666,3,1.4424,1.30199,1.30199,0.8739319999999999,11.571428571428571,8,4407578.0,8.0,6.0,Iñigo Pérez,Manuel Pellegrini,Pablo González Fuertes,4-2-3-1,4-2-3-1,367.0,150.0,42700000.0,30.52803185862734,178.8181818181818,112.0,131600000.0,29.319644079397673,180.1818181818182,311.0
1877,Osasuna,Atletico Madrid,18:00,9,9,3,5,3,5,12,11,1,1,0,0,H,H,2,0,2025-05-15,1.5503,1.34093,1.34093,0.2662,8.263157894736842,8,1.1429,1.07473,1.07473,-0.2662,12.333333333333334,1,4407577.0,9.0,3.0,Vicente Moreno,Diego Simeone,Mario Melero López,4-2-3-1,4-4-2,331.0,13.0,77700000.0,28.81961296745691,182.1818181818182,63.0,359000000.0,28.66604442785141,181.0,522.0
1878,Espanyol,Barcelona,20:30,9,12,1,4,3,3,8,10,2,2,1,0,D,A,0,2,2025-05-15,0.6825000000000001,0.735877,0.735877,-0.7794329999999999,4.76,10,2.0679,1.51531,1.51531,0.7794329999999999,23.4375,4,4407575.0,16.0,1.0,Manolo González,Hansi Flick,César Soto Grado,4-2-3-1,4-2-3-1,714.0,131.0,64000000.0,25.40899757326862,183.45454545454547,40.0,531000000.0,27.127870076535373,183.45454545454547,592.0
1879,Getafe,Athletic Club,20:30,11,9,1,2,2,5,10,7,1,0,0,0,D,A,0,2,2025-05-15,1.8794,1.33336,1.33336,0.5995400000000001,8.333333333333334,5,0.8197999999999999,0.73382,0.73382,-0.5995400000000001,12.782608695652174,5,4407576.0,15.0,4.0,José Bordalás,Ernesto Valverde,Guillermo Cuadra Fernández,4-4-2,3-4-2-1,3709.0,621.0,56500000.0,27.290398855080582,185.27272727272728,61.0,110600000.0,27.865845311430522,183.36363636363637,79.0
1880,Real Valladolid,Alaves,18:00,7,14,1,4,5,9,12,24,0,2,0,0,A,A,0,1,2025-05-18,1.6885,1.22692,0.48364,-0.406813,4.390243902439025,4,0.9817,0.890453,0.890453,0.406813,10.4375,4,4407591.0,20.0,14.0,Álvaro Rubio,Eduardo Coudet,Isidro Díaz de Mera Escuderos,3-4-3,4-1-3-2,366.0,1108.0,16050000.0,24.040321075228675,182.72727272727272,121.0,47000000.0,27.59131354613901,181.27272727272728,27.0
1881,Atletico Madrid,Real Betis,18:00,20,12,11,7,7,4,12,9,1,1,0,0,H,H,4,1,2025-05-18,0.0326,0.821908,0.821908,-4.120852,15.15,7,2.9495,4.94276,4.94276,4.120852,14.136363636363637,18,4407584.0,3.0,6.0,Diego Simeone,Manuel Pellegrini,Adrián Cordero Vega,4-4-2,4-2-3-1,13.0,150.0,314000000.0,28.953518760500277,180.72727272727272,436.0,93100000.0,27.582353307199302,182.0,208.0
1882,Barcelona,Villarreal,18:00,24,7,9,3,11,3,14,9,2,0,0,0,H,A,2,3,2025-05-18,1.6946,1.96183,1.96183,0.39283,16.333333333333332,5,1.0637,1.569,1.569,-0.39283,6.862068965517241,16,4407585.0,1.0,5.0,Hansi Flick,Marcelino,José Luis Munuera Montero,4-2-3-1,4-4-2,131.0,1050.0,438000000.0,25.56729512787007,180.36363636363637,400.0,149000000.0,26.783647563935038,183.36363636363637,150.0
1883,Celta Vigo,Rayo Vallecano,18:00,24,7,7,2,9,2,10,17,2,3,0,0,A,A,1,2,2025-05-18,0.4147,0.906857,0.906857,-0.774063,12.181818181818182,0,2.4139,2.4242,1.68092,0.774063,11.2,9,4407586.0,7.0,8.0,Claudio Giráldez,Iñigo Pérez,Juan Luis Pulido Santana,3-4-2-1,4-4-2,940.0,367.0,40900000.0,26.01904050774687,182.36363636363637,53.0,39800000.0,30.89291269989422,177.27272727272728,114.0
1884,Las Palmas,Leganes,18:00,12,11,3,4,9,2,15,12,2,2,0,0,A,A,0,1,2025-05-18,1.8344000000000005,1.06274,1.06274,0.549022,14.28,3,0.8335999999999999,0.513718,0.513718,-0.549022,5.0,1,4407592.0,19.0,18.0,Diego Martínez,Borja Jiménez,José María Sánchez Martínez,4-4-2 double 6,4-4-2 double 6,472.0,1244.0,45900000.0,25.623794412295442,180.27272727272728,94.0,23400000.0,28.056001493373152,182.45454545454547,186.0
1885,Mallorca,Getafe,18:00,7,10,1,4,3,4,14,9,2,2,0,0,D,A,1,2,2025-05-18,2.0398,1.55977,1.55977,0.7506810000000002,12.344827586206897,6,0.6712,0.809089,0.809089,-0.7506810000000002,5.571428571428571,2,4407588.0,10.0,13.0,Jagoba Arrasate,José Bordalás,Alejandro Hernández Hernández,4-2-3-1,4-4-2,237.0,3709.0,47300000.0,30.28486092962479,183.54545454545453,153.0,58800000.0,29.251695600771576,184.9090909090909,102.0
1886,Osasuna,Espanyol,18:00,16,16,3,6,8,6,11,5,1,1,0,0,H,H,2,0,2025-05-18,0.4116,0.572332,0.572332,-1.352688,10.411764705882351,11,2.3937,1.92502,1.92502,1.352688,12.736842105263158,6,4407593.0,9.0,17.0,Vicente Moreno,Manolo González,Francisco José Hernández Maeso,4-2-3-1,4-2-3-1,331.0,714.0,78500000.0,28.64687947234148,182.36363636363637,64.0,64000000.0,25.031423060170493,182.9090909090909,40.0
1887,Sevilla,Real Madrid,18:00,6,16,1,6,1,7,7,9,0,1,2,0,D,A,0,2,2025-05-18,2.5986,1.95992,1.95992,1.475029,8.91304347826087,13,0.2493,0.484891,0.484891,-1.475029,21.444444444444443,1,4407590.0,16.0,2.0,Joaquín Caparrós,Carlo Ancelotti,Mateo Busquets Ferrer,4-4-2 double 6,4-4-2 double 6,368.0,418.0,100900000.0,26.811523862858564,186.45454545454547,263.0,683000000.0,25.446580797710165,181.45454545454547,518.0
1888,Real Sociedad,Girona,18:00,15,9,9,5,9,2,10,9,1,3,0,0,H,H,3,2,2025-05-18,1.2029,1.64512,1.64512,0.5158699999999998,11.608695652173912,2,1.5257,1.87253,1.12925,-0.5158699999999998,10.909090909090908,3,4407589.0,11.0,15.0,Imanol Alguacil,Míchel,Miguel Ángel Ortiz Arias,4-2-3-1,4-2-3-1,681.0,12321.0,208000000.0,27.07460643394935,180.1818181818182,203.0,81200000.0,26.169124509986933,182.63636363636363,338.0
1889,Valencia,Athletic Club,18:00,6,10,2,4,5,3,10,16,3,1,0,0,D,A,0,1,2025-05-18,2.08,1.16214,1.16214,0.773458,11.5625,2,0.616,0.388682,0.388682,-0.773458,13.666666666666666,0,4407587.0,12.0,4.0,Carlos Corberán,Ernesto Valverde,Alejandro Muñiz Ruiz,4-4-2 double 6,4-2-3-1,1049.0,621.0,143000000.0,25.54514342604692,184.9090909090909,154.0,189800000.0,28.06645510546948,182.63636363636363,79.0
1890,Real Betis,Valencia,20:00,14,9,4,2,3,2,8,12,1,2,0,0,H,D,1,1,2025-05-23,0.8968,0.647724,0.647724,-0.505136,11.4,5,1.7851,1.15286,1.15286,0.505136,11.62962962962963,10,4407565.0,6.0,12.0,Manuel Pellegrini,Carlos Corberán,Víctor García Verdura,4-2-3-1,4-2-3-1,150.0,1049.0,128100000.0,28.71383236886317,181.36363636363637,222.0,143000000.0,24.05824155310808,185.8181818181818,147.0
1891,Rayo Vallecano,Mallorca,20:00,27,9,8,2,11,2,9,14,2,2,0,0,D,D,0,0,2025-05-24,0.4684,0.747939,0.747939,-1.3718809999999997,14.61111111111111,5,2.3476,2.11982,2.11982,1.3718809999999997,9.4,11,4407572.0,8.0,10.0,Iñigo Pérez,Jagoba Arrasate,De Burgos Bengoetxea,4-2-3-1,4-4-2,367.0,237.0,42200000.0,30.7888743699832,177.9090909090909,114.0,39300000.0,27.513658141994895,184.0,100.0
1892,Getafe,Celta Vigo,20:00,6,15,1,8,2,6,13,10,3,4,1,0,D,A,1,2,2025-05-24,2.2125,1.30818,1.30818,0.94921,9.1,7,0.522,0.35897,0.35897,-0.94921,23.125,1,4407571.0,13.0,7.0,José Bordalás,Claudio Giráldez,Juan Martínez Munuera,4-2-3-1,5-4-1,3709.0,940.0,50600000.0,29.32785763175907,185.0909090909091,163.0,44700000.0,28.58764233712899,180.1818181818182,71.0
1893,Alaves,Osasuna,20:00,14,19,5,5,5,9,15,6,2,2,0,0,D,D,1,1,2025-05-24,1.5928,1.88098,1.88098,1.049601,9.5,5,1.138,1.57466,0.831379,-1.049601,7.068965517241379,8,4407567.0,15.0,9.0,Eduardo Coudet,Vicente Moreno,Guillermo Cuadra Fernández,4-2-3-1,4-2-3-1,1108.0,331.0,40500000.0,28.46618132039077,181.1818181818182,33.0,78500000.0,28.66330657706428,182.36363636363637,64.0
1894,Leganes,Real Valladolid,17:30,16,6,6,2,3,4,11,16,0,1,0,0,H,H,3,0,2025-05-24,0.3689,0.479375,0.479375,-1.267985,12.714285714285714,1,2.4347,1.74736,1.74736,1.267985,8.586206896551724,8,4407568.0,18.0,20.0,Borja Jiménez,Álvaro Rubio,César Soto Grado,4-2-3-1,4-4-2,1244.0,366.0,22700000.0,27.55995270985004,181.9090909090909,161.0,17400000.0,26.251011138074794,181.54545454545453,108.0
1895,Espanyol,Las Palmas,17:30,8,10,3,4,3,6,12,11,3,2,0,0,D,H,2,0,2025-05-24,0.5265,0.735505,0.735505,-0.242888,13.444444444444445,2,2.2455000000000003,1.72167,0.978393,0.242888,15.571428571428571,2,4407569.0,14.0,19.0,Manolo González,Diego Martínez,Alejandro Muñiz Ruiz,4-2-3-1,4-2-3-1,714.0,472.0,59500000.0,25.9446207454421,182.36363636363637,14.0,33925000.0,25.75546014560388,181.3,69.0
1896,Real Madrid,Real Sociedad,15:15,16,9,8,1,11,4,5,7,0,0,0,0,H,H,2,0,2025-05-24,0.4117,1.18496,1.18496,-0.54718,28.181818181818183,1,2.4199,2.61915,1.73214,0.54718,11.08,11,4407566.0,2.0,11.0,Carlo Ancelotti,Imanol Alguacil,Mario Melero López,4-3-3 Attacking,4-2-3-1,418.0,681.0,551000000.0,27.396677244726526,178.45454545454547,501.0,104800000.0,23.128865658639786,180.0,141.0
1897,Girona,Atletico Madrid,13:00,2,19,1,11,1,8,13,11,0,1,0,0,D,A,0,4,2025-05-25,2.995,3.10637,3.10637,3.0560331,10.545454545454543,25,0.0025,0.0503369,0.0503369,-3.0560331,15.45,4,4407570.0,16.0,3.0,Míchel,Diego Simeone,Jesús Gil Manzano,4-2-3-1,4-4-2,12321.0,13.0,79500000.0,27.540787754340116,180.36363636363637,360.0,236500000.0,30.894654968576944,179.9090909090909,624.0
1898,Villarreal,Sevilla,15:15,12,17,7,6,3,5,8,14,0,1,0,0,H,H,4,2,2025-05-25,1.6406,1.64829,1.64829,0.3602400000000001,14.608695652173912,16,1.0814,1.28805,1.28805,-0.3602400000000001,14.68421052631579,11,4407573.0,5.0,17.0,Marcelino,Joaquín Caparrós,Javier Alberola Rojas,4-4-2 double 6,4-2-3-1,1050.0,368.0,113000000.0,24.883330222139254,184.36363636363637,175.0,64000000.0,26.433202663182133,183.9090909090909,174.0
1899,Athletic Club,Barcelona,20:00,10,13,1,4,2,6,21,10,1,0,0,0,A,A,0,3,2025-05-25,2.8474000000000004,3.36402,2.62074,1.869934,4.708333333333333,6,0.0985,0.750806,0.750806,-1.869934,14.555555555555555,4,4407564.0,4.0,1.0,Ernesto Valverde,Hansi Flick,Pablo González Fuertes,4-2-3-1,4-2-3-1,621.0,131.0,154100000.0,27.739904175222453,182.45454545454547,103.0,543000000.0,24.106278389645947,180.1818181818182,366.0
1900,Girona,Rayo Vallecano,18:00,7,16,2,5,2,4,8,17,0,1,1,0,A,A,1,3,2025-08-15,2.8498,3.25355,2.51027,1.7149659999999998,7.266666666666667,4,0.0931,0.795304,0.795304,-1.7149659999999998,24.0,1,4645606.0,17.0,2.0,Míchel,Iñigo Pérez,Javier Alberola Rojas,4-2-3-1,4-2-3-1,12321.0,367.0,87500000.0,27.07460643394935,183.8181818181818,307.0,35500000.0,29.70493435380499,178.54545454545453,91.0
1901,Villarreal,Real Oviedo,20:30,25,5,10,4,10,1,10,8,1,2,0,1,H,H,2,0,2025-08-15,0.2935,0.85578,0.112502,-2.494888,40.42857142857143,0,2.5516,2.60739,2.60739,2.494888,8.142857142857142,20,4645612.0,3.0,19.0,Marcelino,Veljko Paunovic,Alejandro Muñiz Ruiz,4-4-2,4-2-3-1,1050.0,2497.0,45000000.0,26.24229979466119,185.0,174.0,1800000.0,28.0394250513347,182.8,160.0
1902,Valencia,Real Sociedad,20:30,18,13,2,3,8,7,5,11,1,2,0,0,D,D,1,1,2025-08-16,0.9418,1.04897,1.04897,-0.53702,12.1,4,1.789,1.58599,1.58599,0.53702,18.166666666666668,9,4645611.0,10.0,12.0,Carlos Corberán,Sergio Francisco,José María Sánchez Martínez,4-2-3-1,4-2-3-1,1049.0,681.0,46000000.0,26.956381059050464,182.63636363636363,81.0,101000000.0,26.28909215356854,180.72727272727272,200.0
1903,Alaves,Levante,20:30,15,7,4,3,10,1,15,13,0,1,0,0,H,H,2,1,2025-08-16,0.5727,0.74203,0.74203,-0.98112,20.08333333333333,2,2.1765,1.72315,1.72315,0.98112,6.380952380952381,2,4645605.0,6.0,15.0,Eduardo Coudet,Julián Calero,Miguel Sesma Espinosa,4-1-4-1,5-4-1,1108.0,3368.0,25000000.0,27.614211934540478,181.54545454545453,21.0,0.0,27.40780287474333,179.1,40.0
1904,Mallorca,Barcelona,18:30,4,24,1,8,3,6,8,17,4,1,2,0,A,A,0,3,2025-08-16,2.444,2.0243,2.0243,1.4950830000000002,4.033333333333333,19,0.3698,0.529217,0.529217,-1.4950830000000002,19.25,2,4645608.0,20.0,1.0,Jagoba Arrasate,Hansi Flick,José Luis Munuera Montero,4-2-3-1,4-2-3-1,237.0,131.0,31300000.0,28.91817559579367,181.63636363636363,207.0,85000000.0,23.745877667848923,181.45454545454547,293.0
1905,Celta Vigo,Getafe,16:00,11,10,3,3,9,3,15,17,3,2,0,0,D,A,0,2,2025-08-17,2.0608,1.50131,1.50131,0.7570629999999999,16.210526315789473,6,0.6757,0.744247,0.744247,-0.7570629999999999,3.793103448275862,11,4645614.0,18.0,4.0,Claudio Giráldez,José Bordalás,Iosu Galech Apezteguía,5-4-1,5-3-2,940.0,3709.0,20500000.0,27.063157239748616,181.0,78.0,40800000.0,26.272167257793544,181.54545454545453,118.0
1906,Athletic Club,Sevilla,18:30,14,12,3,6,10,1,8,12,0,2,0,0,H,H,3,2,2025-08-17,0.31,0.901645,0.901645,-1.030935,10.047619047619047,4,2.5636,2.67586,1.93258,1.030935,20.266666666666666,12,4645613.0,5.0,13.0,Ernesto Valverde,Matías Almeyda,Francisco José Hernández Maeso,4-2-3-1,4-1-4-1,621.0,368.0,85000000.0,27.633625785576502,182.54545454545453,138.0,63900000.0,25.946611909650926,185.63636363636363,277.0
1907,Espanyol,Atletico Madrid,20:30,10,15,5,4,1,3,14,11,3,3,0,0,A,H,2,1,2025-08-17,1.1873,1.29319,1.29319,-0.1218899999999998,13.22222222222222,17,1.5104,1.41508,1.41508,0.1218899999999998,19.68421052631579,2,4645607.0,7.0,14.0,Manolo González,Diego Simeone,Mateo Busquets Ferrer,4-2-3-1,4-2-3-1,714.0,13.0,29000000.0,27.058677120278762,181.1818181818182,31.0,291000000.0,26.247775496235455,180.9090909090909,343.0
1908,Elche,Real Betis,20:00,6,12,2,4,1,3,14,13,0,1,0,0,A,D,1,1,2025-08-18,1.8589,1.59562,1.59562,0.6141260000000001,21.31578947368421,8,0.8518,0.981494,0.981494,-0.6141260000000001,8.25,5,4645609.0,11.0,9.0,Eder Sarabia,Manuel Pellegrini,Víctor García Verdura,4-3-3 Attacking,4-2-3-1,1531.0,150.0,6400000.0,27.13894592744695,182.1,15.0,36000000.0,28.83056437060544,180.9090909090909,239.0
1909,Real Madrid,Osasuna,20:00,18,2,5,0,7,0,10,12,1,0,0,1,D,H,1,0,2025-08-19,0.2705,0.201044,0.201044,-0.485081,20.846153846153847,2,2.5454,1.4294,0.686125,0.485081,7.25,9,4645610.0,8.0,16.0,Xabi Alonso,Alessio Lisci,Adrián Cordero Vega,4-3-3 Attacking,3-4-2-1,418.0,331.0,255000000.0,25.58272665048846,183.63636363636363,507.0,66500000.0,29.290025511791427,184.1818181818182,67.0
1910,Real Betis,Alaves,20:30,16,11,5,5,5,2,10,17,2,3,0,0,H,H,1,0,2025-08-22,0.8793000000000001,1.43838,1.43838,-0.70147,9.758620689655173,0,1.8861,2.13985,2.13985,0.70147,13.68421052631579,8,4645521.0,7.0,9.0,Manuel Pellegrini,Eduardo Coudet,Miguel Ángel Ortiz Arias,4-2-3-1,4-2-3-1,150.0,1108.0,36000000.0,28.47862609669591,181.0909090909091,118.0,25000000.0,27.63063903926327,181.54545454545453,21.0
1911,Levante,Barcelona,20:30,8,26,5,10,0,11,10,8,3,1,0,0,H,A,2,3,2025-08-23,1.2446,2.48128,2.48128,0.53644,4.388888888888889,21,1.5374,2.68812,1.94484,-0.53644,18.5625,4,4645522.0,17.0,2.0,Julián Calero,Hansi Flick,Alejandro Hernández Hernández,5-4-1,4-2-3-1,3368.0,131.0,0.0,28.442162902121833,179.1,40.0,125000000.0,23.690871756580176,181.63636363636363,294.0
1912,Mallorca,Celta Vigo,16:00,12,8,4,2,3,4,12,12,3,3,0,0,A,D,1,1,2025-08-23,1.5911,0.917413,0.917413,0.2524390000000001,16.333333333333332,2,1.0579999999999998,0.664974,0.664974,-0.2524390000000001,17.647058823529413,6,4645523.0,16.0,15.0,Jagoba Arrasate,Claudio Giráldez,José Luis Guzmán Mansilla,4-2-3-1,5-4-1,237.0,940.0,24700000.0,28.615020845000313,181.0909090909091,165.0,17500000.0,26.640283740899758,180.63636363636363,72.0
1913,Atletico Madrid,Elche,18:30,13,6,6,2,10,2,14,7,0,3,0,0,D,D,1,1,2025-08-23,0.3244,0.313268,0.313268,-1.368322,15.055555555555555,1,2.4916,1.68159,1.68159,1.368322,7.96875,13,4645518.0,13.0,12.0,Diego Simeone,Eder Sarabia,César Soto Grado,4-4-2,3-4-1-2,13.0,1531.0,331000000.0,26.470536992097564,182.72727272727272,380.0,5500000.0,26.932735984070685,182.36363636363637,16.0
1914,Osasuna,Valencia,16:00,16,4,4,1,3,4,14,13,2,1,0,1,H,H,1,0,2025-08-24,1.0278,0.589594,0.589594,-0.357164,16.428571428571427,4,1.6038,0.946758,0.946758,0.357164,11.68421052631579,7,4645519.0,10.0,14.0,Alessio Lisci,Carlos Corberán,Jesús Gil Manzano,5-4-1,4-4-2,331.0,1049.0,62500000.0,28.955261029183,183.1818181818182,71.0,46000000.0,27.230415033289777,182.72727272727272,86.0
1915,Real Sociedad,Espanyol,18:30,15,14,7,3,5,2,16,18,2,2,0,0,A,D,2,2,2025-08-24,1.749,1.87234,1.12906,-0.3046,11.615384615384617,7,0.9957,1.43366,1.43366,0.3046,6.1923076923076925,5,4645524.0,11.0,6.0,Sergio Francisco,Manolo González,Alejandro Quintero González,4-1-4-1,4-2-3-1,681.0,714.0,133000000.0,24.645883890237073,179.9090909090909,182.0,30200000.0,27.536805425922466,181.27272727272728,33.0
1916,Villarreal,Girona,18:30,19,5,7,2,8,1,8,9,1,2,0,0,H,H,5,0,2025-08-24,0.0314,0.140267,0.140267,-2.836803,13.347826086956522,4,2.9441,2.97707,2.97707,2.836803,18.4375,12,4645516.0,1.0,20.0,Marcelino,Míchel,Guillermo Cuadra Fernández,4-4-2,4-2-3-1,1050.0,12321.0,45000000.0,25.645199427540287,185.27272727272728,214.0,90200000.0,25.156866405326365,182.45454545454547,249.0
1917,Real Oviedo,Real Madrid,20:30,6,26,3,10,1,9,8,7,2,1,0,0,A,A,0,3,2025-08-24,2.4608,1.82072,1.82072,1.4832299999999998,7.827586206896552,8,0.3472999999999999,0.33749,0.33749,-1.4832299999999998,24.75,6,4645520.0,19.0,3.0,Veljko Paunovic,Xabi Alonso,De Burgos Bengoetxea,3-4-3,4-2-3-1,2497.0,418.0,6300000.0,29.0113620807666,184.6,191.0,180000000.0,25.877418953394315,183.9090909090909,539.0
1918,Athletic Club,Rayo Vallecano,18:30,11,6,4,1,3,6,13,13,0,4,0,0,D,H,1,0,2025-08-25,0.3715,0.493587,0.493587,-0.450721,10.27777777777778,0,2.4265,1.68759,0.944308,0.450721,12.88,7,4645517.0,5.0,8.0,Ernesto Valverde,Iñigo Pérez,Juan Martínez Munuera,4-2-3-1,4-2-3-1,621.0,367.0,85000000.0,27.655528591873562,182.54545454545453,138.0,35500000.0,29.732312861676313,178.54545454545453,91.0
1919,Sevilla,Getafe,20:30,12,9,3,6,5,3,10,24,2,2,0,0,D,A,1,2,2025-08-25,1.863,1.32944,1.32944,0.4963649999999999,13.173913043478262,4,0.8265,0.833075,0.833075,-0.4963649999999999,3.625,4,4645515.0,18.0,4.0,Matías Almeyda,José Bordalás,Isidro Díaz de Mera Escuderos,4-2-3-1,5-3-2,368.0,3709.0,58900000.0,26.51359591811337,185.63636363636363,294.0,41300000.0,27.175906913073234,183.0,121.0
1920,Celta Vigo,Real Betis,20:00,14,7,5,2,10,4,13,11,1,2,0,0,A,D,1,1,2025-08-27,1.153,0.714458,0.714458,-0.190743,13.608695652173912,3,1.4881,0.905201,0.905201,0.190743,19.866666666666667,12,4645543.0,15.0,8.0,Claudio Giráldez,Manuel Pellegrini,Jesús Gil Manzano,3-4-2-1,4-2-3-1,940.0,150.0,30500000.0,24.80343475826022,182.36363636363637,58.0,33500000.0,28.617509800261338,181.0909090909091,237.0
1921,Elche,Levante,18:30,16,11,5,1,4,2,14,17,1,2,0,0,D,H,2,0,2025-08-29,0.9999,0.969663,0.969663,-0.4734269999999999,18.166666666666668,4,1.716,1.44309,1.44309,0.4734269999999999,7.368421052631579,7,4645529.0,7.0,19.0,Eder Sarabia,Julián Calero,Iosu Galech Apezteguía,5-3-2,5-4-1,1531.0,3368.0,5500000.0,26.999937776118475,182.54545454545453,22.0,2500000.0,27.860095824777552,177.5,141.0
1922,Valencia,Getafe,20:30,7,11,4,1,8,6,18,7,2,0,0,0,H,H,3,0,2025-08-29,0.7041999999999999,0.757418,0.757418,-0.785942,12.05,2,2.0452,1.54336,1.54336,0.785942,9.733333333333333,1,4645525.0,8.0,6.0,Carlos Corberán,José Bordalás,Francisco José Hernández Maeso,4-2-3-1,5-3-2,1049.0,3709.0,44500000.0,26.75228672764607,182.8181818181818,94.0,41300000.0,27.186858316221766,183.0,121.0
1923,Alaves,Atletico Madrid,16:00,5,15,2,6,1,6,10,17,2,3,0,0,D,D,1,1,2025-08-30,1.3203,0.960547,0.960547,0.848731,5.5,9,1.3242,0.855094,0.111816,-0.848731,20.928571428571427,3,4645527.0,11.0,15.0,Eduardo Coudet,Diego Simeone,Víctor García Verdura,4-4-2,4-4-2,1108.0,13.0,25000000.0,27.779478563872814,181.54545454545453,26.0,315000000.0,27.132101300479125,182.63636363636363,380.0
1924,Real Oviedo,Real Sociedad,18:00,8,18,1,6,1,10,7,18,2,1,0,0,H,H,1,0,2025-08-30,1.7485,0.92221,0.92221,0.4651499999999999,9.64,7,0.8917,0.45706,0.45706,-0.4651499999999999,19.375,4,4645532.0,14.0,16.0,Veljko Paunovic,Sergio Francisco,Adrián Cordero Vega,4-2-3-1,4-4-2,2497.0,681.0,6300000.0,28.169746748802194,184.1818181818182,73.0,107000000.0,25.632256860182938,180.54545454545453,184.0
1925,Girona,Sevilla,18:30,20,13,5,4,11,3,5,14,0,2,0,0,A,A,0,2,2025-08-30,1.0413,1.62032,1.62032,-0.38876,14.263157894736842,6,1.7043,2.00908,2.00908,0.38876,9.45,9,4645531.0,20.0,12.0,Míchel,Matías Almeyda,Miguel Ángel Ortiz Arias,4-2-3-1,4-2-3-1,12321.0,368.0,78000000.0,28.874369983199554,181.63636363636363,243.0,27900000.0,26.900628461203407,182.9090909090909,283.0
1926,Real Madrid,Mallorca,20:30,17,9,7,5,4,5,12,7,2,0,0,0,H,H,2,1,2025-08-30,0.4232,0.549872,0.549872,-1.2912879999999998,19.363636363636363,3,2.3843,1.84116,1.84116,1.2912879999999998,9.565217391304348,13,4645526.0,1.0,18.0,Xabi Alonso,Jagoba Arrasate,José María Sánchez Martínez,4-2-3-1,5-3-2,418.0,237.0,255000000.0,24.88283243108705,184.36363636363637,487.0,26600000.0,27.412108767344908,182.54545454545453,155.0
1927,Rayo Vallecano,Barcelona,20:30,12,12,6,3,9,4,16,8,4,1,0,0,A,D,1,1,2025-08-31,1.7538,2.35774,1.61447,-0.2567699999999999,8.4,4,1.008,1.87124,1.87124,0.2567699999999999,8.03125,3,4645534.0,9.0,4.0,Iñigo Pérez,Hansi Flick,Mateo Busquets Ferrer,4-3-3 Attacking,4-2-3-1,367.0,131.0,35500000.0,29.748739966399103,178.54545454545453,91.0,85000000.0,25.251446705245474,181.0909090909091,422.0
1928,Espanyol,Osasuna,18:30,10,10,4,3,2,3,13,14,2,3,0,0,D,H,1,0,2025-08-31,1.3569,1.38167,1.38167,0.0128099999999999,11.894736842105264,7,1.3497,1.36886,1.36886,-0.0128099999999999,14.45,6,4645530.0,5.0,13.0,Manolo González,Alessio Lisci,Miguel Sesma Espinosa,4-2-3-1,5-4-1,714.0,331.0,30200000.0,28.927882521311677,180.63636363636363,27.0,62500000.0,28.974425984692925,183.1818181818182,71.0
1929,Real Betis,Athletic Club,18:00,9,15,2,6,4,10,9,16,1,4,0,1,D,A,1,2,2025-08-31,1.6892,1.11141,1.11141,0.395224,8.548387096774194,6,0.9833,0.716186,0.716186,-0.395224,10.115384615384617,4,4645533.0,10.0,2.0,Manuel Pellegrini,Ernesto Valverde,Isidro Díaz de Mera Escuderos,4-2-3-1,4-2-3-1,150.0,621.0,40000000.0,26.485719619189844,180.1818181818182,119.0,142000000.0,27.059423806857072,182.63636363636363,142.0
1930,Celta Vigo,Villarreal,16:00,10,8,2,3,1,5,11,8,1,1,0,0,D,D,1,1,2025-08-31,1.4243,0.96978,0.96978,0.093739,21.63157894736842,7,1.2254,0.876041,0.876041,-0.093739,9.772727272727272,9,4645528.0,17.0,3.0,Claudio Giráldez,Marcelino,Alejandro Quintero González,3-4-3,4-4-2,940.0,1050.0,44500000.0,25.295501213365693,178.0909090909091,41.0,70000000.0,25.578495426544706,185.1818181818182,207.0
1931,Sevilla,Elche,20:00,7,5,3,2,2,2,23,19,4,3,0,0,H,D,2,2,2025-09-12,1.8297,0.781151,0.781151,0.434754,6.357142857142857,1,0.7806,0.346397,0.346397,-0.434754,5.45,5,4645574.0,12.0,8.0,Matías Almeyda,Eder Sarabia,Javier Alberola Rojas,4-3-3 Attacking,5-3-2,368.0,1531.0,33500000.0,27.956941073984193,184.45454545454547,284.0,9000000.0,28.655989048596854,182.4,75.0
1932,Getafe,Real Oviedo,13:00,10,5,3,1,4,3,12,18,2,5,0,1,H,H,2,0,2025-09-13,0.7325,0.369812,0.369812,-0.5842750000000001,7.9,1,1.9166,0.954087,0.954087,0.5842750000000001,8.62962962962963,2,4645570.0,5.0,16.0,José Bordalás,Veljko Paunovic,José Luis Guzmán Mansilla,5-3-2,4-2-3-1,3709.0,2497.0,28100000.0,29.24024640657084,181.63636363636363,149.0,13800000.0,27.787941011760314,182.27272727272728,78.0
1933,Real Sociedad,Real Madrid,15:15,23,16,4,6,12,4,17,7,2,1,0,1,A,A,1,2,2025-09-13,1.0202,2.54171,2.54171,0.13727,14.5625,6,1.778,3.14772,2.40444,-0.13727,8.105263157894736,10,4645565.0,17.0,1.0,Sergio Francisco,Xabi Alonso,Jesús Gil Manzano,4-3-3 Attacking,4-2-3-1,681.0,418.0,88000000.0,26.765975981581732,181.0,134.0,50000000.0,26.441416215543526,182.72727272727272,465.0
1934,Athletic Club,Alaves,17:30,12,4,3,2,6,6,17,21,4,3,0,0,D,A,0,1,2025-09-13,0.4545,0.090756,0.090756,-0.775906,9.73076923076923,0,2.1837,0.866662,0.866662,0.775906,5.078947368421052,5,4645572.0,4.0,7.0,Ernesto Valverde,Eduardo Coudet,José María Sánchez Martínez,4-2-3-1,4-2-3-1,621.0,1108.0,52500000.0,28.30763487026321,182.8181818181818,109.0,24500000.0,28.173480181693733,180.9090909090909,27.0
1935,Atletico Madrid,Villarreal,20:00,8,8,3,1,8,3,12,15,2,4,0,0,H,H,2,0,2025-09-13,0.6283,0.668177,0.668177,-0.8424229999999999,21.764705882352946,3,2.1187,1.5106,1.5106,0.8424229999999999,14.285714285714286,5,4645566.0,10.0,6.0,Diego Simeone,Marcelino,José Luis Munuera Montero,4-4-2,4-4-2,13.0,1050.0,274000000.0,28.34223134839151,180.72727272727272,487.0,128000000.0,26.963599029307446,183.72727272727272,261.0
1936,Celta Vigo,Girona,13:00,21,13,7,8,10,3,7,9,0,3,0,0,A,D,1,1,2025-09-14,1.0583,1.41213,1.41213,0.35263,22.466666666666665,11,1.6802,1.80278,1.0595,-0.35263,12.045454545454543,11,4645568.0,15.0,20.0,Claudio Giráldez,Míchel,Adrián Cordero Vega,5-4-1,4-3-3 Attacking,940.0,12321.0,32300000.0,25.83610229606123,180.36363636363637,64.0,96900000.0,27.09003795656773,182.0,338.0
1937,Levante,Real Betis,15:15,5,28,2,9,4,12,16,11,3,2,0,0,H,D,2,2,2025-09-14,2.1837,2.19546,2.19546,1.17121,6.85,16,0.5964,1.02425,1.02425,-1.17121,14.80952380952381,6,4645573.0,18.0,11.0,Julián Calero,Manuel Pellegrini,Alejandro Muñiz Ruiz,4-3-3 Attacking,4-2-3-1,3368.0,150.0,5400000.0,26.600211561197185,179.27272727272728,146.0,56000000.0,26.467799141310433,181.36363636363637,64.0
1938,Osasuna,Rayo Vallecano,17:30,9,19,7,6,3,6,13,7,3,2,0,0,H,H,2,0,2025-09-14,0.971,0.979149,0.979149,-0.4220509999999999,10.928571428571429,8,1.7471,1.4012,1.4012,0.4220509999999999,22.53846153846154,0,4645571.0,9.0,13.0,Alessio Lisci,Iñigo Pérez,César Soto Grado,5-4-1,4-2-3-1,331.0,367.0,56300000.0,27.608238441914008,184.45454545454547,32.0,39000000.0,29.787069877418954,178.54545454545453,91.0
1939,Barcelona,Valencia,20:00,24,2,10,1,5,4,9,8,0,1,0,0,H,H,6,0,2025-09-14,0.0227,0.12495,0.12495,-3.33527,23.0625,1,2.9609,3.46022,3.46022,3.33527,6.7,13,4645567.0,2.0,14.0,Hansi Flick,Carlos Corberán,Guillermo Cuadra Fernández,4-2-3-1,5-4-1,131.0,1049.0,80000000.0,23.497231037272105,180.54545454545453,257.0,49200000.0,26.943936282745316,183.1818181818182,108.0
1940,Espanyol,Mallorca,20:00,9,24,3,10,3,9,9,16,2,1,1,0,H,H,3,2,2025-09-15,0.897,2.03185,1.28857,-0.6422000000000001,8.727272727272727,3,1.881,2.67405,1.93077,0.6422000000000001,20.615384615384617,3,4645569.0,3.0,19.0,Manolo González,Jagoba Arrasate,Alejandro Hernández Hernández,4-4-2 double 6,3-5-2 flat,714.0,237.0,31200000.0,27.40215294630079,181.63636363636363,34.0,25200000.0,27.933295999004418,183.8181818181818,193.0
1941,Real Betis,Real Sociedad,20:00,21,11,6,5,3,5,7,20,3,7,0,0,D,H,3,1,2025-09-19,0.266,0.606673,0.606673,-1.929117,9.862068965517242,7,2.6102,2.53579,2.53579,1.929117,9.290322580645162,10,4645487.0,8.0,18.0,Manuel Pellegrini,Sergio Francisco,Mateo Busquets Ferrer,4-2-3-1,4-1-4-1,150.0,681.0,70500000.0,28.26358036214299,180.9090909090909,236.0,107000000.0,26.10416277767407,180.0,172.0
1942,Valencia,Athletic Club,20:00,13,11,5,5,5,6,13,6,1,1,0,1,D,H,2,0,2025-09-20,0.3373,0.499198,0.499198,-1.5108719999999998,11.68421052631579,3,2.5006,2.01007,2.01007,1.5108719999999998,13.0,5,4645490.0,11.0,6.0,Carlos Corberán,Ernesto Valverde,Miguel Ángel Ortiz Arias,4-4-2,4-2-3-1,1049.0,621.0,49600000.0,27.870823221952584,182.63636363636363,107.0,58500000.0,27.819550743575384,181.9090909090909,119.0
1943,Alaves,Sevilla,17:30,8,9,5,3,4,4,20,19,1,7,0,0,D,A,1,2,2025-09-20,1.2405,0.891992,0.891992,0.725013,7.84,4,1.3839,0.910257,0.166979,-0.725013,7.96875,4,4645485.0,10.0,9.0,Eduardo Coudet,Matías Almeyda,Iosu Galech Apezteguía,4-3-3 Attacking,5-4-1,1108.0,368.0,21500000.0,28.386036960985624,180.9090909090909,26.0,38100000.0,27.268496048783526,183.36363636363637,224.0
1944,Villarreal,Osasuna,17:30,26,6,8,3,7,0,10,11,2,3,0,1,A,H,2,1,2025-09-20,0.4844999999999999,1.95599,1.21271,-2.35124,23.454545454545453,5,2.3619,3.56395,3.56395,2.35124,6.583333333333333,13,4645494.0,3.0,13.0,Marcelino,Alessio Lisci,Isidro Díaz de Mera Escuderos,4-4-2 double 6,5-4-1,1050.0,331.0,100500000.0,25.735797399041754,183.45454545454547,258.0,49100000.0,29.230041690000622,183.8181818181818,59.0
1945,Girona,Levante,13:00,7,14,1,7,5,4,11,17,4,3,2,0,A,A,0,4,2025-09-20,2.9764,4.50183,4.50183,4.077975,8.863636363636363,10,0.0145,0.423855,0.423855,-4.077975,35.0,4,4645489.0,20.0,15.0,Míchel,Julián Calero,Alejandro Quintero González,4-3-3 Attacking,4-4-2,12321.0,3368.0,96900000.0,27.106465061290525,182.0,338.0,6000000.0,26.712214547943503,178.54545454545453,153.0
1946,Real Madrid,Espanyol,15:15,16,8,5,1,5,3,10,20,2,0,0,0,H,H,2,0,2025-09-20,0.552,0.969443,0.969443,-1.091917,15.241379310344827,2,2.229,2.06136,2.06136,1.091917,7.521739130434782,8,4645493.0,1.0,4.0,Xabi Alonso,Manolo González,Juan Martínez Munuera,4-4-2,4-2-3-1,418.0,714.0,170000000.0,25.8338622363263,183.1818181818182,477.0,34000000.0,27.06539729948354,181.45454545454547,34.0
1947,Rayo Vallecano,Celta Vigo,13:00,15,9,5,5,5,7,8,10,1,1,0,0,D,D,1,1,2025-09-21,1.3304,1.28175,1.28175,-0.03275,20.428571428571427,10,1.3601,1.3145,1.3145,0.03275,12.411764705882351,7,4645492.0,14.0,16.0,Iñigo Pérez,Claudio Giráldez,Víctor García Verdura,4-2-3-1,5-4-1,367.0,940.0,27000000.0,30.130296807914878,178.54545454545453,102.0,25500000.0,25.431647066143988,177.9090909090909,39.0
1948,Mallorca,Atletico Madrid,15:15,8,12,3,7,3,6,14,6,0,0,0,1,D,D,1,1,2025-09-21,2.5861,2.08772,1.34445,0.8135109999999999,22.444444444444443,9,0.2656,0.530939,0.530939,-0.8135109999999999,14.38888888888889,4,4645491.0,19.0,12.0,Jagoba Arrasate,Diego Simeone,Francisco José Hernández Maeso,5-3-2,4-4-2,237.0,13.0,42200000.0,28.975670462323443,183.8181818181818,216.0,298000000.0,27.96963474581544,180.45454545454547,439.0
1949,Elche,Real Oviedo,17:30,15,12,5,4,3,3,9,18,2,2,0,0,H,H,1,0,2025-09-21,0.9763,1.10565,1.10565,-0.4693199999999999,16.666666666666668,3,1.7524000000000002,1.57497,1.57497,0.4693199999999999,10.736842105263158,7,4645488.0,5.0,17.0,Eder Sarabia,Veljko Paunovic,Miguel Sesma Espinosa,3-4-1-2,4-2-3-1,1531.0,2497.0,10000000.0,27.44745193205152,180.8181818181818,66.0,18600000.0,28.436064961732313,184.45454545454547,242.0
1950,Barcelona,Getafe,20:00,16,3,7,2,3,2,9,15,2,4,0,0,H,H,3,0,2025-09-21,0.0664,0.215949,0.215949,-2.748341,14.51851851851852,0,2.8927,2.96429,2.96429,2.748341,8.823529411764707,8,4645486.0,2.0,7.0,Hansi Flick,José Bordalás,De Burgos Bengoetxea,4-2-3-1,5-3-2,131.0,3709.0,30000000.0,27.17540912202103,182.45454545454547,558.0,28100000.0,29.262149212867897,181.63636363636363,149.0
1951,Levante,Real Madrid,20:30,11,24,2,10,1,7,17,9,1,1,0,0,A,A,1,4,2025-09-23,2.6885,4.06315,3.31987,1.6186599999999998,15.31578947368421,15,0.2246,1.70121,1.70121,-1.6186599999999998,14.214285714285714,5,4645539.0,17.0,1.0,Julián Calero,Xabi Alonso,Isidro Díaz de Mera Escuderos,4-4-2,3-4-2-1,3368.0,418.0,2000000.0,26.832928878103417,177.8181818181818,150.0,185000000.0,24.725779354116106,182.36363636363637,386.0
1952,Athletic Club,Girona,18:00,17,6,5,3,8,1,19,15,0,2,0,0,A,D,1,1,2025-09-23,0.5544,0.856618,0.856618,-1.1696719999999998,26.25,3,2.2293,2.02629,2.02629,1.1696719999999998,4.8108108108108105,8,4645536.0,6.0,20.0,Ernesto Valverde,Míchel,José Luis Munuera Montero,4-2-3-1,4-2-3-1,621.0,12321.0,40000000.0,27.27247837720117,184.45454545454547,148.0,55900000.0,27.012133656897518,182.36363636363637,219.0
1953,Espanyol,Valencia,18:00,21,5,10,2,8,3,9,9,1,4,0,0,A,D,2,2,2025-09-23,0.1800999999999999,1.00785,1.00785,-2.30528,10.826086956521738,0,2.728,3.31313,3.31313,2.30528,11.0,14,4645538.0,4.0,11.0,Manolo González,Carlos Corberán,José Luis Guzmán Mansilla,4-2-3-1,4-4-2 double 6,714.0,1049.0,29000000.0,27.855889490386406,181.45454545454547,61.0,47200000.0,27.944496297679052,181.8181818181818,87.0
1954,Sevilla,Villarreal,20:30,16,12,2,5,3,3,17,14,2,3,0,0,A,A,1,2,2025-09-23,2.4582,2.40523,2.40523,1.56906,10.647058823529411,6,0.3876,0.83617,0.83617,-1.56906,5.612903225806452,9,4645540.0,12.0,3.0,Matías Almeyda,Marcelino,César Soto Grado,5-4-1,4-3-3 Attacking,368.0,1050.0,36900000.0,28.177213614585277,184.72727272727272,322.0,89000000.0,25.9702569846307,185.27272727272728,162.0
1955,Getafe,Alaves,18:00,7,10,1,4,2,7,14,20,2,3,0,0,D,D,1,1,2025-09-24,1.9597,1.21176,1.21176,0.6355569999999999,4.6,2,0.7369,0.576203,0.576203,-0.6355569999999999,7.6,2,4645541.0,7.0,10.0,José Bordalás,Eduardo Coudet,Alejandro Quintero González,4-3-3 Attacking,4-4-2,3709.0,1108.0,32300000.0,29.123514404828573,181.27272727272728,142.0,20000000.0,27.231161719868087,180.0,38.0
1956,Atletico Madrid,Rayo Vallecano,20:30,20,9,8,3,8,6,6,12,3,4,0,0,D,H,3,2,2025-09-24,0.0958999999999999,1.61988,1.61988,-3.33029,14.476190476190476,2,2.8550000000000004,4.95017,4.95017,3.33029,9.583333333333334,12,4645537.0,9.0,14.0,Diego Simeone,Iñigo Pérez,Alejandro Hernández Hernández,5-3-2,4-2-3-1,13.0,367.0,301500000.0,29.100864911953206,179.9090909090909,533.0,32200000.0,28.68744944309626,178.63636363636363,92.0
1957,Real Sociedad,Mallorca,20:30,17,7,4,3,11,2,13,15,2,2,0,0,D,H,1,0,2025-09-24,0.1686,0.641137,0.641137,-2.187433,14.25,1,2.7414,2.82857,2.82857,2.187433,6.52,11,4645535.0,16.0,19.0,Sergio Francisco,Jagoba Arrasate,Iosu Galech Apezteguía,4-3-3 Attacking,5-3-2,681.0,237.0,119000000.0,26.70848111505196,180.1818181818182,185.0,26300000.0,27.68614274158422,183.0,138.0
1958,Osasuna,Elche,18:30,9,12,2,4,2,3,19,13,2,2,0,0,H,D,1,1,2025-09-25,1.2308,1.05089,1.05089,-0.1243499999999999,10.263157894736842,2,1.4423,1.17524,1.17524,0.1243499999999999,10.333333333333334,2,4645544.0,13.0,5.0,Alessio Lisci,Eder Sarabia,Adrián Cordero Vega,3-4-1-2,5-3-2,331.0,1531.0,49900000.0,27.83423557961546,185.1818181818182,58.0,5500000.0,26.04268558272665,183.54545454545453,76.0
1959,Real Oviedo,Barcelona,20:30,7,22,3,10,6,9,10,6,1,0,0,0,H,A,1,3,2025-09-25,1.8209,2.07001,2.07001,0.6198699999999999,4.5,22,0.9101,1.45014,1.45014,-0.6198699999999999,34.8,4,4645542.0,18.0,2.0,Veljko Paunovic,Hansi Flick,Miguel Ángel Ortiz Arias,4-4-1-1,4-2-3-1,2497.0,131.0,15500000.0,29.581731068384045,181.8181818181818,329.0,70000000.0,24.76510484724037,182.36363636363637,313.0
1960,Girona,Espanyol,20:00,12,20,3,5,8,4,9,11,0,1,0,0,D,D,0,0,2025-09-26,1.2116000000000002,0.949116,0.949116,-0.1274940000000001,9.84375,1,1.4789,1.07661,1.07661,0.1274940000000001,12.0625,9,4645584.0,20.0,7.0,Míchel,Manolo González,Francisco José Hernández Maeso,5-3-2,4-4-2,12321.0,714.0,71400000.0,28.449007529089666,181.8181818181818,333.0,31200000.0,26.33339555721486,181.27272727272728,35.0
1961,Mallorca,Alaves,17:30,12,12,3,3,4,8,14,18,2,3,0,0,H,H,1,0,2025-09-27,0.8887,0.566415,0.566415,-0.476255,5.896551724137931,6,1.7821,1.04267,1.04267,0.476255,11.454545454545457,4,4645581.0,19.0,11.0,Jagoba Arrasate,Eduardo Coudet,Adrián Cordero Vega,4-2-3-1,4-1-4-1,237.0,1108.0,46700000.0,28.612780785265386,182.9090909090909,190.0,30000000.0,27.41484661813204,180.27272727272728,34.0
1962,Villarreal,Athletic Club,20:00,14,16,5,4,6,5,13,11,2,0,0,0,D,H,1,0,2025-09-27,1.1277,1.56287,1.56287,-0.3010900000000001,9.272727272727272,5,1.5831,1.86396,1.86396,0.3010900000000001,16.6875,7,4645582.0,3.0,10.0,Marcelino,Ernesto Valverde,Miguel Sesma Espinosa,4-4-2,4-2-3-1,1050.0,621.0,93000000.0,25.627278949660877,183.9090909090909,276.0,42500000.0,28.727272727272727,183.9090909090909,151.0
1963,Getafe,Levante,13:00,11,11,4,3,6,2,15,16,4,3,0,0,A,D,1,1,2025-09-27,1.7206,1.27833,1.27833,0.4473629999999999,5.730769230769231,2,0.9649,0.830967,0.830967,-0.4473629999999999,5.260869565217392,3,4645579.0,8.0,15.0,José Bordalás,Julián Calero,Mateo Busquets Ferrer,5-3-2,4-4-2,3709.0,3368.0,33400000.0,28.190902868520936,182.27272727272728,147.0,6000000.0,26.21317901810715,179.27272727272728,201.0
1964,Atletico Madrid,Real Madrid,15:15,13,6,7,2,7,2,17,14,5,4,0,0,D,H,5,2,2025-09-27,0.3117999999999999,1.02797,1.02797,-1.01951,9.470588235294118,5,2.5561000000000003,2.79075,2.04748,1.01951,14.35,8,4645576.0,5.0,2.0,Diego Simeone,Xabi Alonso,Javier Alberola Rojas,4-4-2,4-2-3-1,13.0,418.0,296000000.0,28.368365378632316,182.54545454545453,463.0,330000000.0,25.94710970070313,184.45454545454547,547.0
1965,Real Betis,Osasuna,20:00,12,12,6,1,5,5,6,7,0,1,0,0,H,H,2,0,2025-09-28,0.8069,0.578485,0.578485,-0.6110650000000001,26.416666666666668,5,1.8872,1.18955,1.18955,0.6110650000000001,16.5,7,4645578.0,6.0,13.0,Manuel Pellegrini,Alessio Lisci,Víctor García Verdura,4-2-3-1,5-3-2,150.0,331.0,70500000.0,27.69734304025885,180.9090909090909,300.0,54400000.0,28.629954576566487,186.8181818181818,63.0
1966,Barcelona,Real Sociedad,17:30,22,7,12,2,12,1,6,12,1,2,0,0,D,H,2,1,2025-09-28,0.1971,0.957079,0.957079,-2.052461,26.384615384615383,5,2.7018,3.00954,3.00954,2.052461,8.588235294117647,19,4645577.0,1.0,18.0,Hansi Flick,Sergio Francisco,Alejandro Hernández Hernández,4-2-3-1,4-3-3 Attacking,131.0,681.0,50000000.0,26.886939207267748,183.54545454545453,585.0,79800000.0,26.956629954576567,180.63636363636363,165.0
1967,Elche,Celta Vigo,15:15,17,8,8,2,7,2,12,20,3,3,0,0,D,H,2,1,2025-09-28,0.0572,0.821768,0.821768,-2.471042,11.56,5,2.9096,4.03596,3.29281,2.471042,10.65,6,4645583.0,4.0,17.0,Eder Sarabia,Claudio Giráldez,Guillermo Cuadra Fernández,4-4-2,4-3-3 Attacking,1531.0,940.0,9000000.0,29.371912139879285,180.27272727272728,66.0,25500000.0,25.620060979403892,182.0,60.0
1968,Rayo Vallecano,Sevilla,13:00,18,4,6,1,12,4,12,15,3,2,1,0,D,A,0,1,2025-09-28,0.4175999999999999,0.579597,0.579597,-1.311333,14.38095238095238,6,2.3784,1.89093,1.89093,1.311333,10.2,8,4645580.0,16.0,9.0,Iñigo Pérez,Matías Almeyda,Jesús Gil Manzano,4-2-3-1,5-4-1,367.0,368.0,33500000.0,29.84058241553108,178.72727272727272,88.0,38100000.0,28.972683716010206,182.72727272727272,387.0
1969,Valencia,Real Oviedo,19:00,16,10,5,4,5,4,14,12,1,4,0,1,H,A,1,2,2025-09-30,0.7811,0.997143,0.997143,0.0178059999999999,11.033333333333331,10,1.9478,1.72261,0.979337,-0.0178059999999999,10.363636363636363,6,4645575.0,12.0,14.0,Carlos Corberán,Veljko Paunovic,De Burgos Bengoetxea,4-4-2 double 6,4-3-3 Attacking,1049.0,2497.0,41200000.0,27.70904112998569,182.27272727272728,103.0,17000000.0,27.937527222948166,182.54545454545453,130.0
1970,Osasuna,Getafe,20:00,7,6,3,2,1,6,11,14,1,4,0,0,D,H,2,1,2025-10-03,1.4655,0.856515,0.856515,0.164489,11.333333333333334,3,1.1565,0.692026,0.692026,-0.164489,12.9,0,4645512.0,12.0,11.0,Alessio Lisci,José Bordalás,Javier Alberola Rojas,5-3-2,5-3-2,331.0,3709.0,49100000.0,29.180013689253936,184.1818181818182,61.0,31500000.0,29.449318648497293,182.36363636363637,53.0
1971,Real Oviedo,Levante,13:00,13,14,2,5,9,3,10,10,2,2,0,0,A,A,0,2,2025-10-04,1.8391,1.62121,1.62121,0.5357000000000001,14.909090909090908,11,0.8866,1.08551,1.08551,-0.5357000000000001,17.416666666666668,6,4645513.0,17.0,13.0,Veljko Paunovic,Julián Calero,José Luis Munuera Montero,4-3-3 Attacking,4-4-2,2497.0,3368.0,18500000.0,28.744446518573827,182.36363636363637,291.0,6000000.0,26.232343973617073,179.27272727272728,201.0
1972,Girona,Valencia,15:15,4,19,4,6,0,7,13,12,5,1,2,0,H,H,2,1,2025-10-04,2.1949,2.22808,2.22808,1.0639299999999998,13.055555555555555,5,0.5743,1.16415,1.16415,-1.0639299999999998,12.842105263157896,1,4645507.0,18.0,15.0,Míchel,Carlos Corberán,Isidro Díaz de Mera Escuderos,5-4-1,4-2-3-1,12321.0,1049.0,83400000.0,28.123203285420946,181.1818181818182,309.0,46000000.0,26.615394188289464,182.0,84.0
1973,Athletic Club,Mallorca,17:30,18,7,5,2,7,2,16,13,5,6,0,1,H,H,2,1,2025-10-04,0.2156,0.213773,0.213773,-0.776459,16.0,2,2.6402,1.73351,0.990232,0.776459,9.785714285714286,3,4645506.0,8.0,20.0,Ernesto Valverde,Jagoba Arrasate,Alejandro Quintero González,4-4-2,4-2-3-1,621.0,237.0,18500000.0,28.02812519444963,182.54545454545453,167.0,44700000.0,27.868832057743763,182.9090909090909,158.0
1974,Real Madrid,Villarreal,20:00,26,9,7,2,4,0,9,14,2,4,0,1,D,H,3,1,2025-10-04,0.0598,0.956644,0.956644,-2.6234460000000004,23.33333333333333,1,2.9068,4.32336,3.58009,2.6234460000000004,5.827586206896552,13,4645508.0,1.0,3.0,Xabi Alonso,Marcelino,Guillermo Cuadra Fernández,4-2-3-1,4-4-2,418.0,1050.0,170000000.0,25.175533569784083,184.27272727272728,466.0,97000000.0,25.622301039138822,185.54545454545453,214.0
1975,Celta Vigo,Atletico Madrid,20:00,18,6,4,1,6,3,7,10,1,3,0,1,A,D,1,1,2025-10-05,0.2403,0.710823,0.710823,-1.562027,19.625,3,2.6139,2.27285,2.27285,1.562027,12.041666666666666,12,4645509.0,16.0,5.0,Claudio Giráldez,Diego Simeone,César Soto Grado,5-4-1,4-4-2,940.0,13.0,18500000.0,27.037521000560012,180.8181818181818,51.0,288000000.0,28.818368489826398,180.8181818181818,530.0
1976,Real Sociedad,Rayo Vallecano,17:30,10,7,3,2,7,5,13,21,1,2,0,0,D,A,0,1,2025-10-05,1.2502,0.684504,0.684504,-0.0844939999999999,9.11111111111111,2,1.3648,0.768998,0.768998,0.0844939999999999,13.1,6,4645514.0,19.0,14.0,Sergio Francisco,Iñigo Pérez,José Luis Guzmán Mansilla,4-1-4-1,4-2-3-1,681.0,367.0,97000000.0,27.14877730072802,180.72727272727272,170.0,33000000.0,30.095949225312676,177.8181818181818,90.0
1977,Espanyol,Real Betis,17:30,14,12,5,3,10,5,16,4,2,6,0,0,H,A,1,2,2025-10-05,0.8617999999999999,1.43721,1.43721,0.1105900000000001,23.90909090909091,5,1.8734,2.0699,1.32662,-0.1105900000000001,14.22222222222222,6,4645511.0,9.0,4.0,Manolo González,Manuel Pellegrini,Iosu Galech Apezteguía,4-2-3-1,4-2-3-1,714.0,150.0,30200000.0,27.16495550992471,180.8181818181818,34.0,70500000.0,27.74985999626657,180.1818181818182,292.0
1978,Sevilla,Barcelona,15:15,13,17,5,8,7,6,18,9,7,5,0,0,H,H,4,1,2025-10-05,1.0983,2.4823,1.73902,-0.4118400000000002,7.476190476190476,10,1.6833,2.89414,2.15086,0.4118400000000002,9.48,5,4645510.0,6.0,2.0,Matías Almeyda,Hansi Flick,Alejandro Muñiz Ruiz,4-2-3-1,4-2-3-1,368.0,131.0,38100000.0,28.73697965279074,182.45454545454547,437.0,40000000.0,27.325244228734984,184.0,613.0
1979,Alaves,Elche,13:00,25,6,5,3,14,4,13,9,3,1,0,1,D,H,3,1,2025-10-05,0.1866,0.661537,0.661537,-1.4458129999999998,12.75,4,2.7159000000000004,2.85063,2.10735,1.4458129999999998,8.433333333333334,6,4645505.0,10.0,7.0,Eduardo Coudet,Eder Sarabia,Miguel Ángel Ortiz Arias,4-4-2 double 6,3-4-1-2,1108.0,1531.0,33000000.0,27.07186858316222,179.0,35.0,9000000.0,26.654719681413724,181.72727272727272,26.0
1980,Real Oviedo,Espanyol,20:00,13,19,4,10,3,5,9,8,2,1,0,0,D,A,0,2,2025-10-17,2.8953,4.46256,4.46256,3.25101,16.714285714285715,9,0.0717,1.21155,1.21155,-3.25101,7.571428571428571,9,4645603.0,19.0,6.0,Luis Carrión,Manolo González,Mateo Busquets Ferrer,4-2-3-1,4-4-2,2497.0,714.0,17100000.0,28.396988364134156,183.8181818181818,261.0,5200000.0,28.20658328666542,181.8181818181818,32.0
1981,Sevilla,Mallorca,13:00,13,7,4,6,9,2,16,13,2,1,0,0,H,A,1,3,2025-10-18,1.9135,1.95555,1.95555,0.6967099999999999,11.0,2,0.8509,1.25884,1.25884,-0.6967099999999999,6.608695652173913,4,4645604.0,9.0,16.0,Matías Almeyda,Jagoba Arrasate,Víctor García Verdura,4-2-3-1,4-2-3-1,368.0,237.0,51700000.0,27.44048285732064,184.0,282.0,44200000.0,27.305332586646752,181.45454545454547,97.0
1982,Barcelona,Girona,15:15,27,11,9,4,11,5,10,7,1,2,0,0,D,H,2,1,2025-10-18,0.9067,1.69375,1.69375,-0.7258299999999998,40.5,7,1.8757,2.41958,2.41958,0.7258299999999998,8.0,15,4645597.0,2.0,20.0,Hansi Flick,Míchel,Jesús Gil Manzano,4-3-3 Attacking,4-2-3-1,131.0,12321.0,100000000.0,24.07840209072242,180.45454545454547,375.0,82400000.0,27.794910086491196,181.0,285.0
1983,Villarreal,Real Betis,17:30,7,16,3,3,5,6,13,10,1,1,0,0,H,D,2,2,2025-10-18,1.2399,0.895532,0.895532,-0.0850659999999999,11.31578947368421,12,1.4367,0.980598,0.980598,0.0850659999999999,19.823529411764707,5,4645602.0,3.0,5.0,Marcelino,Manuel Pellegrini,Francisco José Hernández Maeso,4-4-2,4-2-3-1,1050.0,150.0,76500000.0,26.661190965092405,184.1818181818182,145.0,70500000.0,27.38921037894344,181.0909090909091,179.0
1984,Atletico Madrid,Osasuna,20:00,18,9,9,2,4,2,10,11,1,3,0,0,D,H,1,0,2025-10-18,0.5234,0.981492,0.981492,-1.2626579999999998,13.904761904761903,7,2.2838,2.24415,2.24415,1.2626579999999998,9.80952380952381,14,4645596.0,4.0,13.0,Diego Simeone,Alessio Lisci,De Burgos Bengoetxea,5-3-2,3-4-3,13.0,331.0,248000000.0,29.01922717939145,180.8181818181818,617.0,51400000.0,28.525916246655466,184.72727272727272,63.0
1985,Getafe,Real Madrid,20:00,7,23,1,10,1,4,27,11,4,1,2,0,D,A,0,1,2025-10-19,2.4999,2.14595,2.14595,1.615831,4.2105263157894735,13,0.3359999999999999,0.530119,0.530119,-1.615831,9.93939393939394,1,4645599.0,12.0,1.0,José Bordalás,Xabi Alonso,José Luis Munuera Montero,5-3-2,4-2-3-1,3709.0,418.0,25600000.0,29.42019787194325,181.45454545454547,115.0,380000000.0,25.917740028622987,183.8181818181818,595.0
1986,Levante,Rayo Vallecano,17:30,17,10,4,5,11,4,6,18,0,1,0,0,A,A,0,3,2025-10-19,2.4455,2.53118,2.53118,1.590671,9.0,5,0.4099999999999999,0.940509,0.940509,-1.590671,11.95,8,4645600.0,15.0,11.0,Julián Calero,Iñigo Pérez,Miguel Sesma Espinosa,4-4-2,4-2-3-1,3368.0,367.0,6000000.0,26.273411735424055,179.27272727272728,201.0,31000000.0,27.972870387654783,179.72727272727272,69.0
1987,Elche,Athletic Club,13:00,15,4,5,1,6,2,14,20,2,3,0,0,D,D,0,0,2025-10-19,0.7152999999999999,0.240214,0.240214,-0.5837019999999999,12.642857142857142,6,1.8742,0.823916,0.823916,0.5837019999999999,7.263157894736842,7,4645601.0,7.0,8.0,Eder Sarabia,Ernesto Valverde,José Luis Guzmán Mansilla,4-3-3 Attacking,4-2-3-1,1531.0,621.0,11500000.0,27.40887312550557,181.8181818181818,67.0,58500000.0,28.23346400348454,182.63636363636363,137.0
1988,Celta Vigo,Real Sociedad,15:15,4,17,1,7,1,10,10,20,4,3,1,0,H,D,1,1,2025-10-19,2.3755,2.13562,2.13562,1.418253,7.121212121212121,10,0.436,0.717367,0.717367,-1.418253,30.625,2,4645598.0,17.0,18.0,Claudio Giráldez,Sergio Francisco,Juan Martínez Munuera,5-4-1,4-2-3-1,940.0,681.0,30500000.0,26.8914193267376,181.63636363636363,76.0,88000000.0,27.030303030303028,180.72727272727272,164.0
1989,Alaves,Valencia,20:00,13,5,3,2,7,0,13,20,1,2,0,0,D,D,0,0,2025-10-20,0.6589,0.318076,0.318076,-0.738164,15.882352941176473,3,2.002,1.05624,1.05624,0.738164,6.681818181818182,8,4645595.0,10.0,14.0,Eduardo Coudet,Carlos Corberán,Iosu Galech Apezteguía,4-4-2 double 6,4-4-2,1108.0,1049.0,33000000.0,27.112936344969196,179.0,35.0,45000000.0,26.478003857880655,181.36363636363637,95.0
1990,Real Sociedad,Sevilla,20:00,5,6,3,1,1,9,19,14,1,3,0,0,H,H,2,1,2025-10-24,0.2359,0.247146,0.247146,-0.653401,8.0,5,2.6137,1.64382,0.900547,0.653401,6.289473684210527,3,4645557.0,17.0,11.0,Sergio Francisco,Matías Almeyda,Adrián Cordero Vega,4-2-3-1,4-2-3-1,681.0,368.0,101000000.0,26.23632630203472,180.54545454545453,163.0,29400000.0,29.1085806732624,182.9090909090909,464.0
1991,Girona,Real Oviedo,13:00,8,10,6,5,11,4,13,16,4,3,0,0,A,D,3,3,2025-10-25,1.3386,2.22406,1.48078,0.726017,13.916666666666666,1,1.3677,2.24132,0.754763,-0.726017,7.28,5,4645556.0,20.0,19.0,Míchel,Luis Carrión,Alejandro Muñiz Ruiz,4-2-3-1,4-3-3 Attacking,12321.0,2497.0,101900000.0,27.67444465185738,181.54545454545453,350.0,20600000.0,28.78700765353743,184.36363636363637,204.0
1992,Espanyol,Elche,15:15,16,13,7,4,4,2,14,15,4,2,0,0,D,H,1,0,2025-10-25,0.9325,1.11414,1.11414,-0.58928,7.15,5,1.8148,1.70342,1.70342,0.58928,13.37037037037037,8,4645563.0,5.0,8.0,Manolo González,Eder Sarabia,De Burgos Bengoetxea,4-2-3-1,4-2-3-1,714.0,1531.0,5200000.0,27.597784829817684,182.36363636363637,63.0,11500000.0,27.330968825835352,181.9090909090909,62.0
1993,Athletic Club,Getafe,17:30,7,8,4,3,1,5,15,14,1,3,0,0,D,A,0,1,2025-10-25,2.1314,1.00378,1.00378,0.6452559999999998,8.866666666666667,3,0.5555,0.358524,0.358524,-0.6452559999999998,5.9,3,4645555.0,9.0,10.0,Ernesto Valverde,José Bordalás,Isidro Díaz de Mera Escuderos,4-2-3-1,4-2-3-1,621.0,3709.0,102500000.0,28.78725654906353,182.72727272727272,155.0,35600000.0,29.563810590504637,182.0,142.0
1994,Valencia,Villarreal,20:00,15,12,3,5,7,5,13,14,2,4,0,0,A,A,0,2,2025-10-25,2.6958,2.62387,1.88059,1.239155,14.541666666666666,12,0.2031,0.641435,0.641435,-1.239155,10.384615384615383,4,4645558.0,18.0,3.0,Carlos Corberán,Marcelino,Javier Alberola Rojas,4-4-2,4-4-2,1049.0,1050.0,45000000.0,26.36600087113434,181.27272727272728,98.0,120000000.0,26.510609171800137,184.36363636363637,201.0
1995,Mallorca,Levante,13:00,20,13,4,5,5,4,8,13,3,2,0,0,A,D,1,1,2025-10-26,1.7187,2.3579,2.3579,0.4881099999999998,11.37037037037037,8,1.0539,1.86979,1.86979,-0.4881099999999998,7.043478260869565,8,4645564.0,16.0,15.0,Jagoba Arrasate,Julián Calero,Miguel Ángel Ortiz Arias,4-2-3-1,4-4-2,237.0,3368.0,43700000.0,27.91139319270736,183.54545454545453,153.0,8500000.0,27.34490697529712,182.63636363636363,200.0
1996,Real Madrid,Barcelona,15:15,23,15,10,6,12,4,12,9,5,5,1,1,H,H,2,1,2025-10-26,0.2299,1.12434,1.12434,-1.5456,8.38888888888889,8,2.6788000000000003,3.41322,2.66994,1.5456,15.772727272727272,6,4645561.0,1.0,2.0,Xabi Alonso,Hansi Flick,César Soto Grado,4-1-4-1,4-2-3-1,418.0,131.0,380000000.0,25.04187667226682,185.27272727272728,524.0,100000000.0,24.893037147657267,181.27272727272728,428.0
1997,Osasuna,Celta Vigo,17:30,17,11,7,5,6,2,10,13,3,4,0,0,H,A,2,3,2025-10-26,0.7801,1.54054,1.54054,0.709093,18.066666666666663,1,1.981,2.318,0.831447,-0.709093,9.391304347826088,10,4645562.0,14.0,13.0,Alessio Lisci,Claudio Giráldez,Alejandro Hernández Hernández,5-4-1,5-4-1,331.0,940.0,47700000.0,28.410428722543713,184.27272727272728,55.0,13500000.0,27.441976230477255,180.27272727272728,82.0
1998,Rayo Vallecano,Alaves,20:00,15,12,5,2,7,5,13,11,1,3,0,0,D,H,1,0,2025-10-26,1.247,1.41466,1.41466,-0.1350499999999999,10.181818181818182,3,1.4579,1.54971,1.54971,0.1350499999999999,5.741935483870968,7,4645559.0,7.0,12.0,Iñigo Pérez,Eduardo Coudet,Víctor García Verdura,4-3-3 Attacking,4-4-2,367.0,1108.0,31000000.0,27.992035343164705,179.72727272727272,69.0,28500000.0,27.704063219463627,179.63636363636363,39.0
1999,Real Betis,Atletico Madrid,20:00,17,9,5,4,2,5,9,18,2,1,0,0,A,A,0,2,2025-10-27,0.9804,0.876554,0.876554,-0.4613659999999999,12.578947368421051,6,1.7184,1.33792,1.33792,0.4613659999999999,11.5,7,4645560.0,6.0,4.0,Manuel Pellegrini,Diego Simeone,Juan Martínez Munuera,4-2-3-1,4-2-3-1,150.0,13.0,70500000.0,28.907970879223445,181.1818181818182,303.0,276000000.0,27.976106029494122,180.54545454545453,491.0
2000,Getafe,Girona,20:00,12,8,4,4,8,3,17,15,1,1,0,0,D,H,2,1,2025-10-31,1.4967,1.54366,0.800378,-0.6017520000000001,4.043478260869565,2,1.1916,1.40213,1.40213,0.6017520000000001,6.416666666666667,0,4645588.0,7.0,20.0,José Bordalás,Míchel,José María Sánchez Martínez,4-4-2,4-1-4-1,3709.0,12321.0,35600000.0,29.580237695227428,182.0,142.0,99900000.0,27.76504262335885,182.1818181818182,392.0
2001,Real Madrid,Valencia,20:00,21,4,11,1,7,1,14,7,1,1,0,0,H,H,4,0,2025-11-01,0.0495,0.292177,0.292177,-1.008203,25.5,2,2.9163,2.89965,1.30038,1.008203,6.128205128205129,14,4645589.0,1.0,18.0,Xabi Alonso,Carlos Corberán,Mateo Busquets Ferrer,4-3-3 Attacking,4-4-2,418.0,1049.0,330000000.0,24.62572335262274,184.9090909090909,499.0,50000000.0,27.12861676311368,180.9090909090909,80.0
2002,Real Sociedad,Athletic Club,17:30,9,11,5,4,6,2,20,8,2,3,0,0,D,H,3,2,2025-11-01,0.6817,1.13112,1.13112,-0.71008,11.27777777777778,7,2.0278,1.8412,1.8412,0.71008,8.173913043478262,4,4645590.0,14.0,11.0,Sergio Francisco,Ernesto Valverde,José Luis Munuera Montero,4-1-4-1,4-2-3-1,681.0,621.0,102000000.0,26.350320452989855,180.1818181818182,136.0,48500000.0,28.533383112438557,181.9090909090909,135.0
2003,Atletico Madrid,Sevilla,15:15,15,10,6,2,9,4,9,12,0,3,0,0,D,H,3,0,2025-11-01,0.0901,0.376887,0.376887,-1.866163,12.454545454545457,2,2.8549,2.98632,2.24305,1.866163,14.333333333333334,13,4645585.0,4.0,13.0,Diego Simeone,Matías Almeyda,Francisco José Hernández Maeso,4-4-2,4-2-3-1,13.0,368.0,251000000.0,28.159293136705866,181.8181818181818,546.0,55200000.0,27.4198245286541,182.8181818181818,270.0
2004,Villarreal,Rayo Vallecano,13:00,16,13,7,3,3,5,7,11,1,1,0,0,H,H,4,0,2025-11-01,0.3134,1.08632,1.08632,-1.62728,11.583333333333334,6,2.5361,2.7136,2.7136,1.62728,18.4,12,4645593.0,3.0,10.0,Marcelino,Iñigo Pérez,Iosu Galech Apezteguía,4-4-2 double 6,4-2-3-1,1050.0,367.0,120500000.0,27.335200049779107,183.8181818181818,218.0,33500000.0,29.020969448074172,179.63636363636363,89.0
2005,Levante,Celta Vigo,13:00,9,20,3,6,4,4,10,12,2,3,1,0,A,A,1,2,2025-11-02,1.8801,1.92474,1.92474,1.540474,6.8,20,0.8475,1.23651,0.384266,-1.540474,19.8125,3,4645591.0,16.0,12.0,Julián Calero,Claudio Giráldez,Alejandro Quintero González,4-2-3-1,5-4-1,3368.0,940.0,6000000.0,27.16669777860743,180.45454545454547,197.0,28500000.0,27.346151452927632,179.1818181818182,78.0
2006,Alaves,Espanyol,15:15,13,18,4,2,1,6,14,12,4,2,1,0,H,H,2,1,2025-11-02,0.574,1.04283,1.04283,-1.13755,9.88888888888889,9,2.2372,2.18038,2.18038,1.13755,8.08695652173913,3,4645594.0,8.0,6.0,Eduardo Coudet,Manolo González,Guillermo Cuadra Fernández,4-4-2 double 6,4-4-2,1108.0,714.0,24500000.0,27.518138261464753,179.1818181818182,23.0,5200000.0,28.282745317652914,181.72727272727272,24.0
2007,Barcelona,Elche,17:30,17,9,5,3,6,3,12,16,0,1,0,0,H,H,3,1,2025-11-02,0.1810999999999999,0.549079,0.549079,-2.2582210000000003,8.607142857142858,4,2.7299,2.8073,2.8073,2.2582210000000003,9.4,8,4645586.0,2.0,9.0,Hansi Flick,Eder Sarabia,Miguel Sesma Espinosa,4-2-3-1,4-1-4-1,131.0,1531.0,100000000.0,25.55559703814324,181.8181818181818,406.0,14000000.0,27.25505569037397,180.45454545454547,71.0
2008,Real Betis,Mallorca,20:00,15,14,8,1,4,5,9,8,0,3,0,0,H,H,3,0,2025-11-02,0.2268,0.749852,0.749852,-2.0714880000000004,15.857142857142858,3,2.6661,2.82134,2.82134,2.0714880000000004,12.217391304347826,8,4645587.0,5.0,17.0,Manuel Pellegrini,Jagoba Arrasate,Jesús Gil Manzano,4-2-3-1,4-2-3-1,150.0,237.0,68000000.0,28.744197623047725,180.72727272727272,359.0,40200000.0,27.73368178706988,185.0,152.0
2009,Real Oviedo,Osasuna,20:00,8,11,2,5,4,2,17,17,3,1,0,0,D,D,0,0,2025-11-03,1.1939000000000002,0.626317,0.626317,-0.091156,8.866666666666667,4,1.4177000000000002,0.717473,0.717473,0.091156,10.523809523809524,7,4645592.0,19.0,15.0,Luis Carrión,Alessio Lisci,José Luis Guzmán Mansilla,4-2-3-1,4-4-2,2497.0,331.0,20600000.0,28.81139941509551,183.54545454545453,203.0,49700000.0,28.794972310372717,184.8181818181818,55.0
2010,Elche,Real Sociedad,20:00,12,13,3,5,1,3,14,15,1,3,0,0,D,D,1,1,2025-11-07,1.9762,1.47221,0.728937,-0.07937,11.0,4,0.7435,0.808307,0.808307,0.07937,10.625,8,4645547.0,11.0,14.0,Eder Sarabia,Sergio Francisco,Isidro Díaz de Mera Escuderos,4-3-3 Attacking,4-3-3 Attacking,1531.0,681.0,8000000.0,27.581357725094893,182.27272727272728,29.0,117000000.0,26.418020036089853,180.0,183.0
2011,Girona,Alaves,13:00,10,14,2,5,6,1,9,15,0,3,0,0,H,H,1,0,2025-11-08,1.9503,2.00772,2.00772,0.74407,13.772727272727272,7,0.81,1.26365,1.26365,-0.74407,12.954545454545457,1,4645550.0,18.0,10.0,Míchel,Eduardo Coudet,Adrián Cordero Vega,4-2-3-1,4-4-2,12321.0,1108.0,106300000.0,28.179453674320204,182.0909090909091,393.0,26500000.0,27.76877605625039,178.9090909090909,25.0
2012,Sevilla,Osasuna,15:15,10,9,4,3,5,6,21,13,5,3,0,0,D,H,1,0,2025-11-08,1.0636,0.967352,0.967352,0.487915,7.32,6,1.5808,1.22271,0.479437,-0.487915,7.44,5,4645554.0,9.0,16.0,Matías Almeyda,Alessio Lisci,Miguel Ángel Ortiz Arias,5-4-1,4-2-3-1,368.0,331.0,55400000.0,26.305021467239126,184.63636363636363,242.0,47400000.0,27.551739157488644,182.9090909090909,19.0
2013,Atletico Madrid,Levante,17:30,25,6,10,3,21,4,5,6,3,1,0,0,D,H,3,1,2025-11-08,0.3622999999999999,1.29112,1.29112,-1.74487,31.9,3,2.4914,3.03599,3.03599,1.74487,5.473684210526316,18,4645546.0,4.0,19.0,Diego Simeone,Julián Calero,Jesús Gil Manzano,4-4-2,4-5-1 flat,13.0,3368.0,311000000.0,27.70655217472466,181.9090909090909,500.0,6000000.0,27.074357538423246,180.36363636363637,194.0
2014,Espanyol,Villarreal,20:00,14,9,3,3,4,2,9,9,0,2,0,0,A,A,0,2,2025-11-08,2.3381,1.47118,1.47118,0.995023,30.08333333333333,6,0.4385,0.476157,0.476157,-0.995023,13.76923076923077,5,4645548.0,6.0,3.0,Manolo González,Marcelino,Alejandro Hernández Hernández,4-2-3-1,4-4-2,714.0,1050.0,25200000.0,27.812830564370607,182.0909090909091,33.0,79500000.0,26.374463319021842,185.0909090909091,197.0
2015,Athletic Club,Real Oviedo,13:00,21,5,7,2,7,4,12,8,1,1,0,0,H,H,1,0,2025-11-09,0.094,0.182696,0.182696,-2.469494,13.555555555555555,4,2.8402,2.65219,2.65219,2.469494,10.193548387096774,10,4645545.0,7.0,20.0,Ernesto Valverde,Luis Carrión,César Soto Grado,4-2-3-1,4-2-3-1,621.0,2497.0,62500000.0,27.91238877481177,181.9090909090909,153.0,20600000.0,28.827826519818306,183.54545454545453,203.0
2016,Rayo Vallecano,Real Madrid,15:15,13,21,2,5,5,8,17,7,3,2,0,0,D,D,0,0,2025-11-09,0.7092,0.841463,0.841463,-0.7649469999999999,13.5625,8,2.0433,1.60641,1.60641,0.7649469999999999,10.0,9,4645549.0,12.0,1.0,Iñigo Pérez,Xabi Alonso,Juan Martínez Munuera,4-2-3-1,4-2-3-1,367.0,418.0,38500000.0,29.262895899446207,178.54545454545453,91.0,390000000.0,24.66330657706428,183.45454545454547,466.0
2017,Mallorca,Getafe,17:30,6,14,4,3,1,14,15,8,0,2,0,0,H,H,1,0,2025-11-09,0.6022,0.539674,0.539674,-0.7638560000000001,6.4,3,2.1415,1.30353,1.30353,0.7638560000000001,9.157894736842104,2,4645553.0,15.0,8.0,Jagoba Arrasate,José Bordalás,De Burgos Bengoetxea,4-4-2 double 6,4-3-3 Attacking,237.0,3709.0,38100000.0,28.292950034223136,185.27272727272728,165.0,31000000.0,28.263082571090784,183.0909090909091,59.0
2018,Valencia,Real Betis,17:30,17,9,4,2,7,2,13,10,3,3,0,0,D,D,1,1,2025-11-09,1.1262,1.58932,1.58932,-0.36216,9.538461538461538,7,1.6206,1.95148,1.95148,0.36216,16.105263157894736,4,4645552.0,17.0,5.0,Carlos Corberán,Manuel Pellegrini,Víctor García Verdura,4-2-3-1,4-2-3-1,1049.0,150.0,51000000.0,25.805239250824467,181.27272727272728,113.0,68000000.0,27.778482981768402,180.63636363636363,234.0
2019,Celta Vigo,Barcelona,20:00,5,21,3,9,2,5,13,10,1,5,0,1,A,A,2,4,2025-11-09,2.8989,3.42936,2.68608,2.173827,11.16,8,0.0633,0.512253,0.512253,-2.173827,14.954545454545457,4,4645551.0,13.0,2.0,Claudio Giráldez,Hansi Flick,Javier Alberola Rojas,5-4-1,4-3-3 Attacking,940.0,131.0,14000000.0,27.146786136519196,182.27272727272728,76.0,100000000.0,26.364258602451624,183.1818181818182,527.0
2020,Valencia,Levante,20:00,14,8,3,1,7,0,16,15,4,3,0,0,D,H,1,0,2025-11-21,0.5828,0.67426,0.67426,-0.97612,10.964285714285714,5,2.1797,1.65038,1.65038,0.97612,9.304347826086955,7,4645502.0,15.0,19.0,Carlos Corberán,Julián Calero,Alejandro Muñiz Ruiz,4-2-3-1,4-5-1,1049.0,3368.0,51000000.0,25.83809346027005,181.27272727272728,113.0,6000000.0,26.671893472714828,179.0,157.0
2021,Alaves,Celta Vigo,13:00,5,7,2,4,4,2,21,15,2,2,0,0,D,A,0,1,2025-11-22,2.3879,1.32351,0.580235,0.2746349999999999,9.40625,5,0.3887,0.3056,0.3056,-0.2746349999999999,9.433333333333334,0,4645504.0,14.0,12.0,Eduardo Coudet,Claudio Giráldez,Juan Martínez Munuera,4-4-2,3-4-3,1108.0,940.0,31500000.0,27.777985190716198,179.63636363636363,39.0,31800000.0,27.416091095762553,177.63636363636363,91.0
2022,Barcelona,Athletic Club,15:15,19,13,7,2,5,7,9,9,0,2,0,1,H,H,4,0,2025-11-22,0.5819,1.04615,1.04615,-1.28307,18.75,5,2.2355,2.32922,2.32922,1.28307,9.72222222222222,15,4645500.0,2.0,8.0,Hansi Flick,Ernesto Valverde,José María Sánchez Martínez,4-3-3 Attacking,4-2-3-1,131.0,621.0,90000000.0,24.77680293696721,182.1818181818182,387.0,102500000.0,27.959430029245222,181.72727272727272,156.0
2023,Osasuna,Real Sociedad,17:30,14,19,4,9,3,3,13,7,3,2,1,0,H,A,1,3,2025-11-22,1.7521,1.76546,1.76546,0.4858199999999999,11.36842105263158,11,0.9952,1.27964,1.27964,-0.4858199999999999,17.375,7,4645498.0,17.0,9.0,Alessio Lisci,Sergio Francisco,Mateo Busquets Ferrer,5-4-1,4-2-3-1,331.0,681.0,55100000.0,27.993279820795223,184.54545454545453,28.0,63000000.0,26.60543836724535,182.36363636363637,176.0
2024,Villarreal,Mallorca,20:00,14,9,7,3,3,1,17,8,2,2,0,0,D,H,2,1,2025-11-22,0.5421,1.38464,1.38464,-1.25246,22.58333333333333,2,2.2722,2.6371,2.6371,1.25246,5.806451612903226,13,4645503.0,3.0,16.0,Marcelino,Jagoba Arrasate,José Luis Guzmán Mansilla,4-4-2 double 6,4-2-3-1,1050.0,237.0,85500000.0,27.366809781594178,184.27272727272728,174.0,32500000.0,27.21274345093647,183.27272727272728,114.0
2025,Real Oviedo,Rayo Vallecano,13:00,8,11,3,3,5,6,11,13,1,2,1,1,D,D,0,0,2025-11-23,1.7597,0.922998,0.922998,0.4235919999999999,7.833333333333333,5,0.8846,0.499406,0.499406,-0.4235919999999999,15.36842105263158,2,4645499.0,20.0,13.0,Luis Carrión,Iñigo Pérez,Alejandro Quintero González,4-2-3-1,4-2-3-1,2497.0,367.0,10600000.0,30.523551739157487,182.27272727272728,267.0,33500000.0,29.017982701760936,177.9090909090909,76.0
2026,Real Betis,Girona,15:15,23,11,7,4,8,0,10,16,3,4,1,0,A,D,1,1,2025-11-23,1.3101000000000005,1.48903,1.48903,-0.0893699999999999,13.61904761904762,6,1.4106,1.5784,1.5784,0.0893699999999999,12.5,9,4645495.0,5.0,18.0,Manuel Pellegrini,Míchel,Iosu Galech Apezteguía,4-2-3-1,4-1-4-1,150.0,12321.0,56000000.0,27.947980835044493,180.27272727272728,135.0,104900000.0,27.04897019476075,182.36363636363637,285.0
2027,Getafe,Atletico Madrid,17:30,9,13,1,6,6,7,9,17,2,3,0,0,D,A,0,1,2025-11-23,2.1559,1.47677,1.47677,0.8979419999999999,5.047619047619048,7,0.5965,0.578828,0.578828,-0.8979419999999999,13.05,7,4645501.0,7.0,4.0,José Bordalás,Diego Simeone,Guillermo Cuadra Fernández,4-1-4-1,4-1-4-1,3709.0,13.0,32600000.0,28.76062472777052,182.8181818181818,149.0,219000000.0,28.068695165204407,180.8181818181818,405.0
2028,Elche,Real Madrid,20:00,15,20,6,7,2,8,10,8,4,0,1,0,D,D,2,2,2025-11-23,2.6343,3.88258,3.88258,2.2874,9.956521739130435,9,0.2652,1.59518,1.59518,-2.2874,11.36842105263158,11,4645496.0,10.0,1.0,Eder Sarabia,Xabi Alonso,Francisco José Hernández Maeso,5-3-2,3-4-1-2,1531.0,418.0,5000000.0,26.104411673200175,181.45454545454547,72.0,305000000.0,25.203658764233715,182.72727272727272,379.0
2029,Espanyol,Sevilla,20:00,8,22,5,6,4,13,18,7,4,1,0,0,D,H,2,1,2025-11-24,1.8209,1.80002,1.80002,0.63377,6.666666666666667,10,0.9227,1.16625,1.16625,-0.63377,8.84375,3,4645497.0,6.0,11.0,Manolo González,Matías Almeyda,Miguel Sesma Espinosa,4-4-2,4-2-3-1,714.0,368.0,25200000.0,28.810154937464997,182.1818181818182,23.0,43200000.0,26.895650550681353,184.54545454545453,251.0
2030,Getafe,Elche,20:00,15,9,6,4,3,5,18,11,2,2,0,0,D,H,1,0,2025-11-28,0.5524,0.448894,0.448894,-0.891566,7.428571428571429,4,2.1892,1.34046,1.34046,0.891566,9.34375,3,4645767.0,7.0,11.0,José Bordalás,Eder Sarabia,Alejandro Hernández Hernández,4-4-2,5-3-2,3709.0,1531.0,31600000.0,30.593989173044612,182.45454545454547,160.0,15500000.0,25.474705992159787,182.27272727272728,78.0
2031,Mallorca,Osasuna,13:00,7,14,4,2,2,8,10,15,3,4,0,0,D,D,2,2,2025-11-29,1.3038,1.11108,1.11108,0.748545,10.130434782608695,4,1.344,1.10581,0.362535,-0.748545,11.411764705882351,3,4645761.0,16.0,17.0,Jagoba Arrasate,Alessio Lisci,Jesús Gil Manzano,4-2-3-1,5-4-1,237.0,331.0,38100000.0,28.347707049965777,185.27272727272728,165.0,55600000.0,27.251820048534626,184.1818181818182,66.0
2032,Barcelona,Alaves,15:15,18,9,6,2,5,4,10,17,2,3,0,0,H,H,3,1,2025-11-29,1.0941,2.09256,2.09256,-0.4183999999999996,15.615384615384617,3,1.6719,2.51096,2.51096,0.4183999999999996,4.885714285714286,11,4645764.0,1.0,14.0,Hansi Flick,Eduardo Coudet,Miguel Ángel Ortiz Arias,4-2-3-1,4-1-4-1,131.0,1108.0,90000000.0,24.28050525791799,182.63636363636363,320.0,31000000.0,27.857880654595235,179.36363636363637,32.0
2033,Levante,Athletic Club,17:30,11,14,4,4,4,2,11,19,3,2,0,0,A,A,0,2,2025-11-29,2.5091,2.80864,2.80864,1.60611,7.171428571428572,9,0.347,1.20253,1.20253,-1.60611,7.5,1,4645765.0,19.0,8.0,Julián Calero,Ernesto Valverde,Adrián Cordero Vega,4-4-2,4-2-3-1,3368.0,621.0,4500000.0,26.829444340737975,180.72727272727272,199.0,69000000.0,27.27098500404455,182.8181818181818,116.0
2034,Atletico Madrid,Real Oviedo,20:00,14,12,8,1,7,2,5,8,0,1,0,0,H,H,2,0,2025-11-29,0.431,0.921985,0.921985,-1.484945,11.961538461538462,4,2.4014,2.40693,2.40693,1.484945,14.523809523809524,13,4645768.0,4.0,20.0,Diego Simeone,Luis Carrión,Víctor García Acosta,5-3-2,4-2-3-1,13.0,2497.0,135000000.0,28.890548192396242,182.72727272727272,588.0,15600000.0,29.986684089353492,182.27272727272728,302.0
2035,Girona,Real Madrid,20:00,10,25,4,4,2,5,9,13,3,0,0,0,H,D,1,1,2025-11-30,2.2422,2.21359,1.47031,0.4186000000000001,8.258064516129032,19,0.558,1.05171,1.05171,-0.4186000000000001,21.416666666666668,6,4645760.0,18.0,2.0,Míchel,Xabi Alonso,De Burgos Bengoetxea,4-2-3-1,4-3-3 Attacking,12321.0,418.0,104900000.0,27.068135150270674,182.36363636363637,285.0,365000000.0,26.938958372223258,182.9090909090909,597.0
2036,Celta Vigo,Espanyol,17:30,11,9,4,2,4,3,12,15,1,2,0,0,D,A,0,1,2025-11-30,1.2821,0.599243,0.599243,-0.036329,13.88888888888889,0,1.3007,0.635572,0.635572,0.036329,8.214285714285714,2,4645769.0,12.0,6.0,Claudio Giráldez,Manolo González,Isidro Díaz de Mera Escuderos,5-4-1,4-4-2,940.0,714.0,31800000.0,28.20309874929998,178.0,72.0,21200000.0,27.391948229730573,182.0,33.0
2037,Sevilla,Real Betis,15:15,9,9,3,4,6,4,14,22,2,3,1,0,D,A,0,2,2025-11-30,1.735,1.17861,1.17861,0.443414,8.26923076923077,4,0.9448,0.735196,0.735196,-0.443414,4.227272727272728,3,4645766.0,13.0,5.0,Matías Almeyda,Manuel Pellegrini,José Luis Munuera Montero,4-2-3-1,4-2-3-1,368.0,150.0,48200000.0,27.422562379441228,182.63636363636363,197.0,51500000.0,26.79932798207952,181.36363636363637,88.0
2038,Real Sociedad,Villarreal,13:00,18,10,7,5,8,2,15,18,3,7,0,0,A,A,2,3,2025-11-30,1.5692,1.63038,1.63038,0.25888,15.318181818181818,7,1.1198,1.3715,1.3715,-0.25888,5.368421052631579,2,4645763.0,10.0,3.0,Sergio Francisco,Marcelino,César Soto Grado,4-2-3-1,4-4-2,681.0,1050.0,88800000.0,26.77369174289092,180.8181818181818,140.0,75500000.0,27.336195631883516,184.45454545454547,171.0
2039,Rayo Vallecano,Valencia,20:00,19,10,7,2,10,5,11,9,1,1,0,0,H,D,1,1,2025-12-01,0.4351,0.897663,0.897663,-1.2353169999999998,19.0,5,2.3644,2.13298,2.13298,1.2353169999999998,9.22222222222222,4,4645762.0,9.0,15.0,Iñigo Pérez,Carlos Corberán,Javier Alberola Rojas,4-3-3 Attacking,4-2-3-1,367.0,1049.0,31900000.0,28.898761744757635,179.0909090909091,69.0,53000000.0,26.290585526725156,181.1818181818182,104.0
2040,Barcelona,Atletico Madrid,20:00,19,7,6,2,5,4,12,9,1,1,0,0,D,H,3,1,2025-12-02,0.2838,1.35018,1.35018,-1.36776,12.8,6,2.6091,3.46121,2.71794,1.36776,8.84,8,4645831.0,1.0,4.0,Hansi Flick,Diego Simeone,De Burgos Bengoetxea,4-2-3-1,4-2-3-1,131.0,13.0,90000000.0,25.137452554290338,181.63636363636363,402.0,262000000.0,27.031298612407443,180.54545454545453,468.0
2041,Athletic Club,Real Madrid,18:00,9,13,4,8,5,7,15,4,2,0,0,0,A,A,0,3,2025-12-03,2.4056,2.36743,2.36743,1.4501150000000005,11.9375,6,0.4259,0.917315,0.917315,-1.4501150000000005,17.458333333333332,7,4645837.0,8.0,2.0,Ernesto Valverde,Xabi Alonso,Jesús Gil Manzano,4-1-4-1,4-4-2 double 6,621.0,418.0,65500000.0,27.48603073859747,183.27272727272728,151.0,460000000.0,26.827950967581355,185.0909090909091,605.0
2042,Real Oviedo,Mallorca,20:00,15,13,3,6,8,5,14,12,2,1,2,0,D,D,0,0,2025-12-05,0.5689,0.617185,0.617185,-0.982905,21.071428571428573,7,2.1949,1.60009,1.60009,0.982905,7.631578947368421,7,4645776.0,19.0,17.0,Luis Carrión,Jagoba Arrasate,Iosu Galech Apezteguía,4-2-3-1,4-2-3-1,2497.0,237.0,15600000.0,30.09545143426047,182.63636363636363,302.0,38100000.0,28.364134154688568,185.27272727272728,165.0
2043,Villarreal,Getafe,13:00,10,6,5,0,5,3,19,15,2,4,0,1,H,H,2,0,2025-12-06,0.7202,0.282254,0.282254,-0.534687,10.423076923076923,0,1.892,0.816941,0.816941,0.534687,6.761904761904762,9,4645774.0,2.0,8.0,Marcelino,José Bordalás,Mateo Busquets Ferrer,4-4-2,4-4-2,1050.0,3709.0,119000000.0,26.768464936842758,183.45454545454547,162.0,31600000.0,29.968016924895775,182.0909090909091,164.0
2044,Alaves,Real Sociedad,15:15,14,10,3,1,5,8,20,16,2,2,0,0,H,H,1,0,2025-12-06,0.7623,1.09935,1.09935,-0.04502,6.888888888888889,3,2.0016000000000003,1.88765,1.14437,0.04502,10.89655172413793,5,4645778.0,11.0,14.0,Eduardo Coudet,Sergio Francisco,Javier Alberola Rojas,4-1-4-1,4-1-4-1,1108.0,681.0,21000000.0,28.153817435131604,179.72727272727272,31.0,88800000.0,26.790118847613712,180.8181818181818,140.0
2045,Real Betis,Barcelona,17:30,17,16,5,8,7,7,14,9,5,2,0,0,A,A,3,5,2025-12-06,1.7489,3.30288,2.55961,0.5607500000000001,12.285714285714286,8,1.0295,2.74214,1.99886,-0.5607500000000001,12.75,10,4645772.0,6.0,1.0,Manuel Pellegrini,Hansi Flick,Francisco José Hernández Maeso,4-2-3-1,4-2-3-1,150.0,131.0,71500000.0,27.247588824590878,181.36363636363637,99.0,140000000.0,23.33669342293572,181.54545454545453,280.0
2046,Athletic Club,Atletico Madrid,20:00,14,7,3,3,5,6,9,12,3,2,0,0,D,H,1,0,2025-12-06,1.0011,0.771885,0.771885,-0.414475,12.9375,3,1.6788,1.18636,1.18636,0.414475,11.846153846153848,6,4645779.0,7.0,4.0,Ernesto Valverde,Diego Simeone,Alejandro Muñiz Ruiz,4-2-3-1,4-1-4-1,621.0,13.0,112500000.0,28.26781158608674,183.0,148.0,317000000.0,26.445896335013376,180.36363636363637,376.0
2047,Elche,Girona,13:00,11,8,6,4,2,2,18,13,0,3,0,0,H,H,3,0,2025-12-07,0.7135,0.781043,0.781043,-0.8140869999999999,17.0,0,2.0176,1.59513,1.59513,0.8140869999999999,6.387096774193548,4,4645770.0,9.0,18.0,Eder Sarabia,Míchel,Miguel Sesma Espinosa,3-5-2 flat,4-4-2 double 6,1531.0,12321.0,5000000.0,26.640781531951962,181.0,19.0,98300000.0,27.999502208947796,181.54545454545453,365.0
2048,Valencia,Sevilla,15:15,11,4,3,1,2,2,12,18,3,6,0,0,D,D,1,1,2025-12-07,0.8225,0.635478,0.635478,-0.603532,8.1,1,1.8566,1.23901,1.23901,0.603532,11.041666666666666,2,4645777.0,16.0,13.0,Carlos Corberán,Matías Almeyda,Guillermo Cuadra Fernández,4-2-3-1,5-4-1,1049.0,368.0,38000000.0,26.786883205774373,181.72727272727272,90.0,33200000.0,27.122643270487217,184.8181818181818,257.0
2049,Espanyol,Rayo Vallecano,17:30,9,6,2,2,6,2,19,22,4,8,1,1,H,H,1,0,2025-12-07,0.2828,0.285545,0.285545,-0.5510250000000001,4.958333333333333,3,2.5415,1.57985,0.83657,0.5510250000000001,7.571428571428571,5,4645771.0,5.0,12.0,Manolo González,Iñigo Pérez,José María Sánchez Martínez,4-2-3-1,4-2-3-1,714.0,367.0,25200000.0,27.794163399912886,181.72727272727272,33.0,34900000.0,28.718312488333023,179.27272727272728,69.0
2050,Real Madrid,Celta Vigo,20:00,23,7,7,5,8,1,6,12,6,1,3,0,D,A,0,2,2025-12-07,0.7943,1.60908,1.60908,-0.8077299999999998,24.08333333333333,7,1.9655,2.41681,2.41681,0.8077299999999998,13.714285714285714,11,4645773.0,3.0,10.0,Xabi Alonso,Claudio Giráldez,Alejandro Quintero González,4-4-2,3-4-2-1,418.0,940.0,355000000.0,25.648435069379627,182.9090909090909,490.0,30000000.0,26.877978968328044,180.45454545454547,77.0
2051,Osasuna,Levante,20:00,14,11,6,5,3,3,15,7,2,2,0,0,H,H,2,0,2025-12-08,0.4633,0.544977,0.544977,-1.204903,9.157894736842104,5,2.3236,1.74988,1.74988,1.204903,9.870967741935484,5,4645775.0,15.0,20.0,Alessio Lisci,Álvaro del Moral,José Luis Guzmán Mansilla,4-1-4-1,4-4-2 double 6,331.0,3368.0,54400000.0,27.810092713583472,183.63636363636363,62.0,2000000.0,26.268309377138944,178.9,197.0
2052,Real Sociedad,Girona,20:00,9,14,4,3,4,3,20,5,1,2,0,0,H,A,1,2,2025-12-12,1.4657,1.16894,1.16894,0.14545,22.75,9,1.2254,1.02349,1.02349,-0.14545,9.297297297297296,13,4645785.0,15.0,18.0,Sergio Francisco,Míchel,Miguel Ángel Ortiz Arias,4-3-3 Attacking,4-3-3 Defending,681.0,12321.0,112000000.0,26.08798456847738,179.45454545454547,132.0,106300000.0,28.272540601082696,182.0909090909091,393.0
2053,Atletico Madrid,Valencia,13:00,10,13,6,2,5,7,13,11,3,1,0,0,H,H,2,1,2025-12-13,0.8010999999999999,1.26068,1.26068,-0.8100799999999999,12.75,6,1.9666,2.07076,2.07076,0.8100799999999999,7.921052631578948,4,4645788.0,4.0,17.0,Diego Simeone,Carlos Corberán,César Soto Grado,4-4-2,5-3-2,13.0,1049.0,304000000.0,27.04722792607803,182.0909090909091,480.0,37200000.0,26.4478874992222,181.45454545454547,88.0
2054,Mallorca,Elche,15:15,15,9,8,0,1,1,13,13,3,0,0,0,D,H,3,1,2025-12-13,0.1444,0.311674,0.311674,-2.269326,9.52,7,2.7691,2.581,2.581,2.269326,13.347826086956522,4,4645783.0,14.0,11.0,Jagoba Arrasate,Eder Sarabia,José Luis Munuera Montero,4-3-3 Attacking,4-1-4-1,237.0,1531.0,29000000.0,28.75340675751353,183.1818181818182,163.0,10000000.0,26.52628958994462,181.0,15.0
2055,Barcelona,Osasuna,17:30,24,3,7,2,14,1,5,8,0,3,0,0,D,H,2,0,2025-12-13,0.1656,0.228217,0.228217,-1.916463,20.058823529411764,1,2.7279,2.14468,2.14468,1.916463,3.8181818181818175,17,4645789.0,1.0,16.0,Hansi Flick,Alessio Lisci,Adrián Cordero Vega,4-2-3-1,5-4-1,131.0,331.0,130000000.0,24.166760002488957,181.8181818181818,314.0,56100000.0,27.130359031796402,185.45454545454547,65.0
2056,Getafe,Espanyol,20:00,11,6,1,4,6,4,18,17,5,1,0,0,D,A,0,1,2025-12-13,1.83,0.75472,0.75472,0.4487949999999999,7.208333333333333,2,0.7677,0.305925,0.305925,-0.4487949999999999,8.789473684210526,3,4645784.0,10.0,5.0,José Bordalás,Manolo González,Jesús Gil Manzano,4-3-3 Attacking,4-4-2 double 6,3709.0,714.0,21600000.0,29.168813390579306,182.63636363636363,118.0,25200000.0,28.75539792172236,183.0909090909091,27.0
2057,Sevilla,Real Oviedo,13:00,13,5,7,1,5,3,11,12,1,2,0,1,H,H,4,0,2025-12-14,0.2086,0.416975,0.416975,-1.902015,10.76,0,2.6746000000000003,2.31899,2.31899,1.902015,11.352941176470589,4,4645786.0,9.0,19.0,Matías Almeyda,Luis Carrión,Isidro Díaz de Mera Escuderos,5-3-2,4-2-3-1,368.0,2497.0,29900000.0,27.973617074233093,185.36363636363637,379.0,14000000.0,28.614523053948105,182.45454545454547,210.0
2058,Celta Vigo,Athletic Club,15:15,5,14,2,2,1,4,11,13,3,2,0,0,D,H,2,0,2025-12-14,1.1082,1.66561,0.92233,-1.04841,10.1875,3,1.623,1.97074,1.97074,1.04841,11.791666666666666,4,4645781.0,8.0,7.0,Claudio Giráldez,Ernesto Valverde,Alejandro Hernández Hernández,5-4-1,4-2-3-1,940.0,621.0,15800000.0,27.358596229232777,182.27272727272728,65.0,112500000.0,27.825524236201854,182.36363636363637,114.0
2059,Alaves,Real Madrid,20:00,6,13,2,6,5,7,12,13,3,1,0,0,A,A,1,2,2025-12-14,1.8633,1.90656,1.90656,0.5935600000000001,12.692307692307692,4,0.8721000000000001,1.313,1.313,-0.5935600000000001,12.409090909090908,3,4645787.0,12.0,3.0,Eduardo Coudet,Xabi Alonso,Víctor García Verdura,4-1-4-1,4-4-2,1108.0,418.0,31000000.0,27.898948416402217,179.36363636363637,32.0,280000000.0,25.657893099371538,183.9090909090909,565.0
2060,Rayo Vallecano,Real Betis,20:00,23,13,7,6,8,3,10,7,4,1,0,0,D,D,0,0,2025-12-15,0.4284,0.788766,0.788766,-1.3960340000000002,18.46153846153846,8,2.3967,2.1848,2.1848,1.3960340000000002,8.25,2,4645782.0,13.0,6.0,Iñigo Pérez,Manuel Pellegrini,De Burgos Bengoetxea,4-2-3-1,4-2-3-1,367.0,150.0,34000000.0,30.053139194822972,178.45454545454547,89.0,59500000.0,28.318337377885634,181.0909090909091,187.0
2061,Valencia,Mallorca,20:00,17,4,2,2,12,3,10,12,2,3,0,0,A,D,1,1,2025-12-19,0.131,0.199412,0.199412,-1.960708,18.866666666666667,2,2.7797000000000005,2.16012,2.16012,1.960708,7.9411764705882355,10,4645845.0,17.0,13.0,Carlos Corberán,Jagoba Arrasate,Alejandro Quintero González,4-4-2,4-2-3-1,1049.0,237.0,38000000.0,26.837408997573267,181.27272727272728,71.0,42100000.0,27.756331279945243,183.45454545454547,149.0
2062,Real Oviedo,Celta Vigo,13:00,10,6,3,2,4,3,14,7,2,1,0,0,D,D,0,0,2025-12-20,1.3682,0.600009,0.600009,0.082478,20.46153846153846,1,1.1957,0.517531,0.517531,-0.082478,9.037037037037036,6,4645844.0,19.0,7.0,Guillermo Almada,Claudio Giráldez,Francisco José Hernández Maeso,4-2-3-1,5-4-1,2497.0,940.0,4000000.0,28.350942691805116,180.8181818181818,138.0,15000000.0,26.406321946363015,178.54545454545453,47.0
2063,Levante,Real Sociedad,15:15,13,18,3,6,7,10,16,13,6,2,0,0,A,D,1,1,2025-12-20,1.6465,1.62986,1.62986,1.153092,8.19047619047619,6,1.0684,1.22005,0.476768,-1.153092,10.26923076923077,3,4645849.0,20.0,16.0,Álvaro del Moral,Ion Ansotegi,Guillermo Cuadra Fernández,4-2-3-1,4-1-4-1,3368.0,681.0,6000000.0,26.877232281749738,179.9090909090909,193.0,120800000.0,26.186298301288037,180.27272727272728,166.0
2064,Osasuna,Alaves,17:30,16,7,7,3,9,0,16,11,2,2,0,0,D,H,3,0,2025-12-20,0.2832,0.718671,0.718671,-0.929499,12.666666666666666,2,2.5779,2.39145,1.64817,0.929499,7.53125,4,4645841.0,12.0,14.0,Alessio Lisci,Eduardo Coudet,César Soto Grado,4-2-3-1,4-3-3 Attacking,331.0,1108.0,40400000.0,28.68570717441354,184.0909090909091,64.0,31000000.0,27.793914504386784,179.72727272727272,33.0
2065,Real Madrid,Sevilla,20:00,18,14,8,5,6,5,13,19,2,5,0,1,H,H,2,0,2025-12-20,0.22,1.51418,1.51418,-1.7439299999999998,12.333333333333334,9,2.6956,4.00139,3.25811,1.7439299999999998,12.695652173913045,10,4645840.0,2.0,10.0,Xabi Alonso,Matías Almeyda,Alejandro Muñiz Ruiz,4-3-3 Attacking,5-3-2,418.0,368.0,175000000.0,25.715636861427413,183.54545454545453,496.0,54400000.0,28.28647875054446,183.9090909090909,421.0
2066,Real Betis,Getafe,20:00,19,15,8,3,7,5,13,12,0,1,0,0,H,H,4,0,2025-12-21,0.2026,1.24726,0.503982,-2.956238,8.26923076923077,3,2.7046,3.46022,3.46022,2.956238,9.4,6,4645847.0,6.0,11.0,Manuel Pellegrini,José Bordalás,Miguel Sesma Espinosa,4-2-3-1,5-3-2,150.0,3709.0,51500000.0,28.17771140563748,180.27272727272728,191.0,31600000.0,30.00908468670276,182.0909090909091,164.0
2067,Elche,Rayo Vallecano,17:30,18,18,6,8,4,5,15,11,2,3,0,0,H,H,4,0,2025-12-21,0.176,1.14923,1.14923,-2.5207300000000004,6.916666666666667,4,2.7446,3.66996,3.66996,2.5207300000000004,9.652173913043478,8,4645848.0,9.0,15.0,Eder Sarabia,Iñigo Pérez,Adrián Cordero Vega,3-5-2 flat,4-2-3-1,1531.0,367.0,9000000.0,26.06135274718437,182.0,13.0,17700000.0,30.14871507684649,176.8181818181818,61.0
2068,Girona,Atletico Madrid,13:00,9,14,2,6,3,4,7,14,2,0,0,0,A,A,0,3,2025-12-21,1.4323,1.26201,1.26201,0.14636,12.64,12,1.2589,1.11565,1.11565,-0.14636,13.61904761904762,5,4645842.0,18.0,4.0,Míchel,Diego Simeone,José Luis Guzmán Mansilla,4-5-1,4-4-2,12321.0,13.0,89300000.0,27.69709414473275,182.1818181818182,365.0,311000000.0,27.358347333706675,182.9090909090909,445.0
2069,Villarreal,Barcelona,15:15,14,19,5,5,5,10,10,8,1,1,1,0,A,A,0,2,2025-12-21,2.1114,3.27381,2.53053,0.3658700000000001,5.052631578947368,17,0.6963,2.16466,2.16466,-0.3658700000000001,26.266666666666666,4,4645843.0,3.0,1.0,Marcelino,Hansi Flick,Javier Alberola Rojas,4-4-2,4-2-3-1,1050.0,131.0,88000000.0,26.907597535934293,184.45454545454547,161.0,90000000.0,24.189907286416528,181.45454545454547,275.0
2070,Athletic Club,Espanyol,20:00,17,10,7,5,8,4,10,9,5,2,0,0,D,A,1,2,2025-12-22,0.7494000000000001,0.908988,0.908988,-0.813832,15.411764705882351,1,1.9878,1.72282,1.72282,0.813832,7.136363636363637,9,4645846.0,8.0,5.0,Ernesto Valverde,Manolo González,Mateo Busquets Ferrer,4-2-3-1,4-2-3-1,621.0,714.0,102500000.0,27.752846742579802,181.27272727272728,127.0,25200000.0,27.835231161719868,181.72727272727272,33.0
2071,Rayo Vallecano,Getafe,20:00,13,12,4,4,3,2,13,10,3,4,0,0,H,D,1,1,2026-01-02,1.3186,0.663898,0.663898,0.0015739999999999,15.88888888888889,1,1.2970000000000002,0.662324,0.662324,-0.0015739999999999,5.0,5,4645854.0,14.0,10.0,Iñigo Pérez,José Bordalás,Miguel Ángel Ortiz Arias,4-2-3-1,4-2-3-1,367.0,3709.0,36500000.0,29.804990355298365,177.9090909090909,76.0,26600000.0,29.797274593989176,181.0909090909091,116.0
2072,Celta Vigo,Valencia,13:00,12,16,6,5,2,4,10,9,1,3,0,0,H,H,4,1,2026-01-03,0.7891,1.79296,1.04968,-0.7973400000000002,14.411764705882351,7,1.9903,2.59029,1.84702,0.7973400000000002,15.521739130434783,6,4645858.0,7.0,18.0,Claudio Giráldez,Carlos Corberán,De Burgos Bengoetxea,5-4-1,5-3-2,940.0,1049.0,30000000.0,26.677618069815196,180.9090909090909,78.0,23000000.0,26.314479497231037,182.9090909090909,87.0
2073,Osasuna,Athletic Club,15:15,11,16,4,6,1,9,12,19,3,3,0,0,H,D,1,1,2026-01-03,1.92,1.554,1.554,0.685949,6.875,12,0.8171999999999999,0.868051,0.868051,-0.685949,13.5,3,4645850.0,12.0,8.0,Alessio Lisci,Ernesto Valverde,José Luis Munuera Montero,4-2-3-1,4-2-3-1,331.0,621.0,39400000.0,29.247215481301723,182.63636363636363,64.0,102500000.0,27.11642088233464,182.8181818181818,137.0
2074,Elche,Villarreal,17:30,15,12,2,4,6,2,8,11,3,3,0,0,A,A,1,3,2026-01-03,2.1051,2.635,2.635,1.1138099999999995,19.894736842105264,8,0.7002,1.52119,1.52119,-1.1138099999999995,3.769230769230769,8,4645859.0,9.0,3.0,Eder Sarabia,Marcelino,Isidro Díaz de Mera Escuderos,3-5-2 flat,4-4-2,1531.0,1050.0,14000000.0,26.470288096571462,182.1818181818182,23.0,93500000.0,27.213241241988673,183.27272727272728,137.0
2075,Espanyol,Barcelona,20:00,14,15,7,6,5,7,10,14,1,0,0,0,D,A,0,2,2026-01-03,2.1528,2.94252,2.94252,1.14591,4.96,7,0.663,1.79661,1.79661,-1.14591,18.5,4,4645852.0,5.0,1.0,Manolo González,Hansi Flick,Víctor García Verdura,4-2-3-1,4-2-3-1,714.0,131.0,25200000.0,27.868085371165453,181.72727272727272,33.0,130000000.0,24.72777051832493,182.45454545454547,338.0
2076,Sevilla,Levante,13:00,15,6,7,4,5,1,16,10,3,4,0,0,A,A,0,3,2026-01-04,1.3397,1.65102,1.65102,0.82422,14.789473684210526,0,1.3661,1.66562,0.8268,-0.82422,7.904761904761905,7,4645856.0,11.0,19.0,Matías Almeyda,Luís Castro,Iosu Galech Apezteguía,5-3-2,4-2-3-1,368.0,3368.0,54400000.0,27.039014373716633,183.63636363636363,385.0,6000000.0,26.173853524982892,179.9090909090909,179.0
2077,Real Madrid,Real Betis,15:15,19,13,9,5,5,8,10,12,1,1,0,0,H,H,5,1,2026-01-04,0.2632,0.974623,0.974623,-2.032677,18.476190476190474,5,2.6221,3.0073,3.0073,2.032677,15.933333333333334,10,4645853.0,2.0,6.0,Xabi Alonso,Manuel Pellegrini,Alejandro Hernández Hernández,4-4-2,4-2-3-1,418.0,150.0,390000000.0,25.771140563748364,184.54545454545453,481.0,51500000.0,28.216041316657332,180.27272727272728,191.0
2078,Alaves,Real Oviedo,17:30,18,18,7,6,6,7,11,20,3,3,1,1,D,D,1,1,2026-01-04,2.3882000000000003,3.21906,3.21906,1.6514999999999995,7.666666666666667,11,0.4634,1.56756,1.56756,-1.6514999999999995,6.875,5,4645857.0,13.0,20.0,Eduardo Coudet,Guillermo Almada,Jesús Gil Manzano,4-1-4-1,4-2-3-1,1108.0,2497.0,34500000.0,27.57015742642026,178.72727272727272,38.0,4000000.0,28.392010453612098,180.8181818181818,138.0
2079,Mallorca,Girona,17:30,9,9,2,4,3,6,10,14,2,1,0,0,A,A,1,2,2026-01-04,1.323,1.45714,0.713867,-0.026239,13.5,7,1.3479,1.48338,0.740106,0.026239,10.0,6,4645855.0,16.0,17.0,Jagoba Arrasate,Míchel,Javier Alberola Rojas,4-2-3-1,4-1-4-1,237.0,12321.0,45000000.0,28.915686640532638,182.45454545454547,193.0,98300000.0,28.738721921473463,181.0909090909091,373.0
2080,Real Sociedad,Atletico Madrid,20:00,18,10,8,2,6,6,11,13,3,2,0,0,D,D,1,1,2026-01-04,1.1118,1.37325,1.37325,-0.33324,11.444444444444445,5,1.6275,1.70649,1.70649,0.33324,10.580645161290322,9,4645851.0,15.0,4.0,Pellegrino Matarazzo,Diego Simeone,Juan Martínez Munuera,4-2-3-1,4-4-2,681.0,13.0,116000000.0,26.625598904859682,181.45454545454547,246.0,311000000.0,27.097753717876923,182.36363636363637,410.0
2081,Getafe,Real Sociedad,20:00,6,12,3,5,2,4,17,17,2,1,0,0,A,A,1,2,2026-01-09,2.2986,1.25801,1.25801,1.017842,3.4651162790697674,4,0.4416,0.240168,0.240168,-1.017842,13.421052631578949,1,4645838.0,12.0,11.0,José Bordalás,Pellegrino Matarazzo,Francisco José Hernández Maeso,4-5-1,4-2-3-1,3709.0,681.0,24400000.0,30.078576317590695,181.1,41.0,116000000.0,26.63928815879535,181.45454545454547,246.0
2082,Valencia,Elche,20:00,16,5,4,1,8,6,14,14,2,3,0,0,D,D,1,1,2026-01-10,0.1609,0.244413,0.244413,-1.053777,7.5,5,2.7379,2.04147,1.29819,1.053777,11.37037037037037,5,4645834.0,18.0,9.0,Carlos Corberán,Eder Sarabia,Miguel Ángel Ortiz Arias,4-2-3-1,4-1-4-1,1049.0,1531.0,55000000.0,27.30657706427727,180.9090909090909,170.0,15500000.0,27.39120154315226,182.0909090909091,21.0
2083,Girona,Osasuna,17:30,8,13,4,1,2,1,14,13,2,6,1,0,H,H,1,0,2026-01-10,1.5146,1.22674,1.22674,0.2427159999999999,11.95,8,1.1612,0.984024,0.984024,-0.2427159999999999,10.25925925925926,8,4645839.0,13.0,15.0,Míchel,Alessio Lisci,Alejandro Hernández Hernández,4-2-3-1,4-2-3-1,12321.0,331.0,96900000.0,27.47881276834049,180.8181818181818,237.0,39400000.0,29.266380436811644,182.63636363636363,64.0
2084,Villarreal,Alaves,15:15,11,16,4,5,1,6,10,14,0,2,0,0,D,H,3,1,2026-01-10,0.9222,0.844572,0.844572,-0.5386479999999999,7.696969696969697,3,1.7901000000000002,1.38322,1.38322,0.5386479999999999,16.318181818181817,10,4645830.0,3.0,16.0,Marcelino,Eduardo Coudet,Alejandro Muñiz Ruiz,4-4-2,4-2-3-1,1050.0,1108.0,116500000.0,27.449691991786448,183.36363636363637,159.0,29500000.0,27.894468296932363,180.9090909090909,35.0
2085,Real Oviedo,Real Betis,13:00,13,15,3,6,5,2,15,8,3,1,0,0,D,D,1,1,2026-01-10,2.4955,2.70809,2.70809,1.69783,12.333333333333334,15,0.3613,1.01026,1.01026,-1.69783,12.482758620689657,4,4645832.0,20.0,6.0,Guillermo Almada,Manuel Pellegrini,Guillermo Cuadra Fernández,4-2-3-1,4-3-3 Attacking,2497.0,150.0,10000000.0,27.346400348453734,181.36363636363637,62.0,51500000.0,28.00099558210441,179.0909090909091,146.0
2086,Rayo Vallecano,Mallorca,13:00,14,9,5,2,6,5,14,14,1,5,1,0,H,H,2,1,2026-01-11,0.6212000000000001,1.05743,1.05743,-0.25034,11.105263157894736,0,2.1542,2.05105,1.30777,0.25034,7.076923076923077,4,4645836.0,10.0,17.0,Iñigo Pérez,Jagoba Arrasate,Juan Martínez Munuera,4-2-3-1,4-4-2,367.0,237.0,36500000.0,28.807417086677866,179.0,64.0,40500000.0,28.138634808039328,182.8181818181818,180.0
2087,Levante,Espanyol,15:15,8,19,2,3,4,3,10,9,0,1,0,0,D,D,1,1,2026-01-11,1.6797,1.58922,1.58922,0.4069,9.193548387096774,6,1.0452,1.18232,1.18232,-0.4069,10.91304347826087,6,4645835.0,19.0,5.0,Luís Castro,Manolo González,César Soto Grado,4-2-3-1,4-4-2,3368.0,714.0,6000000.0,26.193018480492814,179.9090909090909,179.0,25200000.0,28.881339057930436,181.63636363636363,23.0
2088,Sevilla,Celta Vigo,20:00,7,9,2,7,6,1,16,16,3,3,0,0,D,A,0,1,2026-01-12,2.7841,2.07629,1.33301,1.070489,17.8,3,0.1315,0.262521,0.262521,-1.070489,7.296296296296297,5,4645833.0,14.0,7.0,Matías Almeyda,Claudio Giráldez,José María Sánchez Martínez,5-3-2,4-4-2,368.0,940.0,53000000.0,26.023520627216726,184.9090909090909,217.0,31800000.0,27.755335697840835,181.72727272727272,95.0
2089,Espanyol,Girona,20:00,14,7,2,4,5,4,17,17,5,5,0,0,A,A,0,2,2026-01-16,1.8785,1.82377,0.33721,-0.93017,7.548387096774194,5,0.8492,1.26738,1.26738,0.93017,9.071428571428571,2,4645879.0,5.0,11.0,Manolo González,Míchel,Iosu Galech Apezteguía,4-2-3-1,4-2-3-1,714.0,12321.0,25200000.0,27.90367743139817,181.72727272727272,33.0,96900000.0,27.49523987306328,180.8181818181818,237.0
2090,Real Betis,Villarreal,20:00,15,9,6,3,2,3,14,13,3,2,0,1,D,H,2,0,2026-01-17,1.1973,1.17907,1.17907,-0.1704399999999999,14.523809523809524,4,1.4787,1.34951,1.34951,0.1704399999999999,6.176470588235294,7,4645876.0,6.0,3.0,Manuel Pellegrini,Marcelino,Víctor García Verdura,4-2-3-1,4-4-2,150.0,1050.0,35000000.0,28.35243606496173,181.0,122.0,105500000.0,27.29736792981146,183.45454545454547,176.0
2091,Real Madrid,Levante,13:00,26,10,11,0,8,0,12,14,2,1,0,0,D,H,2,0,2026-01-17,0.3402,0.787501,0.787501,-1.017869,25.73333333333333,8,2.523,2.54865,1.80537,1.017869,8.3,13,4645875.0,2.0,19.0,Álvaro Arbeloa,Luís Castro,Miguel Sesma Espinosa,4-3-3 Attacking,4-2-3-1,418.0,3368.0,390000000.0,24.89229046107896,185.72727272727272,465.0,2000000.0,25.613589695725217,178.36363636363637,157.0
2092,Mallorca,Athletic Club,15:15,18,21,9,11,3,7,10,10,1,5,0,2,D,H,3,2,2026-01-17,0.8277,2.28242,2.28242,0.8953900000000001,14.090909090909092,9,1.9578,3.11432,1.38703,-0.8953900000000001,9.761904761904765,6,4645873.0,15.0,10.0,Jagoba Arrasate,Ernesto Valverde,José Luis Guzmán Mansilla,4-4-2,4-2-3-1,237.0,621.0,36300000.0,27.203534316470662,183.0,154.0,72500000.0,27.638603696098563,181.9090909090909,111.0
2093,Osasuna,Real Oviedo,17:30,16,13,5,5,3,6,14,15,1,4,1,0,D,H,3,2,2026-01-17,0.9066,1.36173,1.36173,-0.6737799999999998,10.333333333333334,5,1.8501,2.03551,2.03551,0.6737799999999998,7.75,5,4645871.0,12.0,20.0,Alessio Lisci,Guillermo Almada,Alejandro Quintero González,4-3-3 Attacking,4-2-3-1,331.0,2497.0,34200000.0,29.638977039387715,182.0909090909091,66.0,0.0,27.730595482546203,180.2,56.0
2094,Celta Vigo,Rayo Vallecano,17:30,11,14,7,3,5,7,7,14,4,3,0,1,H,H,3,0,2026-01-18,0.8952,1.31932,1.31932,0.1598600000000001,13.857142857142858,4,1.8495,1.90274,1.15946,-0.1598600000000001,12.85,9,4645877.0,7.0,13.0,Claudio Giráldez,Iñigo Pérez,Mateo Busquets Ferrer,5-4-1,4-2-3-1,940.0,367.0,39000000.0,25.953580984381805,179.63636363636363,75.0,20900000.0,29.383610229606123,179.0,26.0
2095,Real Sociedad,Barcelona,20:00,8,25,6,9,6,8,13,8,3,3,1,0,H,H,2,1,2026-01-18,2.6286,3.92031,3.92031,2.36156,5.3,16,0.273,1.55875,1.55875,-2.36156,11.0,6,4645874.0,9.0,1.0,Pellegrino Matarazzo,Hansi Flick,Jesús Gil Manzano,4-2-3-1,4-3-3 Attacking,681.0,131.0,125000000.0,26.615643083815566,180.36363636363637,212.0,90000000.0,24.072179702569848,180.63636363636363,323.0
2096,Getafe,Valencia,13:00,14,7,3,1,9,3,8,18,2,3,0,1,D,A,0,1,2026-01-18,1.4978,0.746856,0.746856,0.162265,8.473684210526315,5,1.1138,0.584591,0.584591,-0.162265,8.125,6,4645870.0,16.0,17.0,José Bordalás,Carlos Corberán,Isidro Díaz de Mera Escuderos,4-2-3-1,4-4-2,3709.0,1049.0,32600000.0,28.927384730259472,182.27272727272728,117.0,29200000.0,28.400472901499597,182.1818181818182,134.0
2097,Atletico Madrid,Alaves,15:15,23,8,6,0,6,6,13,5,1,1,0,0,D,H,1,0,2026-01-18,0.9606,1.21004,1.21004,-0.56426,25.25,0,1.7727,1.7743,1.7743,0.56426,7.705882352941177,13,4645872.0,4.0,18.0,Diego Simeone,Eduardo Coudet,Guillermo Cuadra Fernández,4-4-2,4-1-4-1,13.0,1108.0,324000000.0,26.27540289963288,183.0,362.0,29500000.0,27.916371103229423,180.9090909090909,35.0
2098,Elche,Sevilla,20:00,10,25,5,8,9,7,11,12,3,1,0,0,H,D,2,2,2026-01-19,2.165,2.4961,1.75282,0.27207,4.727272727272728,10,0.6217999999999999,1.48075,1.48075,-0.27207,7.0,8,4645878.0,8.0,14.0,Eder Sarabia,Matías Almeyda,De Burgos Bengoetxea,3-4-2-1,5-3-2,1531.0,368.0,15500000.0,26.772198369734305,181.72727272727272,30.0,53000000.0,26.04268558272665,184.9090909090909,217.0
2099,Levante,Elche,20:00,26,6,6,3,9,1,13,13,2,3,0,0,A,H,3,2,2026-01-23,0.1134,0.632971,0.632971,-2.611579,7.130434782608695,4,2.8227,3.24455,3.24455,2.611579,12.4,8,4645790.0,19.0,11.0,Luís Castro,Eder Sarabia,José Luis Munuera Montero,4-2-3-1,4-3-3 Attacking,3368.0,1531.0,5000000.0,25.7567046232344,179.27272727272728,151.0,19500000.0,25.73305954825462,181.0,33.0
2100,Sevilla,Athletic Club,17:30,10,15,7,3,5,5,16,12,2,1,0,0,D,H,2,1,2026-01-24,1.7433999999999998,1.91259,1.91259,1.225321,9.8,11,0.976,1.43055,0.687269,-1.225321,5.241379310344827,4,4645798.0,12.0,13.0,Matías Almeyda,Ernesto Valverde,Francisco José Hernández Maeso,5-3-2,4-2-3-1,368.0,621.0,50000000.0,26.589757949100864,184.36363636363637,268.0,58500000.0,27.68365378632319,180.9090909090909,94.0
2101,Villarreal,Real Madrid,20:00,8,14,1,4,6,6,19,10,3,1,0,0,D,A,0,2,2026-01-24,1.9193,1.62206,0.878783,-0.074048,10.434782608695652,11,0.794,0.952831,0.952831,0.074048,10.241379310344827,8,4645794.0,4.0,2.0,Marcelino,Álvaro Arbeloa,César Soto Grado,4-4-2,4-3-3 Attacking,1050.0,418.0,105500000.0,27.107211747868835,183.54545454545453,216.0,390000000.0,24.14137265882646,184.1818181818182,446.0
2102,Rayo Vallecano,Osasuna,13:00,11,14,4,5,4,3,12,15,2,2,0,0,A,A,1,3,2026-01-24,1.9862,1.36861,1.36861,0.6990460000000001,11.91304347826087,5,0.7298,0.669564,0.669564,-0.6990460000000001,4.318181818181818,7,4645793.0,16.0,9.0,Iñigo Pérez,Alessio Lisci,Miguel Sesma Espinosa,4-2-3-1,4-2-3-1,367.0,331.0,21500000.0,30.381681289278823,177.9090909090909,54.0,55800000.0,27.934291581108827,180.8181818181818,72.0
2103,Valencia,Espanyol,15:15,10,16,5,6,2,7,13,10,1,5,0,0,H,H,3,2,2026-01-24,0.6143,1.75941,1.75941,-0.2668699999999999,6.724137931034483,8,2.1626,2.76956,2.02628,0.2668699999999999,9.115384615384617,3,4645791.0,14.0,5.0,Carlos Corberán,Manolo González,Alejandro Hernández Hernández,4-4-2,4-4-2,1049.0,714.0,14200000.0,28.094331404393007,182.0909090909091,133.0,6200000.0,27.827266504884573,182.63636363636363,30.0
2104,Alaves,Real Betis,20:00,17,18,9,4,6,4,17,11,1,1,0,0,H,H,2,1,2026-01-25,1.4749,1.78662,1.78662,0.1156000000000001,5.441176470588236,4,1.2772,1.67102,1.67102,-0.1156000000000001,10.115384615384617,2,4645795.0,15.0,6.0,Eduardo Coudet,Manuel Pellegrini,Miguel Ángel Ortiz Arias,4-4-2,4-2-3-1,1108.0,150.0,30500000.0,28.209570032978657,181.27272727272728,41.0,53900000.0,27.59330471034783,180.9090909090909,163.0
2105,Real Sociedad,Celta Vigo,17:30,10,17,4,4,2,9,7,13,1,1,1,0,H,H,3,1,2026-01-25,0.9918,1.63115,1.63115,0.21947,8.625,10,1.7664,2.15496,1.41168,-0.21947,20.166666666666668,6,4645799.0,8.0,7.0,Pellegrino Matarazzo,Claudio Giráldez,Javier Alberola Rojas,4-2-3-1,5-4-1,681.0,940.0,93000000.0,25.93192707361085,181.8181818181818,198.0,24000000.0,25.56430838155684,180.27272727272728,73.0
2106,Atletico Madrid,Mallorca,13:00,17,6,8,1,10,3,10,7,2,1,0,0,H,H,3,0,2026-01-25,0.4554,0.367893,0.367893,-1.057117,21.0,1,2.3073,1.42501,1.42501,1.057117,8.0,8,4645796.0,3.0,18.0,Diego Simeone,Jagoba Arrasate,José María Sánchez Martínez,4-4-2,4-4-2 double 6,13.0,237.0,289000000.0,26.95264762615892,183.0909090909091,446.0,43100000.0,28.512973679298113,184.72727272727272,163.0
2107,Barcelona,Real Oviedo,15:15,15,12,7,3,10,1,8,21,1,2,0,0,D,H,3,0,2026-01-25,0.2084,0.486404,0.486404,-2.112766,11.805555555555555,0,2.6858,2.59917,2.59917,2.112766,5.962962962962963,12,4645797.0,1.0,20.0,Hansi Flick,Guillermo Almada,Juan Martínez Munuera,4-2-3-1,4-2-3-1,131.0,2497.0,30000000.0,26.20297430153693,182.0,441.0,15000000.0,27.619936531640846,181.54545454545453,55.0
2108,Girona,Getafe,20:00,12,8,4,2,3,4,13,15,5,3,0,0,D,D,1,1,2026-01-26,1.4355,1.1089,1.1089,0.0931900000000001,15.523809523809524,4,1.2567000000000002,1.01571,1.01571,-0.0931900000000001,6.227272727272728,5,4645792.0,10.0,17.0,Míchel,José Bordalás,Alejandro Quintero González,4-2-3-1,5-3-2,12321.0,3709.0,84900000.0,27.876796714579054,178.54545454545453,269.0,33900000.0,29.058801568041815,183.54545454545453,112.0
2109,Espanyol,Alaves,20:00,10,11,3,7,4,2,15,15,0,1,0,0,D,A,1,2,2026-01-30,1.4669,1.32248,1.32248,0.12152,10.333333333333334,6,1.2371,1.20096,1.20096,-0.12152,8.642857142857142,2,4645809.0,6.0,10.0,Manolo González,Eduardo Coudet,Miguel Sesma Espinosa,4-4-2,4-4-2,714.0,1108.0,9000000.0,28.16700889801506,183.45454545454547,27.0,27500000.0,27.574388650364007,181.0909090909091,41.0
2110,Real Oviedo,Girona,13:00,8,9,4,1,4,4,12,16,1,1,0,0,D,H,1,0,2026-01-31,0.6892,0.664225,0.664225,-0.6017850000000001,5.230769230769231,7,2.0053,1.26601,1.26601,0.6017850000000001,19.9,4,4645803.0,20.0,12.0,Guillermo Almada,Míchel,Javier Alberola Rojas,4-2-3-1,4-3-3 Attacking,2497.0,12321.0,16600000.0,27.63785700952025,182.0909090909091,57.0,94900000.0,27.86858316221766,178.45454545454547,281.0
2111,Osasuna,Villarreal,15:15,15,5,5,4,6,2,15,7,2,2,0,0,H,D,2,2,2026-01-31,0.4417999999999999,0.911128,0.16785,-1.96682,9.478260869565217,1,2.3441,2.13467,2.13467,1.96682,10.782608695652174,3,4645808.0,9.0,4.0,Alessio Lisci,Marcelino,De Burgos Bengoetxea,4-2-3-1,4-4-2,331.0,1050.0,46900000.0,29.17603136083629,181.1818181818182,71.0,107500000.0,27.35784954265447,184.0,196.0
2112,Levante,Atletico Madrid,17:30,10,10,2,4,4,7,11,12,2,1,0,0,D,D,0,0,2026-01-31,1.4893999999999998,0.615283,0.615283,0.204193,10.333333333333334,9,1.0558999999999998,0.41109,0.41109,-0.204193,10.833333333333334,2,4645800.0,19.0,3.0,Luís Castro,Diego Simeone,Víctor García Verdura,4-2-3-1,4-4-2,3368.0,13.0,9000000.0,25.3303465870201,180.9090909090909,133.0,169000000.0,27.730695040756643,183.63636363636363,383.0
2113,Elche,Barcelona,20:00,9,30,3,8,2,8,15,9,2,1,0,0,A,A,1,3,2026-01-31,2.9956,7.11049,7.11049,6.27149,8.037037037037036,24,0.0028,0.839,0.839,-6.27149,15.545454545454543,6,4645801.0,13.0,1.0,Eder Sarabia,Hansi Flick,Alejandro Muñiz Ruiz,3-4-1-2,4-3-3 Attacking,1531.0,131.0,13000000.0,25.549374649990668,181.8181818181818,91.0,90000000.0,24.648372845498102,180.8181818181818,320.0
2114,Athletic Club,Real Sociedad,20:00,19,9,4,6,6,3,14,14,4,2,0,1,A,D,1,1,2026-02-01,1.988,1.58578,1.58578,0.6920259999999999,11.470588235294118,2,0.7565,0.893754,0.893754,-0.6920259999999999,6.7,6,4645805.0,11.0,8.0,Ernesto Valverde,Pellegrino Matarazzo,Guillermo Cuadra Fernández,4-2-3-1,4-2-3-1,621.0,681.0,73000000.0,26.515089291269987,183.36363636363637,99.0,97000000.0,25.949349760438054,180.54545454545453,152.0
2115,Getafe,Celta Vigo,17:30,9,5,2,1,5,3,16,14,1,2,0,0,D,D,0,0,2026-02-01,0.9908,0.256881,0.256881,-0.2429849999999999,12.071428571428571,4,1.4831,0.499866,0.499866,0.2429849999999999,13.958333333333334,2,4645802.0,16.0,7.0,José Bordalás,Claudio Giráldez,Iosu Galech Apezteguía,5-3-2,5-4-1,3709.0,940.0,33900000.0,29.075228672764606,183.54545454545453,112.0,20000000.0,26.0638417024454,184.9090909090909,77.0
2116,Real Betis,Valencia,15:15,14,15,2,4,3,5,15,13,0,4,0,0,D,H,2,1,2026-02-01,1.1347,1.88674,1.14346,-0.2821,13.22222222222222,8,1.5898,2.16883,1.42556,0.2821,8.655172413793103,4,4645806.0,5.0,17.0,Manuel Pellegrini,Carlos Corberán,José María Sánchez Martínez,4-2-3-1,4-4-2,150.0,1049.0,55000000.0,29.18125816688445,181.54545454545453,218.0,16200000.0,28.80791487773007,181.1818181818182,147.0
2117,Real Madrid,Rayo Vallecano,13:00,16,11,6,4,9,4,6,18,2,8,0,2,H,H,2,1,2026-02-01,0.5514,1.06935,1.06935,-0.4894499999999999,17.27777777777778,7,2.2479,2.30208,1.5588,0.4894499999999999,12.0,22,4645804.0,2.0,18.0,Álvaro Arbeloa,Iñigo Pérez,Isidro Díaz de Mera Escuderos,4-4-2,4-2-3-1,418.0,367.0,330000000.0,24.449754215667973,184.36363636363637,481.0,34400000.0,29.038392134901372,179.72727272727272,102.0
2118,Mallorca,Sevilla,20:00,11,15,7,5,4,8,16,8,1,1,0,0,D,H,4,1,2026-02-02,0.3039,1.24318,1.24318,-1.0570000000000002,5.590909090909091,7,2.5689,3.04346,2.30018,1.0570000000000002,9.272727272727272,5,4645807.0,14.0,15.0,Jagoba Arrasate,Matías Almeyda,César Soto Grado,4-2-3-1,5-3-2,237.0,368.0,42500000.0,28.50575570904113,183.45454545454547,206.0,57500000.0,26.469541409993155,183.9090909090909,149.0
2119,Celta Vigo,Osasuna,20:00,18,8,4,2,7,3,9,14,2,2,0,0,A,A,1,2,2026-02-06,0.6065,1.00253,1.00253,-0.28929,16.45,6,2.1689000000000003,2.0351,1.29182,0.28929,21.0,7,4645810.0,7.0,9.0,Claudio Giráldez,Alessio Lisci,José Luis Munuera Montero,5-4-1,4-3-3 Attacking,940.0,331.0,20000000.0,26.336382303528094,182.0,79.0,48100000.0,28.131167942256237,179.8181818181818,79.0
2120,Barcelona,Mallorca,15:15,24,9,7,4,12,3,7,9,0,0,0,0,H,H,3,0,2026-02-07,0.4131,1.01087,1.01087,-1.47081,17.333333333333332,2,2.4138,2.48168,2.48168,1.47081,7.588235294117647,8,4645819.0,1.0,17.0,Hansi Flick,Jagoba Arrasate,Alejandro Quintero González,4-3-3 Attacking,4-2-3-1,131.0,237.0,130000000.0,25.058801568041815,181.1818181818182,401.0,38700000.0,27.19332959990044,182.8181818181818,170.0
2121,Real Sociedad,Elche,20:00,11,11,3,5,2,4,14,8,0,4,0,0,H,H,3,1,2026-02-07,0.8433,1.08664,1.08664,-0.68526,7.952380952380952,7,1.9008,1.7719,1.7719,0.68526,12.407407407407408,4,4645811.0,8.0,16.0,Pellegrino Matarazzo,Eder Sarabia,José Luis Guzmán Mansilla,4-2-3-1,3-1-4-2,681.0,1531.0,87800000.0,27.438740588637923,181.0909090909091,170.0,15500000.0,26.23184618256487,182.63636363636363,83.0
2122,Valencia,Real Madrid,20:00,7,11,0,6,5,8,10,13,1,1,0,0,D,A,0,2,2026-02-08,1.7696,1.04576,1.04576,0.473922,9.65,10,0.8894,0.571838,0.571838,-0.473922,16.125,5,4645814.0,18.0,2.0,Carlos Corberán,Álvaro Arbeloa,Javier Alberola Rojas,4-4-2,4-4-2,1049.0,418.0,15000000.0,28.47638603696099,181.45454545454547,146.0,233000000.0,24.467674693547384,184.1818181818182,405.0
2123,Atletico Madrid,Real Betis,17:30,10,8,5,4,7,3,12,3,3,1,0,0,A,A,0,1,2026-02-08,1.529,0.839838,0.839838,0.2143129999999999,85.0,2,1.1015,0.625525,0.625525,-0.2143129999999999,12.11111111111111,8,4645818.0,4.0,5.0,Diego Simeone,Manuel Pellegrini,Mateo Busquets Ferrer,4-4-2,4-3-3 Attacking,13.0,150.0,286000000.0,27.6500528902993,179.8181818181818,472.0,54900000.0,29.300230228361645,180.9090909090909,282.0
2124,Alaves,Getafe,13:00,13,17,5,5,6,3,20,20,2,5,0,0,D,A,0,2,2026-02-08,0.611,1.7859,1.04262,-1.969,5.534883720930233,6,2.2115,3.01162,3.01162,1.969,4.068965517241379,2,4645816.0,15.0,11.0,Eduardo Coudet,José Bordalás,Juan Martínez Munuera,4-4-2,5-3-2,1108.0,3709.0,29500000.0,28.02464065708419,181.27272727272728,38.0,33900000.0,29.09439362827453,183.54545454545453,112.0
2125,Athletic Club,Levante,15:15,22,6,7,3,4,3,17,10,2,1,0,1,H,H,4,2,2026-02-08,0.1799,0.615311,0.615311,-2.158459,15.944444444444445,3,2.7197,2.77377,2.77377,2.158459,8.548387096774194,10,4645817.0,10.0,19.0,Ernesto Valverde,Luís Castro,Alejandro Muñiz Ruiz,4-4-2,4-2-3-1,621.0,3368.0,62500000.0,28.54309003795657,182.1818181818182,176.0,5000000.0,25.432393752722295,179.45454545454547,149.0
2126,Sevilla,Girona,15:15,11,15,3,6,5,7,16,13,3,3,0,0,A,D,1,1,2026-02-08,2.5059,2.60199,1.85871,0.9004630000000001,7.892857142857143,9,0.3462,0.958247,0.958247,-0.9004630000000001,12.0,7,4645813.0,13.0,12.0,Matías Almeyda,Míchel,Jesús Gil Manzano,5-3-2,4-2-3-1,368.0,12321.0,46200000.0,27.97560823844191,183.1818181818182,255.0,93400000.0,27.043992284238694,179.54545454545453,238.0
2127,Villarreal,Espanyol,20:00,10,9,3,2,5,8,18,11,3,3,0,0,H,H,4,1,2026-02-09,0.7207,0.744747,0.744747,-0.794503,12.416666666666666,5,2.0257,1.53925,1.53925,0.794503,11.434782608695652,6,4645812.0,3.0,6.0,Marcelino,Manolo González,Adrián Cordero Vega,4-4-2,4-2-3-1,1050.0,714.0,108000000.0,26.19899197311928,183.9090909090909,228.0,25200000.0,28.06745068757389,182.0909090909091,33.0
2128,Elche,Osasuna,20:00,17,6,5,2,10,3,13,18,2,4,0,0,D,D,0,0,2026-02-13,0.3753,0.81264,0.81264,-1.52068,8.607142857142858,6,2.4534,2.33332,2.33332,1.52068,5.954545454545454,13,4645885.0,17.0,10.0,Eder Sarabia,Alessio Lisci,José María Sánchez Martínez,3-5-2 flat,4-2-3-1,1531.0,331.0,12300000.0,28.505506813515026,182.54545454545453,83.0,34400000.0,28.96720801443594,182.45454545454547,65.0
2129,Espanyol,Celta Vigo,13:00,9,14,3,5,2,2,9,11,1,0,0,0,A,D,2,2,2026-02-14,2.5211,2.81494,2.81494,1.65382,17.071428571428573,12,0.3371,1.16112,1.16112,-1.65382,13.863636363636363,4,4645884.0,6.0,7.0,Manolo González,Claudio Giráldez,Guillermo Cuadra Fernández,4-2-3-1,5-4-1,714.0,940.0,28200000.0,27.764295936780538,182.63636363636363,65.0,20000000.0,26.665422189036153,182.0909090909091,53.0
2130,Getafe,Villarreal,15:15,5,8,2,2,3,4,21,17,2,3,0,0,H,H,2,1,2026-02-14,0.6836,0.969388,0.969388,0.095051,6.0,5,2.0018,1.61761,0.874337,-0.095051,4.975609756097561,1,4645886.0,11.0,3.0,José Bordalás,Marcelino,Miguel Sesma Espinosa,5-3-2,4-4-2,3709.0,1050.0,33900000.0,29.56430838155684,184.54545454545453,111.0,42500000.0,26.238317466243544,185.36363636363637,201.0
2131,Sevilla,Alaves,17:30,4,12,2,1,0,3,16,13,5,0,2,0,H,D,1,1,2026-02-14,2.2465,1.38983,1.38983,1.035574,4.888888888888889,6,0.4999,0.354256,0.354256,-1.035574,11.91304347826087,3,4645889.0,14.0,15.0,Matías Almeyda,Eduardo Coudet,Iosu Galech Apezteguía,5-3-2,4-4-2,368.0,1108.0,37100000.0,28.147843942505133,184.45454545454547,312.0,29000000.0,27.414348827079834,180.54545454545453,38.0
2132,Real Madrid,Real Sociedad,20:00,11,13,5,3,4,6,10,9,1,1,0,0,H,H,4,1,2026-02-14,0.5028,1.66018,0.91703,-0.6555899999999999,17.263157894736842,6,2.3271,3.05918,1.57262,0.6555899999999999,15.545454545454543,7,4645888.0,1.0,8.0,Álvaro Arbeloa,Pellegrino Matarazzo,Francisco José Hernández Maeso,4-4-2,4-2-3-1,418.0,681.0,300000000.0,25.740775309563812,185.27272727272728,467.0,75000000.0,25.935660506502394,180.9090909090909,153.0
2133,Real Oviedo,Athletic Club,13:00,7,13,1,4,2,3,8,20,2,3,0,0,H,A,1,2,2026-02-15,1.6692,1.20566,0.462511,-0.398502,7.771428571428571,2,0.9951,0.861013,0.861013,0.398502,8.333333333333334,1,4645880.0,20.0,9.0,Guillermo Almada,Ernesto Valverde,Mateo Busquets Ferrer,4-2-3-1,4-2-3-1,2497.0,621.0,18100000.0,27.765540414411053,182.36363636363637,105.0,42500000.0,28.763362578557647,182.8181818181818,150.0
2134,Rayo Vallecano,Atletico Madrid,15:15,13,9,9,3,4,8,10,13,1,3,0,0,H,H,3,0,2026-02-15,0.1855,0.752854,0.752854,-2.000436,11.473684210526317,4,2.7205,2.75329,2.75329,2.000436,12.958333333333334,4,4645881.0,13.0,4.0,Iñigo Pérez,Diego Simeone,De Burgos Bengoetxea,4-1-4-1,4-1-4-1,367.0,13.0,23400000.0,28.70985004044552,179.54545454545453,80.0,87000000.0,27.189098375956693,182.63636363636363,447.0
2135,Levante,Valencia,17:30,9,5,1,2,3,2,11,10,3,2,1,0,D,A,0,2,2026-02-15,0.7408,0.743814,0.743814,-0.7135560000000001,14.411764705882351,2,1.9777,1.45737,1.45737,0.7135560000000001,11.285714285714286,5,4645887.0,19.0,16.0,Luís Castro,Carlos Corberán,Miguel Ángel Ortiz Arias,4-2-3-1,4-4-2,3368.0,1049.0,6000000.0,25.72101300479124,179.3,169.0,26000000.0,27.908655341920227,180.9090909090909,155.0
2136,Mallorca,Real Betis,20:00,14,17,3,8,7,3,16,10,4,3,0,0,A,A,1,2,2026-02-15,2.374,2.04841,2.04841,1.317093,50.85714285714285,7,0.4468,0.731317,0.731317,-1.317093,9.142857142857142,5,4645883.0,18.0,5.0,Jagoba Arrasate,Manuel Pellegrini,Isidro Díaz de Mera Escuderos,4-2-3-1,4-3-3 Attacking,237.0,150.0,40700000.0,27.72870387654782,184.54545454545453,166.0,54900000.0,29.319395183871567,180.9090909090909,282.0
2137,Girona,Barcelona,20:00,13,27,9,4,3,7,10,6,1,2,1,0,D,H,2,1,2026-02-16,1.2641999999999998,2.69655,1.95328,-0.93642,7.833333333333333,13,1.5153,2.8897,2.8897,0.93642,22.88235294117647,8,4645882.0,12.0,2.0,Míchel,Hansi Flick,César Soto Grado,4-2-3-1,4-3-3 Attacking,12321.0,131.0,94800000.0,27.98033725343787,181.45454545454547,373.0,30000000.0,24.841266878227863,181.63636363636363,316.0
2138,Levante,Villarreal,19:00,16,15,4,6,3,2,13,20,3,4,0,0,D,A,0,1,2026-02-18,2.5097,2.40024,2.40024,1.6259010000000005,9.875,12,0.3472999999999999,0.774339,0.774339,-1.6259010000000005,8.80952380952381,8,4645780.0,20.0,2.0,Luís Castro,Marcelino,Juan Martínez Munuera,4-2-3-1,4-4-2,3368.0,1050.0,9000000.0,25.53568539605501,182.1818181818182,137.0,101000000.0,26.155684151577375,184.0909090909091,172.0
2139,Athletic Club,Elche,20:00,18,2,8,2,4,1,18,9,3,3,0,0,D,H,2,1,2026-02-20,0.0849999999999999,0.783583,0.0403051,-2.5999349,10.27777777777778,2,2.8552,3.38352,2.64024,2.5999349,7.135135135135135,5,4645865.0,8.0,17.0,Ernesto Valverde,Eder Sarabia,Alejandro Hernández Hernández,4-2-3-1,3-1-4-2,621.0,1531.0,45500000.0,29.165577748739967,185.27272727272728,143.0,12300000.0,28.524671769024952,182.54545454545453,83.0
2140,Real Sociedad,Real Oviedo,13:00,15,14,8,6,7,6,13,16,2,1,0,0,D,D,3,3,2026-02-21,0.7229000000000001,1.75088,1.75088,-1.02398,10.15625,1,2.078,2.77486,2.77486,1.02398,6.125,3,4645863.0,10.0,20.0,Pellegrino Matarazzo,Guillermo Almada,José Luis Munuera Montero,4-2-3-1,4-2-3-1,681.0,2497.0,78000000.0,26.105905046356792,181.63636363636363,185.0,18100000.0,27.622674382427977,182.63636363636363,101.0
2141,Real Betis,Rayo Vallecano,15:15,14,12,3,3,3,5,14,13,4,3,0,0,D,D,1,1,2026-02-21,0.7618999999999999,1.30345,1.30345,-0.8320299999999998,9.434782608695652,7,2.0072,2.13548,2.13548,0.8320299999999998,14.55,9,4645868.0,5.0,12.0,Manuel Pellegrini,Iñigo Pérez,Juan Martínez Munuera,4-3-3 Attacking,4-2-3-1,150.0,367.0,54900000.0,29.33582228859436,180.9090909090909,282.0,23400000.0,28.726277145168318,179.54545454545453,80.0
2142,Osasuna,Real Madrid,17:30,13,15,2,5,3,7,19,10,2,4,0,0,H,H,2,1,2026-02-21,1.1684,2.02307,2.02307,0.4538700000000002,8.95,4,1.5887000000000002,2.31248,1.5692,-0.4538700000000002,18.176470588235293,6,4645861.0,9.0,2.0,Alessio Lisci,Álvaro Arbeloa,Alejandro Quintero González,4-2-3-1,4-4-2,331.0,418.0,39400000.0,29.381370169871197,182.63636363636363,64.0,230000000.0,27.110198494182068,182.36363636363637,597.0
2143,Atletico Madrid,Espanyol,20:00,18,8,9,2,5,3,8,10,0,1,0,0,D,H,4,2,2026-02-21,0.1827,1.04114,1.04114,-2.24473,22.0,3,2.7267,3.28587,3.28587,2.24473,9.64,13,4645866.0,4.0,7.0,Diego Simeone,Manolo González,Alejandro Muñiz Ruiz,4-4-2 double 6,5-4-1,13.0,714.0,190000000.0,27.6669777860743,183.1818181818182,488.0,20000000.0,27.72123701076473,182.0,28.0
2144,Getafe,Sevilla,13:00,6,6,3,1,2,2,5,18,1,1,1,0,D,A,0,1,2026-02-22,1.2283,0.283172,0.283172,0.0326329999999999,2.96875,3,1.1518000000000002,0.250539,0.250539,-0.0326329999999999,38.22222222222222,1,4645860.0,14.0,13.0,José Bordalás,Matías Almeyda,Mateo Busquets Ferrer,5-3-2,5-3-2,3709.0,368.0,33900000.0,29.586211187853902,184.54545454545453,111.0,32100000.0,28.49604878352312,184.9090909090909,303.0
2145,Barcelona,Levante,15:15,22,5,9,2,13,6,12,10,2,1,0,0,H,H,3,0,2026-02-22,0.0309,0.602552,0.602552,-3.641468,23.55555555555556,3,2.9481,4.24402,4.24402,3.641468,6.956521739130435,15,4645867.0,1.0,19.0,Hansi Flick,Luís Castro,Javier Alberola Rojas,4-2-3-1,4-1-4-1,131.0,3368.0,30000000.0,26.68856947296372,183.54545454545453,476.0,2000000.0,26.286354302781408,177.8181818181818,142.0
2146,Celta Vigo,Mallorca,17:30,20,1,7,0,7,2,11,10,1,5,0,0,D,H,2,0,2026-02-22,0.0253,0.0207331,0.0207331,-2.1750369,24.0,0,2.9512,2.93904,2.19577,2.1750369,9.52,10,4645869.0,6.0,18.0,Claudio Giráldez,Jagoba Arrasate,José Luis Guzmán Mansilla,5-4-1,4-2-3-1,940.0,237.0,21500000.0,26.782403086304523,181.0909090909091,113.0,43700000.0,28.890050401344034,182.0,115.0
2147,Villarreal,Valencia,20:00,12,8,5,3,5,4,7,16,2,4,0,0,H,H,2,1,2026-02-22,0.9853,1.91256,1.16929,-0.4688799999999999,7.782608695652174,5,1.7494,2.38144,1.63817,0.4688799999999999,19.428571428571427,3,4645862.0,3.0,16.0,Marcelino,Carlos Corberán,Jesús Gil Manzano,4-4-2,3-4-2-1,1050.0,1049.0,114000000.0,26.058117105345033,184.0,171.0,25000000.0,28.5968514715948,182.72727272727272,206.0
2148,Alaves,Girona,20:00,17,10,6,5,7,6,18,6,2,2,0,0,D,D,2,2,2026-02-23,1.3336,2.05717,2.05717,-0.0794299999999998,10.23076923076923,7,1.3777,2.1366,2.1366,0.0794299999999998,8.483870967741936,8,4645864.0,15.0,11.0,Eduardo Coudet,Míchel,Adrián Cordero Vega,4-4-2,4-2-3-1,1108.0,12321.0,29500000.0,27.20851222699272,180.36363636363637,22.0,94800000.0,27.999502208947796,181.45454545454547,373.0
2149,Levante,Alaves,20:00,22,17,5,7,10,6,14,16,1,6,0,1,D,H,2,0,2026-02-27,0.4905,1.29855,1.29855,-1.47398,8.833333333333334,7,2.3496,2.77253,2.77253,1.47398,7.9,8,4645828.0,19.0,16.0,Luís Castro,Eduardo Coudet,Francisco José Hernández Maeso,4-1-4-1,4-4-2 double 6,3368.0,1108.0,9000000.0,25.0065335075602,179.0,147.0,29500000.0,27.650799576877606,181.63636363636363,36.0
2150,Rayo Vallecano,Athletic Club,13:00,15,8,7,2,5,4,8,17,2,3,0,0,H,D,1,1,2026-02-28,0.5317000000000001,0.428457,0.428457,-0.931053,6.291666666666667,4,2.2123,1.35951,1.35951,0.931053,7.9411764705882355,4,4645829.0,12.0,9.0,Iñigo Pérez,Ernesto Valverde,Víctor García Verdura,4-2-3-1,4-2-3-1,367.0,621.0,25400000.0,29.681538174351317,179.54545454545453,102.0,52500000.0,28.588886814759505,184.0909090909091,153.0
2151,Barcelona,Villarreal,15:15,19,6,8,1,3,2,11,9,2,1,0,0,H,H,4,1,2026-02-28,0.2453,1.36182,1.36182,-2.18561,26.125,8,2.6507,3.54743,3.54743,2.18561,4.358974358974359,15,4645824.0,1.0,4.0,Hansi Flick,Marcelino,Isidro Díaz de Mera Escuderos,4-3-3 Attacking,4-4-2,131.0,1050.0,90000000.0,23.812581668844505,181.9090909090909,258.0,114000000.0,26.074544210067824,184.0,171.0
2152,Mallorca,Real Sociedad,17:30,6,12,1,2,3,7,6,22,0,2,0,0,A,A,0,1,2026-02-28,1.4943,0.929702,0.929702,0.17552,9.5,3,1.1538,0.754182,0.754182,-0.17552,27.0,5,4645827.0,18.0,8.0,Gustavo Siviero,Pellegrino Matarazzo,Miguel Sesma Espinosa,4-3-3 Attacking,4-3-3 Attacking,237.0,681.0,41600000.0,28.793727832742206,183.8181818181818,166.0,85000000.0,26.959865596415906,181.1818181818182,202.0
2153,Real Oviedo,Atletico Madrid,20:00,16,12,6,1,8,3,12,6,2,2,0,0,D,A,0,1,2026-02-28,0.8465,0.853142,0.853142,-0.6477480000000001,12.058823529411764,7,1.8833,1.50089,1.50089,0.6477480000000001,15.952380952380953,4,4645820.0,20.0,3.0,Guillermo Almada,Diego Simeone,César Soto Grado,4-2-3-1,4-4-2,2497.0,13.0,16600000.0,27.644577188725034,183.1818181818182,52.0,107000000.0,27.489117043121148,181.7,435.0
2154,Girona,Celta Vigo,20:00,15,7,7,5,10,6,9,8,2,2,0,0,H,A,1,2,2026-03-01,0.6459999999999999,0.697106,0.697106,-0.873254,17.58823529411765,4,2.0977,1.57036,1.57036,0.873254,17.0,8,4645821.0,14.0,6.0,Míchel,Claudio Giráldez,Miguel Ángel Ortiz Arias,4-2-3-1,5-4-1,12321.0,940.0,88800000.0,28.01866716445772,180.27272727272728,372.0,20000000.0,25.17155124136644,180.9090909090909,65.0
2155,Real Betis,Sevilla,17:30,9,14,2,6,4,3,12,15,3,3,0,0,H,D,2,2,2026-03-01,0.6238999999999999,0.656164,0.656164,-0.828246,16.333333333333332,9,2.1236,1.48441,1.48441,0.828246,13.115384615384617,3,4645825.0,5.0,13.0,Manuel Pellegrini,Matías Almeyda,De Burgos Bengoetxea,4-3-3 Attacking,3-4-2-1,150.0,368.0,71500000.0,28.628212307883768,180.36363636363637,222.0,49100000.0,28.91668222263705,183.63636363636363,478.0
2156,Elche,Espanyol,13:00,17,9,9,4,3,1,14,23,1,6,0,1,D,D,2,2,2026-03-01,0.6,0.834858,0.834858,-0.2456220000000001,16.772727272727273,3,2.1705,1.82376,1.08048,0.2456220000000001,6.352941176470588,2,4645826.0,17.0,7.0,Eder Sarabia,Manolo González,Iosu Galech Apezteguía,3-5-2 flat,4-2-3-1,1531.0,714.0,8300000.0,29.097878165639973,182.45454545454547,71.0,25200000.0,28.456723290398852,181.9090909090909,28.0
2157,Valencia,Osasuna,15:15,14,8,1,0,5,4,14,13,3,3,0,0,D,H,1,0,2026-03-01,0.3728,0.259132,0.259132,-0.308352,10.142857142857142,4,2.4058999999999995,1.31076,0.567484,0.308352,9.208333333333334,4,4645823.0,15.0,10.0,Carlos Corberán,Alessio Lisci,Adrián Cordero Vega,4-2-3-1,4-2-3-1,1049.0,331.0,24000000.0,28.669528965216852,181.45454545454547,216.0,30400000.0,29.310434944931863,181.9090909090909,66.0
2158,Real Madrid,Getafe,20:00,18,9,7,3,10,2,11,17,4,6,1,1,A,A,0,1,2026-03-02,0.3427,0.476324,0.476324,-1.5464160000000002,16.166666666666668,3,2.4952,2.02274,2.02274,1.5464160000000002,4.368421052631579,11,4645822.0,2.0,11.0,Álvaro Arbeloa,José Bordalás,Alejandro Muñiz Ruiz,4-2-3-1,5-4-1,418.0,3709.0,250000000.0,26.518822724161534,183.45454545454547,547.0,33500000.0,29.07298861302968,184.54545454545453,22.0
2159,Rayo Vallecano,Real Oviedo,18:00,19,8,7,2,12,2,10,10,0,2,0,0,H,H,3,0,2026-03-04,0.3829,1.01052,1.01052,-0.7970599999999999,9.043478260869565,6,2.458,2.55086,1.80758,0.7970599999999999,9.041666666666666,8,4645815.0,14.0,20.0,Iñigo Pérez,Guillermo Almada,Alejandro Hernández Hernández,4-2-3-1,4-2-3-1,367.0,2497.0,38500000.0,29.40949536432083,179.0909090909091,104.0,15000000.0,27.81332835542281,182.36363636363637,54.0
2160,Celta Vigo,Real Madrid,20:00,8,14,4,3,1,6,4,12,1,2,0,0,D,A,1,2,2026-03-06,1.0166,0.637644,0.637644,-0.272654,11.178571428571429,9,1.6211,0.910298,0.910298,0.272654,36.72727272727273,2,4645954.0,6.0,2.0,Claudio Giráldez,Álvaro Arbeloa,Isidro Díaz de Mera Escuderos,3-4-3,4-4-2,940.0,418.0,20000000.0,27.11393192707361,182.45454545454547,75.0,190000000.0,26.692551801381367,182.1818181818182,453.0
2161,Athletic Club,Barcelona,20:00,10,7,3,2,2,4,11,9,2,1,0,0,D,A,0,1,2026-03-07,0.785,0.560009,0.560009,-0.486971,8.9375,2,1.8722,1.04698,1.04698,0.486971,16.821428571428573,5,4645952.0,10.0,1.0,Ernesto Valverde,Hansi Flick,José Luis Munuera Montero,4-2-3-1,4-2-3-1,621.0,131.0,3000000.0,26.34185800510236,183.63636363636363,147.0,70000000.0,24.275278451869827,183.54545454545453,302.0
2162,Osasuna,Mallorca,13:00,22,8,5,4,8,0,11,12,2,5,1,1,A,D,2,2,2026-03-07,0.2821,1.03165,1.03165,-2.05866,13.25,4,2.6062,3.09031,3.09031,2.05866,12.05,11,4645950.0,11.0,18.0,Alessio Lisci,Martín Demichelis,Alejandro Hernández Hernández,4-2-3-1,4-3-1-2,331.0,237.0,39400000.0,29.419700080891047,182.63636363636363,64.0,40500000.0,28.654346338124572,183.27272727272728,181.0
2163,Levante,Girona,15:15,14,22,4,5,2,3,15,9,2,2,1,0,D,D,1,1,2026-03-07,2.2155,1.917,1.917,1.097991,9.052631578947368,9,0.5667,0.819009,0.819009,-1.097991,11.869565217391305,3,4645949.0,19.0,15.0,Luís Castro,Míchel,Guillermo Cuadra Fernández,4-4-2,4-2-3-1,3368.0,12321.0,6000000.0,25.3385601393815,180.36363636363637,143.0,76800000.0,27.590566859560703,179.8181818181818,367.0
2164,Atletico Madrid,Real Sociedad,17:30,24,7,9,3,8,1,6,10,1,1,0,0,D,H,3,2,2026-03-07,0.0504,0.313932,0.313932,-3.265788,12.8125,4,2.9181,3.57972,3.57972,3.265788,11.434782608695652,25,4645953.0,3.0,8.0,Diego Simeone,Pellegrino Matarazzo,Adrián Cordero Vega,4-4-2,4-2-3-1,13.0,681.0,199000000.0,27.812581668844505,181.27272727272728,526.0,98000000.0,25.3305954825462,182.36363636363637,161.0
2165,Villarreal,Elche,13:00,16,13,7,6,4,6,11,16,1,2,0,0,H,H,2,1,2026-03-08,0.9217,1.62051,1.62051,-0.68581,6.071428571428571,7,1.8577,2.30632,2.30632,0.68581,17.526315789473685,16,4645958.0,4.0,17.0,Marcelino,Eder Sarabia,Víctor García Verdura,4-4-2,3-5-2 flat,1050.0,1531.0,95000000.0,25.702196503017856,184.54545454545453,225.0,11500000.0,26.877978968328044,183.54545454545453,32.0
2166,Getafe,Real Betis,15:15,9,14,5,5,3,8,19,8,3,2,0,0,H,H,2,0,2026-03-08,1.7324,1.24912,1.24912,0.4280319999999999,4.882352941176471,3,0.9464,0.821088,0.821088,-0.4280319999999999,18.05263157894737,6,4645957.0,9.0,5.0,José Bordalás,Manuel Pellegrini,Francisco José Hernández Maeso,5-4-1,4-3-3 Attacking,3709.0,150.0,33900000.0,29.62454109887375,184.54545454545453,111.0,39500000.0,27.303341422437935,179.9090909090909,86.0
2167,Sevilla,Rayo Vallecano,17:30,11,9,2,2,6,2,13,15,1,3,0,0,H,D,1,1,2026-03-08,0.4395,0.211673,0.211673,-0.934057,5.142857142857143,1,2.2827,1.14573,1.14573,0.934057,10.5,0,4645951.0,14.0,13.0,Matías Almeyda,Iñigo Pérez,Alejandro Muñiz Ruiz,4-4-2 double 6,4-2-3-1,368.0,367.0,31500000.0,28.366125318897392,184.72727272727272,436.0,25900000.0,28.947794163399916,180.36363636363637,71.0
2168,Valencia,Alaves,20:00,19,10,8,4,10,2,9,17,1,6,0,2,A,H,3,2,2026-03-08,0.7248,1.60795,0.864674,-0.908616,11.12,4,2.0565,2.51657,1.77329,0.908616,9.894736842105264,15,4645956.0,12.0,16.0,Carlos Corberán,Quique Sánchez Flores,José Luis Guzmán Mansilla,4-3-3 Attacking,4-4-2 double 6,1049.0,1108.0,24000000.0,28.688693920726777,181.45454545454547,216.0,27500000.0,28.363885259162466,181.63636363636363,41.0
2169,Espanyol,Real Oviedo,20:00,28,6,9,3,8,0,19,13,3,2,0,0,D,D,1,1,2026-03-09,0.8654,0.886689,0.886689,-0.6642310000000001,13.80952380952381,3,1.8521,1.55092,1.55092,0.6642310000000001,5.5,7,4645955.0,7.0,20.0,Manolo González,Guillermo Almada,Javier Alberola Rojas,4-2-3-1,4-2-3-1,714.0,2497.0,28000000.0,27.398170617883146,182.1818181818182,29.0,16600000.0,27.618443158484226,183.72727272727272,51.0
2170,Alaves,Villarreal,20:00,8,10,0,4,5,2,19,11,4,1,0,0,H,D,1,1,2026-03-13,2.0408,0.873846,0.873846,0.586614,8.4,5,0.6086,0.287232,0.287232,-0.586614,6.758620689655173,1,4645922.0,17.0,4.0,Quique Sánchez Flores,Marcelino,Alejandro Quintero González,5-3-2,4-4-2,1108.0,1050.0,29500000.0,27.257793541161096,180.36363636363637,22.0,67500000.0,26.395370543214487,185.72727272727272,212.0
2171,Real Madrid,Elche,20:00,14,11,6,1,5,4,11,21,1,3,0,0,H,H,4,1,2026-03-14,1.0772,1.3711,1.3711,-0.3542099999999999,8.7,5,1.6337000000000002,1.72531,1.72531,0.3542099999999999,13.863636363636363,3,4645919.0,2.0,18.0,Álvaro Arbeloa,Eder Sarabia,Jesús Gil Manzano,4-4-2,5-3-2,418.0,1531.0,185000000.0,26.95837222325929,182.36363636363637,471.0,12500000.0,26.501151141808226,182.63636363636363,98.0
2172,Real Oviedo,Valencia,17:30,11,13,6,2,4,7,12,11,3,2,0,0,H,H,1,0,2026-03-14,0.3856,0.486871,0.486871,-1.377929,11.8125,3,2.4397,1.8648,1.8648,1.377929,12.409090909090908,3,4645927.0,20.0,14.0,Guillermo Almada,Carlos Corberán,Miguel Sesma Espinosa,4-2-3-1,4-2-3-1,2497.0,1049.0,8100000.0,28.021653910770954,182.0909090909091,84.0,22000000.0,28.405699707547754,181.63636363636363,222.0
2173,Girona,Athletic Club,13:00,14,20,6,9,2,9,8,16,0,2,0,0,H,H,3,0,2026-03-14,1.1720000000000002,1.97271,1.97271,-0.22171,9.181818181818182,12,1.5671,2.19442,2.19442,0.22171,19.066666666666663,6,4645928.0,12.0,10.0,Míchel,Ernesto Valverde,Iosu Galech Apezteguía,4-2-3-1,4-2-3-1,12321.0,621.0,59800000.0,27.572148590629084,181.0,411.0,48500000.0,29.101611598531516,181.72727272727272,160.0
2174,Atletico Madrid,Getafe,15:15,16,7,5,3,10,3,11,11,3,3,0,1,H,H,1,0,2026-03-14,0.9576,1.58248,1.58248,-0.5622100000000001,13.16,4,1.7964000000000002,2.14469,2.14469,0.5622100000000001,4.357142857142857,16,4645924.0,3.0,9.0,Diego Simeone,José Bordalás,Miguel Ángel Ortiz Arias,3-5-2 flat,5-3-2,13.0,3709.0,62000000.0,27.903179640345964,181.63636363636363,412.0,33900000.0,29.64096820359654,184.54545454545453,111.0
2175,Mallorca,Espanyol,13:00,26,10,12,2,5,6,11,14,3,3,0,1,A,H,2,1,2026-03-15,0.7468999999999999,1.35243,1.35243,-0.7972700000000001,18.705882352941178,3,1.9925,2.1497,2.1497,0.7972700000000001,5.761904761904762,7,4645920.0,16.0,8.0,Martín Demichelis,Manolo González,De Burgos Bengoetxea,4-3-1-2,4-2-3-1,237.0,714.0,40500000.0,28.67624914442163,183.27272727272728,181.0,24000000.0,27.979092775807352,183.0,57.0
2176,Barcelona,Sevilla,15:15,13,8,8,4,3,4,5,14,0,1,0,0,H,H,5,2,2026-03-15,0.1185999999999999,1.04304,1.04304,-1.3342999999999998,17.48,7,2.8255,3.8639,2.37734,1.3342999999999998,9.958333333333334,6,4645925.0,1.0,15.0,Hansi Flick,Matías Almeyda,Juan Martínez Munuera,4-2-3-1,4-2-3-1,131.0,368.0,40000000.0,25.695277207392202,182.7,376.0,43300000.0,27.68365378632319,184.36363636363637,433.0
2177,Real Betis,Celta Vigo,17:30,19,7,6,3,3,4,11,16,2,3,0,0,A,D,1,1,2026-03-15,0.4861,0.646702,0.646702,-1.2308180000000002,12.55,2,2.3071,1.87752,1.87752,1.2308180000000002,15.0,7,4645926.0,5.0,6.0,Manuel Pellegrini,Claudio Giráldez,José María Sánchez Martínez,4-2-3-1,5-4-1,150.0,940.0,41500000.0,28.987368552050274,180.9090909090909,93.0,14000000.0,26.491444216290212,180.8181818181818,51.0
2178,Real Sociedad,Osasuna,20:00,14,13,6,5,3,5,16,11,3,0,0,0,H,H,3,1,2026-03-15,0.1536,0.615126,0.615126,-1.5558839999999998,13.318181818181818,5,2.7708,2.91429,2.17101,1.5558839999999998,7.0,9,4645923.0,7.0,11.0,Pellegrino Matarazzo,Alessio Lisci,Guillermo Cuadra Fernández,4-1-4-1,4-2-3-1,681.0,331.0,105000000.0,27.59006906850849,181.0909090909091,199.0,54100000.0,28.532636425860243,181.63636363636363,80.0
2179,Rayo Vallecano,Levante,20:00,18,19,4,5,5,6,10,13,3,5,1,0,A,D,1,1,2026-03-16,1.1828,1.45599,1.45599,-0.2253500000000001,12.823529411764708,12,1.5478999999999998,1.68134,1.68134,0.2253500000000001,9.88888888888889,6,4645921.0,13.0,19.0,Iñigo Pérez,Luís Castro,César Soto Grado,4-3-3 Attacking,4-3-3 Attacking,367.0,3368.0,6600000.0,29.61383859125132,180.1818181818182,53.0,6000000.0,25.664862174102424,181.36363636363637,135.0
2180,Villarreal,Real Sociedad,20:00,21,11,10,4,4,5,10,11,0,2,0,0,H,H,3,1,2026-03-20,0.1612,0.894953,0.894953,-2.460907,9.24,11,2.7622,3.35586,3.35586,2.460907,36.0,6,4645911.0,3.0,7.0,Marcelino,Pellegrino Matarazzo,Miguel Ángel Ortiz Arias,4-4-2,4-2-3-1,1050.0,681.0,100500000.0,26.543214485719616,184.0,185.0,107000000.0,26.73088171240122,180.1818181818182,136.0
2181,Elche,Mallorca,13:00,13,11,4,4,2,2,12,11,2,2,0,0,D,H,2,1,2026-03-21,1.3496,1.51939,0.776109,-0.7399409999999998,9.045454545454543,2,1.3604,1.51605,1.51605,0.7399409999999998,6.464285714285714,8,4645914.0,17.0,18.0,Eder Sarabia,Martín Demichelis,Javier Alberola Rojas,3-5-2 flat,4-2-3-1,1531.0,237.0,10800000.0,28.51247588824591,183.0,26.0,35200000.0,27.9487275216228,182.0,173.0
2182,Espanyol,Getafe,15:15,15,10,5,5,12,9,14,20,2,7,0,0,A,A,1,2,2026-03-21,1.8698,2.06384,2.06384,0.5517599999999998,8.7,3,0.8654,1.51208,1.51208,-0.5517599999999998,4.25,4,4645915.0,11.0,8.0,Manolo González,José Bordalás,Isidro Díaz de Mera Escuderos,4-4-1-1,5-4-1,714.0,3709.0,32000000.0,27.71999253313422,182.36363636363637,25.0,35100000.0,30.209196689689506,184.0909090909091,108.0
2183,Levante,Real Oviedo,17:30,20,10,8,2,3,1,17,18,2,3,0,0,D,H,4,2,2026-03-21,0.3703999999999999,1.33569,0.59241,-2.33428,5.24,4,2.4722,2.92669,2.92669,2.33428,8.303030303030303,10,4645916.0,19.0,20.0,Luís Castro,Guillermo Almada,Jesús Gil Manzano,4-2-3-1,4-2-3-1,3368.0,2497.0,2000000.0,26.15344409184245,180.36363636363637,140.0,8100000.0,27.896210565615082,181.54545454545453,85.0
2184,Osasuna,Girona,17:30,19,5,11,0,6,2,18,7,2,1,0,0,D,H,1,0,2026-03-21,0.136,0.232115,0.232115,-2.030205,11.64,6,2.7709,2.26232,2.26232,2.030205,10.77777777777778,8,4645910.0,10.0,13.0,Alessio Lisci,Míchel,José Luis Guzmán Mansilla,4-2-3-1,4-2-3-1,331.0,12321.0,55100000.0,28.663804368116484,181.0,68.0,89800000.0,27.277705183249335,181.36363636363637,391.0
2185,Sevilla,Valencia,20:00,13,9,2,4,1,3,13,6,2,1,0,0,A,A,0,2,2026-03-21,2.3730999999999995,1.7133,1.7133,1.207889,20.923076923076923,6,0.4315,0.505411,0.505411,-1.207889,8.4,4,4645917.0,16.0,12.0,Matías Almeyda,Carlos Corberán,Víctor García Verdura,4-3-3 Attacking,4-3-3 Attacking,368.0,1049.0,37100000.0,29.602638292576692,181.45454545454547,524.0,41000000.0,28.075415344409183,181.0909090909091,213.0
2186,Athletic Club,Real Betis,17:30,11,11,6,3,6,5,10,6,1,1,0,0,H,H,2,1,2026-03-22,0.3825,0.591202,0.591202,-1.335948,10.666666666666666,5,2.4432,1.92715,1.92715,1.335948,15.538461538461538,7,4645912.0,9.0,5.0,Ernesto Valverde,Manuel Pellegrini,Alejandro Muñiz Ruiz,4-2-3-1,4-4-2,621.0,150.0,45500000.0,29.965030178582538,184.54545454545453,142.0,74000000.0,27.230415033289777,180.0909090909091,163.0
2187,Real Madrid,Atletico Madrid,20:00,17,13,10,7,4,1,2,15,1,4,1,0,A,H,3,2,2026-03-22,0.3715999999999999,1.40234,1.40234,-0.8204300000000002,18.0,6,2.4743,2.96605,2.22277,0.8204300000000002,20.76923076923077,7,4645909.0,2.0,4.0,Álvaro Arbeloa,Diego Simeone,José Luis Munuera Montero,4-4-2,4-4-2,418.0,13.0,135000000.0,26.157675315786197,180.9090909090909,379.0,260000000.0,28.71482795096758,181.0909090909091,463.0
2188,Celta Vigo,Alaves,15:15,12,14,5,6,4,1,13,16,2,2,0,0,H,A,3,4,2026-03-22,1.3482,1.67221,1.67221,-0.0374799999999999,12.043478260869565,5,1.3923,1.70969,1.70969,0.0374799999999999,9.142857142857142,8,4645918.0,6.0,15.0,Claudio Giráldez,Quique Sánchez Flores,Miguel Sesma Espinosa,5-4-1,4-4-2,940.0,1108.0,29000000.0,25.92495799887997,181.54545454545453,42.0,29500000.0,27.71377014498165,181.63636363636363,36.0
2189,Barcelona,Rayo Vallecano,13:00,15,8,4,4,6,9,12,11,3,4,0,0,H,H,1,0,2026-03-22,1.5952,2.19631,2.19631,0.2742599999999999,12.192307692307692,3,1.1623,1.92205,1.92205,-0.2742599999999999,3.902439024390244,7,4645913.0,1.0,14.0,Hansi Flick,Iñigo Pérez,Adrián Cordero Vega,4-2-3-1,4-2-3-1,131.0,367.0,30000000.0,25.229046107896213,183.72727272727272,384.0,39900000.0,29.251695600771576,181.0909090909091,98.0
2190,Rayo Vallecano,Elche,20:00,21,9,5,4,9,4,17,9,0,4,0,1,D,H,1,0,2026-04-03,0.6422,0.601974,0.601974,-0.912956,12.588235294117649,4,2.1017,1.51493,1.51493,0.912956,4.214285714285714,8,4645900.0,13.0,18.0,Iñigo Pérez,Eder Sarabia,José Luis Munuera Montero,4-2-3-1,3-4-3,367.0,1531.0,36500000.0,30.314479497231037,177.9090909090909,62.0,13300000.0,27.965403521871693,183.63636363636363,18.0
2191,Real Sociedad,Levante,13:00,18,8,5,4,11,5,11,15,2,3,0,0,H,H,2,0,2026-04-04,0.0451,0.320219,0.320219,-2.643821,11.2,3,2.9239,2.96404,2.96404,2.643821,9.0,9,4645901.0,7.0,19.0,Pellegrino Matarazzo,Luís Castro,Alejandro Muñiz Ruiz,4-2-3-1,4-2-3-1,681.0,3368.0,116000000.0,26.30551925829133,181.72727272727272,214.0,6000000.0,26.287100989359715,180.72727272727272,140.0
2192,Mallorca,Real Madrid,15:15,6,15,2,6,6,4,16,13,3,2,0,0,H,H,2,1,2026-04-04,1.7059,1.51454,1.51454,0.4757899999999999,9.11111111111111,12,1.0072,1.03875,1.03875,-0.4757899999999999,13.565217391304348,2,4645906.0,16.0,2.0,Martín Demichelis,Álvaro Arbeloa,José María Sánchez Martínez,4-3-1-2,4-4-2,237.0,418.0,42500000.0,28.67699583099994,181.36363636363637,203.0,180000000.0,25.311181631510177,182.63636363636363,382.0
2193,Real Betis,Espanyol,17:30,19,8,6,1,4,3,12,18,1,3,0,0,D,D,0,0,2026-04-04,0.1129999999999999,0.144091,0.144091,-1.858059,27.714285714285715,1,2.8034,2.00215,2.00215,1.858059,5.375,9,4645904.0,5.0,10.0,Manuel Pellegrini,Manolo González,Guillermo Cuadra Fernández,4-3-3 Attacking,4-4-1-1,150.0,714.0,51500000.0,28.890797087922348,181.36363636363637,144.0,32000000.0,26.706738846369237,181.9090909090909,35.0
2194,Atletico Madrid,Barcelona,20:00,6,22,2,8,1,9,15,11,6,2,1,0,D,A,1,2,2026-04-04,2.542,2.68584,2.68584,1.7665539999999995,10.526315789473683,13,0.3147999999999999,0.919286,0.919286,-1.7665539999999995,16.36842105263158,3,4645903.0,4.0,1.0,Diego Simeone,Hansi Flick,Mateo Busquets Ferrer,4-4-2,4-2-3-1,13.0,131.0,93000000.0,28.270051645821663,178.54545454545453,409.0,70000000.0,24.88158795345654,182.9090909090909,317.0
2195,Getafe,Athletic Club,13:00,10,5,6,0,4,3,11,11,3,1,0,0,H,H,2,0,2026-04-05,0.3016,0.524379,0.524379,-1.4390709999999998,4.65,7,2.5411,1.96345,1.96345,1.4390709999999998,13.272727272727272,2,4645908.0,8.0,11.0,José Bordalás,Ernesto Valverde,Juan Martínez Munuera,5-4-1,4-2-3-1,3709.0,621.0,33900000.0,27.983075104224998,184.8181818181818,118.0,43000000.0,28.912948789745506,184.9090909090909,148.0
2196,Valencia,Celta Vigo,15:15,13,9,4,5,6,0,14,21,1,3,0,0,H,A,2,3,2026-04-05,2.0585,1.457,1.457,0.736036,7.875,9,0.683,0.720964,0.720964,-0.736036,13.473684210526317,7,4645899.0,14.0,6.0,Carlos Corberán,Claudio Giráldez,Iosu Galech Apezteguía,4-2-3-1,5-4-1,1049.0,940.0,41000000.0,28.116483106216165,181.0909090909091,213.0,29000000.0,26.371227677182503,180.0909090909091,72.0
2197,Real Oviedo,Sevilla,17:30,7,9,4,0,5,9,11,12,5,3,0,1,H,H,1,0,2026-04-05,1.329,0.840736,0.840736,0.0556309999999999,14.095238095238097,4,1.3035,0.785105,0.785105,-0.0556309999999999,8.2,3,4645907.0,20.0,17.0,Guillermo Almada,Luis García,Alejandro Hernández Hernández,4-2-3-1,4-2-3-1,2497.0,368.0,8100000.0,28.026631821293016,182.36363636363637,84.0,50900000.0,26.627341173542405,186.72727272727272,277.0
2198,Alaves,Osasuna,20:00,18,8,6,5,7,1,7,17,2,5,0,0,D,D,2,2,2026-04-05,1.3272,1.61149,0.868217,-0.0481739999999999,9.947368421052632,4,1.3752,1.65967,0.916391,0.0481739999999999,24.5,4,4645902.0,15.0,9.0,Quique Sánchez Flores,Alessio Lisci,César Soto Grado,4-4-2,4-2-3-1,1108.0,331.0,29500000.0,27.242113123016612,180.45454545454547,18.0,57400000.0,30.015058179329227,182.45454545454547,68.0
2199,Girona,Villarreal,20:00,10,9,2,0,7,4,8,9,2,2,0,0,H,H,1,0,2026-04-06,1.0417999999999998,0.443518,0.443518,-0.2099749999999999,12.666666666666666,7,1.5257,0.653493,0.653493,0.2099749999999999,13.210526315789474,9,4645905.0,12.0,3.0,Míchel,Marcelino,Adrián Cordero Vega,4-2-3-1,4-4-2,12321.0,1050.0,94300000.0,28.771327235392945,181.1818181818182,389.0,100500000.0,26.589757949100864,184.0,185.0
2200,Real Madrid,Girona,20:00,22,10,9,2,10,1,9,13,2,1,0,0,D,D,1,1,2026-04-10,0.3655,0.46667,0.46667,-1.51419,20.5,6,2.4631,1.98086,1.98086,1.51419,10.6,18,4645940.0,2.0,12.0,Álvaro Arbeloa,Míchel,Javier Alberola Rojas,4-4-2,4-2-3-1,418.0,12321.0,345000000.0,26.644266069317403,179.9090909090909,423.0,79900000.0,27.58558894903864,180.8181818181818,310.0
2201,Sevilla,Atletico Madrid,20:00,11,13,2,2,6,6,7,12,4,4,0,0,H,H,2,1,2026-04-11,0.6807000000000001,0.855474,0.855474,-0.059046,7.333333333333333,6,2.0634,1.6578,0.91452,0.059046,20.41176470588235,6,4645947.0,16.0,4.0,Luis García,Diego Simeone,Isidro Díaz de Mera Escuderos,5-4-1,4-2-3-1,368.0,13.0,29000000.0,25.842573579739906,185.27272727272728,231.0,40600000.0,24.282607042360635,181.44444444444446,130.0
2202,Barcelona,Espanyol,17:30,20,10,10,2,7,5,10,18,3,6,0,0,H,H,4,1,2026-04-11,0.2439,1.13134,1.13134,-2.17655,15.515151515151516,5,2.6529000000000003,3.30789,3.30789,2.17655,4.791666666666667,7,4645942.0,1.0,10.0,Hansi Flick,Manolo González,Alejandro Hernández Hernández,4-2-3-1,4-2-3-1,131.0,714.0,130000000.0,23.267002675626905,181.63636363636363,223.0,32000000.0,28.584655590815757,181.72727272727272,28.0
2203,Elche,Valencia,15:15,8,22,2,8,5,9,15,18,1,1,0,0,D,H,1,0,2026-04-11,2.5058,2.76889,2.76889,1.7339999999999998,7.9655172413793105,1,0.3481999999999999,1.03489,1.03489,-1.7339999999999998,7.16,5,4645944.0,18.0,14.0,Eder Sarabia,Carlos Corberán,Francisco José Hernández Maeso,3-4-1-2,4-4-2,1531.0,1049.0,14300000.0,27.799887997013254,183.27272727272728,69.0,39000000.0,28.513471470350318,181.1818181818182,205.0
2204,Real Sociedad,Alaves,13:00,12,12,4,2,9,5,11,18,2,4,1,0,D,D,3,3,2026-04-11,1.2523,1.206,1.206,-0.0889999999999999,11.5,10,1.4104,1.295,1.295,0.0889999999999999,9.818181818181818,9,4645946.0,7.0,17.0,Pellegrino Matarazzo,Quique Sánchez Flores,Víctor García Verdura,4-2-3-1,3-4-1-2,681.0,1108.0,88800000.0,26.743575384232464,182.0,147.0,26000000.0,27.909153132972435,181.0,16.0
2205,Osasuna,Real Betis,13:00,12,8,4,3,6,3,14,12,3,4,0,0,D,D,1,1,2026-04-12,0.4014,0.411183,0.411183,-0.3748219999999999,17.5,3,2.3874,1.52928,0.786005,0.3748219999999999,10.807692307692308,7,4645948.0,9.0,5.0,Alessio Lisci,Manuel Pellegrini,Miguel Sesma Espinosa,4-2-3-1,4-2-3-1,331.0,150.0,38600000.0,28.77904299670213,181.72727272727272,63.0,68000000.0,27.476323813079457,181.8181818181818,165.0
2206,Mallorca,Rayo Vallecano,15:15,12,17,4,3,6,7,13,11,1,4,0,0,H,H,3,0,2026-04-12,0.98,1.97051,1.97051,-0.5760800000000001,10.944444444444445,8,1.7849,2.54659,2.54659,0.5760800000000001,10.44,6,4645945.0,15.0,13.0,Martín Demichelis,Iñigo Pérez,Jesús Gil Manzano,4-3-1-2,4-3-3 Attacking,237.0,367.0,38600000.0,28.049032418642273,182.0909090909091,188.0,24600000.0,29.29301225810466,181.27272727272728,70.0
2207,Celta Vigo,Real Oviedo,17:30,9,8,6,5,4,1,9,13,1,2,0,0,A,A,0,3,2026-04-12,2.2051,2.12846,2.12846,0.96968,18.0,0,0.5698,1.15878,1.15878,-0.96968,6.285714285714286,16,4645943.0,6.0,20.0,Claudio Giráldez,Guillermo Almada,Miguel Ángel Ortiz Arias,5-4-1,4-2-3-1,940.0,2497.0,6500000.0,27.347570157426425,181.9,116.0,8100000.0,28.04579677680294,182.36363636363637,84.0
2208,Athletic Club,Villarreal,20:00,18,12,6,6,15,3,15,8,2,3,0,0,A,A,1,2,2026-04-12,1.5280999999999998,1.55144,1.55144,0.2320899999999999,18.9375,6,1.1813,1.31935,1.31935,-0.2320899999999999,6.966666666666667,12,4645941.0,11.0,3.0,Ernesto Valverde,Marcelino,José Luis Guzmán Mansilla,4-2-3-1,4-4-2,621.0,1050.0,102500000.0,29.34552921411238,183.72727272727272,180.0,50000000.0,26.41777114056375,185.27272727272728,157.0
2209,Levante,Getafe,20:00,22,5,4,1,8,2,12,24,2,7,0,1,D,H,1,0,2026-04-13,0.0372,0.290983,0.290983,-1.550427,7.275862068965517,3,2.9400000000000004,3.32797,1.84141,1.550427,4.9,5,4645939.0,19.0,8.0,Luís Castro,José Bordalás,Alejandro Quintero González,4-1-4-1,5-4-1,3368.0,3709.0,9000000.0,25.81146163897704,181.72727272727272,138.0,23900000.0,28.85893846058117,185.1818181818182,105.0
2210,Athletic Club,Osasuna,18:00,7,8,2,3,5,4,12,11,3,2,1,0,H,H,1,0,2026-04-21,2.2483,1.39553,0.65225,0.16212,8.65,8,0.5041,0.49013,0.49013,-0.16212,12.96551724137931,4,4645930.0,10.0,9.0,Ernesto Valverde,Alessio Lisci,Víctor García Verdura,4-2-3-1,4-2-3-1,621.0,331.0,62500000.0,29.915748864414162,181.8181818181818,166.0,56600000.0,28.91170431211499,181.72727272727272,73.0
2211,Mallorca,Valencia,18:00,20,10,8,3,7,4,9,12,0,2,0,0,D,D,1,1,2026-04-21,0.8169,1.39393,1.39393,-0.8507499999999999,15.72222222222222,7,1.9587,2.24468,2.24468,0.8507499999999999,9.454545454545457,10,4645933.0,17.0,12.0,Martín Demichelis,Carlos Corberán,César Soto Grado,4-3-1-2,4-4-2,237.0,1049.0,44300000.0,29.38958372223259,181.54545454545453,225.0,50000000.0,27.714765727086057,181.0909090909091,205.0
2212,Girona,Real Betis,20:30,9,7,2,3,3,1,11,18,1,3,0,0,D,A,2,3,2026-04-21,0.9256,1.24954,1.24954,0.2639060000000001,10.633333333333333,3,1.7911,1.72891,0.985634,-0.2639060000000001,15.210526315789474,5,4645937.0,15.0,5.0,Míchel,Manuel Pellegrini,Iosu Galech Apezteguía,4-2-3-1,4-2-3-1,12321.0,150.0,79300000.0,28.44925642461577,180.0909090909091,372.0,41500000.0,28.427851409370916,181.54545454545453,221.0
2213,Real Madrid,Alaves,20:30,24,19,8,5,9,6,14,12,1,1,0,0,H,H,2,1,2026-04-21,1.4727,1.62967,1.62967,0.1256699999999999,14.391304347826088,12,1.2726,1.504,1.504,-0.1256699999999999,10.578947368421051,16,4645935.0,2.0,16.0,Álvaro Arbeloa,Quique Sánchez Flores,Juan Martínez Munuera,4-4-2,5-3-2,418.0,1108.0,410000000.0,25.28454981021716,184.27272727272728,438.0,26500000.0,28.051521373903302,180.0,20.0
2214,Elche,Atletico Madrid,18:00,14,6,6,3,13,3,11,12,2,2,0,1,D,H,3,2,2026-04-22,0.1045,0.846836,0.846836,-2.038424,12.571428571428571,3,2.8426,3.62854,2.88526,2.038424,6.041666666666667,12,4645936.0,14.0,4.0,Eder Sarabia,Diego Simeone,Guillermo Cuadra Fernández,3-5-2 flat,4-4-2 double 6,1531.0,13.0,14300000.0,27.830004355671704,183.27272727272728,69.0,37000000.0,25.865023956194385,180.9,239.0
2215,Real Sociedad,Getafe,19:00,13,5,4,0,6,3,13,22,4,5,0,0,A,A,0,1,2026-04-22,0.1689,0.215233,0.215233,-0.943057,14.63157894736842,2,2.7132,1.90157,1.15829,0.943057,3.1923076923076925,9,4645929.0,8.0,7.0,Pellegrino Matarazzo,José Bordalás,Mateo Busquets Ferrer,4-2-3-1,5-3-2,681.0,3709.0,75800000.0,26.686827204281006,182.1818181818182,131.0,31100000.0,28.56972185924958,182.36363636363637,116.0
2216,Barcelona,Celta Vigo,20:30,10,6,3,3,5,3,13,10,1,1,0,0,H,H,1,0,2026-04-22,0.9428,1.07392,1.07392,0.2726919999999999,14.689655172413794,2,1.7672,1.54451,0.801228,-0.2726919999999999,9.678571428571429,11,4645931.0,1.0,6.0,Hansi Flick,Claudio Giráldez,José Luis Munuera Montero,4-2-3-1,5-4-1,131.0,940.0,70000000.0,24.635181382614647,181.45454545454547,342.0,20000000.0,25.33557339306826,180.54545454545453,56.0
2217,Real Oviedo,Villarreal,20:30,16,7,4,3,7,0,9,11,1,1,0,0,A,D,1,1,2026-04-23,1.8689,3.25021,1.76366,-0.7648300000000001,18.157894736842103,10,0.9299,2.52849,2.52849,0.7648300000000001,7.135135135135135,8,4645934.0,20.0,3.0,Guillermo Almada,Marcelino,De Burgos Bengoetxea,4-2-3-1,4-4-2,2497.0,1050.0,8100000.0,28.235206272167257,182.0909090909091,88.0,54000000.0,26.80779042996702,184.36363636363637,195.0
2218,Levante,Sevilla,18:00,8,7,3,0,3,6,17,16,3,4,0,0,H,H,2,0,2026-04-23,0.5891,0.444478,0.444478,-0.763622,9.6,3,2.1173,1.2081,1.2081,0.763622,9.62962962962963,4,4645932.0,19.0,18.0,Luís Castro,Luis García,José María Sánchez Martínez,4-1-4-1,5-4-1,3368.0,368.0,9000000.0,25.838840146848362,181.72727272727272,138.0,29000000.0,25.87542778918549,185.27272727272728,231.0
2219,Rayo Vallecano,Espanyol,19:00,17,15,6,4,6,5,12,15,2,4,0,0,D,H,1,0,2026-04-23,1.1297,1.68535,0.942201,-1.1275690000000005,6.225806451612903,7,1.6193,2.06977,2.06977,1.1275690000000005,12.5,6,4645938.0,11.0,13.0,Iñigo Pérez,Manolo González,Adrián Cordero Vega,4-2-3-1,4-4-2,367.0,714.0,37000000.0,29.193205152137388,179.0,69.0,20200000.0,29.197934167133347,181.45454545454547,32.0
2220,Real Betis,Real Madrid,20:00,19,12,4,8,7,6,10,8,1,2,0,0,A,D,1,1,2026-04-24,1.4173,1.09576,1.09576,0.07623,17.57894736842105,13,1.2721,1.01953,1.01953,-0.07623,17.5,12,4645971.0,5.0,2.0,Manuel Pellegrini,Álvaro Arbeloa,César Soto Grado,4-2-3-1,4-4-2,150.0,418.0,51400000.0,29.856511729201667,181.0,356.0,350000000.0,26.267189347271483,182.8181818181818,439.0
2221,Alaves,Mallorca,13:00,15,4,4,2,9,4,15,14,2,1,0,0,A,H,2,1,2026-04-25,0.3725,0.221499,0.221499,-1.186171,11.75,2,2.3879,1.40767,1.40767,1.186171,11.541666666666666,5,4645970.0,15.0,17.0,Quique Sánchez Flores,Martín Demichelis,Javier Alberola Rojas,3-5-2 flat,4-3-1-2,1108.0,237.0,26000000.0,28.026134030240804,180.9090909090909,20.0,40700000.0,27.96714579055441,183.45454545454547,174.0
2222,Getafe,Barcelona,15:15,4,13,0,4,6,3,15,8,2,2,0,0,A,A,0,2,2026-04-25,2.4745,2.05171,2.05171,1.444046,4.533333333333333,4,0.3502,0.607664,0.607664,-1.444046,16.12,4,4645976.0,9.0,1.0,José Bordalás,Hansi Flick,Francisco José Hernández Maeso,5-3-2,4-2-3-1,3709.0,131.0,29900000.0,27.708543338933485,182.45454545454547,132.0,80000000.0,25.629519009395803,180.45454545454547,418.0
2223,Valencia,Girona,17:30,12,7,3,4,4,4,22,8,2,2,0,0,D,H,2,1,2026-04-25,0.7076,1.38799,1.38799,-0.92464,8.5,4,2.066,2.31263,2.31263,0.92464,9.93939393939394,7,4645969.0,11.0,13.0,Carlos Corberán,Míchel,Alejandro Muñiz Ruiz,4-4-2,4-2-3-1,1049.0,12321.0,34000000.0,28.63020347209259,181.9090909090909,201.0,81300000.0,28.753655653039633,180.63636363636363,398.0
2224,Atletico Madrid,Athletic Club,20:00,6,12,4,4,3,4,8,12,0,0,0,0,A,H,3,2,2026-04-25,0.4164,0.970599,0.970599,-1.5089510000000002,16.565217391304348,5,2.4198000000000004,2.47955,2.47955,1.5089510000000002,15.11111111111111,2,4645975.0,4.0,12.0,Diego Simeone,Ernesto Valverde,Jesús Gil Manzano,4-4-2,4-2-3-1,13.0,621.0,192000000.0,28.43407379752349,182.72727272727272,453.0,65500000.0,28.305394810528284,183.54545454545453,126.0
2225,Rayo Vallecano,Real Sociedad,13:00,24,13,9,8,6,4,14,12,6,4,1,0,D,D,3,3,2026-04-26,0.8938,2.39684,1.65356,-1.5314,9.666666666666666,7,1.9024,3.18496,3.18496,1.5314,5.0,1,4645974.0,14.0,7.0,Iñigo Pérez,Pellegrino Matarazzo,José Luis Guzmán Mansilla,4-2-3-1,4-4-2,367.0,681.0,38000000.0,27.883765789309937,180.54545454545453,108.0,142000000.0,25.776118474270426,181.27272727272728,227.0
2226,Real Oviedo,Elche,15:15,12,4,3,4,6,1,21,14,2,0,0,1,A,A,1,2,2026-04-26,1.1862,0.621829,0.621829,-0.150442,13.6,2,1.4091,0.772271,0.772271,0.150442,5.296296296296297,4,4645978.0,20.0,16.0,Guillermo Almada,Eder Sarabia,José María Sánchez Martínez,4-2-3-1,5-3-2,2497.0,1531.0,11600000.0,27.731939518387154,182.45454545454547,71.0,9000000.0,27.561197187480555,182.8181818181818,79.0
2227,Osasuna,Sevilla,17:30,15,8,7,2,4,4,11,13,2,2,0,0,D,H,2,1,2026-04-26,0.3011,0.553816,0.553816,-1.588724,14.1,3,2.54,2.14254,2.14254,1.588724,10.214285714285714,5,4645973.0,8.0,18.0,Alessio Lisci,Luis García,Miguel Ángel Ortiz Arias,4-2-3-1,4-4-2,331.0,368.0,55100000.0,28.76236699645324,181.0,68.0,29000000.0,26.49617323128617,183.0909090909091,227.0
2228,Villarreal,Celta Vigo,20:00,13,9,4,3,7,5,13,16,3,6,0,0,H,H,2,1,2026-04-26,1.0345,2.05297,1.30969,-0.35603,12.5,14,1.7044,2.409,1.66572,0.35603,16.941176470588236,7,4645977.0,3.0,6.0,Marcelino,Claudio Giráldez,Alejandro Quintero González,4-4-2,3-4-2-1,1050.0,940.0,101500000.0,26.65148403957439,184.0909090909091,206.0,29000000.0,26.20620994337627,181.54545454545453,61.0
2229,Espanyol,Levante,20:00,9,8,3,4,4,4,12,15,3,3,1,0,D,D,0,0,2026-04-27,1.8828,1.38559,1.38559,0.5323650000000001,9.583333333333334,2,0.8136,0.853225,0.853225,-0.5323650000000001,8.875,5,4645972.0,10.0,19.0,Manolo González,Luís Castro,Mateo Busquets Ferrer,4-2-3-1,4-1-4-1,714.0,3368.0,33200000.0,29.376392259349135,183.0909090909091,22.0,9000000.0,25.994150955136583,182.45454545454547,143.0
2230,Girona,Mallorca,20:00,14,8,4,4,5,2,8,25,4,2,0,0,A,A,0,1,2026-05-01,1.0391,1.30537,1.30537,-0.4711800000000001,8.516129032258064,8,1.6859000000000002,1.77655,1.77655,0.4711800000000001,17.454545454545453,9,4646006.0,16.0,15.0,Míchel,Martín Demichelis,Francisco José Hernández Maeso,4-2-3-1,4-3-1-2,12321.0,237.0,74800000.0,27.07137079211001,180.1818181818182,394.0,42500000.0,28.496546574575323,181.36363636363637,178.0
2231,Alaves,Athletic Club,17:30,7,9,4,4,4,7,8,13,4,4,0,0,H,A,2,4,2026-05-02,1.5962,0.895921,0.895921,0.2827489999999999,6.5,4,1.0379,0.613172,0.613172,-0.2827489999999999,11.526315789473683,7,4646001.0,18.0,8.0,Quique Sánchez Flores,Ernesto Valverde,Alejandro Quintero González,3-4-1-2,4-2-3-1,1108.0,621.0,26000000.0,28.070686329413228,180.72727272727272,17.0,63000000.0,28.333520004977913,184.0909090909091,165.0
2232,Osasuna,Barcelona,20:00,9,13,4,4,3,7,9,10,2,2,0,0,D,A,1,2,2026-05-02,1.5606,1.56763,1.56763,0.2795000000000001,4.92,16,1.1643,1.28813,1.28813,-0.2795000000000001,23.571428571428573,2,4646008.0,10.0,1.0,Alessio Lisci,Hansi Flick,Isidro Díaz de Mera Escuderos,4-2-3-1,4-2-3-1,331.0,131.0,48700000.0,30.24827328728766,181.45454545454547,72.0,80000000.0,25.452305394810526,180.63636363636363,391.0
2233,Villarreal,Levante,13:00,20,12,8,3,7,3,14,7,3,1,0,0,H,H,5,1,2026-05-02,0.3619,0.801231,0.801231,-1.678299,20.4375,6,2.4958,2.47953,2.47953,1.678299,10.28125,7,4645999.0,3.0,19.0,Marcelino,Luís Castro,Alejandro Hernández Hernández,4-4-2,4-2-3-1,1050.0,3368.0,94500000.0,27.28965216850227,182.9090909090909,163.0,6000000.0,26.079273225063783,182.45454545454547,176.0
2234,Valencia,Atletico Madrid,15:15,12,20,0,5,1,7,9,12,1,3,0,0,D,A,0,2,2026-05-02,2.1345,1.80568,1.80568,1.027209,11.0,8,0.6396,0.778471,0.778471,-1.027209,9.076923076923077,6,4646007.0,12.0,4.0,Carlos Corberán,Diego Simeone,José Luis Munuera Montero,4-4-2,4-3-3 Defending,1049.0,13.0,34000000.0,28.851969385850285,182.63636363636363,201.0,35600000.0,25.49121606205795,180.22222222222223,137.0
2235,Real Betis,Real Oviedo,17:30,10,17,5,5,5,4,9,4,0,0,0,0,H,H,3,0,2026-05-03,0.7939,1.14971,1.14971,-0.7191099999999999,15.941176470588236,4,1.9768,1.86882,1.86882,0.7191099999999999,9.892857142857142,9,4646002.0,5.0,20.0,Manuel Pellegrini,Guillermo Almada,Adrián Cordero Vega,4-3-3 Attacking,4-2-3-1,150.0,2497.0,68000000.0,29.007529089664615,180.9090909090909,355.0,6600000.0,28.14684836040072,181.63636363636363,39.0
2236,Espanyol,Real Madrid,20:00,17,15,3,5,5,6,19,16,3,4,0,0,D,A,0,2,2026-05-03,1.6706,1.5023,1.5023,0.4122299999999999,6.111111111111111,10,1.0487,1.09007,1.09007,-0.4122299999999999,22.36842105263158,6,4646004.0,13.0,2.0,Manolo González,Álvaro Arbeloa,Jesús Gil Manzano,4-2-3-1,4-2-3-1,714.0,418.0,24000000.0,27.341920228983884,182.63636363636363,29.0,350000000.0,26.191525107336194,183.54545454545453,387.0
2237,Celta Vigo,Elche,13:00,6,15,4,4,4,2,14,15,2,1,0,0,H,H,3,1,2026-05-03,1.5101,1.64767,0.904389,-0.5399109999999999,6.0,7,1.2014,1.4443,1.4443,0.5399109999999999,11.20689655172414,6,4646003.0,6.0,14.0,Claudio Giráldez,Eder Sarabia,De Burgos Bengoetxea,5-4-1,3-4-1-2,940.0,1531.0,21800000.0,25.755709041129986,179.54545454545453,67.0,9800000.0,29.08219774749549,182.63636363636363,72.0
2238,Getafe,Rayo Vallecano,15:15,13,10,3,6,4,1,7,22,3,5,0,0,A,A,0,2,2026-05-03,0.9579,0.954171,0.954171,0.356646,3.588235294117647,2,1.7268,1.35219,0.597525,-0.356646,5.125,2,4646005.0,7.0,11.0,José Bordalás,Iñigo Pérez,Miguel Sesma Espinosa,5-3-2,4-4-2,3709.0,367.0,30300000.0,27.860618505382366,184.0,30.0,5600000.0,29.36295190093958,182.1818181818182,90.0
2239,Sevilla,Real Sociedad,20:00,19,6,5,0,3,3,19,11,3,1,0,0,D,H,1,0,2026-05-04,0.3792,0.166837,0.166837,-1.153343,11.647058823529411,4,2.3697000000000004,1.32018,1.32018,1.153343,9.580645161290322,5,4646000.0,17.0,9.0,Luis García,Pellegrino Matarazzo,Juan Martínez Munuera,4-4-2,4-2-3-1,368.0,681.0,31500000.0,27.494493186484974,182.72727272727272,266.0,100000000.0,25.842822475266008,180.9090909090909,164.0
2240,Levante,Osasuna,20:00,35,5,12,3,15,1,11,13,2,0,0,1,D,H,3,2,2026-05-08,0.0655999999999999,0.500111,0.500111,-3.030409,25.33333333333333,0,2.8913,3.53052,3.53052,3.030409,7.904761904761905,13,3607576.0,20.0,10.0,Alessio Lisci,Jagoba Arrasate,Valentin Pizarro Gomez,4-3-3 Attacking,5-3-2,3368.0,331.0,49600000.0,28.195631883516896,181.27272727272728,4.0,61500000.0,27.509426918051147,182.63636363636363,55.0
2241,Atletico Madrid,Celta Vigo,17:30,20,3,4,1,10,0,11,13,1,2,0,0,D,A,0,1,2026-05-09,0.0771999999999999,0.292392,0.292392,-2.492668,20.066666666666663,2,2.8705,2.78506,2.78506,2.492668,12.4,14,4407754.0,3.0,14.0,Diego Simeone,Claudio Giráldez,Juan Martínez Munuera,4-4-2,3-4-3,13.0,940.0,356000000.0,28.12718561383859,179.36363636363637,520.0,37800000.0,25.875925580237695,181.45454545454547,38.0
2242,Real Sociedad,Real Betis,20:00,14,14,6,6,4,3,12,9,2,3,0,1,A,D,2,2,2026-05-09,0.7746,1.78903,1.78903,-0.1332600000000001,25.4375,2,2.0046,2.66557,1.92229,0.1332600000000001,8.73913043478261,7,4407660.0,9.0,10.0,Imanol Alguacil,Manuel Pellegrini,Francisco José Hernández Maeso,4-3-3 Attacking,4-2-3-1,681.0,150.0,298000000.0,26.026507373529963,180.72727272727272,249.0,78300000.0,26.379690125070002,181.0909090909091,169.0
2243,Elche,Alaves,13:00,16,12,5,4,7,3,15,13,3,6,0,0,D,D,1,1,2026-05-09,1.6475,2.45633,1.71305,-0.3754400000000002,15.6,7,1.121,2.08849,2.08849,0.3754400000000002,4.64,5,3610329.0,14.0,19.0,Francisco Rodríguez,José Luis Mendilibar,Mario Melero López,4-4-2 double 6,4-4-2,1531.0,1108.0,22200000.0,29.27409619812084,182.8181818181818,63.0,32600000.0,28.917180013689254,182.72727272727272,28.0
2244,Sevilla,Espanyol,15:15,21,10,6,5,4,6,14,17,5,5,0,0,D,H,2,1,2026-05-09,0.5001,0.402373,0.402373,-1.015097,9.625,4,2.2488,1.41747,1.41747,1.015097,3.310344827586207,7,4407753.0,12.0,18.0,Xavier García Pimienta,Manolo González,Adrián Cordero Vega,4-3-3 Attacking,4-4-2,368.0,714.0,113000000.0,26.939207267749364,184.45454545454547,323.0,30500000.0,26.168377823408626,182.45454545454547,89.0
2245,Barcelona,Real Madrid,20:00,10,8,7,1,4,8,18,9,2,4,0,0,H,H,2,0,2026-05-10,0.4975,0.562101,0.562101,-1.157919,29.07692307692308,4,2.2861,1.72002,1.72002,1.157919,11.565217391304348,11,4407595.0,1.0,2.0,Hansi Flick,Carlo Ancelotti,Alejandro Hernández Hernández,4-2-3-1,4-2-3-1,131.0,418.0,471000000.0,25.79851907161969,181.9090909090909,407.0,870000000.0,26.27117167568913,181.0909090909091,465.0
2246,Mallorca,Villarreal,13:00,18,7,8,2,5,4,17,13,2,0,0,0,D,D,1,1,2026-05-10,0.9135,0.9943,0.251022,-1.289558,21.08333333333333,3,1.7721,1.54058,1.54058,1.289558,8.166666666666666,5,4405322.0,13.0,3.0,Jagoba Arrasate,Marcelino,De Burgos Bengoetxea,4-2-3-1,4-4-2,237.0,1050.0,48500000.0,27.920104536120963,182.8181818181818,151.0,101900000.0,27.920104536120963,183.63636363636363,129.0
2247,Athletic Club,Valencia,15:15,14,7,4,3,13,5,9,7,2,3,0,0,D,A,0,1,2026-05-10,1.9138,1.49759,0.754312,-0.180887,12.235294117647058,2,0.8133999999999999,0.935199,0.935199,0.180887,10.38095238095238,5,4361563.0,9.0,20.0,Ernesto Valverde,Rubén Baraja,Pablo González Fuertes,4-2-3-1,4-4-2 double 6,621.0,1049.0,153300000.0,26.16862671893473,182.9090909090909,61.0,150000000.0,25.040881090162404,184.27272727272728,81.0
2248,Rayo Vallecano,Girona,20:00,18,9,5,5,9,5,10,9,1,1,0,0,D,D,1,1,2026-05-11,0.8760999999999999,1.12895,1.12895,-0.6659300000000001,18.6875,3,1.8643000000000003,1.79488,1.79488,0.6659300000000001,7.68,9,4407751.0,7.0,9.0,Iñigo Pérez,Míchel,Isidro Díaz de Mera Escuderos,4-2-3-1,4-2-3-1,367.0,12321.0,36800000.0,28.843755833488895,179.36363636363637,108.0,102400000.0,28.42386908095327,182.63636363636363,206.0
