FTR,date,Time,game_id,HTR,home_team,home_club_id,home_manager,home_formation,home_xi_market_value,home_xi_average_age,home_xi_average_height,home_xi_total_caps,home_shots_last_5,home_shots_target_last_5,home_corners_last_5,home_fouls_last_5,home_yellow_cards_last_5,home_red_cards_last_5,home_xp_last_5,home_xg_last_5,home_np_xg_last_5,home_ppda_last_5,home_deep_completions_last_5,home_xi_market_value_last_5,home_xi_average_age_last_5,home_xi_average_height_last_5,home_xi_total_caps_last_5,home_shots_ewm_5,home_shots_target_ewm_5,home_corners_ewm_5,home_fouls_ewm_5,home_yellow_cards_ewm_5,home_red_cards_ewm_5,home_xp_ewm_5,home_xg_ewm_5,home_np_xg_ewm_5,home_ppda_ewm_5,home_deep_completions_ewm_5,home_xi_market_value_ewm_5,home_xi_average_age_ewm_5,home_xi_average_height_ewm_5,home_xi_total_caps_ewm_5,home_position_last,away_team,away_club_id,away_manager,away_formation,away_xi_market_value,away_xi_average_age,away_xi_average_height,away_xi_total_caps,away_shots_last_5,away_shots_target_last_5,away_corners_last_5,away_fouls_last_5,away_yellow_cards_last_5,away_red_cards_last_5,away_xp_last_5,away_xg_last_5,away_np_xg_last_5,away_ppda_last_5,away_deep_completions_last_5,away_xi_market_value_last_5,away_xi_average_age_last_5,away_xi_average_height_last_5,away_xi_total_caps_last_5,away_shots_ewm_5,away_shots_target_ewm_5,away_corners_ewm_5,away_fouls_ewm_5,away_yellow_cards_ewm_5,away_red_cards_ewm_5,away_xp_ewm_5,away_xg_ewm_5,away_np_xg_ewm_5,away_ppda_ewm_5,away_deep_completions_ewm_5,away_xi_market_value_ewm_5,away_xi_average_age_ewm_5,away_xi_average_height_ewm_5,away_xi_total_caps_ewm_5,away_position_last,shots_last_5_diff,shots_target_last_5_diff,corners_last_5_diff,fouls_last_5_diff,yellow_cards_last_5_diff,red_cards_last_5_diff,xp_last_5_diff,xg_last_5_diff,np_xg_last_5_diff,ppda_last_5_diff,deep_completions_last_5_diff,shots_ewm_5_diff,ppda_ewm_5_diff,shots_target_ewm_5_diff,corners_ewm_5_diff,fouls_ewm_5_diff,yellow_cards_ewm_5_diff,red_cards_ewm_5_diff,xp_ewm_5_diff,xg_ewm_5_diff,np_xg_ewm_5_diff,deep_completions_ewm_5_diff,table_position_diff,table_position_abs_diff,shots_last_5_abs_diff,shots_target_last_5_abs_diff,corners_last_5_abs_diff,fouls_last_5_abs_diff,yellow_cards_last_5_abs_diff,red_cards_last_5_abs_diff,xp_last_5_abs_diff,xg_last_5_abs_diff,np_xg_last_5_abs_diff,ppda_last_5_abs_diff,deep_completions_last_5_abs_diff,xg_ewm_5_abs_diff,xp_ewm_5_abs_diff,shots_ewm_5_abs_diff,ppda_ewm_5_abs_diff,np_xg_ewm_5_abs_diff,deep_completions_ewm_5_abs_diff,corners_ewm_5_abs_diff,fouls_ewm_5_abs_diff,yellow_cards_ewm_5_abs_diff,red_cards_ewm_5_abs_diff,month_sin,month_cos,dow_sin,dow_cos,hour_sin,hour_cos,home_team_enc,away_team_enc,home_manager_enc,away_manager_enc,home_formation_enc,away_formation_enc,home_club_id_enc,away_club_id_enc,FTR_enc
H,2025-08-24,16:00,4645519.0,H,Osasuna,331.0,Alessio Lisci,5-4-1,62500000.0,28.955261029183,183.1818181818182,71.0,12.4,3.2,5.4,10.6,1.2,0.2,1.6126200000000002,1.4617948,1.4617948,13.756950067476385,3.4,75940000.0,28.80950780909713,182.6909090909091,64.4,10.598553676516755,2.7023299337374684,4.6403152380615085,11.046580180559262,1.069831233692357,0.3333333419659657,1.2439798776208442,1.1992745247012337,1.1483830893938283,14.587783733986209,3.514956606294809,73751882.4314389,28.812782260415677,183.2999666301746,65.00877004200959,16.0,Valencia,1049.0,Carlos Corberán,4-4-2,46000000.0,27.230415033289777,182.72727272727272,86.0,10.6,3.0,4.2,10.8,2.4,0.0,1.2859399999999999,1.2362268,0.9389168,12.349047619047619,4.6,129200000.0,25.681388837035655,184.21818181818182,123.4,12.031366783775445,2.725024004401579,4.963512285558285,9.089997780010583,1.9557710057015092,2.662895614693799e-06,1.320733518875417,1.179421432072364,1.0815000021533765,14.293337550005077,5.357551017770397,113348567.82310773,25.78820226967821,184.0634720976868,118.78676226249308,10.0,1.8000000000000007,0.20000000000000018,1.2000000000000002,-0.20000000000000107,-1.2,0.2,0.3266800000000003,0.225568,0.5228780000000001,-1.407902448428766,-1.1999999999999997,-1.4328131072586903,-0.2944461839811314,-0.022694070664110555,-0.3231970474967767,1.9565824005486796,-0.8859397720091522,0.333330679070351,-0.07675364125457285,0.019853092628869806,0.06688308724045178,-1.8425944114755874,-6.0,6.0,1.8000000000000007,0.20000000000000018,1.2000000000000002,0.20000000000000107,1.2,0.2,0.3266800000000003,0.225568,0.5228780000000001,1.407902448428766,1.1999999999999997,0.019853092628869806,0.07675364125457285,1.4328131072586903,0.2944461839811314,0.06688308724045178,1.8425944114755874,0.3231970474967767,1.9565824005486796,0.8859397720091522,0.333330679070351,-0.8660254037844384,-0.5000000000000004,-0.7818314824680299,0.6234898018587334,-0.8660254037844384,-0.5000000000000004,17,26,4,11,24,18,15,0,2
A,2025-08-24,20:30,4645520.0,A,Real Oviedo,2497.0,Veljko Paunovic,3-4-3,6300000.0,29.0113620807666,184.6,191.0,5.0,4.0,1.0,8.0,2.0,1.0,0.2935,0.85578,0.112502,40.42857142857143,0.0,1800000.0,28.0394250513347,182.8,160.0,5.0,4.0,1.0,8.0,2.0,1.0,0.2935,0.85578,0.112502,40.42857142857143,0.0,1800000.0,28.0394250513347,182.8,160.0,19.0,Real Madrid,418.0,Xabi Alonso,4-2-3-1,180000000.0,25.877418953394315,183.9090909090909,539.0,19.6,7.4,10.6,9.0,1.0,0.0,2.20132,2.4063619999999997,1.9316489999999997,9.729000852514918,10.2,590000000.0,26.10147470599216,181.21818181818185,513.8,18.564829088239176,6.796600859636013,9.309606427119451,8.297971742104714,0.8943594593227052,0.013867696926073592,2.336799252494128,2.1777745627089455,1.6728417360323007,9.474805590104674,10.339069210089155,524782619.2774377,26.171724288721606,181.40338152965305,513.6106100312271,8.0,-14.600000000000001,-3.4000000000000004,-9.6,-1.0,1.0,1.0,-1.90782,-1.5505819999999997,-1.8191469999999996,-30.699570576056512,-10.2,-13.564829088239176,-30.953765838466758,-2.796600859636013,-8.309606427119451,-0.2979717421047141,1.1056405406772947,0.9861323030739264,-2.043299252494128,-1.3219945627089456,-1.5603397360323006,-10.339069210089155,-11.0,11.0,14.600000000000001,3.4000000000000004,9.6,1.0,1.0,1.0,1.90782,1.5505819999999997,1.8191469999999996,30.699570576056512,10.2,1.3219945627089456,2.043299252494128,13.564829088239176,30.953765838466758,1.5603397360323006,10.339069210089155,8.309606427119451,0.2979717421047141,1.1056405406772947,0.9861323030739264,-0.8660254037844384,-0.5000000000000004,-0.7818314824680299,0.6234898018587334,-0.8660254037844386,0.5000000000000001,21,20,76,79,3,10,12,21,0
D,2025-08-24,18:30,4645524.0,A,Real Sociedad,681.0,Sergio Francisco,4-1-4-1,133000000.0,24.645883890237073,179.9090909090909,182.0,11.6,3.8,7.4,11.6,1.4,0.0,1.1557000000000002,1.5436750000000001,1.395019,16.169927849927852,3.4,161060000.0,25.770294318959618,180.1818181818182,184.2,11.673903361960237,3.4896877456663327,6.899224650238217,11.263284950492993,1.4762426733137313,0.003235335383538904,1.108013095338529,1.3845038059166708,1.2598685458325274,15.244356815056852,3.1244914512247477,147005949.9880626,25.66084850820646,180.27747205287233,186.48593161935923,12.0,Espanyol,714.0,Manolo González,4-2-3-1,30200000.0,27.536805425922466,181.27272727272728,33.0,11.0,4.2,4.2,11.4,2.2,0.2,1.4547999999999999,1.3603564,1.211701,15.873612339672713,5.0,54100000.0,25.96099807105967,182.7818181818182,41.6,10.47532637437193,4.147850252583349,3.272881952252044,11.65814476542875,2.304846182454341,0.09876543613478762,1.4938135749251422,1.3219986067039506,1.1492875842966699,16.66658704616817,4.163440048795441,49365430.50964441,26.079837881775195,182.4280708475535,35.87049382197974,7.0,0.5999999999999996,-0.40000000000000036,3.2,0.1999999999999993,-0.8000000000000003,-0.2,-0.2990999999999997,0.18331860000000022,0.1833180000000001,-0.29631551025513936,-1.6,1.1985769875883072,1.4222302311113193,-0.6581625069170163,3.6263426979861735,-0.3948598149357565,-0.8286035091406097,-0.09553010075124872,-0.38580047958661323,0.06250519921272013,0.1105809615358575,-1.0389485975706934,-5.0,5.0,0.5999999999999996,0.40000000000000036,3.2,0.1999999999999993,0.8000000000000003,0.2,0.2990999999999997,0.18331860000000022,0.1833180000000001,0.29631551025513936,1.6,0.06250519921272013,0.38580047958661323,1.1985769875883072,1.4222302311113193,0.1105809615358575,1.0389485975706934,3.6263426979861735,0.3948598149357565,0.8286035091406097,0.09553010075124872,-0.8660254037844384,-0.5000000000000004,-0.7818314824680299,0.6234898018587334,-1.0,-1.8369701987210297e-16,22,9,73,50,9,10,25,26,1
H,2025-08-24,18:30,4645516.0,H,Villarreal,1050.0,Marcelino,4-4-2,45000000.0,25.645199427540287,185.27272727272728,214.0,15.0,6.4,4.4,8.4,1.0,0.0,2.04204,2.085714,2.0857140000000003,19.204807473228527,11.2,120200000.0,26.128156306390387,184.0,175.2,16.360301096779367,6.901818760395277,5.585490571683887,9.289662560657925,1.0715761593304338,0.025334513034214648,1.9142098124335385,2.0432315187410626,2.042952625664242,14.95641400829409,12.649883768056194,98111443.16056204,26.258818392138092,184.36074368390163,169.01138249515176,3.0,Girona,12321.0,Míchel,4-2-3-1,90200000.0,25.156866405326365,182.45454545454547,249.0,7.6,2.6,2.8,12.4,1.0,0.2,0.6082,0.86770318,0.86770318,15.221860587924663,2.8,77120000.0,28.21853027191836,181.87272727272727,312.4,7.373749167512549,2.7856992716764486,2.583805543697003,11.347594077617513,0.7307649807268403,0.33409847304092205,0.5857282193785392,0.8536943381160951,0.851527476662861,16.40655166274762,2.7114363337722223,81947818.21749176,27.819480986690337,182.18944437575115,317.64808081926844,17.0,7.4,3.8000000000000003,1.6000000000000005,-4.0,0.0,-0.2,1.43384,1.21801082,1.2180108200000004,-3.982946885303864,8.399999999999999,8.986551929266817,1.4501376544535312,4.116119488718828,3.001685027986884,-2.057931516959588,0.34081117860359356,-0.3087639600067074,1.3284815930549994,1.1895371806249675,1.1914251490013807,9.938447434283972,14.0,14.0,7.4,3.8000000000000003,1.6000000000000005,4.0,0.0,0.2,1.43384,1.21801082,1.2180108200000004,3.982946885303864,8.399999999999999,1.1895371806249675,1.3284815930549994,8.986551929266817,1.4501376544535312,1.1914251490013807,9.938447434283972,3.001685027986884,2.057931516959588,0.34081117860359356,0.3087639600067074,-0.8660254037844384,-0.5000000000000004,-0.7818314824680299,0.6234898018587334,-1.0,-1.8369701987210297e-16,27,11,52,56,18,10,1,3,2
H,2025-08-25,18:30,4645517.0,D,Athletic Club,621.0,Ernesto Valverde,4-2-3-1,85000000.0,27.655528591873562,182.54545454545453,138.0,10.8,2.6,5.8,13.8,0.6,0.0,1.71496,1.4545312000000001,1.3058751999999998,11.737728758169935,5.8,123020000.0,27.687387219214735,182.47272727272727,96.8,11.0348200990599,2.5440938744853336,5.7569853983661785,13.207054015196405,0.6782932433586731,3.2468053201591615e-06,1.6605124009742187,1.602295208711847,1.3416237307234635,14.746983452645347,6.83381153258831,127903550.9575622,27.7080845850823,182.5087665734363,107.1714002394795,5.0,Rayo Vallecano,367.0,Iñigo Pérez,4-2-3-1,35500000.0,29.732312861676313,178.54545454545453,91.0,17.2,5.2,7.0,12.0,2.0,0.0,1.7288999999999999,1.7180054000000002,1.5693494,10.012554112554112,5.4,40320000.0,30.611810092713586,177.92727272727274,103.0,17.048375535409644,5.4137896691173,6.24844729326982,13.290774001000154,1.8760088724184234,0.0011545547146459012,1.90495668098296,2.0320529884314262,1.773521286865168,9.105828495080223,5.596420444646483,38775794.61989567,30.386256604830436,178.22207503274805,100.42282966112218,2.0,-6.399999999999999,-2.6,-1.2000000000000002,1.8000000000000007,-1.4,0.0,-0.013939999999999841,-0.2634742000000001,-0.2634742000000001,-1.725174645615823,0.39999999999999947,-6.013555436349744,-5.641154957565124,-2.869695794631966,-0.4914618949036411,-0.08371998580374829,-1.1977156290597502,-0.001151307909325742,-0.2444442800087412,-0.4297577797195793,-0.43189755614170444,1.2373910879418268,-3.0,3.0,6.399999999999999,2.6,1.2000000000000002,1.8000000000000007,1.4,0.0,0.013939999999999841,0.2634742000000001,0.2634742000000001,1.725174645615823,0.39999999999999947,0.4297577797195793,0.2444442800087412,6.013555436349744,5.641154957565124,0.43189755614170444,1.2373910879418268,0.4914618949036411,0.08371998580374829,1.1977156290597502,0.001151307909325742,-0.8660254037844384,-0.5000000000000004,0.0,1.0,-1.0,-1.8369701987210297e-16,2,18,19,30,10,10,24,18,2
A,2025-08-25,20:30,4645515.0,D,Sevilla,368.0,Matías Almeyda,4-2-3-1,58900000.0,26.51359591811337,185.63636363636363,294.0,12.8,5.2,3.4,14.2,2.2,0.4,1.30338,1.3159972,1.1673432,12.663575252270904,6.6,86220000.0,26.353356978408318,185.3090909090909,227.8,12.967353914299323,5.0477248045293255,3.068147659569178,13.315750575702515,1.970874401778305,0.32557198754974614,1.0862635232574602,1.2040972841836048,1.1550446341240994,12.73270461999919,6.835792234155959,82070708.17595956,26.287318713361646,185.15968066756912,231.17198514347297,13.0,Getafe,3709.0,José Bordalás,5-3-2,41300000.0,27.175906913073234,183.0,121.0,9.4,2.4,3.4,13.8,2.6,0.2,1.11148,0.9487881999999999,0.9487881999999999,14.286878233815424,4.2,48780000.0,28.042013564806172,184.14545454545456,108.0,9.6282968282124,2.6244846115288065,3.163764446405562,14.08694491811641,2.328208250359453,0.30363471077042875,1.3871378517576867,1.1086605285494173,1.108277235595286,15.515184908394366,4.537265694997855,47524571.33973227,27.93099426100834,183.5120855390302,123.75603790230684,4.0,3.4000000000000004,2.8000000000000003,0.0,0.3999999999999986,-0.3999999999999999,0.2,0.19189999999999996,0.3672090000000001,0.21855500000000005,1.6233029815445192,2.3999999999999995,3.339057086086923,2.782480288395176,2.423240193000519,-0.09561678683638375,-0.7711943424138958,-0.3573338485811477,0.021937276779317394,-0.30087432850022644,0.09543675563418752,0.04676739852881351,2.298526539158104,-9.0,9.0,3.4000000000000004,2.8000000000000003,0.0,0.3999999999999986,0.3999999999999999,0.2,0.19189999999999996,0.3672090000000001,0.21855500000000005,1.6233029815445192,2.3999999999999995,0.09543675563418752,0.30087432850022644,3.339057086086923,2.782480288395176,0.04676739852881351,2.298526539158104,0.09561678683638375,0.7711943424138958,0.3573338485811477,0.021937276779317394,-0.8660254037844384,-0.5000000000000004,0.0,1.0,-0.8660254037844386,0.5000000000000001,25,10,54,39,10,23,19,20,0
D,2025-08-27,20:00,4645543.0,A,Celta Vigo,940.0,Claudio Giráldez,3-4-2-1,30500000.0,24.80343475826022,182.36363636363637,58.0,12.8,4.4,5.8,11.6,2.6,0.0,1.4329,1.3386979999999997,1.1900419999999998,13.085287356321842,6.4,33060000.0,26.97982701760936,180.94545454545454,65.8,11.75549150817181,4.129827337555899,5.78077113266212,12.16917283682937,2.6644315772075506,0.04396505142520502,1.4208877834603306,1.2192269502874187,1.1276045813062145,12.43176742189435,6.241892405343649,28037882.32593769,26.99046275192377,180.92614941320122,67.23522990425442,15.0,Real Betis,150.0,Manuel Pellegrini,4-2-3-1,33500000.0,28.617509800261338,181.0909090909091,237.0,12.8,4.6,4.4,11.6,1.6,0.0,1.3598,1.3763156,1.2276592000000002,14.164259259259257,7.2,84960000.0,28.585004044552296,181.1090909090909,219.6,13.891650446708056,4.891986276789454,4.42391178521179,10.632109592309046,1.5446534875597244,0.000892928331737881,1.560274894072113,1.5584926095749996,1.5045293502609265,14.788272319911869,8.118375375008831,72481585.19600998,28.566227096687783,181.15989236108155,197.99178768994884,7.0,0.0,-0.1999999999999993,1.3999999999999995,0.0,1.0,0.0,0.07310000000000016,-0.03761760000000036,-0.03761720000000035,1.0789719029374147,-0.7999999999999998,-2.136158938536246,2.356504898017519,-0.7621589392335544,1.3568593474503299,1.5370632445203238,1.1197780896478262,0.04307212309346714,-0.13938711061178233,-0.3392656592875809,-0.37692476895471194,-1.8764829696651821,-8.0,8.0,0.0,0.1999999999999993,1.3999999999999995,0.0,1.0,0.0,0.07310000000000016,0.03761760000000036,0.03761720000000035,1.0789719029374147,0.7999999999999998,0.3392656592875809,0.13938711061178233,2.136158938536246,2.356504898017519,0.37692476895471194,1.8764829696651821,1.3568593474503299,1.5370632445203238,1.1197780896478262,0.04307212309346714,-0.8660254037844384,-0.5000000000000004,0.9749279121818236,-0.22252093395631434,-0.8660254037844386,0.5000000000000001,6,19,12,51,2,10,27,7,1
H,2025-08-29,18:30,4645529.0,D,Elche,1531.0,Eder Sarabia,5-3-2,5500000.0,26.999937776118475,182.54545454545453,22.0,10.0,3.6,4.4,12.2,1.8,0.0,0.7902,0.9913342000000002,0.9913342000000002,9.606779560308972,4.0,18200000.0,28.07678426980275,182.22,21.8,8.851223119785134,2.9963755810823733,3.6336300414457328,11.503323471745281,1.9571391142020769,0.004870061885708104,0.7451199010344333,0.9309197731518887,0.9305155218588476,10.483147022886358,3.4792462603018692,15328318.376546798,27.771462862353555,182.32529717326346,20.56632188033198,12.0,Levante,3368.0,Julián Calero,5-4-1,2500000.0,27.860095824777552,177.5,141.0,12.0,4.2,2.6,12.0,3.2,0.0,1.2895,1.9116350000000004,1.762979,15.146557971014492,5.6,17820000.0,28.28464687947234,180.04000000000002,55.4,11.053947271756536,4.749824750998605,2.176224287871364,11.968327550504796,2.802519814036272,0.00047093960344933957,1.3876801360885604,2.111982400263189,1.773548534365567,15.40948204571547,4.826679338074789,13344353.231078895,28.25889229647294,179.87915908148284,47.91074139282733,17.0,-2.0,-0.6000000000000001,1.8000000000000003,0.1999999999999993,-1.4000000000000001,0.0,-0.4993000000000001,-0.9203008000000003,-0.7716447999999999,5.5397784107055195,-1.5999999999999996,-2.2027241519714025,4.926335022829111,-1.7534491699162316,1.4574057535743687,-0.4650040787595149,-0.8453806998341951,0.004399122282258765,-0.6425602350541272,-1.1810626271113005,-0.8430330125067195,-1.3474330777729198,5.0,5.0,2.0,0.6000000000000001,1.8000000000000003,0.1999999999999993,1.4000000000000001,0.0,0.4993000000000001,0.9203008000000003,0.7716447999999999,5.5397784107055195,1.5999999999999996,1.1810626271113005,0.6425602350541272,2.2027241519714025,4.926335022829111,0.8430330125067195,1.3474330777729198,1.4574057535743687,0.4650040787595149,0.8453806998341951,0.004399122282258765,-0.8660254037844384,-0.5000000000000004,-0.433883739117558,-0.9009688679024191,-1.0,-1.8369701987210297e-16,8,15,17,44,23,24,8,16,2
H,2025-08-29,20:30,4645525.0,H,Valencia,1049.0,Carlos Corberán,4-2-3-1,44500000.0,26.75228672764607,182.8181818181818,94.0,9.4,2.0,4.6,10.0,2.0,0.2,0.92742,0.7593536000000001,0.7593536000000001,14.615714285714285,4.0,105300000.0,25.954576566486217,184.2,115.2,9.354244522516963,2.150016002934386,4.642341523705523,10.393331853340388,1.6371806704676726,0.33333510859707643,1.2230890125836114,0.9828122880482426,0.9175313347689177,15.005082176193861,4.905034011846931,90899045.21540515,26.26893985754873,183.61807230754877,107.85784150832872,14.0,Getafe,3709.0,José Bordalás,5-3-2,41300000.0,27.186858316221766,183.0,121.0,9.2,3.0,2.8,14.6,2.0,0.2,1.4610800000000002,1.0966619999999998,1.0966619999999998,15.527375128225362,4.4,49600000.0,27.8636052516956,183.96363636363634,113.0,9.418864552141601,3.749656407685871,3.109176297603708,17.391296612077607,2.218805500239635,0.20242314051361918,1.5457585678384576,1.1822536856996115,1.1819981570635238,14.734760953422331,4.3581771299985705,45449714.22648817,27.679298478363307,183.34139035935345,122.8373586015379,4.0,0.20000000000000107,-1.0,1.7999999999999998,-4.6,0.0,0.0,-0.5336600000000001,-0.33730839999999973,-0.33730839999999973,0.9116608425110773,-0.40000000000000036,-0.06462002962463842,-0.27032122277153015,-1.5996404047514852,1.5331652261018154,-6.9979647587372185,-0.5816248297719626,0.13091196808345726,-0.3226695552548462,-0.19944139765136892,-0.26446682229460616,0.5468568818483606,-10.0,10.0,0.20000000000000107,1.0,1.7999999999999998,4.6,0.0,0.0,0.5336600000000001,0.33730839999999973,0.33730839999999973,0.9116608425110773,0.40000000000000036,0.19944139765136892,0.3226695552548462,0.06462002962463842,0.27032122277153015,0.26446682229460616,0.5468568818483606,1.5331652261018154,6.9979647587372185,0.5816248297719626,0.13091196808345726,-0.8660254037844384,-0.5000000000000004,-0.433883739117558,-0.9009688679024191,-0.8660254037844386,0.5000000000000001,26,10,11,39,10,23,0,20,2
D,2025-08-30,16:00,4645527.0,D,Alaves,1108.0,Eduardo Coudet,4-4-2,25000000.0,27.779478563872814,181.54545454545453,26.0,13.0,4.6,7.0,17.4,2.2,0.0,1.6855600000000002,1.6051460000000002,1.1591777999999997,8.103756498057592,3.8,36900000.0,27.7765415966648,181.36363636363635,25.8,12.249816803019755,4.297090397672566,5.612232518245318,16.629386171206036,2.0888904136948354,0.012098067478175205,1.4374251294083058,1.467128771120647,1.231194785160955,8.135290155048258,2.7087004396312704,33808799.81119373,27.679029699168993,181.4829810440599,25.24418056313424,9.0,Atletico Madrid,13.0,Diego Simeone,4-4-2,315000000.0,27.132101300479125,182.63636363636363,380.0,15.2,7.4,6.6,11.8,1.2,0.0,2.23474,2.4729680000000003,2.4729680000000003,10.82718965975545,16.2,306300000.0,28.246506129052328,181.05454545454546,461.0,14.56839286568029,6.559192565760138,6.783551238452385,11.966201401016638,1.1015870177935685,0.0022210261737066776,2.1826695578010624,2.1034697065201162,2.0846781073307183,10.840460185687803,14.81598927211399,307861565.6002686,27.715391243620036,181.35420426290452,433.3391868369915,13.0,-2.1999999999999993,-2.8000000000000007,0.40000000000000036,5.599999999999998,1.0000000000000002,0.0,-0.5491799999999998,-0.8678220000000001,-1.3137902000000006,2.723433161697857,-12.399999999999999,-2.3185760626605347,2.705170030639545,-2.262102168087572,-1.1713187202070667,4.663184770189398,0.9873033959012669,0.009877041304468526,-0.7452444283927566,-0.6363409353994691,-0.8534833221697633,-12.10728883248272,4.0,4.0,2.1999999999999993,2.8000000000000007,0.40000000000000036,5.599999999999998,1.0000000000000002,0.0,0.5491799999999998,0.8678220000000001,1.3137902000000006,2.723433161697857,12.399999999999999,0.6363409353994691,0.7452444283927566,2.3185760626605347,2.705170030639545,0.8534833221697633,12.10728883248272,1.1713187202070667,4.663184770189398,0.9873033959012669,0.009877041304468526,-0.8660254037844384,-0.5000000000000004,-0.9749279121818236,-0.2225209339563146,-0.8660254037844384,-0.5000000000000004,0,3,18,16,18,18,2,5,1
H,2025-08-30,20:30,4645526.0,H,Real Madrid,418.0,Xabi Alonso,4-2-3-1,255000000.0,24.88283243108705,184.36363636363637,487.0,23.0,8.4,12.0,7.4,0.6,0.0,2.57788,2.258186,1.9321289999999998,8.861184760560896,11.4,452000000.0,26.022724161533198,181.7818181818182,528.6,21.04321939215945,7.864400573090674,9.2064042847463,7.865314494736476,0.9295729728818035,0.00924513128404906,2.378132834996085,2.0587563751392968,1.7221344906882006,8.925732462368634,9.55937947339277,409855079.5182918,26.073622510279176,182.23861798946567,522.073740020818,3.0,Mallorca,237.0,Jagoba Arrasate,5-3-2,26600000.0,27.412108767344908,182.54545454545453,155.0,7.2,2.0,2.2,12.6,2.8,0.4,0.5302199999999999,0.6452823999999999,0.6452823999999999,15.515919701213818,3.4,38200000.0,28.72433576006471,182.83636363636361,162.0,8.431772025901287,2.3775264289304006,2.721327197725436,12.000205142478626,2.8274726465571014,0.4446807201513021,0.6761010216768439,0.7001246931023933,0.6960041792009465,15.950737532807707,3.9727893187406758,35169969.25893385,28.841993943726255,182.44141813477378,166.44920643454745,16.0,15.8,6.4,9.8,-5.199999999999999,-2.1999999999999997,-0.4,2.04766,1.6129035999999999,1.2868465999999998,6.654734940652922,8.0,12.611447366258163,7.025005070439073,5.486874144160273,6.485077087020864,-4.134890647742149,-1.897899673675298,-0.43543558886725303,1.7020318133192411,1.3586316820369033,1.026130311487254,5.586590154652095,13.0,13.0,15.8,6.4,9.8,5.199999999999999,2.1999999999999997,0.4,2.04766,1.6129035999999999,1.2868465999999998,6.654734940652922,8.0,1.3586316820369033,1.7020318133192411,12.611447366258163,7.025005070439073,1.026130311487254,5.586590154652095,6.485077087020864,4.134890647742149,1.897899673675298,0.43543558886725303,-0.8660254037844384,-0.5000000000000004,-0.9749279121818236,-0.2225209339563146,-0.8660254037844386,0.5000000000000001,20,16,79,31,10,23,21,11,2
H,2025-08-30,18:00,4645532.0,H,Real Oviedo,2497.0,Veljko Paunovic,4-2-3-1,6300000.0,28.169746748802194,184.1818181818182,73.0,5.5,3.5,1.0,8.0,2.0,0.5,0.3203999999999999,0.596635,0.224996,32.589285714285715,3.0,4050000.0,28.52539356605065,183.7,175.5,5.6000000000000005,3.4,1.0,8.0,2.0,0.4,0.32577999999999996,0.544806,0.24749480000000001,31.021428571428572,3.5999999999999996,4500000.0,28.62258726899384,183.88000000000002,178.6,19.0,Real Sociedad,681.0,Sergio Francisco,4-4-2,107000000.0,25.632256860182938,180.54545454545453,184.0,13.4,5.0,7.8,12.4,1.6,0.0,1.2964000000000002,1.770672,1.622016,12.819500499500501,3.2,152060000.0,25.747445709663367,179.98181818181817,184.8,12.782602241306824,4.659791830444221,6.266149766825478,12.84218996699533,1.6508284488758207,0.002156890255692603,1.0705753968923526,1.4008892039444472,1.3177990305550182,12.227007107473797,3.7496609674831647,142337299.99204174,25.322526968883334,180.1546783382785,184.99062107957283,11.0,-7.9,-1.5,-6.8,-4.4,0.3999999999999999,0.5,-0.9760000000000003,-1.174037,-1.39702,-19.769785214785216,-0.20000000000000018,-7.182602241306824,-18.794421463954777,-1.2597918304442213,-5.266149766825478,-4.842189966995329,0.3491715511241793,0.3978431097443074,-0.7447953968923526,-0.8560832039444471,-1.0703042305550183,-0.14966096748316504,-8.0,8.0,7.9,1.5,6.8,4.4,0.3999999999999999,0.5,0.9760000000000003,1.174037,1.39702,19.769785214785216,0.20000000000000018,0.8560832039444471,0.7447953968923526,7.182602241306824,18.794421463954777,1.0703042305550183,0.14966096748316504,5.266149766825478,4.842189966995329,0.3491715511241793,0.3978431097443074,-0.8660254037844384,-0.5000000000000004,-0.9749279121818236,-0.2225209339563146,-1.0,-1.8369701987210297e-16,21,22,76,73,10,18,12,25,2
A,2025-08-30,18:30,4645531.0,A,Girona,12321.0,Míchel,4-2-3-1,78000000.0,28.874369983199554,181.63636363636363,243.0,7.2,3.0,2.0,11.6,1.0,0.2,0.5836,0.8397095799999998,0.8397095799999998,14.996688963210705,2.8,80100000.0,27.185414722170368,182.07272727272726,296.4,6.582499445008351,2.523799514450961,2.055870362464659,10.565062718411662,1.153843320484568,0.2227323153606127,0.4009521462523562,0.6158852254107257,0.6144406511085697,15.386976470817237,3.140957555848156,84698545.47832789,26.93194279290233,182.27781140201594,294.7653872128452,20.0,Sevilla,368.0,Matías Almeyda,4-2-3-1,27900000.0,26.900628461203407,182.9090909090909,283.0,11.4,3.8,3.2,13.0,2.2,0.4,0.97054,0.9598302000000001,0.9598302000000001,11.301908585604236,6.4,80120000.0,26.35634372472155,185.54545454545456,239.6,12.644902609532883,4.365149869686217,3.712098439712785,12.210500383801678,1.9805829345188701,0.21704799169983077,0.9996756821716403,1.0804231894557366,1.0477214227493996,9.69680307999946,5.890528156103973,74347138.78397304,26.36274444827889,185.31857499050065,252.11465676231532,18.0,-4.2,-0.7999999999999998,-1.2000000000000002,-1.4000000000000004,-1.2000000000000002,-0.2,-0.38693999999999995,-0.12012062000000023,-0.12012062000000023,-3.6947803776064685,-3.6000000000000005,-6.0624031645245315,-5.690173390817776,-1.8413503552352561,-1.6562280772481262,-1.6454376653900162,-0.8267396140343022,0.00568432366078192,-0.5987235359192841,-0.4645379640450109,-0.4332807716408299,-2.749570600255817,-2.0,2.0,4.2,0.7999999999999998,1.2000000000000002,1.4000000000000004,1.2000000000000002,0.2,0.38693999999999995,0.12012062000000023,0.12012062000000023,3.6947803776064685,3.6000000000000005,0.4645379640450109,0.5987235359192841,6.0624031645245315,5.690173390817776,0.4332807716408299,2.749570600255817,1.6562280772481262,1.6454376653900162,0.8267396140343022,0.00568432366078192,-0.8660254037844384,-0.5000000000000004,-0.9749279121818236,-0.2225209339563146,-1.0,-1.8369701987210297e-16,11,25,56,54,10,10,3,19,0
A,2025-08-31,18:00,4645533.0,D,Real Betis,150.0,Manuel Pellegrini,4-2-3-1,40000000.0,26.485719619189844,180.1818181818182,119.0,12.2,4.4,3.8,10.2,1.4,0.0,1.34314,1.2849391999999997,1.2849392,15.077665056360706,7.2,65340000.0,28.44457718872503,181.29090909090908,204.8,11.594433631138704,3.9279908511929693,4.28260785680786,10.754739728206031,1.6964356583731497,0.0005952855544919207,1.4245165960480755,1.2771477397166664,1.2411722335072843,14.395080097332551,6.412250250005887,59487723.464006655,28.5833213312123,181.13689793769072,210.99452512663257,8.0,Athletic Club,621.0,Ernesto Valverde,4-2-3-1,142000000.0,27.059423806857072,182.63636363636363,142.0,10.8,2.8,4.6,13.0,0.4,0.0,1.8096,1.5219512000000002,1.2246388,13.519611111111113,6.0,124900000.0,27.792271793914505,182.7090909090909,107.4,11.023213399373267,3.029395916323556,4.837990265577452,13.138036010130937,0.45219549557244876,2.1645368801061075e-06,1.915841600649479,1.6307268058078979,1.2091851538156424,14.124655635096898,6.889207688392207,113602367.30504148,27.690565920679386,182.5209958974424,117.447600159653,5.0,1.3999999999999986,1.6000000000000005,-0.7999999999999998,-2.8000000000000007,0.9999999999999999,0.0,-0.4664600000000001,-0.23701200000000044,0.06030040000000003,-1.5580539452495934,1.2000000000000002,0.5712202317654373,-0.27042446223565264,0.8985949348694131,-0.5553824087695922,-2.383296281924906,1.244240162800701,0.0005931210176118145,-0.4913250046014035,-0.35357906609123146,0.03198707969164194,-0.47695743838631977,-3.0,3.0,1.3999999999999986,1.6000000000000005,0.7999999999999998,2.8000000000000007,0.9999999999999999,0.0,0.4664600000000001,0.23701200000000044,0.06030040000000003,1.5580539452495934,1.2000000000000002,0.35357906609123146,0.4913250046014035,0.5712202317654373,0.27042446223565264,0.03198707969164194,0.47695743838631977,0.5553824087695922,2.383296281924906,1.244240162800701,0.0005931210176118145,-0.8660254037844384,-0.5000000000000004,-0.7818314824680299,0.6234898018587334,-1.0,-1.8369701987210297e-16,19,2,51,19,10,10,7,24,0
D,2025-08-31,16:00,4645528.0,D,Celta Vigo,940.0,Claudio Giráldez,3-4-3,44500000.0,25.295501213365693,178.0909090909091,41.0,14.4,5.0,7.6,12.0,2.6,0.0,1.6762600000000003,1.2598481999999998,1.1111922,12.058620689655175,8.2,30820000.0,26.62271171675689,181.3090909090909,66.4,12.503661005447873,4.419884891703933,7.187180755108081,12.446115224552912,2.1096210514717004,0.029310034283470014,1.4432918556402203,1.1145516335249457,1.053470054204143,14.91006717015179,8.161261603562432,28858588.21729179,26.261453420702583,181.40531173001295,64.15681993616961,15.0,Villarreal,1050.0,Marcelino,4-4-2,70000000.0,25.578495426544706,185.1818181818182,207.0,16.0,6.8,5.4,8.0,0.6,0.0,2.0811,2.2246379999999997,2.2246379999999997,16.819580200501253,11.8,98700000.0,26.082558646008334,184.25454545454548,180.8,17.240200731186246,6.934545840263517,6.390327047789259,8.859775040438617,1.0477174395536226,0.016889675356143097,2.257506541622359,2.354511012494042,2.354325083776161,16.116776005529392,12.433255845370795,80407628.77370803,26.054278737272156,184.6647382135102,184.00758833010119,1.0,-1.5999999999999996,-1.7999999999999998,2.1999999999999993,4.0,2.0,0.0,-0.40483999999999987,-0.9647897999999999,-1.1134457999999996,4.760959510846078,-3.6000000000000014,-4.736539725738373,1.2067088353776025,-2.5146609485595848,0.7968537073188218,3.5863401841142952,1.0619036119180778,0.012420358927326916,-0.8142146859821389,-1.2399593789690961,-1.3008550295720178,-4.271994241808363,-14.0,14.0,1.5999999999999996,1.7999999999999998,2.1999999999999993,4.0,2.0,0.0,0.40483999999999987,0.9647897999999999,1.1134457999999996,4.760959510846078,3.6000000000000014,1.2399593789690961,0.8142146859821389,4.736539725738373,1.2067088353776025,1.3008550295720178,4.271994241808363,0.7968537073188218,3.5863401841142952,1.0619036119180778,0.012420358927326916,-0.8660254037844384,-0.5000000000000004,-0.7818314824680299,0.6234898018587334,-0.8660254037844384,-0.5000000000000004,6,27,12,52,3,18,27,1,1
D,2025-08-31,20:30,4645534.0,A,Rayo Vallecano,367.0,Iñigo Pérez,4-3-3 Attacking,35500000.0,29.748739966399103,178.54545454545453,91.0,15.2,4.4,6.6,12.8,2.2,0.0,1.4851999999999999,1.6151608,1.4665047999999998,10.13953823953824,4.6,39140000.0,30.329413228797215,178.2181818181818,104.4,13.365583690273096,3.9425264460781997,6.165631528846546,13.1938493340001,2.5840059149456156,0.0007697031430972675,1.3938044539886398,1.5192309922876175,1.3468765245767786,9.49647825597941,3.7309469630976557,37683863.07993045,30.168275357112396,178.32986820365022,97.28188644074812,8.0,Barcelona,131.0,Hansi Flick,4-2-3-1,85000000.0,25.251446705245474,181.0909090909091,422.0,19.8,7.0,7.4,11.8,1.2,0.0,1.6564400000000004,2.0348954000000004,1.8862394000000002,4.950524904214559,14.4,344400000.0,24.847638603696097,181.41818181818184,389.0,22.215023619864724,7.924248548569298,8.368106286254106,11.706202671846446,1.1768060481302398,0.0003473492492643432,1.834290457312071,2.377674363922045,2.2555885287088864,4.774189401852129,16.241342130786382,277871148.4028451,24.39778733808107,181.38610880299927,347.3343741334873,2.0,-4.600000000000001,-2.5999999999999996,-0.8000000000000007,1.0,1.0000000000000002,0.0,-0.1712400000000005,-0.4197346000000004,-0.4197346000000004,-5.189013335323681,-9.8,-8.849439929591627,-4.722288854127281,-3.9817221024910983,-2.2024747574075594,1.4876466621536544,1.4071998668153758,0.0004223538938329243,-0.44048600332343124,-0.8584433716344273,-0.9087120041321077,-12.510395167688726,-6.0,6.0,4.600000000000001,2.5999999999999996,0.8000000000000007,1.0,1.0000000000000002,0.0,0.1712400000000005,0.4197346000000004,0.4197346000000004,5.189013335323681,9.8,0.8584433716344273,0.44048600332343124,8.849439929591627,4.722288854127281,0.9087120041321077,12.510395167688726,2.2024747574075594,1.4876466621536544,1.4071998668153758,0.0004223538938329243,-0.8660254037844384,-0.5000000000000004,-0.7818314824680299,0.6234898018587334,-0.8660254037844386,0.5000000000000001,18,4,30,27,15,10,18,6,1
H,2025-08-31,18:30,4645530.0,D,Espanyol,714.0,Manolo González,4-2-3-1,30200000.0,28.927882521311677,180.63636363636363,27.0,11.4,3.6,3.0,11.4,2.2,0.2,1.5968799999999999,1.4193463999999998,1.122035,16.144057683802266,5.2,49340000.0,26.196104785016484,182.23636363636365,31.6,11.650217582914621,3.7652335017222325,2.8485879681680295,13.772096510285834,2.203230788302894,0.06584362408985842,1.5788757166167615,1.5054457378026338,1.14254505619778,14.982852902573654,5.108960032530294,42976953.67309628,26.565493729824283,182.04295632261142,34.9136625479865,6.0,Osasuna,331.0,Alessio Lisci,5-4-1,62500000.0,28.974425984692925,183.1818181818182,71.0,12.4,3.0,4.6,11.0,1.2,0.2,1.40074,1.2057064,1.2057064,13.420107962213226,4.2,72740000.0,28.875017111567416,182.85454545454544,65.8,12.399035784344504,3.1348866224916456,4.093543492041006,12.031053453706173,1.3798874891282378,0.22222222797731048,1.3639199184138961,1.1151023498008226,1.0811747262625522,13.61992599809607,4.676637737529873,70001254.9542926,28.860275183338118,183.26058381405582,67.00584669467305,10.0,-1.0,0.6000000000000001,-1.5999999999999996,0.40000000000000036,1.0000000000000002,0.0,0.19613999999999976,0.21363999999999983,-0.08367140000000006,-2.7239497215890403,1.0,-0.7488182014298825,-1.3629269044775842,0.6303468792305869,-1.2449555238729761,1.7410430565796613,0.8233432991746563,-0.15637860388745206,0.21495579820286537,0.39034338800181123,0.06137032993522773,0.43232229500042063,4.0,4.0,1.0,0.6000000000000001,1.5999999999999996,0.40000000000000036,1.0000000000000002,0.0,0.19613999999999976,0.21363999999999983,0.08367140000000006,2.7239497215890403,1.0,0.39034338800181123,0.21495579820286537,0.7488182014298825,1.3629269044775842,0.06137032993522773,0.43232229500042063,1.2449555238729761,1.7410430565796613,0.8233432991746563,0.15637860388745206,-0.8660254037844384,-0.5000000000000004,-0.7818314824680299,0.6234898018587334,-1.0,-1.8369701987210297e-16,9,17,50,4,10,24,26,15,2
D,2025-09-12,20:00,4645574.0,H,Sevilla,368.0,Matías Almeyda,4-3-3 Attacking,33500000.0,27.956941073984193,184.45454545454547,284.0,12.0,4.0,3.0,11.4,1.4,0.4,0.81354,1.0976442,1.0976442,12.79778340779485,6.2,63120000.0,26.52111256300168,184.9090909090909,258.2,12.763268406355257,4.243433246457478,3.4747322931418565,12.807000255867786,1.9870552896792468,0.14469866113322052,1.0135504547810934,1.2603887929704911,1.2385876151662665,11.218921351578587,5.927018770735981,58864759.18931536,26.54203911925373,184.51541363003074,262.4097711748769,12.0,Elche,1531.0,Eder Sarabia,5-3-2,9000000.0,28.655989048596854,182.4,75.0,9.2,3.2,3.4,12.6,1.8,0.0,0.78888,1.0082442,1.0082442,9.760463770835289,4.2,13640000.0,27.727484288469917,182.43818181818182,23.8,11.234148746523422,3.664250387388249,3.7557533609638214,12.335548981163521,1.6380927428013845,0.003246707923805403,1.0687466006896222,1.101643182101259,1.1013736812392316,9.444905032801431,4.652830840201246,12052212.2510312,27.51428783360853,182.39868296399382,21.044214586887986,7.0,2.8000000000000007,0.7999999999999998,-0.3999999999999999,-1.1999999999999993,-0.40000000000000013,0.4,0.024660000000000015,0.08939999999999992,0.08939999999999992,-3.0373196369595608,2.0,1.529119659831835,-1.7740163187771554,0.579182859069229,-0.2810210678219649,0.47145127470426473,0.3489625468778623,0.14145195320941512,-0.05519614590852884,0.158745610869232,0.13721393392703485,1.274187930534735,-5.0,5.0,2.8000000000000007,0.7999999999999998,0.3999999999999999,1.1999999999999993,0.40000000000000013,0.4,0.024660000000000015,0.08939999999999992,0.08939999999999992,3.0373196369595608,2.0,0.158745610869232,0.05519614590852884,1.529119659831835,1.7740163187771554,0.13721393392703485,1.274187930534735,0.2810210678219649,0.47145127470426473,0.3489625468778623,0.14145195320941512,-1.0,-1.8369701987210297e-16,-0.433883739117558,-0.9009688679024191,-0.8660254037844386,0.5000000000000001,25,8,54,17,15,23,19,8,1
H,2025-09-13,20:00,4645566.0,H,Atletico Madrid,13.0,Diego Simeone,4-4-2,274000000.0,28.34223134839151,180.72727272727272,487.0,16.4,7.6,6.8,13.0,1.6,0.0,2.18874,2.3968914,2.3968914,10.274558080808081,16.4,297500000.0,27.939717503577874,181.38181818181818,432.6,14.712261910453526,6.372795043840092,6.522367492301591,13.644134267344427,1.7343913451957125,0.0014806841158044517,1.8952130385340418,1.7224954710134108,1.709967738220479,9.060306790458535,12.877326181409325,310241043.7335124,27.520961262573067,181.7815907207242,415.55945789132767,15.0,Villarreal,1050.0,Marcelino,4-4-2,128000000.0,26.963599029307446,183.72727272727272,261.0,14.2,6.0,5.8,8.6,0.6,0.0,1.9392,1.9608239999999995,1.9608240000000001,15.845895989974938,11.0,84400000.0,25.826594486964098,184.63636363636363,184.0,14.160133820790831,5.623030560175678,5.926884698526173,8.573183360292411,1.0318116263690817,0.011259783570762065,1.9797710277482394,1.8929340083293613,1.8928100558507739,17.955043652809067,10.62217056358053,76938419.18247202,25.895684300363005,184.8370982029462,191.67172555340076,3.0,2.1999999999999993,1.5999999999999996,1.0,4.4,1.0,0.0,0.2495400000000001,0.43606740000000044,0.43606739999999977,5.571337909166857,5.399999999999999,0.5521280896626948,8.894736862350532,0.7497644836644142,0.5954827937754175,5.070950907052016,0.7025797188266307,-0.009779099454957613,-0.08455798921419766,-0.1704385373159505,-0.1828423176302949,2.2551556178287946,-12.0,12.0,2.1999999999999993,1.5999999999999996,1.0,4.4,1.0,0.0,0.2495400000000001,0.43606740000000044,0.43606739999999977,5.571337909166857,5.399999999999999,0.1704385373159505,0.08455798921419766,0.5521280896626948,8.894736862350532,0.1828423176302949,2.2551556178287946,0.5954827937754175,5.070950907052016,0.7025797188266307,0.009779099454957613,-1.0,-1.8369701987210297e-16,-0.9749279121818236,-0.2225209339563146,-0.8660254037844386,0.5000000000000001,3,27,16,52,18,18,5,1,2
A,2025-09-13,17:30,4645572.0,D,Athletic Club,621.0,Ernesto Valverde,4-2-3-1,52500000.0,28.30763487026321,182.8181818181818,109.0,12.0,3.6,5.6,14.8,1.2,0.2,1.7715599999999998,1.4775611999999998,1.1802488,13.562621863799285,6.2,131180000.0,27.630987492999814,182.56363636363636,120.0,12.348808932915512,4.019597277549038,6.558660177051635,14.09202400675396,1.634796997048299,0.33333477635792,1.8402944004329858,1.457621203871932,1.1765934358770949,12.265899455655997,6.592805125594805,123068244.87002766,27.48018521607195,182.55945181041614,125.63173343976867,2.0,Alaves,1108.0,Eduardo Coudet,4-2-3-1,24500000.0,28.173480181693733,180.9090909090909,27.0,11.8,4.0,5.4,16.2,1.8,0.0,1.4413000000000002,1.3636408000000002,0.917673,9.705470783771876,3.4,32500000.0,27.81636488084127,181.4181818181818,25.6,9.83321120201317,3.531393598448377,4.0748216788302125,14.419590780804024,2.059260275796557,0.00806537831878347,1.3996834196055372,1.2631171807470982,0.8580685234406368,12.399717246222648,2.8058002930875134,30872533.207462486,27.712512654070267,181.50380554452477,25.496120375422823,11.0,0.1999999999999993,-0.3999999999999999,0.1999999999999993,-1.3999999999999986,-0.6000000000000001,0.2,0.33025999999999955,0.11392039999999959,0.2625758,-3.8571510800274087,2.8000000000000003,2.5155977309023427,0.13381779056665088,0.488203679100661,2.4838384982214228,-0.32756677405006407,-0.42446327874825784,0.32526939803913657,0.44061098082744854,0.19450402312483384,0.3185249124364581,3.7870048325072916,9.0,9.0,0.1999999999999993,0.3999999999999999,0.1999999999999993,1.3999999999999986,0.6000000000000001,0.2,0.33025999999999955,0.11392039999999959,0.2625758,3.8571510800274087,2.8000000000000003,0.19450402312483384,0.44061098082744854,2.5155977309023427,0.13381779056665088,0.3185249124364581,3.7870048325072916,2.4838384982214228,0.32756677405006407,0.42446327874825784,0.32526939803913657,-1.0,-1.8369701987210297e-16,-0.9749279121818236,-0.2225209339563146,-0.9659258262890683,-0.25881904510252063,2,0,19,18,10,10,24,2,0
H,2025-09-13,13:00,4645570.0,H,Getafe,3709.0,José Bordalás,5-3-2,28100000.0,29.24024640657084,181.63636363636363,149.0,9.2,3.0,3.6,14.0,1.8,0.2,1.43796,1.1013816,1.1013816,15.380853389094927,3.8,46560000.0,27.842897143923835,183.5090909090909,125.0,9.945909701427734,2.8331042717905803,4.072784198402473,13.927531074718404,1.4792036668264235,0.1349487603424128,1.2652390452256383,1.0406417904664076,1.0404714380423492,13.839840635614886,3.572118086665714,44066476.15099212,27.51515175764946,183.2275935729023,122.22490573435861,6.0,Real Oviedo,2497.0,Veljko Paunovic,4-2-3-1,13800000.0,27.787941011760314,182.27272727272728,78.0,6.333333333333333,2.6666666666666665,1.0,7.666666666666667,2.0,0.3333333333333333,0.5108333333333334,0.55011,0.30235066666666666,28.18452380952381,3.3333333333333335,4800000.0,28.40684462696783,183.86060606060607,141.33333333333334,6.7368421052631575,2.263157894736842,1.0,7.526315789473683,2.0,0.2105263157894737,0.5938473684210526,0.5032421052631579,0.34676252631578947,25.5046992481203,3.789473684210525,5352631.578947367,28.408083864692532,184.02296650717702,128.57894736842104,14.0,2.8666666666666663,0.3333333333333335,2.6,6.333333333333333,-0.19999999999999996,-0.1333333333333333,0.9271266666666665,0.5512716000000001,0.7990309333333334,12.803670420428883,0.46666666666666634,3.2090675961645765,11.664858612505414,0.5699463770537383,3.0727841984024726,6.401215285244721,-0.5207963331735765,-0.0755775554470609,0.6713916768045858,0.5373996852032497,0.6937089117265598,-0.21735559754481137,8.0,8.0,2.8666666666666663,0.3333333333333335,2.6,6.333333333333333,0.19999999999999996,0.1333333333333333,0.9271266666666665,0.5512716000000001,0.7990309333333334,12.803670420428883,0.46666666666666634,0.5373996852032497,0.6713916768045858,3.2090675961645765,11.664858612505414,0.6937089117265598,0.21735559754481137,3.0727841984024726,6.401215285244721,0.5207963331735765,0.0755775554470609,-1.0,-1.8369701987210297e-16,-0.9749279121818236,-0.2225209339563146,-0.2588190451025208,-0.9659258262890683,10,21,39,76,23,10,20,12,2
A,2025-09-13,15:15,4645565.0,A,Real Sociedad,681.0,Sergio Francisco,4-3-3 Attacking,88000000.0,26.765975981581732,181.0,134.0,14.0,5.2,7.0,12.4,1.2,0.0,1.1246800000000001,1.292466,1.14381,13.404643356643357,4.0,130760000.0,25.35414099931554,180.27272727272728,182.0,14.521734827537884,5.106527886962814,7.5107665112169855,14.561459977996885,1.4338856325838805,0.001437926837128402,1.2965502645949016,1.2413294692962982,1.1859360203700122,11.36467140498253,4.833107311655443,130558199.99469449,25.425770265983203,180.28493707400386,184.66041405304858,16.0,Real Madrid,418.0,Xabi Alonso,4-2-3-1,50000000.0,26.441416215543526,182.72727272727272,465.0,18.6,7.2,7.6,8.6,1.0,0.0,2.4818,1.9340699999999997,1.6080130000000001,8.927169415292353,10.8,384800000.0,25.8372472154813,182.36363636363637,510.4,19.695479594772966,7.576267048727115,7.470936189830867,9.243542996490985,1.2863819819212023,0.006163420856032707,2.380188556664057,1.9862242500928644,1.7618096604588003,9.138894105347205,10.706252982261846,358236719.67886114,25.676692483881798,182.94695744752258,510.382493347212,1.0,-4.600000000000001,-2.0,-0.5999999999999996,3.8000000000000007,0.19999999999999996,0.0,-1.3571199999999997,-0.6416039999999998,-0.46420300000000014,-4.477473941351004,-6.800000000000001,-5.173744767235082,-2.2257772996353253,-2.469739161764301,0.03983032138611886,5.317916981505899,0.14750365066267812,-0.0047254940189043046,-1.0836382920691554,-0.7448947807965662,-0.575873640088788,-5.873145670606403,-15.0,15.0,4.600000000000001,2.0,0.5999999999999996,3.8000000000000007,0.19999999999999996,0.0,1.3571199999999997,0.6416039999999998,0.46420300000000014,4.477473941351004,6.800000000000001,0.7448947807965662,1.0836382920691554,5.173744767235082,2.2257772996353253,0.575873640088788,5.873145670606403,0.03983032138611886,5.317916981505899,0.14750365066267812,0.0047254940189043046,-1.0,-1.8369701987210297e-16,-0.9749279121818236,-0.2225209339563146,-0.7071067811865471,-0.7071067811865479,22,20,73,79,15,10,25,21,0
D,2025-09-14,13:00,4645568.0,A,Celta Vigo,940.0,Claudio Giráldez,5-4-1,32300000.0,25.83610229606123,180.36363636363637,64.0,11.6,4.0,6.0,12.2,2.4,0.0,1.4385600000000003,0.9502163999999999,0.9502164000000001,11.77316614420063,8.2,31540000.0,26.47800385788066,180.45454545454544,64.0,11.669107336965249,3.6132565944692883,5.124787170072054,11.964076816368609,1.7397473676478004,0.019540022855646676,1.3706612370934803,1.0350480890166305,0.9943270361360953,13.197620537676949,8.440841069041621,34072392.14486119,25.939469351590287,180.30051085031167,56.437879957446405,17.0,Girona,12321.0,Míchel,4-3-3 Attacking,96900000.0,27.09003795656773,182.0,338.0,8.6,3.0,3.4,8.8,1.0,0.2,0.60684,0.92802158,0.92802158,14.771304347826089,4.0,83280000.0,26.963151017360463,182.1818181818182,299.4,11.054999630005621,3.3491996763006506,5.037246908309809,8.710041812274419,0.7692288803230407,0.1484882102404076,0.8354014308349094,1.0802834836071562,1.0793204340723856,13.407984313878133,5.093971703898795,82465696.98555191,27.579418523001415,182.06399548013187,277.5102581418966,20.0,3.0,1.0,2.6,3.3999999999999986,1.4,-0.2,0.8317200000000002,0.022194819999999837,0.02219482000000006,2.9981382036254587,4.199999999999999,0.6141077069596275,0.2103637762011843,0.26405691816863763,0.0875402617622445,3.25403500409419,0.9705184873247596,-0.1289481873847609,0.535259806258571,-0.045235394590525724,-0.08499339793629035,3.346869365142826,3.0,3.0,3.0,1.0,2.6,3.3999999999999986,1.4,0.2,0.8317200000000002,0.022194819999999837,0.02219482000000006,2.9981382036254587,4.199999999999999,0.045235394590525724,0.535259806258571,0.6141077069596275,0.2103637762011843,0.08499339793629035,3.346869365142826,0.0875402617622445,3.25403500409419,0.9705184873247596,0.1289481873847609,-1.0,-1.8369701987210297e-16,-0.7818314824680299,0.6234898018587334,-0.2588190451025208,-0.9659258262890683,6,11,12,56,24,15,27,3,1
D,2025-09-14,15:15,4645573.0,H,Levante,3368.0,Julián Calero,4-3-3 Attacking,5400000.0,26.600211561197185,179.27272727272728,146.0,11.0,4.2,1.8,14.2,3.4,0.0,1.48584,1.9663786,1.8177226000000002,14.179891304347825,5.4,13740000.0,28.002444154066332,179.19454545454545,81.6,11.03596484783769,3.499883167332403,2.1174828585809093,13.645551700336531,2.5350132093575146,0.00031395973563289303,1.258420090725707,1.731209266842126,1.5055866895770447,16.328543586032534,4.551119558716526,9729568.820719263,28.125960139241144,179.0861060543219,78.9404942618849,19.0,Real Betis,150.0,Manuel Pellegrini,4-2-3-1,56000000.0,26.467799141310433,181.36363636363637,64.0,11.6,3.4,3.8,10.2,1.4,0.0,1.53328,1.2637947999999999,1.2637948,14.070741979437631,6.6,54720000.0,28.225250451123138,180.92727272727274,187.0,10.729622420759137,3.2853272341286464,4.1884052378719066,10.169826485470688,1.4642904389154332,0.00039685703632794713,1.2774443973653835,1.0901604931444442,1.0661768223381896,12.96851493668324,5.608166833337258,52991815.64267111,27.88412076053815,180.81853801906655,180.32968341775504,10.0,-0.5999999999999996,0.8000000000000003,-1.9999999999999998,4.0,2.0,0.0,-0.04743999999999993,0.7025838000000002,0.5539278000000001,-0.10914932491019336,-1.1999999999999993,0.30634242707855286,-3.360028649349294,0.21455593320375677,-2.070922379290997,3.475725214865843,1.0707227704420814,-8.28973006950541e-05,-0.01902430663967647,0.6410487736976818,0.4394098672388551,-1.0570472746207313,-9.0,9.0,0.5999999999999996,0.8000000000000003,1.9999999999999998,4.0,2.0,0.0,0.04743999999999993,0.7025838000000002,0.5539278000000001,0.10914932491019336,1.1999999999999993,0.6410487736976818,0.01902430663967647,0.30634242707855286,3.360028649349294,0.4394098672388551,1.0570472746207313,2.070922379290997,3.475725214865843,1.0707227704420814,8.28973006950541e-05,-1.0,-1.8369701987210297e-16,-0.7818314824680299,0.6234898018587334,-0.7071067811865471,-0.7071067811865479,15,19,44,51,15,10,16,7,1
H,2025-09-14,17:30,4645571.0,H,Osasuna,331.0,Alessio Lisci,5-4-1,56300000.0,27.608238441914008,184.45454545454547,32.0,12.6,3.0,4.6,11.4,1.6,0.2,1.44354,1.2670944,1.2670944,13.332388663967611,5.4,69700000.0,28.90597971501462,183.05454545454546,67.4,11.599357189563003,3.0899244149944303,3.7290289946940036,12.687368969137447,1.9199249927521584,0.14814815198487366,1.3615799456092639,1.2039582332005485,1.181339817508368,13.044862946099135,5.451091825019915,67500836.63619506,28.898325450456387,183.23432860330993,68.33723112978204,13.0,Rayo Vallecano,367.0,Iñigo Pérez,4-2-3-1,39000000.0,29.787069877418954,178.54545454545453,91.0,13.6,4.4,6.4,14.4,2.8,0.0,1.3983199999999998,1.7290108,1.5803547999999998,9.431502525252526,3.6,37700000.0,30.173554850351564,178.16363636363636,100.2,12.910389126848733,4.6283509640521325,7.110421019231031,14.1292328893334,3.056003943297077,0.0005131354287315116,1.2652029693257598,1.636567328191745,1.5216643497178524,9.008068837319607,3.4872979753984374,36955908.719953634,30.028430226874633,178.401730317585,95.18792429383207,9.0,-1.0,-1.4000000000000004,-1.8000000000000007,-3.0,-1.1999999999999997,0.2,0.04522000000000026,-0.4619164,-0.3132603999999999,-3.9008861387150855,1.8000000000000003,-1.3110319372857298,-4.036794108779528,-1.5384265490577023,-3.381392024537027,-1.4418639201959529,-1.1360789505449185,0.14763501655614214,0.09637697628350406,-0.4326090949911965,-0.34032453220948433,1.963793849621478,-4.0,4.0,1.0,1.4000000000000004,1.8000000000000007,3.0,1.1999999999999997,0.2,0.04522000000000026,0.4619164,0.3132603999999999,3.9008861387150855,1.8000000000000003,0.4326090949911965,0.09637697628350406,1.3110319372857298,4.036794108779528,0.34032453220948433,1.963793849621478,3.381392024537027,1.4418639201959529,1.1360789505449185,0.14763501655614214,-1.0,-1.8369701987210297e-16,-0.7818314824680299,0.6234898018587334,-0.9659258262890683,-0.25881904510252063,17,18,4,30,24,10,15,18,2
H,2025-09-14,20:00,4645567.0,H,Barcelona,131.0,Hansi Flick,4-2-3-1,80000000.0,23.497231037272105,180.54545454545453,257.0,19.8,6.8,7.6,11.4,1.0,0.0,1.8707,2.359268,2.0619579999999997,5.67852490421456,13.2,255200000.0,24.472353929438118,180.94545454545454,355.0,18.810015746576482,6.282832365712866,6.912070857502737,10.470801781230964,1.1178706987534932,0.0002315661661762288,1.807460304874714,2.37102957594803,2.041882352472591,5.982792934568086,12.160894753857589,213580765.60189673,24.682340460469206,181.2877088989692,372.2229160889915,4.0,Valencia,1049.0,Carlos Corberán,5-4-1,49200000.0,26.943936282745316,183.1818181818182,108.0,8.8,2.2,5.4,11.6,1.8,0.2,1.2749599999999999,0.95107,0.95107,13.87904761904762,3.8,84500000.0,26.108493559828265,183.78181818181818,112.4,8.569496348344641,2.766677335289591,5.761561015803682,12.928887902226926,1.7581204469784482,0.2222234057313843,1.497126008389074,1.169661525365495,1.126140889845945,13.247832561907018,3.603356007897954,75432696.8102701,26.430055480914508,183.35144214442644,103.23856100555247,8.0,11.0,4.6,2.1999999999999993,-0.1999999999999993,-0.8,-0.2,0.5957400000000002,1.408198,1.1108879999999997,8.20052271483306,9.399999999999999,10.240519398231841,7.265039627338932,3.5161550304232754,1.150509841699055,-2.4580861209959615,-0.640249748224955,-0.22199183956520807,0.3103342964856399,1.2013680505825353,0.9157414626266458,8.557538745959635,4.0,4.0,11.0,4.6,2.1999999999999993,0.1999999999999993,0.8,0.2,0.5957400000000002,1.408198,1.1108879999999997,8.20052271483306,9.399999999999999,1.2013680505825353,0.3103342964856399,10.240519398231841,7.265039627338932,0.9157414626266458,8.557538745959635,1.150509841699055,2.4580861209959615,0.640249748224955,0.22199183956520807,-1.0,-1.8369701987210297e-16,-0.7818314824680299,0.6234898018587334,-0.8660254037844386,0.5000000000000001,4,26,27,11,10,24,6,0,2
H,2025-09-15,20:00,4645569.0,H,Espanyol,714.0,Manolo González,4-4-2 double 6,31200000.0,27.40215294630079,181.63636363636363,34.0,11.6,4.2,2.8,12.4,2.2,0.0,1.4532399999999999,1.3900564,1.0927449999999999,14.346557683802269,5.6,42580000.0,26.8998817746251,181.6727272727273,29.0,11.100145055276414,3.843489001148155,2.56572531211202,13.514731006857224,2.1354871922019294,0.043895749393238946,1.5024838110778411,1.4599171585350892,1.21798337079852,14.805235268382438,5.405973355020197,38717969.11539752,27.35295666032008,181.57409209386216,32.275775031990996,5.0,Mallorca,237.0,Jagoba Arrasate,3-5-2 flat,25200000.0,27.933295999004418,183.8181818181818,193.0,8.2,2.6,3.2,11.0,2.2,0.4,0.59812,0.6602182,0.6602182,15.288646973941093,3.6,33840000.0,28.54876485595172,182.56363636363636,156.0,8.621181350600859,3.2516842859536,3.480884798483624,10.333470094985751,1.8849817643714009,0.2964538134342014,0.591800681117896,0.6500404620682622,0.647293452800631,17.088370476417257,3.6485262124937834,32313312.839289233,28.36536555159914,182.47609693833405,162.6328042896983,18.0,3.4000000000000004,1.6,-0.40000000000000036,1.4000000000000004,0.0,-0.4,0.8551199999999999,0.7298382,0.4325267999999999,0.9420892901388243,1.9999999999999996,2.4789637046755555,2.2831352080348193,0.5918047151945549,-0.9151594863716044,3.1812609118714725,0.25050542783052854,-0.2525580640409625,0.9106831299599452,0.809876696466827,0.5706899179978889,1.7574471425264133,13.0,13.0,3.4000000000000004,1.6,0.40000000000000036,1.4000000000000004,0.0,0.4,0.8551199999999999,0.7298382,0.4325267999999999,0.9420892901388243,1.9999999999999996,0.809876696466827,0.9106831299599452,2.4789637046755555,2.2831352080348193,0.5706899179978889,1.7574471425264133,0.9151594863716044,3.1812609118714725,0.25050542783052854,0.2525580640409625,-1.0,-1.8369701987210297e-16,0.0,1.0,-0.8660254037844386,0.5000000000000001,9,16,50,31,20,7,26,11,2
H,2025-09-19,20:00,4645487.0,D,Real Betis,150.0,Manuel Pellegrini,4-2-3-1,70500000.0,28.26358036214299,180.9090909090909,236.0,14.4,4.4,5.6,10.8,1.6,0.0,1.613,1.4723148000000001,1.4723148,13.114816053511703,7.8,40300000.0,27.77604380561259,180.92727272727274,155.4,16.486414947172758,5.190218156085764,6.792270158581271,10.446550990313792,1.6428602926102887,0.0002645713575519648,1.5795295982435889,1.4585936620962963,1.4426045482254597,10.929009957788827,9.072111222224839,53994543.76178074,27.412013554128908,181.0002374672565,141.55312227850337,11.0,Real Sociedad,681.0,Sergio Francisco,4-1-4-1,107000000.0,26.10416277767407,180.0,172.0,15.6,4.2,7.6,13.8,1.4,0.0,1.1751400000000003,1.5475040000000002,1.398848,12.843877806404123,5.4,106760000.0,25.292414908842012,180.43636363636364,168.2,17.347823218358588,4.737685257975209,9.007177674144657,15.374306651997921,1.622590421722587,0.0009586178914189346,1.4570335097299345,1.8767929795308653,1.5921040135800082,10.278201989286599,6.555404874436962,116372133.32979631,25.872505504516045,180.52329138266927,167.77360936869906,17.0,-1.1999999999999993,0.20000000000000018,-2.0,-3.0,0.20000000000000018,0.0,0.4378599999999997,-0.07518920000000007,0.07346679999999983,-0.27093824710757985,2.3999999999999995,-0.8614082711858302,-0.6508079685022281,0.4525328981105545,-2.214907515563386,-4.927755661684129,0.020269870887701602,-0.0006940465338669698,0.12249608851365434,-0.41819931743456906,-0.1494994653545485,2.516706347787877,6.0,6.0,1.1999999999999993,0.20000000000000018,2.0,3.0,0.20000000000000018,0.0,0.4378599999999997,0.07518920000000007,0.07346679999999983,0.27093824710757985,2.3999999999999995,0.41819931743456906,0.12249608851365434,0.8614082711858302,0.6508079685022281,0.1494994653545485,2.516706347787877,2.214907515563386,4.927755661684129,0.020269870887701602,0.0006940465338669698,-1.0,-1.8369701987210297e-16,-0.433883739117558,-0.9009688679024191,-0.8660254037844386,0.5000000000000001,19,22,51,73,10,9,7,25,2
A,2025-09-20,17:30,4645485.0,D,Alaves,1108.0,Eduardo Coudet,4-3-3 Attacking,21500000.0,28.386036960985624,180.9090909090909,26.0,9.8,3.6,4.8,15.6,2.0,0.0,1.1945000000000003,1.136408,0.8390962,10.773575849437918,2.6,28000000.0,27.932798207952214,181.34545454545454,25.6,7.888807468008779,3.020929065632251,4.716547785886808,16.613060520536013,2.3728401838643713,0.00537691887918898,1.0846222797370249,0.8723301204980655,0.6022976822937579,11.510067907738176,1.8705335287250089,28748355.47164166,27.866168496611422,181.30556733271348,25.997413583615213,7.0,Sevilla,368.0,Matías Almeyda,5-4-1,38100000.0,27.268496048783526,183.36363636363637,224.0,12.2,4.4,3.2,14.6,2.2,0.0,0.9198000000000001,1.0699454,1.0699454,9.598894518905961,7.0,49640000.0,26.750196005226805,184.5090909090909,262.4,10.842178937570173,3.8289554976383187,2.983154862094571,16.20466683724519,2.6580368597861646,0.09646577408881368,0.9359003031873957,0.9557248619803275,0.9411907434441776,9.295947567719058,5.618012513823987,50409839.45954356,27.013673104163885,184.4951242382023,269.6065141165846,12.0,-2.3999999999999986,-0.8000000000000003,1.5999999999999996,1.0,-0.20000000000000018,0.0,0.2747000000000003,0.06646260000000015,-0.23084919999999998,-1.174681330531957,-4.4,-2.953371469561394,-2.214120340019118,-0.8080264320060677,1.7333929237922372,0.40839368329082504,-0.2851966759217932,-0.0910888552096247,0.14872197654962915,-0.083394741482262,-0.3388930611504197,-3.7474789850989785,5.0,5.0,2.3999999999999986,0.8000000000000003,1.5999999999999996,1.0,0.20000000000000018,0.0,0.2747000000000003,0.06646260000000015,0.23084919999999998,1.174681330531957,4.4,0.083394741482262,0.14872197654962915,2.953371469561394,2.214120340019118,0.3388930611504197,3.7474789850989785,1.7333929237922372,0.40839368329082504,0.2851966759217932,0.0910888552096247,-1.0,-1.8369701987210297e-16,-0.9749279121818236,-0.2225209339563146,-0.9659258262890683,-0.25881904510252063,0,25,18,54,15,24,2,19,0
H,2025-09-20,17:30,4645494.0,A,Villarreal,1050.0,Marcelino,4-4-2 double 6,100500000.0,25.735797399041754,183.45454545454547,258.0,14.4,5.6,5.8,9.8,1.4,0.0,1.72594,1.7020933999999996,1.7020934,16.93217049977886,10.6,80200000.0,25.862584780038578,184.7090909090909,206.2,12.106755880527222,4.082020373450452,4.951256465684115,10.715455573528274,2.0212077509127213,0.007506522380508043,1.529280685165493,1.4846816722195744,1.4845990372338491,19.224931062657024,8.08144704238702,93958946.12164801,26.25165587667782,184.46715637772172,214.78115036893382,6.0,Osasuna,331.0,Alessio Lisci,5-4-1,49100000.0,29.230041690000622,183.8181818181818,59.0,11.2,3.8,3.6,11.8,2.0,0.2,1.31422,1.1623304,1.1623304,15.292712550607288,4.2,65260000.0,28.698251508929125,183.4727272727273,61.0,10.732904793042001,4.39328294332962,3.4860193297960023,12.791579312758296,2.279949995168106,0.09876543465658244,1.490086630406176,1.2697054888003656,1.2546265450055787,16.209395810219934,3.6340612166799438,63767224.424130045,28.468296447608925,183.64106755372177,56.22482075318803,9.0,3.200000000000001,1.7999999999999998,2.1999999999999997,-2.0,-0.6000000000000001,-0.2,0.4117200000000001,0.5397629999999995,0.539763,-1.6394579491715717,6.3999999999999995,1.373851087485221,-3.0155352524370898,-0.311262569879168,1.4652371358881129,-2.076123739230022,-0.2587422442553846,-0.0912589122760744,0.03919405475931703,0.21497618341920877,0.22997249222827043,4.447385825707077,3.0,3.0,3.200000000000001,1.7999999999999998,2.1999999999999997,2.0,0.6000000000000001,0.2,0.4117200000000001,0.5397629999999995,0.539763,1.6394579491715717,6.3999999999999995,0.21497618341920877,0.03919405475931703,1.373851087485221,3.0155352524370898,0.22997249222827043,4.447385825707077,1.4652371358881129,2.076123739230022,0.2587422442553846,0.0912589122760744,-1.0,-1.8369701987210297e-16,-0.9749279121818236,-0.2225209339563146,-0.9659258262890683,-0.25881904510252063,27,17,52,4,20,24,1,15,2
A,2025-09-20,13:00,4645489.0,A,Girona,12321.0,Míchel,4-3-3 Attacking,96900000.0,27.106465061290525,182.0,338.0,9.4,3.6,3.6,8.8,1.0,0.2,0.57792,0.8814235800000001,0.8814235800000001,16.942898550724642,5.8,86420000.0,27.147333706676626,182.05454545454546,299.4,11.70333308667042,4.899466450867113,4.3581646055398675,8.80669454151628,1.5128192535486997,0.09899214016027133,0.9097009538899402,1.1908989890714385,1.190256956048258,16.427545098141,7.062647802599213,87277131.3237013,27.41629166752352,182.04266365342124,297.6735054279312,20.0,Levante,3368.0,Julián Calero,4-4-2,6000000.0,26.712214547943503,178.54545454545453,153.0,9.0,3.6,2.0,13.6,2.4,0.0,1.0932600000000001,1.7417946,1.5931386,16.29831780538302,4.6,7740000.0,27.839666479995024,179.08545454545455,92.2,9.023976565225126,2.9999221115549353,2.744988572387273,14.430367800224355,2.690008806238343,0.00020930649042192869,1.0377467271504714,1.4955561778947508,1.3451411263846964,15.822203660529626,5.034079705811018,8286379.213812842,27.61737727989316,179.1483131271237,101.2936628412566,18.0,0.40000000000000036,0.0,1.6,-4.799999999999999,-1.4,0.2,-0.5153400000000001,-0.8603710199999999,-0.71171502,-0.6445807453416208,1.2000000000000002,2.6793565214452943,-0.6053414376113739,1.8995443393121776,1.6131760331525946,-5.6236732587080756,-1.1771895526896432,0.0987828336698494,-0.12804577326053124,-0.3046571888233123,-0.1548841703364383,2.028568096788195,-2.0,2.0,0.40000000000000036,0.0,1.6,4.799999999999999,1.4,0.2,0.5153400000000001,0.8603710199999999,0.71171502,0.6445807453416208,1.2000000000000002,0.3046571888233123,0.12804577326053124,2.6793565214452943,0.6053414376113739,0.1548841703364383,2.028568096788195,1.6131760331525946,5.6236732587080756,1.1771895526896432,0.0987828336698494,-1.0,-1.8369701987210297e-16,-0.9749279121818236,-0.2225209339563146,-0.2588190451025208,-0.9659258262890683,11,15,56,44,15,18,3,16,0
H,2025-09-20,15:15,4645493.0,H,Real Madrid,418.0,Xabi Alonso,4-4-2,170000000.0,25.8338622363263,183.1818181818182,477.0,18.6,7.2,7.0,8.2,1.0,0.2,2.1661200000000003,2.0504279999999997,1.724371,10.05706071964018,9.4,258200000.0,26.036214299047977,182.6181818181818,499.8,18.463653063181976,7.050844699151409,6.313957459887244,8.49569533099399,1.1909213212808016,0.3374422805706885,1.926859037776038,2.1713861667285763,2.021776440305867,10.946762736898137,9.137501988174565,255491146.4525741,25.93160039443571,182.87372920743928,495.254995564808,1.0,Espanyol,714.0,Manolo González,4-2-3-1,34000000.0,27.06539729948354,181.45454545454547,34.0,10.2,3.6,2.2,13.2,2.4,0.2,1.74712,1.8104,1.3644325999999998,16.38728166570272,4.0,36020000.0,27.374027751851163,181.41818181818184,27.8,10.40009670351761,3.5623260007654367,2.7104835414080135,12.00982067123815,2.0903247948012864,0.36259716626215927,1.6286558740518942,1.8646281056900593,1.45557891386568,16.741951717383163,4.603982236680131,36211979.41026501,27.36935542231365,181.59484927469597,32.850516687993995,3.0,8.400000000000002,3.6,4.8,-5.0,-1.4,0.0,0.41900000000000026,0.24002799999999969,0.3599384000000003,6.330220946062539,5.4,8.063556359664366,5.795188980485026,3.4885186983859726,3.6034739184792306,-3.51412534024416,-0.8994034735204848,-0.025154885691470785,0.2982031637241438,0.306758061038517,0.5661975264401868,4.533519751494434,2.0,2.0,8.400000000000002,3.6,4.8,5.0,1.4,0.0,0.41900000000000026,0.24002799999999969,0.3599384000000003,6.330220946062539,5.4,0.306758061038517,0.2982031637241438,8.063556359664366,5.795188980485026,0.5661975264401868,4.533519751494434,3.6034739184792306,3.51412534024416,0.8994034735204848,0.025154885691470785,-1.0,-1.8369701987210297e-16,-0.9749279121818236,-0.2225209339563146,-0.7071067811865471,-0.7071067811865479,20,9,79,50,18,10,21,26,2
H,2025-09-20,20:00,4645490.0,D,Valencia,1049.0,Carlos Corberán,4-4-2,49600000.0,27.870823221952584,182.63636363636363,107.0,8.0,2.0,5.2,11.2,1.4,0.2,1.1563,0.8983236,0.8983236,15.758214285714285,4.0,65740000.0,26.38825213116794,183.43636363636364,103.2,6.379664232229761,2.1777848901930605,5.1743740105357885,11.285925268151283,1.5054136313189652,0.1481489371542562,1.0056506722593828,0.8214243502436633,0.7924105932306301,16.519388374604677,2.7355706719319692,66688464.540180065,26.601349081524777,183.29490082355701,104.82570733703498,14.0,Athletic Club,621.0,Ernesto Valverde,4-2-3-1,58500000.0,27.819550743575384,181.9090909090909,119.0,12.4,3.4,6.2,15.0,1.8,0.2,1.7922999999999998,1.4184656,1.1211532,12.265911337483494,6.8,103720000.0,27.67922344595856,182.6,126.0,12.23253928861034,3.6797315183660255,6.372440118034423,15.061349337835972,2.423197998032199,0.22222318423861334,1.9547629336219903,1.2606348025812881,1.0732829572513964,9.870248759911016,6.061870083729869,99545496.58001845,27.756001767469034,182.645695146338,120.0878222931791,4.0,-4.4,-1.4,-1.0,-3.8000000000000007,-0.40000000000000013,0.0,-0.6359999999999997,-0.520142,-0.22282959999999996,-3.4923029482307903,-2.8,-5.852875056380579,-6.649139614693661,-1.501946628172965,-1.1980661074986347,-3.7754240696846892,-0.9177843667132339,-0.07407424708435714,-0.9491122613626075,-0.4392104523376248,-0.2808723640207663,-3.3262994117979,-10.0,10.0,4.4,1.4,1.0,3.8000000000000007,0.40000000000000013,0.0,0.6359999999999997,0.520142,0.22282959999999996,3.4923029482307903,2.8,0.4392104523376248,0.9491122613626075,5.852875056380579,6.649139614693661,0.2808723640207663,3.3262994117979,1.1980661074986347,3.7754240696846892,0.9177843667132339,0.07407424708435714,-1.0,-1.8369701987210297e-16,-0.9749279121818236,-0.2225209339563146,-0.8660254037844386,0.5000000000000001,26,2,11,19,18,10,0,24,2
D,2025-09-21,13:00,4645492.0,D,Rayo Vallecano,367.0,Iñigo Pérez,4-2-3-1,27000000.0,30.130296807914878,178.54545454545453,102.0,16.0,5.2,7.2,12.4,2.6,0.0,1.50958,1.7434691999999998,1.5948131999999997,9.180853174603175,5.2,37540000.0,29.952386285856512,178.4181818181818,95.6,14.940259417899156,5.085567309368089,6.740280679487353,11.752821926222268,2.7040026288647177,0.00034209028582100773,1.16713531288384,1.4174278854611633,1.3408258998119014,9.64823636773688,4.991531983598958,37637272.47996909,29.947976777056073,178.4496383935415,93.79194952922137,13.0,Celta Vigo,940.0,Claudio Giráldez,5-4-1,25500000.0,25.431647066143988,177.9090909090909,39.0,12.8,3.8,6.8,11.6,1.6,0.0,1.3321,1.0491363999999999,0.9004804,12.362257053291538,9.0,29060000.0,25.927695849667106,180.49090909090907,62.6,14.779404891310165,4.7421710629795255,6.749858113381369,10.30938454424574,1.159831578431867,0.01302668190376445,1.4738408247289867,1.2909587260110869,1.0160513574240635,12.813565206936147,9.293894046027747,33481594.763240796,25.905013666413936,180.3215526880866,58.9585866382976,15.0,3.1999999999999993,1.4000000000000004,0.40000000000000036,0.8000000000000007,1.0,0.0,0.17747999999999986,0.6943328,0.6943327999999998,3.1814038786883625,-3.8,0.16085452658899158,3.165328839199267,0.34339624638856314,-0.009577433894015996,1.443437381976528,1.5441710504328507,-0.012684591617943443,-0.3067055118451467,0.12646915945007642,0.3247745423878379,-4.302362062428789,2.0,2.0,3.1999999999999993,1.4000000000000004,0.40000000000000036,0.8000000000000007,1.0,0.0,0.17747999999999986,0.6943328,0.6943327999999998,3.1814038786883625,3.8,0.12646915945007642,0.3067055118451467,0.16085452658899158,3.165328839199267,0.3247745423878379,4.302362062428789,0.009577433894015996,1.443437381976528,1.5441710504328507,0.012684591617943443,-1.0,-1.8369701987210297e-16,-0.7818314824680299,0.6234898018587334,-0.2588190451025208,-0.9659258262890683,18,6,30,12,10,24,18,27,1
H,2025-09-21,20:00,4645486.0,H,Barcelona,131.0,Hansi Flick,4-2-3-1,30000000.0,27.17540912202103,182.45454545454547,558.0,19.8,7.0,6.4,10.4,0.6,0.0,2.2501400000000005,2.7375120000000006,2.440202,5.646111111111112,12.6,183600000.0,24.058341111318526,180.98181818181817,326.4,20.540010497717656,7.521888243808578,6.274713905001825,9.980534520820642,0.7452471325023288,0.00015437744411748587,2.191940203249809,2.7340930506320205,2.5146615683150606,6.221861956378724,12.440596502571728,169053843.73459783,24.28730398607017,181.040290781131,333.815277392661,2.0,Getafe,3709.0,José Bordalás,5-3-2,28100000.0,29.262149212867897,181.63636363636363,149.0,9.2,2.8,3.6,14.6,1.8,0.2,1.4133200000000001,0.980245,0.980245,14.637813797779476,3.0,40420000.0,27.840607305083694,182.85454545454544,134.4,9.963939800951822,2.8887361811937198,4.0485227989349815,13.285020716478934,1.652802444550949,0.0899658402282752,1.482359363483759,1.0117901936442717,1.011676625361566,12.103103633619801,3.0480787244438097,38744317.43399475,28.09018330728992,182.6971835940561,131.14993715623908,5.0,10.600000000000001,4.2,2.8000000000000003,-4.199999999999999,-1.2000000000000002,-0.2,0.8368200000000003,1.7572670000000006,1.4599570000000002,8.991702686668365,9.6,10.576070696765834,5.881241677241077,4.633152062614858,2.2261911060668433,-3.304486195658292,-0.9075553120486203,-0.0898114627841577,0.7095808397660501,1.7223028569877488,1.5029849429534945,9.392517778127917,3.0,3.0,10.600000000000001,4.2,2.8000000000000003,4.199999999999999,1.2000000000000002,0.2,0.8368200000000003,1.7572670000000006,1.4599570000000002,8.991702686668365,9.6,1.7223028569877488,0.7095808397660501,10.576070696765834,5.881241677241077,1.5029849429534945,9.392517778127917,2.2261911060668433,3.304486195658292,0.9075553120486203,0.0898114627841577,-1.0,-1.8369701987210297e-16,-0.7818314824680299,0.6234898018587334,-0.8660254037844386,0.5000000000000001,4,10,27,39,10,23,6,20,2
D,2025-09-21,15:15,4645491.0,D,Mallorca,237.0,Jagoba Arrasate,5-3-2,42200000.0,28.975670462323443,183.8181818181818,216.0,11.6,4.4,4.4,11.4,2.0,0.4,0.64328,0.9047704,0.7561144000000001,15.919815805109923,3.8,29420000.0,28.078451869827642,182.6181818181818,164.0,13.747454233733905,5.501122857302399,5.320589865655749,12.222313396657166,1.589987842914267,0.19763587562280094,0.6935337874119307,1.1106436413788414,0.8610523018670874,14.30133789336908,3.4323508083291885,29942208.559526157,28.221342367400897,182.92345856494998,172.75520285979886,19.0,Atletico Madrid,13.0,Diego Simeone,4-4-2,298000000.0,27.96963474581544,180.45454545454547,439.0,14.0,6.0,7.0,13.0,1.8,0.0,2.02258,1.7104594,1.7104594,10.304428210678209,13.8,289500000.0,27.81746002115612,181.38181818181818,442.8,12.474841273635684,5.248530029226728,7.014911661534394,13.096089511562951,1.8229275634638082,0.0009871227438696345,1.969708692356028,1.6518636473422739,1.6435118254803192,10.80210928887712,10.251550787606217,298160695.8223416,27.79471795784588,181.4301513895737,439.37297192755176,10.0,-2.4000000000000004,-1.5999999999999996,-2.5999999999999996,-1.5999999999999996,0.19999999999999996,0.4,-1.3793000000000002,-0.805689,-0.9543449999999999,-5.615387594431715,-10.0,1.2726129600982201,-3.499228604491961,0.25259282807567107,-1.6943217958786452,-0.8737761149057857,-0.23293972054954115,0.1966487528789313,-1.2761749049440974,-0.5412200059634324,-0.7824595236132318,-6.819199979277029,-9.0,9.0,2.4000000000000004,1.5999999999999996,2.5999999999999996,1.5999999999999996,0.19999999999999996,0.4,1.3793000000000002,0.805689,0.9543449999999999,5.615387594431715,10.0,0.5412200059634324,1.2761749049440974,1.2726129600982201,3.499228604491961,0.7824595236132318,6.819199979277029,1.6943217958786452,0.8737761149057857,0.23293972054954115,0.1966487528789313,-1.0,-1.8369701987210297e-16,-0.7818314824680299,0.6234898018587334,-0.7071067811865471,-0.7071067811865479,16,3,31,16,23,18,11,5,1
H,2025-09-21,17:30,4645488.0,H,Elche,1531.0,Eder Sarabia,3-4-1-2,10000000.0,27.44745193205152,180.8181818181818,66.0,9.0,3.2,3.2,14.4,2.2,0.0,1.11952,1.0106006,1.0106006,8.559165069536586,4.0,11260000.0,27.646971563686144,182.5181818181818,35.6,9.156099164348948,3.1095002582588323,3.170502240642547,14.557032654109014,2.092061828534256,0.002164471949203602,1.3223977337930817,0.9948124547341727,0.994632787492821,8.415650974248573,3.435220560134164,11034808.167354133,27.894854905271306,182.39912197599588,39.02947639125866,8.0,Real Oviedo,2497.0,Veljko Paunovic,4-2-3-1,18600000.0,28.436064961732313,184.45454545454547,242.0,6.0,2.25,1.5,10.25,2.75,0.5,0.56625,0.5050355,0.319216,23.11339285714286,2.75,7050000.0,28.25211872316595,183.46363636363637,125.5,6.015384615384615,1.7384615384615385,1.8307692307692307,11.876923076923076,3.2461538461538457,0.5384615384615384,0.6514415384615384,0.4478172923076923,0.35633692307692305,18.191978021978024,2.6307692307692303,8861538.46153846,28.150486064243765,183.29594405594406,107.56923076923078,16.0,3.0,0.9500000000000002,1.7000000000000002,4.15,-0.5499999999999998,-0.5,0.55327,0.5055651000000001,0.6913846000000001,14.554227787606273,1.25,3.1407145489643327,9.77632704772945,1.3710387197972937,1.3397330098733164,2.680109577185938,-1.1540920176195897,-0.5362970665123349,0.6709561953315433,0.5469951624264804,0.638295864415898,0.8044513293649338,8.0,8.0,3.0,0.9500000000000002,1.7000000000000002,4.15,0.5499999999999998,0.5,0.55327,0.5055651000000001,0.6913846000000001,14.554227787606273,1.25,0.5469951624264804,0.6709561953315433,3.1407145489643327,9.77632704772945,0.638295864415898,0.8044513293649338,1.3397330098733164,2.680109577185938,1.1540920176195897,0.5362970665123349,-1.0,-1.8369701987210297e-16,-0.7818314824680299,0.6234898018587334,-0.9659258262890683,-0.25881904510252063,8,21,17,76,1,10,8,12,2
A,2025-09-23,20:30,4645539.0,A,Levante,3368.0,Julián Calero,4-4-2,2000000.0,26.832928878103417,177.8181818181818,150.0,9.0,3.6,2.2,14.6,2.4,0.0,1.33656,1.9851786000000005,1.8365226,16.097132034632033,5.2,2780000.0,27.40449754215668,178.70363636363635,104.0,10.682651043483418,4.33328140770329,3.1633257149248486,15.286911866816235,2.793339204158895,0.0001395376602812858,1.683964484766981,2.497647451929834,2.397370750923131,13.502681228231872,6.689386470540678,7524252.809208562,27.31565636924327,178.94736026656733,118.52910856083774,15.0,Real Madrid,418.0,Xabi Alonso,3-4-2-1,185000000.0,24.725779354116106,182.36363636363637,386.0,18.6,6.6,5.8,9.2,1.4,0.2,2.1279399999999997,1.93887,1.790215,9.345408545727135,8.8,182000000.0,25.72365129736793,183.56363636363636,495.0,17.64243537545465,6.367229799434273,5.87597163992483,8.99713022066266,1.460614214187201,0.224961520380459,2.027572691850692,2.1347107778190506,2.034970960203911,9.805088201410351,8.758334658783044,226994097.63504943,25.89902100839924,182.97642553223227,489.16999704320534,1.0,-9.600000000000001,-2.9999999999999996,-3.5999999999999996,5.4,1.0,-0.2,-0.7913799999999998,0.046308600000000366,0.046307600000000004,-6.751723488904897,-3.6000000000000005,-6.959784331971232,-3.6975930268215205,-2.0339483917309824,-2.7126459249999817,6.289781646153575,1.3327249899716942,-0.2248219827201777,-0.343608207083711,0.36293667411078356,0.3623997907192198,-2.0689481882423655,-14.0,14.0,9.600000000000001,2.9999999999999996,3.5999999999999996,5.4,1.0,0.2,0.7913799999999998,0.046308600000000366,0.046307600000000004,6.751723488904897,3.6000000000000005,0.36293667411078356,0.343608207083711,6.959784331971232,3.6975930268215205,0.3623997907192198,2.0689481882423655,2.7126459249999817,6.289781646153575,1.3327249899716942,0.2248219827201777,-1.0,-1.8369701987210297e-16,0.7818314824680298,0.6234898018587336,-0.8660254037844386,0.5000000000000001,15,20,44,79,18,2,16,21,0
D,2025-09-23,18:00,4645536.0,A,Athletic Club,621.0,Ernesto Valverde,4-2-3-1,40000000.0,27.27247837720117,184.45454545454547,148.0,12.6,4.2,7.0,12.0,1.8,0.4,1.84006,1.368144,1.0708316,11.69164233163554,6.6,84600000.0,27.69515275962915,182.49090909090907,129.2,11.82169285907356,4.119821012244017,6.2482934120229485,12.040899558557314,1.9487986653547995,0.4814821228257422,1.4156086224146602,1.006822535054192,0.8819213048342642,10.474902682045942,5.041246722486579,85863664.38667896,27.777184759504483,182.400160400589,119.7252148621194,6.0,Girona,12321.0,Míchel,4-2-3-1,55900000.0,27.012133656897518,182.36363636363637,219.0,10.4,3.6,4.4,8.4,1.8,0.6,0.5803200000000001,0.9561272000000001,0.9561272000000001,20.85289855072464,5.8,89900000.0,27.060469168066703,182.3818181818182,295.0,10.135555391113606,3.599644300578069,4.5721097370265795,9.537796361010857,2.341879502365804,0.7326614267735175,0.6113006359266252,0.9352176593809578,0.9347896373655042,22.6183633987607,6.041765201732804,90484754.21580088,27.313016132112523,182.02844243561418,311.1156702852876,20.0,2.1999999999999993,0.6000000000000001,2.5999999999999996,3.5999999999999996,0.0,-0.19999999999999996,1.2597399999999999,0.41201679999999996,0.11470439999999993,9.161256219089099,0.7999999999999998,1.686137467959954,12.143460716714758,0.5201767116659481,1.676183674996369,2.503103197546457,-0.3930808370110046,-0.2511793039477753,0.804307986488035,0.07160487567323415,-0.052868332531240014,-1.0005184792462245,14.0,14.0,2.1999999999999993,0.6000000000000001,2.5999999999999996,3.5999999999999996,0.0,0.19999999999999996,1.2597399999999999,0.41201679999999996,0.11470439999999993,9.161256219089099,0.7999999999999998,0.07160487567323415,0.804307986488035,1.686137467959954,12.143460716714758,0.052868332531240014,1.0005184792462245,1.676183674996369,2.503103197546457,0.3930808370110046,0.2511793039477753,-1.0,-1.8369701987210297e-16,0.7818314824680298,0.6234898018587336,-1.0,-1.8369701987210297e-16,2,11,19,56,10,10,24,3,1
D,2025-09-23,18:00,4645538.0,A,Espanyol,714.0,Manolo González,4-2-3-1,29000000.0,27.855889490386406,181.45454545454547,61.0,10.2,3.2,2.2,14.8,1.8,0.2,1.40842,1.6599545999999996,1.3626425999999998,16.32127181348597,4.0,30920000.0,27.598183062659444,181.23636363636365,31.8,9.60006446901174,2.708217333843624,2.806989027605342,14.673213780825435,1.3935498632008576,0.24173144417477285,1.2697705827012629,1.5662330704600393,1.2935336092437868,16.24176091503705,3.7359881577867537,35474652.94017667,27.268036048036947,181.5480813346458,33.233677791995994,4.0,Valencia,1049.0,Carlos Corberán,4-4-2 double 6,47200000.0,27.944496297679052,181.8181818181818,87.0,8.8,2.6,5.8,11.4,1.2,0.2,1.47706,1.1707927999999999,1.1707927999999999,16.078214285714285,4.0,47060000.0,27.15076846493684,182.8,95.2,8.586442821486507,3.118523260128707,5.116249340357192,11.857283512100855,1.33694242087931,0.09876595810283746,1.5039671148395886,1.217639566829109,1.1982970621537534,15.346258916403118,3.490380447954646,60992309.69345337,27.024507128334047,183.0753884278259,105.55047155802333,11.0,1.3999999999999986,0.6000000000000001,-3.5999999999999996,3.4000000000000004,0.6000000000000001,0.0,-0.06864000000000003,0.48916179999999976,0.19184979999999996,-0.2430575277716862,0.0,1.0136216475252322,-0.8955019986339341,-0.410305926285083,-2.30926031275185,2.81593026872458,0.056607442321547685,0.14296548607193538,-0.2341965321383257,0.34859350363093045,0.09523654709003337,0.2456077098321079,7.0,7.0,1.3999999999999986,0.6000000000000001,3.5999999999999996,3.4000000000000004,0.6000000000000001,0.0,0.06864000000000003,0.48916179999999976,0.19184979999999996,0.2430575277716862,0.0,0.34859350363093045,0.2341965321383257,1.0136216475252322,0.8955019986339341,0.09523654709003337,0.2456077098321079,2.30926031275185,2.81593026872458,0.056607442321547685,0.14296548607193538,-1.0,-1.8369701987210297e-16,0.7818314824680298,0.6234898018587336,-1.0,-1.8369701987210297e-16,9,26,50,11,10,20,26,0,1
A,2025-09-23,20:30,4645540.0,A,Sevilla,368.0,Matías Almeyda,5-4-1,36900000.0,28.177213614585277,184.72727272727272,322.0,10.6,3.8,3.0,15.6,3.4,0.0,0.83978,0.9186857999999999,0.9186858000000001,8.245155388471177,4.6,44460000.0,26.917254682347085,184.4,272.4,10.22811929171345,3.552636998425546,3.3221032413963805,17.136444558163458,4.10535790652411,0.06431051605920912,1.0374335354582638,0.9344805746535516,0.9247911622961184,8.810631711812706,5.078675009215991,46306559.639695704,27.09861408570377,184.117961613347,254.40434274438974,9.0,Villarreal,1050.0,Marcelino,4-3-3 Attacking,89000000.0,25.9702569846307,185.27272727272728,162.0,17.2,5.8,6.6,10.2,1.8,0.0,1.98204,2.1572734,2.1572734000000002,15.311995061182367,11.0,77700000.0,26.033078215419074,184.52727272727276,222.8,16.737837253684816,5.3880135823003,5.634170977122743,10.476970382352183,2.014138500608481,0.005004348253672029,1.8068204567769952,2.1777711148130496,2.177716024822566,15.01106515288246,9.72096469492468,96139297.414432,26.07970305079913,184.12961940332966,229.1874335792892,3.0,-6.6,-2.0,-3.5999999999999996,5.4,1.5999999999999999,0.0,-1.14226,-1.2385875999999998,-1.2385876000000002,7.06683967271119,-6.4,-6.509717961971367,6.200433441069755,-1.8353765838747544,-2.3120677357263624,6.659474175811274,2.091219405915629,0.059306167805537095,-0.7693869213187314,-1.243290540159498,-1.2529248625264477,-4.642289685708689,-6.0,6.0,6.6,2.0,3.5999999999999996,5.4,1.5999999999999999,0.0,1.14226,1.2385875999999998,1.2385876000000002,7.06683967271119,6.4,1.243290540159498,0.7693869213187314,6.509717961971367,6.200433441069755,1.2529248625264477,4.642289685708689,2.3120677357263624,6.659474175811274,2.091219405915629,0.059306167805537095,-1.0,-1.8369701987210297e-16,0.7818314824680298,0.6234898018587336,-0.8660254037844386,0.5000000000000001,25,27,54,52,24,15,19,1,0
D,2025-09-24,18:00,4645541.0,D,Getafe,3709.0,José Bordalás,4-3-3 Attacking,32300000.0,29.123514404828573,181.27272727272728,142.0,8.6,3.0,3.6,15.0,2.0,0.0,1.3222,0.9516408000000001,0.9516408000000001,12.916517501483176,2.8,35920000.0,27.827465621305457,182.16363636363636,131.6,7.642626533967881,2.59249078746248,3.3656818659566543,13.856680477652622,2.4352016297006327,0.05997722681885013,1.0103729089891726,0.7465097957628478,0.7464340835743775,12.908241928586042,2.03205248296254,35196211.62266316,28.480838609149245,182.34357694149193,137.09995810415938,7.0,Alaves,1108.0,Eduardo Coudet,4-4-2,20000000.0,27.231161719868087,180.0,38.0,8.6,3.6,4.6,16.6,1.8,0.0,1.2436800000000003,1.0035274000000003,0.7062162,10.953532745989643,1.8,24200000.0,27.916769336071184,181.29090909090908,24.2,7.9258716453391855,3.680619377088167,4.477698523924539,17.74204034702401,1.9152267892429142,0.0035846125861259868,1.1843815198246832,0.8849724136653769,0.4571914548625053,10.329628605158783,2.5803556858166723,26332236.98109444,28.039457984736156,181.1734085248393,25.998275722410142,10.0,0.0,-0.6000000000000001,-0.9999999999999996,-1.6000000000000014,0.19999999999999996,0.0,0.0785199999999997,-0.05188660000000023,0.2454246000000001,-1.9629847554935331,0.9999999999999998,-0.28324511137130415,-2.578613323427259,-1.0881285896256871,-1.1120166579678843,-3.8853598693713867,0.5199748404577185,0.05639261423272414,-0.17400861083551056,-0.13846261790252912,0.2892426287118722,-0.5483032028541324,3.0,3.0,0.0,0.6000000000000001,0.9999999999999996,1.6000000000000014,0.19999999999999996,0.0,0.0785199999999997,0.05188660000000023,0.2454246000000001,1.9629847554935331,0.9999999999999998,0.13846261790252912,0.17400861083551056,0.28324511137130415,2.578613323427259,0.2892426287118722,0.5483032028541324,1.1120166579678843,3.8853598693713867,0.5199748404577185,0.05639261423272414,-1.0,-1.8369701987210297e-16,0.9749279121818236,-0.22252093395631434,-1.0,-1.8369701987210297e-16,10,0,39,18,15,18,20,2,1
H,2025-09-24,20:30,4645537.0,D,Atletico Madrid,13.0,Diego Simeone,5-3-2,301500000.0,29.100864911953206,179.9090909090909,533.0,12.6,5.2,6.6,12.0,1.6,0.2,1.9408,1.5067294,1.3580754,12.68422619047619,10.6,301800000.0,27.23245597660382,181.4909090909091,405.8,12.316560849090456,5.832353352817819,6.676607774356263,10.730726341041967,1.2152850423092054,0.33399141516257974,2.1751724615706856,1.7971490982281828,1.5438245503202126,14.682887674066228,9.834367191737478,298107130.5482277,27.853023553835737,181.10494941123093,439.24864795170123,12.0,Rayo Vallecano,367.0,Iñigo Pérez,4-2-3-1,32200000.0,28.68744944309626,178.63636363636363,92.0,13.6,4.6,6.0,12.2,2.4,0.0,1.3120800000000001,1.5824052,1.4337492,9.783206115779645,4.4,34500000.0,29.82067077344285,178.54545454545453,93.2,14.960172945266104,5.057044872912059,6.160187119658235,10.501881284148178,2.1360017525764783,0.0002280601905473385,1.2314568752558934,1.3831185903074423,1.332050599874601,10.569412480452037,5.6610213223993044,34091514.98664606,30.008750120675675,178.48157711084585,96.52796635281425,14.0,-1.0,0.6000000000000005,0.5999999999999996,-0.1999999999999993,-0.7999999999999998,0.2,0.62872,-0.07567579999999996,-0.07567380000000012,-2.901020074696545,6.199999999999999,-2.643612096175648,-4.113475193614191,0.7753084799057595,0.5164206546980283,0.22884505689378898,-0.9207167102672729,0.3337633549720324,0.9437155863147921,0.4140305079207405,0.21177395044561154,4.173345869338173,2.0,2.0,1.0,0.6000000000000005,0.5999999999999996,0.1999999999999993,0.7999999999999998,0.2,0.62872,0.07567579999999996,0.07567380000000012,2.901020074696545,6.199999999999999,0.4140305079207405,0.9437155863147921,2.643612096175648,4.113475193614191,0.21177395044561154,4.173345869338173,0.5164206546980283,0.22884505689378898,0.9207167102672729,0.3337633549720324,-1.0,-1.8369701987210297e-16,0.9749279121818236,-0.22252093395631434,-0.8660254037844386,0.5000000000000001,3,18,16,30,23,10,5,18,2
H,2025-09-24,20:30,4645535.0,D,Real Sociedad,681.0,Sergio Francisco,4-3-3 Attacking,119000000.0,26.70848111505196,180.1818181818182,185.0,16.0,5.0,7.8,16.4,2.8,0.0,1.1460000000000001,1.4318466,1.2831906000000002,9.179927963143934,6.6,107200000.0,25.88747433264887,180.43636363636364,174.4,15.231882145572392,4.825123505316806,7.671451782763104,16.91620443466528,3.4150602811483917,0.0006390785942792897,1.0600223398199564,1.4534196530205767,1.2636270090533388,10.13949098136348,6.703603249624642,113248088.88653088,25.94972459556872,180.34886092177953,169.18240624579937,18.0,Mallorca,237.0,Jagoba Arrasate,5-3-2,26300000.0,27.68614274158422,183.0,138.0,11.4,4.6,4.6,11.4,1.6,0.4,0.6027199999999999,0.8613704,0.7127144000000001,15.87537136066548,3.6,30000000.0,28.37085433389335,182.58181818181816,187.2,11.831636155822602,4.6674152382016,4.547059910437166,12.814875597771442,1.059991895276178,0.13175725041520062,0.5508891916079538,0.9174087609192276,0.7510145345780582,14.33052155854235,3.621567205552792,34028139.03968411,28.47278506570841,183.2216996493606,187.17013523986589,19.0,4.6,0.40000000000000036,3.2,4.999999999999998,1.1999999999999997,-0.4,0.5432800000000002,0.5704762000000001,0.5704762000000001,6.6954433975215455,2.9999999999999996,3.4002459897497896,4.19103057717887,0.1577082671152059,3.1243918723259387,4.1013288368938365,2.3550683858722135,-0.13111817182092134,0.5091331482120026,0.5360108921013491,0.5126124744752806,3.08203604407185,1.0,1.0,4.6,0.40000000000000036,3.2,4.999999999999998,1.1999999999999997,0.4,0.5432800000000002,0.5704762000000001,0.5704762000000001,6.6954433975215455,2.9999999999999996,0.5360108921013491,0.5091331482120026,3.4002459897497896,4.19103057717887,0.5126124744752806,3.08203604407185,3.1243918723259387,4.1013288368938365,2.3550683858722135,0.13111817182092134,-1.0,-1.8369701987210297e-16,0.9749279121818236,-0.22252093395631434,-0.8660254037844386,0.5000000000000001,22,16,73,31,15,23,25,11,2
A,2025-09-25,20:30,4645542.0,H,Real Oviedo,2497.0,Veljko Paunovic,4-4-1-1,15500000.0,29.581731068384045,181.8181818181818,329.0,7.2,2.6,1.8,11.8,2.6,0.4,0.64826,0.6251584,0.4765028,21.824047619047622,2.8,9360000.0,28.288907970879222,183.6618181818182,148.8,8.312796208530806,2.6066350710900474,2.2796208530805684,14.227488151658768,2.767772511848341,0.33175355450236965,0.7761502369668245,0.7003502274881516,0.643987914691943,17.606431956668924,2.7725118483412317,12599999.999999998,28.260115877971597,183.7407152089617,159.17535545023696,17.0,Barcelona,131.0,Hansi Flick,4-2-3-1,70000000.0,24.76510484724037,182.36363636363637,313.0,20.4,7.6,5.8,10.2,1.0,0.0,2.2592000000000003,2.6575660000000005,2.508912,6.469150326797387,13.0,81000000.0,24.67216725779354,181.43636363636364,364.8,19.026673665145104,7.347925495872386,5.18314260333455,9.653689680547094,1.1634980883348858,0.00010291829607832392,2.4255268021665395,2.8108253670880132,2.6645377122100404,7.089084441507385,10.960397668381153,122702562.4897319,25.250005698053787,181.51170900560248,408.54351826177407,2.0,-13.2,-5.0,-4.0,1.6000000000000014,1.6,0.4,-1.6109400000000003,-2.0324076000000004,-2.0324092,-15.354897292250236,-10.2,-10.713877456614298,-10.51734751516154,-4.741290424782338,-2.903521750253981,4.573798471111674,1.6042744235134552,0.3316506362062913,-1.649376565199715,-2.1104751395998615,-2.0205497975180973,-8.187885820039922,-15.0,15.0,13.2,5.0,4.0,1.6000000000000014,1.6,0.4,1.6109400000000003,2.0324076000000004,2.0324092,15.354897292250236,10.2,2.1104751395998615,1.649376565199715,10.713877456614298,10.51734751516154,2.0205497975180973,8.187885820039922,2.903521750253981,4.573798471111674,1.6042744235134552,0.3316506362062913,-1.0,-1.8369701987210297e-16,0.43388373911755823,-0.900968867902419,-0.8660254037844386,0.5000000000000001,21,4,76,27,17,10,12,6,0
D,2025-09-25,18:30,4645544.0,H,Osasuna,331.0,Alessio Lisci,3-4-1-2,49900000.0,27.83423557961546,185.1818181818182,58.0,8.6,3.4,1.8,12.8,2.2,0.4,1.09256,1.1773324,1.0286764,18.08362164151638,4.2,59380000.0,28.8115985315164,183.76363636363638,60.0,9.155269862028002,3.9288552955530798,2.324012886530668,12.194386208505529,2.519966663445404,0.39917695643772166,1.1548910869374505,1.498466992533577,1.2406543633370524,18.624445691661773,4.089374144453296,58878149.6160867,28.72221152840616,183.7001056418751,57.14988050212535,13.0,Elche,1531.0,Eder Sarabia,5-3-2,5500000.0,26.04268558272665,183.54545454545453,76.0,9.6,3.2,2.4,12.6,1.8,0.0,1.29486,1.0187946,1.0187946,9.55359231411863,4.2,7280000.0,27.435012133656898,182.04545454545456,38.8,11.104066109565965,3.7396668388392214,3.1136681604283645,12.704688436072678,2.061374552356171,0.001442981299469068,1.4657318225287213,1.1881983031561152,1.1880785249952142,9.189381351253434,4.623480373422776,10689872.111569421,27.745720580864713,181.87214192339118,48.01965092750578,5.0,-1.0,0.19999999999999973,-0.5999999999999999,0.20000000000000107,0.40000000000000013,0.4,-0.20229999999999992,0.15853779999999995,0.00988179999999983,-8.53002932739775,0.0,-1.9487962475379632,-9.435064340408339,0.18918845671385842,-0.7896552738976963,-0.5103022275671485,0.45859211108923326,0.3977339751382526,-0.3108407355912708,0.31026868937746177,0.05257583834183821,-0.5341062289694802,-8.0,8.0,1.0,0.19999999999999973,0.5999999999999999,0.20000000000000107,0.40000000000000013,0.4,0.20229999999999992,0.15853779999999995,0.00988179999999983,8.53002932739775,0.0,0.31026868937746177,0.3108407355912708,1.9487962475379632,9.435064340408339,0.05257583834183821,0.5341062289694802,0.7896552738976963,0.5103022275671485,0.45859211108923326,0.3977339751382526,-1.0,-1.8369701987210297e-16,0.43388373911755823,-0.900968867902419,-1.0,-1.8369701987210297e-16,17,8,4,17,1,23,15,8,1
D,2025-09-26,20:00,4645584.0,D,Girona,12321.0,Míchel,5-3-2,71400000.0,28.449007529089666,181.8181818181818,333.0,10.2,3.8,4.2,9.8,2.2,0.4,0.67258,0.9683900000000001,0.9683900000000001,21.30289855072464,6.2,83580000.0,27.04797461265634,182.0909090909091,277.4,8.757036927409066,3.399762867052046,3.381406491351049,11.358530907340578,2.227919668243869,0.48844095118234426,0.5923337572844167,0.9090177729206386,0.9087324249103361,23.828908932507137,5.027843467821866,78956502.81053388,27.212721973707524,182.14017374495495,280.4104468568583,20.0,Espanyol,714.0,Manolo González,4-4-2,31200000.0,26.33339555721486,181.27272727272728,35.0,12.4,4.2,3.6,13.8,1.4,0.2,1.6519399999999997,2.0395646,1.7422525999999998,14.58442970822281,6.4,30920000.0,27.757625536680973,181.2909090909091,37.8,13.40004297934116,5.1388115558957494,4.537992685070228,12.78214252055029,1.2623665754672384,0.16115429611651524,1.7558470551341754,2.1485320469733598,1.9667324061625244,14.494507276691367,7.157325438524502,33316435.293451115,27.463987195486766,181.51690270794566,42.48911852799733,4.0,-2.200000000000001,-0.40000000000000036,0.6000000000000001,-4.0,0.8000000000000003,0.2,-0.9793599999999998,-1.0711745999999998,-0.7738625999999997,-6.718468842501828,-0.20000000000000018,-4.643006051932094,-9.33440165581577,-1.7390486888437033,-1.1565861937191793,-1.4236116132097116,0.9655530927766307,0.327286655065829,-1.1635132978497587,-1.2395142740527212,-1.0579999812521883,-2.129481970702636,-16.0,16.0,2.200000000000001,0.40000000000000036,0.6000000000000001,4.0,0.8000000000000003,0.2,0.9793599999999998,1.0711745999999998,0.7738625999999997,6.718468842501828,0.20000000000000018,1.2395142740527212,1.1635132978497587,4.643006051932094,9.33440165581577,1.0579999812521883,2.129481970702636,1.1565861937191793,1.4236116132097116,0.9655530927766307,0.327286655065829,-1.0,-1.8369701987210297e-16,-0.433883739117558,-0.9009688679024191,-0.8660254037844386,0.5000000000000001,11,9,56,50,23,18,3,26,1
H,2025-09-27,15:15,4645576.0,D,Atletico Madrid,13.0,Diego Simeone,4-4-2,296000000.0,28.368365378632316,182.54545454545453,463.0,13.6,6.0,7.6,11.0,1.6,0.2,2.27434,2.2381254,2.0894714,11.956448412698412,9.6,303900000.0,27.80307385974737,181.29090909090908,443.8,14.877707232726971,6.5549022352118795,7.117738516237509,9.153817560694645,1.8101900282061372,0.22266094344171983,2.401781641047124,2.848156065485455,2.6792730335468082,12.983036227155262,10.556244794491652,299238087.0321518,28.268970673208226,180.7063299105176,470.49909863446754,9.0,Real Madrid,418.0,Xabi Alonso,4-2-3-1,330000000.0,25.94710970070313,184.45454545454547,547.0,19.8,7.6,5.8,9.0,1.4,0.2,2.15656,2.4656200000000004,2.3169639999999996,10.95856644046398,10.0,168000000.0,25.552261838093457,183.3090909090909,470.8,19.761623583636432,7.578153199622849,6.250647759949888,8.998086813775107,1.3070761427914672,0.149974346920306,2.247881794567128,2.777523851879367,2.4632706401359408,11.641988625501638,10.838889772522029,212996065.09003296,25.50794045697153,182.77216247603363,454.7799980288035,1.0,-6.200000000000001,-1.5999999999999996,1.7999999999999998,2.0,0.20000000000000018,0.0,0.11778000000000022,-0.22749460000000044,-0.2274925999999997,-0.997881972234433,-0.40000000000000036,-4.883916350909461,-1.3410476016536244,-1.0232509644109697,0.8670907562876211,0.15573074691953792,0.50311388541467,0.07268659652141382,0.15389984647999588,0.07063221360608818,0.21600239341086747,-0.28264497803037614,-8.0,8.0,6.200000000000001,1.5999999999999996,1.7999999999999998,2.0,0.20000000000000018,0.0,0.11778000000000022,0.22749460000000044,0.2274925999999997,0.997881972234433,0.40000000000000036,0.07063221360608818,0.15389984647999588,4.883916350909461,1.3410476016536244,0.21600239341086747,0.28264497803037614,0.8670907562876211,0.15573074691953792,0.50311388541467,0.07268659652141382,-1.0,-1.8369701987210297e-16,-0.9749279121818236,-0.2225209339563146,-0.7071067811865471,-0.7071067811865479,3,20,16,79,18,10,5,21,2
H,2025-09-27,20:00,4645582.0,D,Villarreal,1050.0,Marcelino,4-4-2,93000000.0,25.627278949660877,183.9090909090909,276.0,14.6,4.8,5.2,11.0,2.2,0.0,1.9633600000000002,2.1168413999999998,2.1168413999999998,15.812835397316823,8.2,86500000.0,25.978669653412975,184.5818181818182,220.4,15.15855816912321,5.258675721533534,4.756113984748495,11.65131358823479,2.3427590004056538,0.003336232169114686,2.0239469711846634,2.2535907432086995,2.2535540165483776,13.556396376431444,8.480643129949787,93759531.60962133,26.043221028742987,184.51065535979555,206.79162238619278,3.0,Athletic Club,621.0,Ernesto Valverde,4-2-3-1,42500000.0,28.727272727272727,183.9090909090909,151.0,13.2,4.6,6.6,14.2,1.8,0.4,1.7731999999999999,1.2382300000000002,1.0895736,8.60047116046437,5.8,75600000.0,27.622923277954083,182.87272727272727,131.2,13.547795239382372,4.4132140081626785,6.8321956080153,14.360599705704876,1.299199110236533,0.32098808188382816,1.6868390816097734,1.3466450233694613,1.2633775365561761,8.586872058300898,6.027497814991054,70575776.25778598,27.608949298736714,183.08495541857448,129.15014324141293,6.0,1.4000000000000004,0.20000000000000018,-1.3999999999999995,-3.1999999999999993,0.40000000000000013,-0.4,0.19016000000000033,0.8786113999999996,1.0272677999999997,-7.212364236852453,2.3999999999999995,1.6107629297408383,-4.969524318130546,0.8454617133708551,-2.0760816232668047,-2.7092861174700857,1.0435598901691208,-0.3176518497147135,0.33710788957489,0.9069457198392381,0.9901764799922015,2.453145314958733,3.0,3.0,1.4000000000000004,0.20000000000000018,1.3999999999999995,3.1999999999999993,0.40000000000000013,0.4,0.19016000000000033,0.8786113999999996,1.0272677999999997,7.212364236852453,2.3999999999999995,0.9069457198392381,0.33710788957489,1.6107629297408383,4.969524318130546,0.9901764799922015,2.453145314958733,2.0760816232668047,2.7092861174700857,1.0435598901691208,0.3176518497147135,-1.0,-1.8369701987210297e-16,-0.9749279121818236,-0.2225209339563146,-0.8660254037844386,0.5000000000000001,27,2,52,19,18,10,1,24,2
H,2025-09-27,17:30,4645581.0,H,Mallorca,237.0,Jagoba Arrasate,4-2-3-1,46700000.0,28.612780785265386,182.9090909090909,190.0,12.0,5.0,4.4,12.8,1.2,0.0,0.56248,0.8837543999999999,0.7350984,14.87537136066548,3.4,29000000.0,28.12444776305146,182.85454545454544,173.4,10.221090770548402,4.111610158801066,3.698039940291444,13.543250398514294,1.3733279301841186,0.08783816694346708,0.42345946107196925,0.8253181739461518,0.7143886897187054,14.303681039028234,2.7477114703685275,31452092.69312274,28.210570957667017,183.1477997662404,170.7800901599106,19.0,Alaves,1108.0,Eduardo Coudet,4-1-4-1,30000000.0,27.41484661813204,180.27272727272728,34.0,7.6,3.6,4.0,17.6,2.4,0.0,1.2003200000000003,0.9012494000000002,0.6039382,10.597342269799165,1.8,23200000.0,27.840159293136708,180.98181818181817,27.6,8.617247763559456,3.787079584725445,5.318465682616359,18.494693564682674,2.276817859495276,0.002389741724083991,1.4428210132164556,0.9939016091102513,0.7087143032416702,8.419752403439189,2.3869037905444483,24221491.320729624,27.7700258964468,180.78227234989285,29.998850481606762,10.0,4.4,1.4,0.40000000000000036,-4.800000000000001,-1.2,0.0,-0.6378400000000003,-0.01749500000000026,0.13116020000000006,-4.278029090866314,1.5999999999999999,1.6038430069889458,-5.883928635589045,0.32453057407562147,-1.6204257423249149,-4.95144316616838,-0.9034899293111576,0.08544842521938309,-1.0193615521444863,-0.16858343516409946,0.00567438647703522,0.36080767982407913,-9.0,9.0,4.4,1.4,0.40000000000000036,4.800000000000001,1.2,0.0,0.6378400000000003,0.01749500000000026,0.13116020000000006,4.278029090866314,1.5999999999999999,0.16858343516409946,1.0193615521444863,1.6038430069889458,5.883928635589045,0.00567438647703522,0.36080767982407913,1.6204257423249149,4.95144316616838,0.9034899293111576,0.08544842521938309,-1.0,-1.8369701987210297e-16,-0.9749279121818236,-0.2225209339563146,-0.9659258262890683,-0.25881904510252063,16,0,31,18,10,9,11,2,2
D,2025-09-27,13:00,4645579.0,A,Getafe,3709.0,José Bordalás,5-3-2,33400000.0,28.190902868520936,182.27272727272728,147.0,8.0,2.6,3.4,14.4,2.0,0.0,1.05742,0.7666194,0.7666194,11.194412238325281,2.0,34220000.0,28.397735050712463,182.1090909090909,136.4,7.428417689311921,2.0616605249749864,2.9104545773044364,13.904453651768415,2.2901344198004217,0.03998481787923342,0.9192152726594484,0.6897408638418986,0.689690389049585,11.138827952390693,2.0213683219750265,34230807.748442106,28.695063874375688,181.98662705190372,138.7333054027729,7.0,Levante,3368.0,Julián Calero,4-4-2,6000000.0,26.21317901810715,179.27272727272728,201.0,9.8,3.4,2.2,15.4,2.4,0.0,1.2669400000000002,2.1770146000000006,2.0283586000000002,14.92332251082251,5.8,3180000.0,27.2895227428287,178.44727272727272,126.0,10.788434028988945,3.55552093846886,2.4422171432832323,15.857941244544156,2.1955594694392633,9.302510685419053e-05,1.1975096565113208,2.2321683012865563,2.1653171672820872,13.739882723583152,6.12625764702712,5682835.20613904,27.154747205529986,178.57096745043881,129.01940570722516,17.0,-1.8000000000000007,-0.7999999999999998,1.1999999999999997,-1.0,-0.3999999999999999,0.0,-0.20952000000000015,-1.4103952000000006,-1.2617392000000003,3.728910272497229,-3.8,-3.360016339677024,2.6010547711924588,-1.4938604134938736,0.4682374340212041,-1.9534875927757405,0.09457495036115837,0.03989179277237923,-0.27829438385187244,-1.5424274374446578,-1.475626778232502,-4.104889325052094,10.0,10.0,1.8000000000000007,0.7999999999999998,1.1999999999999997,1.0,0.3999999999999999,0.0,0.20952000000000015,1.4103952000000006,1.2617392000000003,3.728910272497229,3.8,1.5424274374446578,0.27829438385187244,3.360016339677024,2.6010547711924588,1.475626778232502,4.104889325052094,0.4682374340212041,1.9534875927757405,0.09457495036115837,0.03989179277237923,-1.0,-1.8369701987210297e-16,-0.9749279121818236,-0.2225209339563146,-0.2588190451025208,-0.9659258262890683,10,15,39,44,23,18,20,16,1
H,2025-09-28,17:30,4645577.0,D,Barcelona,131.0,Hansi Flick,4-2-3-1,50000000.0,26.886939207267748,183.54545454545453,585.0,20.0,8.0,6.4,8.0,0.8,0.0,2.13458,2.6667080000000007,2.5180540000000002,6.562483660130719,13.6,78000000.0,24.87601269367183,181.61818181818182,368.8,20.017782443430068,8.23195033058159,6.455428402223032,8.43579312036473,0.7756653922232571,6.861219738554928e-05,2.223984534777693,2.5638869113920086,2.466361808140027,6.226056294338257,14.640265112254104,105135041.65982127,25.08837208111598,181.79568479161378,376.69567884118277,2.0,Real Sociedad,681.0,Sergio Francisco,4-3-3 Attacking,79800000.0,26.956629954576567,180.63636363636363,165.0,16.8,5.2,8.6,16.8,2.8,0.0,1.5059200000000001,1.7877666,1.6391106,8.063927963143934,8.0,110800000.0,25.971352124945554,180.32727272727274,171.4,15.821254763714927,4.55008233687787,8.780967855175403,15.61080295644352,2.943373520765595,0.0004260523961861931,1.620481559879971,1.911803102013718,1.7852746727022257,8.932993987575653,8.135735499749762,115165392.59102058,26.202643435396467,180.2931800084591,174.45493749719958,16.0,3.1999999999999993,2.8,-2.1999999999999993,-8.8,-1.9999999999999998,0.0,0.62866,0.8789414000000006,0.8789434000000003,1.5014443030132147,5.6,4.196527679715141,2.7069376932373963,3.6818679937037198,-2.3255394529523707,-7.1750098360787895,-2.167708128542338,-0.00035744019880064385,0.6035029748977221,0.6520838093782906,0.6810871354378012,6.504529612504342,14.0,14.0,3.1999999999999993,2.8,2.1999999999999993,8.8,1.9999999999999998,0.0,0.62866,0.8789414000000006,0.8789434000000003,1.5014443030132147,5.6,0.6520838093782906,0.6035029748977221,4.196527679715141,2.7069376932373963,0.6810871354378012,6.504529612504342,2.3255394529523707,7.1750098360787895,2.167708128542338,0.00035744019880064385,-1.0,-1.8369701987210297e-16,-0.7818314824680299,0.6234898018587334,-0.9659258262890683,-0.25881904510252063,4,22,27,73,10,15,6,25,2
A,2025-09-28,13:00,4645580.0,D,Rayo Vallecano,367.0,Iñigo Pérez,4-2-3-1,33500000.0,29.84058241553108,178.72727272727272,88.0,12.2,4.2,6.4,11.2,3.0,0.0,0.7613,1.2556712,1.2556712,11.225110877684408,4.0,33840000.0,29.617173791301106,178.56363636363636,93.4,12.973448630177401,4.37136324860804,6.106791413105491,11.001254189432117,2.757334501717652,0.000152040127031559,0.8529379168372623,1.4620390602049615,1.4279937332497339,11.87167181236485,4.440680881599536,33461009.991097376,29.568316561482536,178.5331726193518,95.01864423520949,14.0,Sevilla,368.0,Matías Almeyda,5-4-1,38100000.0,28.972683716010206,182.72727272727272,387.0,11.4,3.0,3.4,16.6,3.4,0.0,0.8553,0.9055908,0.9055907999999999,7.35821222410866,5.6,39060000.0,27.36337502333395,184.2181818181818,281.4,12.152079527808965,3.0350913322836974,3.2147354942642536,17.090963038775637,3.40357193768274,0.042873677372806084,0.8208223569721759,0.9017103831023677,0.8952507748640789,7.744722216477288,6.385783339477328,43171039.75979713,27.458147261997606,184.3210653179889,276.93622849625984,12.0,0.7999999999999989,1.2000000000000002,3.0000000000000004,-5.400000000000002,-0.3999999999999999,0.0,-0.09399999999999997,0.35008040000000007,0.3500804000000002,-3.866898653575748,-1.5999999999999996,0.8213691023684362,-4.126949595887562,1.3362719163243422,2.892055918841237,-6.08970884934352,-0.6462374359650878,-0.042721637245774526,0.03211555986508641,0.5603286771025938,0.532742958385655,-1.945102457877792,-2.0,2.0,0.7999999999999989,1.2000000000000002,3.0000000000000004,5.400000000000002,0.3999999999999999,0.0,0.09399999999999997,0.35008040000000007,0.3500804000000002,3.866898653575748,1.5999999999999996,0.5603286771025938,0.03211555986508641,0.8213691023684362,4.126949595887562,0.532742958385655,1.945102457877792,2.892055918841237,6.08970884934352,0.6462374359650878,0.042721637245774526,-1.0,-1.8369701987210297e-16,-0.7818314824680299,0.6234898018587334,-0.2588190451025208,-0.9659258262890683,18,25,30,54,10,24,18,19,0
H,2025-09-28,20:00,4645578.0,H,Real Betis,150.0,Manuel Pellegrini,4-2-3-1,70500000.0,27.69734304025885,180.9090909090909,300.0,16.2,4.8,5.6,9.6,2.0,0.0,1.76326,1.6603488,1.6603488000000002,10.709722674903896,8.2,47200000.0,27.662647003920103,180.92727272727274,154.8,17.990943298115173,5.4601454373905085,5.528180105720847,9.297700660209195,2.0952401950735258,0.0001763809050346432,1.9230863988290592,1.8176591080641975,1.8069996988169732,10.382780832074273,9.381407481483226,59496362.50785383,27.695869156800267,180.9698552812013,173.03541485233555,8.0,Osasuna,331.0,Alessio Lisci,5-3-2,54400000.0,28.629954576566487,186.8181818181818,63.0,10.0,3.8,2.2,14.2,2.6,0.2,1.3269199999999999,1.3721716,1.2235156,15.981057538952276,4.2,56060000.0,28.520440545081204,183.96363636363634,58.2,9.103513241352001,3.2859035303687194,2.2160085910204455,14.462924139003684,2.346644442296936,0.2661179709584811,1.2506940579583004,1.3907246616890514,1.2188495755580349,15.860741572218961,3.3929160963021974,55885433.077391125,28.426219545475927,184.19400982185616,57.43325366808356,13.0,6.199999999999999,1.0,3.3999999999999995,-4.6,-0.6000000000000001,-0.2,0.43634000000000017,0.2881772,0.43683320000000014,5.271334864048381,3.999999999999999,8.887430056763172,5.477960740144688,2.174241907021789,3.3121715147004016,-5.1652234787944895,-0.25140424722341015,-0.2659415900534465,0.6723923408707588,0.4269344463751461,0.5881501232589383,5.988491385181028,5.0,5.0,6.199999999999999,1.0,3.3999999999999995,4.6,0.6000000000000001,0.2,0.43634000000000017,0.2881772,0.43683320000000014,5.271334864048381,3.999999999999999,0.4269344463751461,0.6723923408707588,8.887430056763172,5.477960740144688,0.5881501232589383,5.988491385181028,3.3121715147004016,5.1652234787944895,0.25140424722341015,0.2659415900534465,-1.0,-1.8369701987210297e-16,-0.7818314824680299,0.6234898018587334,-0.8660254037844386,0.5000000000000001,19,17,51,4,10,23,7,15,2
H,2025-09-28,15:15,4645583.0,D,Elche,1531.0,Eder Sarabia,4-4-2,9000000.0,29.371912139879285,180.27272727272728,66.0,10.8,3.6,2.8,12.4,2.2,0.0,1.37066,1.0326738000000002,1.0326738000000002,9.956223893065998,3.6,7100000.0,27.21576006471284,182.33454545454543,51.0,11.402710739710642,3.826444559226148,3.0757787736189095,12.803125624048453,2.0409163682374474,0.0009619875329793786,1.3874212150191474,1.1424288687707433,1.1423490166634762,9.547306865747904,3.748986915615184,8959914.741046282,27.178042248152025,182.4299127974123,57.34643395167052,5.0,Celta Vigo,940.0,Claudio Giráldez,4-3-3 Attacking,25500000.0,25.620060979403892,182.0,60.0,12.4,4.2,6.4,10.6,1.2,0.0,1.4630400000000001,1.156637,1.007981,15.689350649350652,8.8,30060000.0,25.60139381494618,179.8727272727273,54.8,12.852936594206776,4.828114041986351,6.833238742254245,10.206256362830493,1.1065543856212445,0.008684454602509634,1.4260272164859913,1.287889150674058,1.1046175716160425,15.351900614147908,9.52926269735183,30821063.175493866,25.74722479965729,179.51739876175472,52.30572442553173,16.0,-1.5999999999999996,-0.6000000000000001,-3.6000000000000005,1.8000000000000007,1.0000000000000002,0.0,-0.09238000000000013,-0.12396319999999972,0.02469280000000018,5.733126756284655,-5.200000000000001,-1.450225854496134,5.804593748400004,-1.0016694827602026,-3.757459968635336,2.596869261217961,0.9343619826162028,-0.007722467069530255,-0.0386060014668439,-0.14546028190331461,0.037731445047433754,-5.780275781736647,11.0,11.0,1.5999999999999996,0.6000000000000001,3.6000000000000005,1.8000000000000007,1.0000000000000002,0.0,0.09238000000000013,0.12396319999999972,0.02469280000000018,5.733126756284655,5.200000000000001,0.14546028190331461,0.0386060014668439,1.450225854496134,5.804593748400004,0.037731445047433754,5.780275781736647,3.757459968635336,2.596869261217961,0.9343619826162028,0.007722467069530255,-1.0,-1.8369701987210297e-16,-0.7818314824680299,0.6234898018587334,-0.7071067811865471,-0.7071067811865479,8,6,17,12,18,15,8,27,2
A,2025-09-30,19:00,4645575.0,H,Valencia,1049.0,Carlos Corberán,4-4-2 double 6,41200000.0,27.70904112998569,182.27272727272728,103.0,6.2,2.6,4.8,12.2,1.8,0.2,1.1552799999999999,1.0551648,1.0551648,14.6100983436853,2.2,47300000.0,27.348391512662555,182.63636363636363,96.4,7.3909618809910045,2.7456821734191386,4.410832893571461,10.904855674733904,2.2246282805862063,0.06584397206855831,1.0626780765597257,1.147709711219406,1.1348147081025022,13.839534929775992,2.3269202986364306,56394873.12896892,27.331170184782383,182.65631955794456,99.36698103868223,11.0,Real Oviedo,2497.0,Veljko Paunovic,4-3-3 Attacking,17000000.0,27.937527222948166,182.54545454545453,130.0,7.6,2.4,2.8,12.2,2.4,0.2,0.7715799999999999,0.7440304000000001,0.7440304,20.698333333333334,3.6,12100000.0,28.597369174289092,183.46545454545452,182.6,7.833082706766918,2.7503759398496244,3.639097744360902,12.682706766917294,2.121804511278196,0.21052631578947373,0.8250972932330828,0.9743335578947367,0.9385667969924812,23.889194414607946,3.221052631578947,13659699.2481203,28.74305195506968,183.03819548872184,221.23157894736843,18.0,-1.3999999999999995,0.20000000000000018,2.0,0.0,-0.5999999999999999,0.0,0.38369999999999993,0.3111343999999999,0.31113440000000003,6.088234989648035,-1.4,-0.4421208257759135,10.049659484831954,-0.004693766430485802,0.7717351492105595,-1.7778510921833899,0.10282376930801052,-0.14468234372091543,0.2375807833266429,0.17337615332466916,0.19624791111002093,-0.8941323329425166,7.0,7.0,1.3999999999999995,0.20000000000000018,2.0,0.0,0.5999999999999999,0.0,0.38369999999999993,0.3111343999999999,0.31113440000000003,6.088234989648035,1.4,0.17337615332466916,0.2375807833266429,0.4421208257759135,10.049659484831954,0.19624791111002093,0.8941323329425166,0.7717351492105595,1.7778510921833899,0.10282376930801052,0.14468234372091543,-1.0,-1.8369701987210297e-16,0.7818314824680298,0.6234898018587336,-0.9659258262890684,0.2588190451025203,26,21,11,76,20,15,0,12,0
H,2025-10-03,20:00,4645512.0,D,Osasuna,331.0,Alessio Lisci,5-3-2,49100000.0,29.180013689253936,184.1818181818182,61.0,9.2,3.2,2.6,12.8,2.4,0.2,1.16754,1.298517,1.149861,18.92754876702245,3.8,54440000.0,28.455379254557904,184.6909090909091,56.6,10.069008827568,2.5239356869124796,3.1440057273469635,11.975282759335789,1.8977629615312905,0.17741198063898742,1.1027627053055336,1.119978107792701,1.0053947170386899,19.379383270368198,3.9286107308681317,55390288.71826074,28.494131222506113,185.06873382063137,59.288835778722365,13.0,Getafe,3709.0,José Bordalás,5-3-2,31500000.0,29.449318648497293,182.36363636363637,53.0,8.4,2.2,4.0,12.6,2.4,0.0,0.8778000000000002,0.6669248,0.6669248,9.611803542673108,1.8,32640000.0,28.600734241802,181.96363636363637,141.6,8.618945126207947,2.7077736833166575,3.9403030515362913,14.269635767845608,2.8600896132002815,0.02665654525282228,0.9344435151062989,0.7368162425612658,0.7367825926997233,9.179508489999593,2.3475788813166845,33953871.83229474,28.52701020575744,182.08199379217822,141.48887026851529,8.0,0.7999999999999989,1.0,-1.4,0.20000000000000107,0.0,0.2,0.2897399999999998,0.6315921999999999,0.48293620000000004,-9.315745224349342,1.9999999999999998,1.4500637013600528,-10.199874780368605,-0.18383799640417786,-0.7962973241893279,-2.2943530085098196,-0.962326651668991,0.15075543538616515,0.1683191901992347,0.38316186523143514,0.26861212433896653,1.5810318495514473,-5.0,5.0,0.7999999999999989,1.0,1.4,0.20000000000000107,0.0,0.2,0.2897399999999998,0.6315921999999999,0.48293620000000004,9.315745224349342,1.9999999999999998,0.38316186523143514,0.1683191901992347,1.4500637013600528,10.199874780368605,0.26861212433896653,1.5810318495514473,0.7962973241893279,2.2943530085098196,0.962326651668991,0.15075543538616515,-0.8660254037844386,0.5000000000000001,-0.433883739117558,-0.9009688679024191,-0.8660254037844386,0.5000000000000001,17,10,4,39,23,23,15,20,2
H,2025-10-04,20:00,4645508.0,D,Real Madrid,418.0,Xabi Alonso,4-2-3-1,170000000.0,25.175533569784083,184.27272727272728,466.0,15.8,6.0,4.4,10.4,2.0,0.2,1.7267599999999999,2.3070700000000004,2.1584139999999996,11.28716684614349,9.4,198000000.0,25.566199987555223,183.41818181818184,472.4,15.174415722424287,5.718768799748567,4.833765173299925,10.665391209183404,2.2047174285276445,0.09998289794687067,1.6025211963780854,2.1943392345862445,1.9848370934239605,10.918188495432466,8.892593181681352,251997376.72668862,25.65433020488206,183.33295680220422,485.519998685869,2.0,Villarreal,1050.0,Marcelino,4-4-2,97000000.0,25.622301039138822,185.54545454545453,214.0,13.6,4.4,4.8,12.0,2.4,0.0,1.69116,1.8942193999999997,1.8942194,15.462835397316823,7.2,96100000.0,25.975085557837097,184.3090909090909,232.8,14.772372112748807,5.172450481022356,5.170742656498997,12.100875725489862,2.228506000270436,0.0022241547794097905,1.8769979807897756,2.1237138288057995,2.123689344365585,14.60009758428763,7.987095419966525,93506354.40641423,25.904573669048954,184.31013387622735,229.86108159079518,3.0,2.200000000000001,1.5999999999999996,-0.39999999999999947,-1.5999999999999996,-0.3999999999999999,0.2,0.035599999999999854,0.41285060000000073,0.2641945999999995,4.175668551173333,2.2,0.4020436096754807,3.681909088855164,0.5463183187262111,-0.33697748319907195,-1.4354845163064578,-0.023788571742791476,0.09775874316746087,-0.2744767844116902,0.07062540578044496,-0.13885225094162457,0.9054977617148277,1.0,1.0,2.200000000000001,1.5999999999999996,0.39999999999999947,1.5999999999999996,0.3999999999999999,0.2,0.035599999999999854,0.41285060000000073,0.2641945999999995,4.175668551173333,2.2,0.07062540578044496,0.2744767844116902,0.4020436096754807,3.681909088855164,0.13885225094162457,0.9054977617148277,0.33697748319907195,1.4354845163064578,0.023788571742791476,0.09775874316746087,-0.8660254037844386,0.5000000000000001,-0.9749279121818236,-0.2225209339563146,-0.8660254037844386,0.5000000000000001,20,27,79,52,10,18,21,1,2
A,2025-10-04,13:00,4645513.0,A,Real Oviedo,2497.0,Veljko Paunovic,4-3-3 Attacking,18500000.0,28.744446518573827,182.36363636363637,291.0,8.4,2.6,3.4,13.0,2.8,0.4,0.8583399999999999,0.875961,0.875961,17.955000000000002,4.4,14240000.0,28.382602202725405,183.05454545454546,170.4,8.600291403593978,3.1928120446818844,3.7668771248178725,12.440990772219525,2.7867897037396796,0.4900437105390966,0.8095198154443906,0.9824093632831471,0.9593060160271978,19.33750780545341,5.621175327829043,14842350.655658087,28.45785160066629,182.86373791337368,188.93054881010198,14.0,Levante,3368.0,Julián Calero,4-4-2,6000000.0,26.232343973617073,179.27272727272728,201.0,10.4,3.0,2.6,16.6,2.4,0.0,1.3035799999999997,1.8950566000000002,1.8950566000000002,12.356976356976357,5.4,4380000.0,26.84372596602576,178.4818181818182,158.2,10.858956019325964,3.370347292312573,2.294811428855488,15.905294163029438,2.4637063129595087,6.201673790279369e-05,1.3718731043408805,1.9142222008577043,1.869654778188058,11.07017822597851,4.750838431351413,5788556.804092693,26.84089114305571,178.80488739120165,153.0129371381501,15.0,-2.0,-0.3999999999999999,0.7999999999999998,-3.6000000000000014,0.3999999999999999,0.4,-0.44523999999999986,-1.0190956000000002,-1.0190956000000002,-5.5980236430236445,-1.0,-2.258664615731986,-8.267329579474898,-0.17753524763068862,1.4720656959623843,-3.4643033908099135,0.3230833907801709,0.48998169380119383,-0.56235328889649,-0.9318128375745572,-0.9103487621608601,0.8703368964776299,1.0,1.0,2.0,0.3999999999999999,0.7999999999999998,3.6000000000000014,0.3999999999999999,0.4,0.44523999999999986,1.0190956000000002,1.0190956000000002,5.5980236430236445,1.0,0.9318128375745572,0.56235328889649,2.258664615731986,8.267329579474898,0.9103487621608601,0.8703368964776299,1.4720656959623843,3.4643033908099135,0.3230833907801709,0.48998169380119383,-0.8660254037844386,0.5000000000000001,-0.9749279121818236,-0.2225209339563146,-0.2588190451025208,-0.9659258262890683,21,15,76,44,15,18,12,16,0
H,2025-10-04,17:30,4645506.0,H,Athletic Club,621.0,Ernesto Valverde,4-4-2,18500000.0,28.02812519444963,182.54545454545453,167.0,14.2,4.6,7.0,13.8,1.8,0.4,1.51344,1.2132859999999999,1.2132859999999999,7.879016615009823,5.4,67100000.0,27.83727210503391,183.14545454545453,133.8,14.365196826254916,4.275476005441786,6.221463738676867,13.240399803803252,0.8661327401576887,0.21399205458921877,1.500459387739849,1.418720015579641,1.3632083577041174,8.81549046310969,5.68499854332737,61217184.17185732,27.981723774915384,183.35966724874663,136.43342882760862,10.0,Mallorca,237.0,Jagoba Arrasate,4-2-3-1,44700000.0,27.868832057743763,182.9090909090909,158.0,12.0,4.8,4.6,13.2,1.0,0.0,0.7073,0.9592936,0.8106376000000001,13.636868686868686,3.0,33400000.0,28.123999751104474,183.2181818181818,178.4,10.814060513698934,3.741073439200711,3.7986932935276294,13.695500265676197,1.582218620122746,0.05855877796231138,0.8763396407146461,0.8977687826307679,0.8238157931458036,13.353969177533974,3.1651409802456847,36534728.46208183,28.344640900199806,183.06823014719058,177.18672677327376,19.0,2.1999999999999993,-0.20000000000000018,2.4000000000000004,0.6000000000000014,0.8,0.4,0.8061399999999999,0.2539923999999999,0.4026483999999998,5.7578520718588635,2.4000000000000004,3.5511363125559825,4.538478714424285,0.534402566241075,2.422770445149238,-0.45510046187294506,-0.7160858799650572,0.1554332766269074,0.624119747025203,0.520951232948873,0.5393925645583139,2.5198575630816853,9.0,9.0,2.1999999999999993,0.20000000000000018,2.4000000000000004,0.6000000000000014,0.8,0.4,0.8061399999999999,0.2539923999999999,0.4026483999999998,5.7578520718588635,2.4000000000000004,0.520951232948873,0.624119747025203,3.5511363125559825,4.538478714424285,0.5393925645583139,2.5198575630816853,2.422770445149238,0.45510046187294506,0.7160858799650572,0.1554332766269074,-0.8660254037844386,0.5000000000000001,-0.9749279121818236,-0.2225209339563146,-0.9659258262890683,-0.25881904510252063,2,16,19,31,18,10,24,11,2
H,2025-10-04,15:15,4645507.0,H,Girona,12321.0,Míchel,5-4-1,83400000.0,28.123203285420946,181.1818181818182,309.0,11.6,4.0,5.6,9.8,1.8,0.4,0.96208,1.1556586000000002,1.1556586000000002,21.045833333333338,7.2,79820000.0,27.706402837408994,181.96363636363634,294.2,9.838024618272714,3.2665085780346974,4.920937660900703,10.572353938227051,1.4852797788292447,0.32562730078822916,0.887855838189612,0.9648818486137593,0.964691616606891,19.90677262167142,6.351895645214581,76437668.54035592,27.624817158834908,182.03284310269729,297.9402979045723,20.0,Valencia,1049.0,Carlos Corberán,4-2-3-1,46000000.0,26.615394188289464,182.0,84.0,8.6,3.4,5.0,12.4,1.8,0.0,1.3392799999999998,1.281768,1.1331134,13.397111330698285,2.6,46340000.0,27.444116732001742,182.54545454545456,99.8,10.260641253994002,3.4971214489460927,4.607221929047641,11.936570449822602,1.8164188537241375,0.04389598137903888,1.3577187177064838,1.339343140812937,1.082988805401668,12.680902074396116,3.5512801990909537,51329915.41931262,27.457127166516816,182.52845546287213,100.5779873591215,12.0,3.0,0.6000000000000001,0.5999999999999996,-2.5999999999999996,0.0,0.4,-0.37719999999999976,-0.12610939999999982,0.022545200000000154,-7.648722002635052,4.6,-0.4226166357212886,-7.225870547275303,-0.23061287091139526,0.3137157318530628,-1.3642165115955507,-0.3311390748948928,0.2817313194091903,-0.4698628795168718,-0.3744612921991778,-0.11829718879477713,2.8006154461236274,-8.0,8.0,3.0,0.6000000000000001,0.5999999999999996,2.5999999999999996,0.0,0.4,0.37719999999999976,0.12610939999999982,0.022545200000000154,7.648722002635052,4.6,0.3744612921991778,0.4698628795168718,0.4226166357212886,7.225870547275303,0.11829718879477713,2.8006154461236274,0.3137157318530628,1.3642165115955507,0.3311390748948928,0.2817313194091903,-0.8660254037844386,0.5000000000000001,-0.9749279121818236,-0.2225209339563146,-0.7071067811865471,-0.7071067811865479,11,26,56,11,24,10,3,0,2
A,2025-10-05,17:30,4645511.0,H,Espanyol,714.0,Manolo González,4-2-3-1,30200000.0,27.16495550992471,180.8181818181818,34.0,13.6,4.6,4.0,12.4,1.2,0.2,1.54446,1.8549198,1.7062637999999999,14.230102785145888,5.2,31120000.0,27.516943562939456,181.2909090909091,38.2,15.600028652894105,5.092541037263833,4.358661790046819,12.188095013700192,1.1749110503114923,0.10743619741101017,1.5744313700894503,1.7487266979822398,1.627526937441683,12.944254851127576,5.1048836256830015,32610956.862300742,27.087123316062797,181.4355108962062,39.99274568533155,7.0,Real Betis,150.0,Manuel Pellegrini,4-2-3-1,70500000.0,27.74985999626657,180.1818181818182,292.0,15.4,5.0,5.6,8.8,1.6,0.0,1.76348,1.4702888,1.4702888,11.272880569640737,8.0,54100000.0,27.506390392632692,180.89090909090908,191.2,15.993962198743448,5.640096958260339,5.352120070480564,8.19846710680613,1.3968267967156838,0.00011758727002309546,1.9111242658860395,1.6082894053761319,1.6011831325446488,12.421853888049517,8.587604987655483,63164241.67190256,27.696360451286463,180.94960049049783,215.35694323489034,6.0,-1.8000000000000007,-0.40000000000000036,-1.5999999999999996,3.5999999999999996,-0.40000000000000013,0.2,-0.21902,0.38463099999999995,0.23597499999999982,-2.9572222155051513,-2.8,-0.39393354584934315,-0.5224009630780593,-0.5475559209965066,-0.9934582804337451,3.9896279068940625,-0.22191574640419143,0.10731861014098708,-0.3366928957965891,0.14043729260610793,0.02634380489703414,-3.482721361972482,-1.0,1.0,1.8000000000000007,0.40000000000000036,1.5999999999999996,3.5999999999999996,0.40000000000000013,0.2,0.21902,0.38463099999999995,0.23597499999999982,2.9572222155051513,2.8,0.14043729260610793,0.3366928957965891,0.39393354584934315,0.5224009630780593,0.02634380489703414,3.482721361972482,0.9934582804337451,3.9896279068940625,0.22191574640419143,0.10731861014098708,-0.8660254037844386,0.5000000000000001,-0.7818314824680299,0.6234898018587334,-0.9659258262890683,-0.25881904510252063,9,19,50,51,10,10,26,7,0
H,2025-10-05,13:00,4645505.0,D,Alaves,1108.0,Eduardo Coudet,4-4-2 double 6,33000000.0,27.07186858316222,179.0,35.0,7.8,3.2,5.2,17.8,2.4,0.0,1.2022000000000004,0.7268564000000002,0.4295452,9.824928476695717,3.0,24200000.0,27.797000808910457,180.72727272727272,30.2,9.744831842372971,3.5247197231502967,6.212310455077573,18.32979570978845,2.517878572996851,0.0015931611493893274,1.2581140088109704,0.8514060727401676,0.6612812021611134,7.57868551033877,3.5912691936962986,26147660.880486418,27.651632803675213,180.61242399083767,31.332566987737845,11.0,Elche,1531.0,Eder Sarabia,3-4-1-2,9000000.0,26.654719681413724,181.72727272727272,26.0,13.0,4.8,3.8,13.4,2.2,0.0,1.8877000000000002,1.7772122000000004,1.6285821999999999,9.075112781954887,4.6,7800000.0,27.703595295874557,181.91636363636363,61.0,13.26847382647376,5.217629706150766,4.383852515745939,12.53541708269897,2.360610912158298,0.0006413250219862524,1.8948141433460985,2.1069392458471623,1.8591693444423172,9.914871243831938,4.499324610410123,8973276.494030854,27.909332212061113,181.71085095585065,60.230955967780346,4.0,-5.2,-1.5999999999999996,1.4000000000000004,4.4,0.19999999999999973,0.0,-0.6854999999999998,-1.0503558000000002,-1.199037,-0.7498156947408301,-1.5999999999999996,-3.5236419841007898,2.336185733493168,-1.6929099830004692,1.828457939331634,5.794378627089479,0.15726766083855281,0.0009518361274030749,-0.6367001345351282,-1.2555331731069947,-1.1978881422812038,-0.9080554167138244,-7.0,7.0,5.2,1.5999999999999996,1.4000000000000004,4.4,0.19999999999999973,0.0,0.6854999999999998,1.0503558000000002,1.199037,0.7498156947408301,1.5999999999999996,1.2555331731069947,0.6367001345351282,3.5236419841007898,2.336185733493168,1.1978881422812038,0.9080554167138244,1.828457939331634,5.794378627089479,0.15726766083855281,0.0009518361274030749,-0.8660254037844386,0.5000000000000001,-0.7818314824680299,0.6234898018587334,-0.2588190451025208,-0.9659258262890683,0,8,18,17,20,1,2,8,2
A,2025-10-05,17:30,4645514.0,D,Real Sociedad,681.0,Sergio Francisco,4-1-4-1,97000000.0,27.14877730072802,180.72727272727272,170.0,15.2,4.2,7.8,16.0,2.8,0.0,1.3462,1.6924504000000002,1.5437944000000001,12.102389501605472,8.0,100160000.0,26.433501337813453,180.47272727272724,168.0,12.880836509143284,3.7000548912519133,6.187311903450269,14.407201970962348,2.6289156805103966,0.0002840349307907954,1.1460210399199806,1.593561734675812,1.5092094484681506,14.75020111992223,7.090490333166508,103376928.39401372,26.453972275123167,180.40757455109394,171.30329166479973,18.0,Rayo Vallecano,367.0,Iñigo Pérez,4-2-3-1,33000000.0,30.095949225312676,177.8181818181818,90.0,14.6,5.2,7.6,11.0,2.8,0.2,1.16268,1.5351398,1.5351398,11.209555322128853,5.6,33440000.0,29.638827702072057,178.6,92.8,14.6489657534516,4.914242165738693,8.071194275403661,11.334169459621412,2.8382230011451015,0.333434693418021,1.3614252778915084,1.6050027068033075,1.5823058221664894,11.3144478749099,5.627120587733025,33474006.660731584,29.659071846165386,178.59787265532543,92.67909615680632,16.0,0.5999999999999996,-1.0,0.20000000000000018,5.0,0.0,-0.2,0.18352000000000013,0.1573106000000002,0.008654600000000068,-0.892834179476619,2.4000000000000004,-1.7681292443083159,-3.4357532450123287,-1.2141872744867794,-1.8838823719533924,3.0730325113409354,-0.20930732063470492,-0.3331506584872302,-0.21540423797152775,-0.011440972127495508,-0.07309637369833877,1.463369745433483,-2.0,2.0,0.5999999999999996,1.0,0.20000000000000018,5.0,0.0,0.2,0.18352000000000013,0.1573106000000002,0.008654600000000068,0.892834179476619,2.4000000000000004,0.011440972127495508,0.21540423797152775,1.7681292443083159,3.4357532450123287,0.07309637369833877,1.463369745433483,1.8838823719533924,3.0730325113409354,0.20930732063470492,0.3331506584872302,-0.8660254037844386,0.5000000000000001,-0.7818314824680299,0.6234898018587334,-0.9659258262890683,-0.25881904510252063,22,18,73,30,9,10,25,18,0
D,2025-10-05,20:00,4645509.0,A,Celta Vigo,940.0,Claudio Giráldez,5-4-1,18500000.0,27.037521000560012,180.8181818181818,51.0,12.4,4.2,6.0,12.2,1.2,0.0,1.1562600000000003,1.137508,0.9888520000000002,14.734683982683984,9.4,31660000.0,25.397349262647005,180.14545454545456,52.4,11.235291062804516,3.8854093613242338,5.22215916150283,13.47083757522033,1.7377029237474961,0.005789636401673089,0.9697514776573275,1.1325154337827052,1.0103343810773617,14.087933742765273,8.01950846490122,29047375.450329244,25.704836859572822,180.3449325078365,54.87048295035449,17.0,Atletico Madrid,13.0,Diego Simeone,4-4-2,288000000.0,28.818368489826398,180.8181818181818,530.0,13.6,6.2,7.0,11.6,2.6,0.2,2.28724,2.4599574,2.1626494000000003,13.232698412698412,8.6,296900000.0,28.18263953705432,181.25454545454545,460.4,14.251804821817979,6.70326815680792,7.078492344158339,11.769211707129763,2.8734600188040917,0.14844062896114654,2.453221094031416,2.8290207103236367,2.468675355697872,13.438690818103508,9.704163196327768,298158724.68810123,28.30210224168292,181.3193714554966,467.99939908964507,5.0,-1.1999999999999993,-2.0,-1.0,0.5999999999999996,-1.4000000000000001,-0.2,-1.1309799999999999,-1.3224494,-1.1737974000000002,-1.5019855699855729,0.8000000000000007,-3.0165137590134634,-0.649242924661765,-2.8178587954836862,-1.8563331826555087,1.7016258680905665,-1.1357570950565956,-0.14265099255947344,-1.4834696163740886,-1.6965052765409314,-1.4583409746205105,-1.6846547314265479,-12.0,12.0,1.1999999999999993,2.0,1.0,0.5999999999999996,1.4000000000000001,0.2,1.1309799999999999,1.3224494,1.1737974000000002,1.5019855699855729,0.8000000000000007,1.6965052765409314,1.4834696163740886,3.0165137590134634,0.649242924661765,1.4583409746205105,1.6846547314265479,1.8563331826555087,1.7016258680905665,1.1357570950565956,0.14265099255947344,-0.8660254037844386,0.5000000000000001,-0.7818314824680299,0.6234898018587334,-0.8660254037844386,0.5000000000000001,6,3,12,16,24,18,27,5,1
H,2025-10-05,15:15,4645510.0,H,Sevilla,368.0,Matías Almeyda,4-2-3-1,38100000.0,28.73697965279074,182.45454545454547,437.0,9.8,2.6,3.2,17.6,3.4,0.0,0.7735199999999999,0.8548952,0.8548952,9.509402700299136,6.0,34900000.0,27.855192582913322,183.63636363636363,300.0,9.434719685205977,2.3567275548557984,3.4764903295095024,16.39397535918376,2.9357146251218267,0.028582451581870724,0.6864149046481173,0.7943392554015785,0.7900328499093859,9.956798937968985,6.257188892984885,41480693.17319809,27.962992746668473,183.7898011210835,313.6241523308399,9.0,Barcelona,131.0,Hansi Flick,4-2-3-1,40000000.0,27.325244228734984,184.0,613.0,19.2,8.4,6.6,7.6,0.8,0.0,2.42602,2.7723600000000004,2.6237060000000003,7.4023529411764715,13.2,63000000.0,25.515226183809347,182.0,427.0,20.67852162895338,9.487966887054393,8.303618934815354,7.623862080243153,0.8504435948155047,4.574146492369952e-05,2.383256356518462,2.7124379409280057,2.6474212054266846,7.01344929426472,16.09351007483607,86756694.43988085,25.687894456499905,182.37894137622735,446.13045256078857,1.0,-9.399999999999999,-5.800000000000001,-3.3999999999999995,10.000000000000002,2.5999999999999996,0.0,-1.6524999999999999,-1.9174648000000003,-1.7688108000000002,-2.1070497591226642,-7.199999999999999,-11.243801943747403,-2.9433496437042654,-7.131239332198595,-4.827128605305852,8.770113278940606,2.085271030306322,0.028536710116947025,-1.6968414518703447,-1.9180986855264273,-1.8573883555172985,-9.836321181851186,-8.0,8.0,9.399999999999999,5.800000000000001,3.3999999999999995,10.000000000000002,2.5999999999999996,0.0,1.6524999999999999,1.9174648000000003,1.7688108000000002,2.1070497591226642,7.199999999999999,1.9180986855264273,1.6968414518703447,11.243801943747403,2.9433496437042654,1.8573883555172985,9.836321181851186,4.827128605305852,8.770113278940606,2.085271030306322,0.028536710116947025,-0.8660254037844386,0.5000000000000001,-0.7818314824680299,0.6234898018587334,-0.7071067811865471,-0.7071067811865479,25,4,54,27,10,10,19,6,2
A,2025-10-17,20:00,4645603.0,D,Real Oviedo,2497.0,Luis Carrión,4-2-3-1,17100000.0,28.396988364134156,183.8181818181818,261.0,9.4,2.8,5.0,13.6,2.8,0.4,0.85732,1.001651,1.001651,17.563333333333333,4.8,16680000.0,28.49754215667973,182.6909090909091,214.0,10.12640761300555,2.779064234734338,5.582077716098334,11.594290245836639,2.513877874702617,0.3200634417129263,0.836256431403648,1.0181716301348136,1.0030820846946868,18.671230316075675,5.752577319587629,16111070.57890563,28.557262082103843,182.69026890635143,224.3351308485329,17.0,Espanyol,714.0,Manolo González,4-4-2,5200000.0,28.20658328666542,181.8181818181818,32.0,14.4,4.8,5.6,13.0,1.2,0.2,1.6491999999999998,1.9951278,1.6978158,14.184547229590333,5.2,31120000.0,27.16435816066206,181.3272727272727,39.6,15.066685768596068,5.061694024842555,6.239107860031212,13.458730009133461,1.4499407002076616,0.07162413160734012,1.6740875800596335,1.8557844653214932,1.527224624961122,13.37024397482579,5.403255750455334,31807304.57486716,27.113067380683436,181.22973453686473,37.995163790221035,9.0,-5.0,-2.0,-0.5999999999999996,0.5999999999999996,1.5999999999999999,0.2,-0.7918799999999998,-0.9934767999999998,-0.6961648,-3.378786103743,-0.40000000000000036,-4.9402781555905175,-5.300986341249885,-2.2826297901082166,-0.6570301439328778,-1.8644397632968222,1.0639371744949553,0.24843931010558618,-0.8378311486559855,-0.8376128351866796,-0.5241425402664353,0.34932156913229484,-8.0,8.0,5.0,2.0,0.5999999999999996,0.5999999999999996,1.5999999999999999,0.2,0.7918799999999998,0.9934767999999998,0.6961648,3.378786103743,0.40000000000000036,0.8376128351866796,0.8378311486559855,4.9402781555905175,5.300986341249885,0.5241425402664353,0.34932156913229484,0.6570301439328778,1.8644397632968222,1.0639371744949553,0.24843931010558618,-0.8660254037844386,0.5000000000000001,-0.433883739117558,-0.9009688679024191,-0.8660254037844386,0.5000000000000001,21,9,46,50,10,18,12,26,0
D,2025-10-18,17:30,4645602.0,H,Villarreal,1050.0,Marcelino,4-4-2,76500000.0,26.661190965092405,184.1818181818182,145.0,13.8,4.2,3.8,13.2,3.0,0.2,1.4182599999999999,1.8915921999999998,1.8915922000000003,15.803186274509804,6.0,101500000.0,25.983846680355917,184.3818181818182,234.2,12.84824807516587,4.114966987348237,3.4471617709993314,12.733917150326576,2.8190040001802905,0.33481610318627314,1.2712653205265172,1.7346905525371996,1.7346742295770567,17.511176167302864,5.658063613311017,94670902.93760948,25.810482792412245,184.7219074326364,224.57405439386343,3.0,Real Betis,150.0,Manuel Pellegrini,4-2-3-1,70500000.0,27.38921037894344,181.0909090909091,179.0,16.4,5.2,5.8,7.4,2.4,0.0,1.7052399999999999,1.6148392,1.6148392,13.332959621024136,8.4,61500000.0,27.33286043183374,180.70909090909092,202.2,14.662641465828964,4.760064638840226,5.234746713653709,6.798978071204086,2.9312178644771225,7.839151334873031e-05,1.561349510590693,1.5512629369174213,1.5465254216964326,16.250932895063315,7.391736658436989,65609494.447935045,27.7141936329465,180.69367305427127,240.9046288232602,4.0,-2.599999999999998,-1.0,-2.0,5.799999999999999,0.6000000000000001,0.2,-0.28698,0.2767529999999998,0.27675300000000025,-2.4702266534856676,-2.4000000000000004,-1.8143933906630938,-1.2602432722395491,-0.645097651491989,-1.7875849426543775,5.93493907912249,-0.112213864296832,0.33473771167292443,-0.29008419006417574,0.18342761561977827,0.18814880788062416,-1.7336730451259719,1.0,1.0,2.599999999999998,1.0,2.0,5.799999999999999,0.6000000000000001,0.2,0.28698,0.2767529999999998,0.27675300000000025,2.4702266534856676,2.4000000000000004,0.18342761561977827,0.29008419006417574,1.8143933906630938,1.2602432722395491,0.18814880788062416,1.7336730451259719,1.7875849426543775,5.93493907912249,0.112213864296832,0.33473771167292443,-0.8660254037844386,0.5000000000000001,-0.9749279121818236,-0.2225209339563146,-0.9659258262890683,-0.25881904510252063,27,19,52,51,18,10,1,7,1
A,2025-10-18,13:00,4645604.0,H,Sevilla,368.0,Matías Almeyda,4-2-3-1,51700000.0,27.44048285732064,184.0,282.0,9.8,2.8,4.0,18.4,4.4,0.0,0.9019199999999999,1.1096592,0.9610032000000001,8.552771121351768,5.8,36940000.0,28.22246282123079,183.54545454545456,330.8,10.623146456803985,3.237818369903865,4.650993553006335,16.929316906122505,4.290476416747885,0.019054967721247148,1.0187099364320782,1.4942728369343856,1.2436418999395906,9.79786595864599,5.8381259286565905,40353795.44879872,28.220988382042563,183.34471589890416,354.74943488722664,6.0,Mallorca,237.0,Jagoba Arrasate,4-2-3-1,44200000.0,27.305332586646752,181.45454545454547,97.0,11.6,4.2,4.0,14.4,2.2,0.2,0.66578,0.8920738,0.7434177999999999,12.964141414141414,2.8,37020000.0,28.215344409184247,183.2909090909091,179.0,9.542707009132622,3.1607156261338076,3.1991288623517526,13.46366684378413,3.054812413415164,0.3723725186415409,0.6560930938097641,0.6697701884205118,0.6204681954305357,14.235979451689317,2.776760653497123,39256485.64138789,28.186037952714457,183.0151837344907,170.79115118218252,20.0,-1.799999999999999,-1.4000000000000004,0.0,3.9999999999999982,2.2,-0.2,0.2361399999999999,0.21758540000000004,0.21758540000000015,4.4113702927896465,3.0,1.0804394476713632,4.438113493043327,0.07710274377005755,1.451864690654582,3.4656500623383746,1.235664003332721,-0.35331755092029377,0.3626168426223141,0.8245026485138738,0.623173704509055,3.0613652751594675,14.0,14.0,1.799999999999999,1.4000000000000004,0.0,3.9999999999999982,2.2,0.2,0.2361399999999999,0.21758540000000004,0.21758540000000015,4.4113702927896465,3.0,0.8245026485138738,0.3626168426223141,1.0804394476713632,4.438113493043327,0.623173704509055,3.0613652751594675,1.451864690654582,3.4656500623383746,1.235664003332721,0.35331755092029377,-0.8660254037844386,0.5000000000000001,-0.9749279121818236,-0.2225209339563146,-0.2588190451025208,-0.9659258262890683,25,16,54,31,10,10,19,11,0
H,2025-10-18,20:00,4645596.0,D,Atletico Madrid,13.0,Diego Simeone,5-3-2,248000000.0,29.01922717939145,180.8181818181818,617.0,11.8,5.2,6.4,10.2,2.6,0.4,2.0712400000000004,2.4100126,2.1127046,16.05769841269841,7.4,291500000.0,28.51989297492377,180.8909090909091,490.4,11.501203214545319,4.80217877120528,5.718994896105559,11.179474471419843,2.9156400125360613,0.43229375264076436,1.7155807293542775,2.1229548068824244,1.882724570465248,15.500793878735672,7.469442130885178,294772483.12540084,28.47419099106408,181.15230824305831,488.66626605976336,5.0,Osasuna,331.0,Alessio Lisci,3-4-3,51400000.0,28.525916246655466,184.72727272727272,63.0,8.6,3.2,2.2,12.2,2.0,0.2,1.12746,1.1605881999999998,1.0119322,19.1286013986014,2.4,51760000.0,28.4964967954701,184.8909090909091,54.6,9.046005885045334,2.6826237912749864,2.4293371515646425,11.650188506223861,1.5985086410208602,0.11827465375932494,1.1206751368703556,0.9773274051951338,0.9009384780257932,17.21958884691213,2.6190738205787545,53293525.81217382,28.722758711422056,184.77309527436032,59.85922385248157,12.0,3.200000000000001,2.0,4.2,-2.0,0.6000000000000001,0.2,0.9437800000000005,1.2494244,1.1007723999999999,3.0709029859029897,5.0,2.4551973294999847,1.718794968176459,2.1195549799302933,3.2896577445409165,-0.4707140348040184,1.317131371515201,0.3140190988814394,0.5949055924839219,1.1456274016872907,0.9817860924394548,4.850368310306424,7.0,7.0,3.200000000000001,2.0,4.2,2.0,0.6000000000000001,0.2,0.9437800000000005,1.2494244,1.1007723999999999,3.0709029859029897,5.0,1.1456274016872907,0.5949055924839219,2.4551973294999847,1.718794968176459,0.9817860924394548,4.850368310306424,3.2896577445409165,0.4707140348040184,1.317131371515201,0.3140190988814394,-0.8660254037844386,0.5000000000000001,-0.9749279121818236,-0.2225209339563146,-0.8660254037844386,0.5000000000000001,3,17,16,4,23,3,5,15,2
H,2025-10-18,15:15,4645597.0,D,Barcelona,131.0,Hansi Flick,4-3-3 Attacking,100000000.0,24.07840209072242,180.45454545454547,375.0,20.2,9.4,7.0,7.8,1.6,0.0,2.29492,2.7972720000000004,2.648616,7.217591036414566,14.4,54000000.0,25.929985688507248,182.58181818181816,465.2,19.452347752635585,8.991977924702928,7.535745956543569,8.082574720162102,2.2336290632103366,3.0494309949133016e-05,1.954937571012308,2.6357252939520035,2.3446208036177896,7.167696354906639,14.062340049890715,71171129.62658723,26.2336777139116,182.9192942508182,501.75363504052575,2.0,Girona,12321.0,Míchel,4-2-3-1,82400000.0,27.794910086491196,181.0,285.0,8.4,3.8,3.4,11.4,2.8,0.8,0.7360800000000001,0.9866726,0.9866726,21.724254385964915,5.6,80900000.0,27.55616949785328,181.87272727272727,307.4,7.892016412181807,3.5110057186897987,3.2806251072671335,11.381569292151369,2.656853185886165,0.8837515338588202,0.7833372254597412,1.0313045657425064,1.0311777444045942,17.55188350216691,4.5679304301430514,78758445.69357061,27.790945867696923,181.7491681290709,301.62686526971487,18.0,11.799999999999999,5.6000000000000005,3.6,-3.6000000000000005,-1.1999999999999997,-0.8,1.5588399999999998,1.8105994000000005,1.6619434000000002,14.50666334955035,8.8,11.560331340453779,10.38418714726027,5.48097220601313,4.255120849276436,-3.298994571989267,-0.42322412267582843,-0.883721039548871,1.1716003455525668,1.604420728209497,1.3134430592131954,9.494409619747664,16.0,16.0,11.799999999999999,5.6000000000000005,3.6,3.6000000000000005,1.1999999999999997,0.8,1.5588399999999998,1.8105994000000005,1.6619434000000002,14.50666334955035,8.8,1.604420728209497,1.1716003455525668,11.560331340453779,10.38418714726027,1.3134430592131954,9.494409619747664,4.255120849276436,3.298994571989267,0.42322412267582843,0.883721039548871,-0.8660254037844386,0.5000000000000001,-0.9749279121818236,-0.2225209339563146,-0.7071067811865471,-0.7071067811865479,4,11,27,56,15,10,6,3,2
D,2025-10-19,13:00,4645601.0,D,Elche,1531.0,Eder Sarabia,4-3-3 Attacking,11500000.0,27.40887312550557,181.8181818181818,67.0,11.0,4.4,3.8,12.4,2.2,0.2,1.58182,1.6209016000000003,1.4722716,10.151428571428571,4.0,8500000.0,27.634551676933608,181.75272727272727,61.8,10.845649217649173,4.47841980410051,4.255901677163959,11.356944721799314,1.9070739414388653,0.3337608833479908,1.325409428897399,1.6251384972314415,1.459958562961545,10.859914162554626,4.332883073606749,8982184.329353902,27.49112803517865,181.716324879658,48.82063731185357,7.0,Athletic Club,621.0,Ernesto Valverde,4-2-3-1,58500000.0,28.23346400348454,182.63636363636363,137.0,14.8,4.4,6.4,13.8,2.0,0.2,1.70364,1.337706,1.1890504,8.126482052797844,4.8,42400000.0,28.031012382552422,183.1272727272727,138.8,15.576797884169943,4.516984003627857,6.480975825784578,14.160266535868834,2.244088493438459,0.14266136972614585,1.8803729251598995,1.5236500103864274,1.2388829051360783,9.138898403977889,4.789999028884913,46978122.78123822,27.997190914760136,183.0882630143159,146.62228588507242,8.0,-3.8000000000000007,0.0,-2.6000000000000005,-1.4000000000000004,0.20000000000000018,0.0,-0.12182000000000004,0.2831956000000002,0.28322120000000006,-2.0249465186307276,-0.7999999999999998,-4.73114866652077,-1.721015758576737,-0.03856419952734669,-2.225074148620619,-2.8033218140695197,-0.33701455199959374,0.19109951362184496,-0.5549634962625005,0.1014884868450141,0.22107565782546668,-0.45711595527816407,1.0,1.0,3.8000000000000007,0.0,2.6000000000000005,1.4000000000000004,0.20000000000000018,0.0,0.12182000000000004,0.2831956000000002,0.28322120000000006,2.0249465186307276,0.7999999999999998,0.1014884868450141,0.5549634962625005,4.73114866652077,1.721015758576737,0.22107565782546668,0.45711595527816407,2.225074148620619,2.8033218140695197,0.33701455199959374,0.19109951362184496,-0.8660254037844386,0.5000000000000001,-0.7818314824680299,0.6234898018587334,-0.2588190451025208,-0.9659258262890683,8,2,17,19,15,10,8,24,1
A,2025-10-19,17:30,4645600.0,A,Levante,3368.0,Julián Calero,4-4-2,6000000.0,26.273411735424055,179.27272727272728,201.0,11.0,3.8,2.8,15.2,2.4,0.0,1.4714199999999997,2.0253660000000004,2.0253660000000004,11.705461205461205,6.8,5080000.0,26.518175595793668,178.83636363636364,170.2,11.905970679550643,3.9135648615417153,2.529874285903659,13.936862775352958,2.309137541973006,4.1344491935195795e-05,1.5276154028939202,1.8165514672384695,1.7868398521253719,12.349815787015977,6.8338922875676085,5859037.869395129,26.638042086576164,178.96083401837686,169.00862475876673,13.0,Rayo Vallecano,367.0,Iñigo Pérez,4-2-3-1,31000000.0,27.972870387654783,179.72727272727272,69.0,13.6,4.4,6.8,12.0,2.4,0.2,1.21112,1.2977926,1.2977926,11.425527544351073,5.4,32940000.0,29.70826955385477,178.45454545454544,92.6,12.099310502301066,3.942828110492462,7.047462850269107,14.556112973080943,2.5588153340967343,0.222289795612014,1.3243501852610056,1.2981698045355383,1.283038548110993,10.58000228697697,4.418080391822016,33316004.440487724,29.80469763921448,178.33797570961087,91.78606410453756,14.0,-2.5999999999999996,-0.6000000000000005,-4.0,3.1999999999999993,0.0,-0.2,0.26029999999999975,0.7275734000000005,0.7275734000000005,-0.27993366111013174,1.3999999999999995,-0.19333982275042239,-1.7698135000390067,-0.0292632489507465,-4.5175885643654485,-0.6192501977279843,-0.24967779212372854,-0.22224845112007882,0.2032652176329146,0.5183816627029312,0.503801304014379,2.415811895745592,1.0,1.0,2.5999999999999996,0.6000000000000005,4.0,3.1999999999999993,0.0,0.2,0.26029999999999975,0.7275734000000005,0.7275734000000005,0.27993366111013174,1.3999999999999995,0.5183816627029312,0.2032652176329146,0.19333982275042239,1.7698135000390067,0.503801304014379,2.415811895745592,4.5175885643654485,0.6192501977279843,0.24967779212372854,0.22224845112007882,-0.8660254037844386,0.5000000000000001,-0.7818314824680299,0.6234898018587334,-0.9659258262890683,-0.25881904510252063,15,18,44,30,18,10,16,18,0
A,2025-10-19,20:00,4645599.0,D,Getafe,3709.0,José Bordalás,5-3-2,25600000.0,29.42019787194325,181.45454545454547,115.0,7.4,2.4,4.0,14.0,3.2,0.0,1.0300600000000002,0.6867442,0.6867442,9.468470209339776,2.0,30680000.0,29.05322630825711,181.83636363636364,128.0,7.745963417471965,2.471849122211105,4.626868701024194,14.179757178563738,3.2400597421335213,0.017771030168548186,1.1114623434041992,0.7767158283741772,0.7766933951331488,9.897450104444173,2.5650525875444563,33135914.55486316,28.834446353337388,182.17587464933095,111.99258017901019,11.0,Real Madrid,418.0,Xabi Alonso,4-2-3-1,380000000.0,25.917740028622987,183.8181818181818,595.0,17.6,6.0,4.4,9.8,2.0,0.2,1.8312599999999999,2.80351,2.5062000000000006,10.539640609261934,9.4,181000000.0,25.62474021529463,183.4,468.2,18.782943814949522,6.1458458664990445,4.555843448866617,10.11026080612227,2.1364782856850963,0.06665526529791378,2.03728079758539,2.904012823057496,2.5165880622826404,9.221321065920494,10.261728787787568,224664917.81779242,25.49473132651607,183.6462136257119,479.013332457246,1.0,-10.200000000000001,-3.6,-0.40000000000000036,4.199999999999999,1.2000000000000002,-0.2,-0.8011999999999997,-2.1167658,-1.8194558000000005,1.071170399922158,-7.4,-11.036980397477556,-0.6761290385236798,-3.6739967442879395,0.07102525215757716,4.069496372441469,1.103581456448425,-0.0488842351293656,-0.9258184541811909,-2.127296994683319,-1.7398946671494917,-7.696676200243112,-10.0,10.0,10.200000000000001,3.6,0.40000000000000036,4.199999999999999,1.2000000000000002,0.2,0.8011999999999997,2.1167658,1.8194558000000005,1.071170399922158,7.4,2.127296994683319,0.9258184541811909,11.036980397477556,0.6761290385236798,1.7398946671494917,7.696676200243112,0.07102525215757716,4.069496372441469,1.103581456448425,0.0488842351293656,-0.8660254037844386,0.5000000000000001,-0.7818314824680299,0.6234898018587334,-0.8660254037844386,0.5000000000000001,10,20,39,79,23,10,20,21,0
D,2025-10-19,15:15,4645598.0,H,Celta Vigo,940.0,Claudio Giráldez,5-4-1,30500000.0,26.8914193267376,181.63636363636363,76.0,13.2,4.0,5.2,11.0,1.2,0.0,1.3814200000000003,1.4110378000000001,1.2623818,13.169683982683983,9.4,29260000.0,25.84416651110696,179.83636363636364,51.0,13.490194041869676,3.9236062408828225,5.4814394410018865,11.313891716813552,1.4918019491649972,0.0038597576011153924,1.517800985104885,1.512626955855137,1.4311729207182413,13.40584471739907,9.346338976600814,25531583.63355283,26.149064906568555,180.5026822779516,53.580321966903,16.0,Real Sociedad,681.0,Sergio Francisco,4-2-3-1,88000000.0,27.030303030303028,180.72727272727272,164.0,13.6,3.6,7.2,15.0,2.8,0.0,1.26946,1.661808,1.5131520000000003,12.79438950160547,7.8,98160000.0,26.736805425922466,180.5090909090909,165.2,11.920557672762191,3.4667032608346084,6.458207935633513,13.938134647308232,2.085943787006931,0.00018935662052719694,1.2189473599466538,1.3187071564505413,1.2624722989787671,14.200134079948151,6.726993555444338,101251285.59600914,26.685573950324784,180.5141406098202,170.86886110986651,19.0,-0.40000000000000036,0.3999999999999999,-2.0,-4.0,-1.5999999999999999,0.0,0.11196000000000028,-0.25077019999999983,-0.2507702000000003,-0.3752944810785124,1.6000000000000005,1.569636369107485,0.7942893625490814,0.45690298004821406,-0.9767684946316262,-2.6242429304946793,-0.5941418378419339,0.0036704009805881956,0.2988536251582312,0.1939197994045958,0.1687006217394742,2.619345421156476,3.0,3.0,0.40000000000000036,0.3999999999999999,2.0,4.0,1.5999999999999999,0.0,0.11196000000000028,0.25077019999999983,0.2507702000000003,0.3752944810785124,1.6000000000000005,0.1939197994045958,0.2988536251582312,1.569636369107485,0.7942893625490814,0.1687006217394742,2.619345421156476,0.9767684946316262,2.6242429304946793,0.5941418378419339,0.0036704009805881956,-0.8660254037844386,0.5000000000000001,-0.7818314824680299,0.6234898018587334,-0.7071067811865471,-0.7071067811865479,6,22,12,73,24,10,27,25,1
D,2025-10-20,20:00,4645595.0,D,Alaves,1108.0,Eduardo Coudet,4-4-2 double 6,33000000.0,27.112936344969196,179.0,35.0,11.8,3.8,7.8,18.4,2.6,0.0,1.4805400000000004,1.1259636,0.8286519999999999,7.325880857648099,3.6,25800000.0,27.655478812768344,180.21818181818182,32.0,14.829887894915315,4.016479815433531,8.808206970051716,16.553197139858966,2.6785857153312342,0.0010621074329262182,1.7440426725406468,1.5178140484934453,1.1433041347740756,7.8635681180036245,4.394179462464199,28431773.920324277,27.458378063504217,180.0749493272251,32.5550446584919,10.0,Valencia,1049.0,Carlos Corberán,4-4-2,45000000.0,26.478003857880655,181.36363636363637,95.0,11.0,3.8,4.8,11.2,1.6,0.0,1.3692199999999999,1.418712,1.2700574,14.06155577514273,3.4,46640000.0,27.41673822413042,182.38181818181818,97.8,13.173760835996001,4.331414299297395,5.404814619365093,11.95771363321507,1.5442792358160915,0.029263987586025917,1.636779145137656,1.635588760541958,1.4646858702677787,12.805786568115929,4.034186799393969,49553276.94620842,27.176549507107698,182.35230364191474,95.05199157274767,15.0,0.8000000000000007,0.0,3.0,7.199999999999999,1.0,0.0,0.11132000000000053,-0.2927484,-0.44140540000000006,6.735674917494632,0.20000000000000018,1.6561270589193136,4.942218450112304,-0.3149344838638646,3.403392350686622,4.595483506643896,1.1343064795151427,-0.028201880153099698,0.10726352740299072,-0.11777471204851264,-0.3213817354937032,0.3599926630702299,5.0,5.0,0.8000000000000007,0.0,3.0,7.199999999999999,1.0,0.0,0.11132000000000053,0.2927484,0.44140540000000006,6.735674917494632,0.20000000000000018,0.11777471204851264,0.10726352740299072,1.6561270589193136,4.942218450112304,0.3213817354937032,0.3599926630702299,3.403392350686622,4.595483506643896,1.1343064795151427,0.028201880153099698,-0.8660254037844386,0.5000000000000001,0.0,1.0,-0.8660254037844386,0.5000000000000001,0,26,18,11,20,18,2,0,1
H,2025-10-24,20:00,4645557.0,H,Real Sociedad,681.0,Sergio Francisco,4-2-3-1,101000000.0,26.23632630203472,180.54545454545453,163.0,12.4,4.2,6.8,15.6,3.0,0.0,1.3889600000000004,1.4593880000000001,1.4593880000000001,12.59757929426895,7.8,98160000.0,26.789670835666726,180.45454545454544,171.2,13.613705115174795,4.644468840556406,7.638805290422343,15.958756431538822,2.390629191337954,0.0001262377470181313,1.6044649066311027,1.591011437633694,1.5535215326525114,11.840493427036142,7.817995703629559,96834190.39733942,26.800483643650864,180.58518464897102,168.579240739911,18.0,Sevilla,368.0,Matías Almeyda,4-2-3-1,29400000.0,29.1085806732624,182.9090909090909,464.0,11.0,3.0,5.4,17.0,4.0,0.0,0.91598,1.2921478,1.1434918,8.784510251786548,5.6,40580000.0,28.119171177898078,183.45454545454544,330.4,11.415430971202658,3.491878913269243,6.100662368670889,16.61954460408167,3.5269842778319234,0.012703311814164765,0.9627732909547188,1.4157952246229237,1.2487079332930604,8.734809189821965,5.22541728577106,44135863.632532485,27.96081987380192,183.56314393260277,330.4996232581511,9.0,1.4000000000000004,1.2000000000000002,1.3999999999999995,-1.4000000000000004,-1.0,0.0,0.4729800000000004,0.16724020000000017,0.31589620000000007,-3.813069042482402,2.2,2.198274143972137,-3.1056842372141773,1.1525899272871625,1.5381429217514535,-0.6607881725428495,-1.1363550864939693,-0.012577074067146634,0.641691615676384,0.17521621301077017,0.30481359935945096,2.5925784178584985,-9.0,9.0,1.4000000000000004,1.2000000000000002,1.3999999999999995,1.4000000000000004,1.0,0.0,0.4729800000000004,0.16724020000000017,0.31589620000000007,3.813069042482402,2.2,0.17521621301077017,0.641691615676384,2.198274143972137,3.1056842372141773,0.30481359935945096,2.5925784178584985,1.5381429217514535,0.6607881725428495,1.1363550864939693,0.012577074067146634,-0.8660254037844386,0.5000000000000001,-0.433883739117558,-0.9009688679024191,-0.8660254037844386,0.5000000000000001,22,25,73,54,10,10,25,19,2
H,2025-10-25,15:15,4645563.0,D,Espanyol,714.0,Manolo González,4-2-3-1,5200000.0,27.597784829817684,182.36363636363637,63.0,16.4,6.2,6.0,12.8,1.0,0.0,1.8520599999999998,2.3528298,2.2041738,13.404327449370552,6.4,25920000.0,27.325244228734988,181.36363636363637,39.2,16.37779051239738,6.707796016561704,5.826071906687474,11.639153339422307,1.2999604668051077,0.04774942107156008,2.0811583867064223,2.724709643547662,2.5056697499740817,14.484924554645765,6.602170500303555,22938203.04991144,27.47757268267743,181.42588363063706,35.99677586014736,6.0,Elche,1531.0,Eder Sarabia,4-2-3-1,11500000.0,27.330968825835352,181.9090909090909,62.0,13.0,5.0,4.6,11.4,2.0,0.2,1.59072,1.6294546000000003,1.4808246,10.332631578947368,5.2,9000000.0,27.385128492315353,181.63636363636363,60.2,12.230432811766116,4.65227986940034,4.837267784775973,12.23796314786621,1.9380492942925767,0.22250725556532722,1.5083396192649328,1.3580643314876275,1.2479443753076966,9.660995406615365,5.221922049071166,9821456.219569268,27.463709731954292,181.75027719249928,54.88042487456905,7.0,3.3999999999999986,1.2000000000000002,1.4000000000000004,1.4000000000000004,-1.0,-0.2,0.2613399999999999,0.7233751999999996,0.7233491999999999,-3.0716958704231843,1.2000000000000002,4.147357700631263,-4.8239291480304,2.055516147161364,0.9888041219115014,-0.5988098084439031,-0.638088827487469,-0.17475783449376714,0.5728187674414895,1.3666453120600346,1.257725374666385,1.3802484512323892,1.0,1.0,3.3999999999999986,1.2000000000000002,1.4000000000000004,1.4000000000000004,1.0,0.2,0.2613399999999999,0.7233751999999996,0.7233491999999999,3.0716958704231843,1.2000000000000002,1.3666453120600346,0.5728187674414895,4.147357700631263,4.8239291480304,1.257725374666385,1.3802484512323892,0.9888041219115014,0.5988098084439031,0.638088827487469,0.17475783449376714,-0.8660254037844386,0.5000000000000001,-0.9749279121818236,-0.2225209339563146,-0.7071067811865471,-0.7071067811865479,9,8,50,17,10,10,26,8,2
A,2025-10-25,17:30,4645555.0,D,Athletic Club,621.0,Ernesto Valverde,4-2-3-1,102500000.0,28.78725654906353,182.72727272727272,155.0,13.2,4.0,5.6,14.4,1.8,0.2,1.40996,1.2124164,1.0637608,9.63926400768506,5.0,43600000.0,28.016178209196692,183.0909090909091,144.4,11.717865256113294,3.344656002418571,4.987317217189719,16.10684435724589,2.4960589956256394,0.09510757981743057,1.492015283439933,1.095838006924285,0.9059932700907188,10.306884650270973,5.193332685923275,50818748.52082548,28.075948611001603,182.93762988833183,143.41485725671495,8.0,Getafe,3709.0,José Bordalás,4-2-3-1,35600000.0,29.563810590504637,182.0,142.0,6.8,2.0,3.4,17.0,3.6,0.4,0.7139400000000002,0.6019506,0.6019506,9.730423071292638,1.8,30180000.0,29.08921660133159,181.8,121.2,7.49730894498131,1.9812327481407366,3.417912467349463,18.453171452375827,3.4933731614223476,0.6785140201123654,0.8529748956027995,0.6945168855827847,0.6945019300887658,9.911431382760762,2.0433683916963044,30623943.036575437,29.029696859539342,181.93543158440244,112.99505345267346,12.0,6.3999999999999995,2.0,2.1999999999999997,-2.5999999999999996,-1.8,-0.2,0.6960199999999999,0.6104658,0.46181020000000006,0.0911590636075772,3.2,4.2205563111319835,-0.39545326751021115,1.3634232542778346,1.5694047498402557,-2.3463270951299364,-0.9973141657967082,-0.5834064402949348,0.6390403878371335,0.40132112134150033,0.21149134000195302,3.149964294226971,4.0,4.0,6.3999999999999995,2.0,2.1999999999999997,2.5999999999999996,1.8,0.2,0.6960199999999999,0.6104658,0.46181020000000006,0.0911590636075772,3.2,0.40132112134150033,0.6390403878371335,4.2205563111319835,0.39545326751021115,0.21149134000195302,3.149964294226971,1.5694047498402557,2.3463270951299364,0.9973141657967082,0.5834064402949348,-0.8660254037844386,0.5000000000000001,-0.9749279121818236,-0.2225209339563146,-0.9659258262890683,-0.25881904510252063,2,10,19,39,10,10,24,20,0
A,2025-10-25,20:00,4645558.0,A,Valencia,1049.0,Carlos Corberán,4-4-2,45000000.0,26.36600087113434,181.27272727272728,98.0,11.6,4.0,4.0,13.6,1.8,0.0,1.49646,1.4573372,1.3086826,12.625526363378025,3.8,45800000.0,27.323551739157487,182.01818181818183,95.2,10.449173890664001,3.554276199531597,3.6032097462433956,14.638475755476714,1.6961861572107277,0.01950932505735061,1.3108194300917708,1.1964178403613053,1.0824825801785192,13.831308692469443,3.689457866262646,48035517.96413895,26.94370095736535,182.0227478824886,95.03466104849845,14.0,Villarreal,1050.0,Marcelino,4-4-2,120000000.0,26.510609171800137,184.36363636363637,201.0,13.6,4.6,4.2,12.8,2.4,0.2,1.5799400000000001,1.9540764,1.9540764000000004,15.414950980392154,6.4,91200000.0,25.92336506751291,184.47272727272727,211.0,10.89883205011058,3.7433113248988246,3.9647745139995543,12.822611433551051,2.212669333453527,0.22321073545751544,1.3264102136843448,1.483326368358133,1.4833154863847045,18.281960582123478,5.438709075540679,88613935.29173966,26.09405218330563,184.54187768236366,198.04936959590896,3.0,-2.0,-0.5999999999999996,-0.20000000000000018,0.7999999999999989,-0.5999999999999999,-0.2,-0.08348000000000022,-0.49673919999999994,-0.6453938000000004,2.789424617014129,-2.6000000000000005,-0.44965815944657805,4.450651889654035,-0.18903512536722777,-0.36156476775615864,1.8158643219256625,-0.5164831762427993,-0.20370141040016482,-0.015590783592573931,-0.28690852799682776,-0.4008329062061853,-1.7492512092780328,-11.0,11.0,2.0,0.5999999999999996,0.20000000000000018,0.7999999999999989,0.5999999999999999,0.2,0.08348000000000022,0.49673919999999994,0.6453938000000004,2.789424617014129,2.6000000000000005,0.28690852799682776,0.015590783592573931,0.44965815944657805,4.450651889654035,0.4008329062061853,1.7492512092780328,0.36156476775615864,1.8158643219256625,0.5164831762427993,0.20370141040016482,-0.8660254037844386,0.5000000000000001,-0.9749279121818236,-0.2225209339563146,-0.8660254037844386,0.5000000000000001,26,27,11,52,18,18,0,1,0
D,2025-10-25,13:00,4645556.0,A,Girona,12321.0,Míchel,4-2-3-1,101900000.0,27.67444465185738,181.54545454545453,350.0,8.0,3.0,3.8,11.0,2.6,0.8,0.70576,1.0429966,1.0429966,25.330921052631584,4.8,78000000.0,27.697143923837974,181.6727272727273,296.8,8.928010941454538,3.674003812459866,3.853750071511423,9.921046194767577,2.43790212392411,0.5891676892392131,0.8244581503064942,1.2521197104950046,1.2520351629363964,25.20125566811128,5.378620286762035,79972297.12904708,27.79226727396168,181.4994454193806,296.0845768464766,20.0,Real Oviedo,2497.0,Luis Carrión,4-3-3 Attacking,20600000.0,28.78700765353743,184.36363636363637,204.0,11.0,3.4,5.0,11.8,2.2,0.2,0.72516,1.1699986,1.1699986,17.497619047619047,6.4,17340000.0,28.619351627154497,183.0,250.6,11.10985342444317,3.196912002503782,4.698398622920036,10.706431589379795,2.3380105367482136,0.21052631578947376,0.5745979500286894,1.0843526058108603,1.074427241041156,14.872482246249916,6.863961191382818,16449517.500391219,28.50241069909831,183.07628093569363,236.88315685149448,19.0,-3.0,-0.3999999999999999,-1.2000000000000002,-0.8000000000000007,0.3999999999999999,0.6000000000000001,-0.019399999999999973,-0.12700200000000006,-0.12700200000000006,-7.833302005012538,-1.6000000000000005,-2.181842482988632,-10.328773421861364,0.47709180995608413,-0.8446485514086128,-0.7853853946122182,0.0998915871758963,0.37864137344973936,0.24986020027780476,0.16776710468414424,0.17760792189524044,-1.4853409046207826,-1.0,1.0,3.0,0.3999999999999999,1.2000000000000002,0.8000000000000007,0.3999999999999999,0.6000000000000001,0.019399999999999973,0.12700200000000006,0.12700200000000006,7.833302005012538,1.6000000000000005,0.16776710468414424,0.24986020027780476,2.181842482988632,10.328773421861364,0.17760792189524044,1.4853409046207826,0.8446485514086128,0.7853853946122182,0.0998915871758963,0.37864137344973936,-0.8660254037844386,0.5000000000000001,-0.9749279121818236,-0.2225209339563146,-0.2588190451025208,-0.9659258262890683,11,21,56,46,10,15,3,12,1
A,2025-10-26,17:30,4645562.0,H,Osasuna,331.0,Alessio Lisci,5-4-1,47700000.0,28.410428722543713,184.27272727272728,55.0,8.6,2.2,2.0,11.8,2.0,0.2,0.88272,1.0766466,0.9279906,17.401861471861473,3.8,50780000.0,28.680032356418394,184.94545454545454,60.8,9.030670590030223,2.4550825275166575,2.286224767709762,11.433459004149242,2.06567242734724,0.07884976917288329,0.9215834245802371,0.9787156034634226,0.9277896520171955,16.114646532862057,4.079382547052503,52662350.54144921,28.65714455649986,184.75782109199778,60.90614923498771,13.0,Celta Vigo,940.0,Claudio Giráldez,5-4-1,13500000.0,27.441976230477255,180.27272727272728,82.0,12.0,3.8,5.2,10.8,1.8,0.2,1.2235400000000003,1.379303,1.230647,17.34013852813853,8.0,26460000.0,26.163350133781343,180.54545454545456,58.0,10.326796027913117,2.949070827255215,3.9876262940012577,10.875927811209033,2.327867966109998,0.3359065050674102,1.15720065673659,1.2475403039034247,1.1932376138121608,19.145563144932712,6.897559317733876,27187722.422368556,26.39651637995824,180.88057606408893,61.05354797793533,17.0,-3.4000000000000004,-1.5999999999999996,-3.2,1.0,0.19999999999999996,0.0,-0.34082000000000034,-0.30265640000000005,-0.30265640000000005,-0.06172294372294118,-4.2,-1.2961254378828944,3.030916612070655,-0.4939882997385574,-1.7014015262914959,0.5575311929402087,-0.26219553876275814,-0.25705673589452693,-0.23561723215635288,-0.2688247004400022,-0.2654479617949652,-2.818176770681373,4.0,4.0,3.4000000000000004,1.5999999999999996,3.2,1.0,0.19999999999999996,0.0,0.34082000000000034,0.30265640000000005,0.30265640000000005,0.06172294372294118,4.2,0.2688247004400022,0.23561723215635288,1.2961254378828944,3.030916612070655,0.2654479617949652,2.818176770681373,1.7014015262914959,0.5575311929402087,0.26219553876275814,0.25705673589452693,-0.8660254037844386,0.5000000000000001,-0.7818314824680299,0.6234898018587334,-0.9659258262890683,-0.25881904510252063,17,6,4,12,24,24,15,27,0
H,2025-10-26,20:00,4645559.0,D,Rayo Vallecano,367.0,Iñigo Pérez,4-3-3 Attacking,31000000.0,27.992035343164705,179.72727272727272,69.0,11.8,4.2,6.4,14.2,2.2,0.2,1.50602,1.6081987999999998,1.6081988000000003,11.039813258636787,4.8,31340000.0,29.34542965590193,178.6909090909091,88.2,11.399540334867377,4.295218740328308,6.031641900179404,15.704075315387295,2.0392102227311564,0.14819319707467601,1.6980667901740036,1.7091732030236921,1.699085698740662,10.053334857984646,4.612053594548011,32544002.96032515,29.194088555361247,178.80107471549817,84.19070940302504,11.0,Alaves,1108.0,Eduardo Coudet,4-4-2,28500000.0,27.704063219463627,179.63636363636363,39.0,13.6,4.0,8.0,16.8,2.2,0.0,1.7900400000000005,1.3190604000000001,1.0217488,6.7160906478578895,5.2,27500000.0,27.443370045423432,179.83636363636364,33.6,14.219925263276878,3.6776532102890207,8.205471313367811,15.368798093239311,2.1190571435541563,0.0007080716219508121,1.8300284483604312,1.3639560323289635,1.1142827565160502,7.469651472608477,5.596119641642798,29954515.946882855,27.343230823992542,179.71663288481673,33.37002977232793,10.0,-1.799999999999999,0.20000000000000018,-1.5999999999999996,-2.6000000000000014,0.0,0.2,-0.2840200000000006,0.2891383999999997,0.5864500000000004,-4.323722610778898,-0.40000000000000036,-2.820384928409501,-2.58368338537617,0.6175655300392875,-2.1738294131884066,0.33527722214798317,-0.07984692082299993,0.1474851254527252,-0.13196165818642758,0.3452171706947287,0.5848029422246117,-0.9840660470947871,-1.0,1.0,1.799999999999999,0.20000000000000018,1.5999999999999996,2.6000000000000014,0.0,0.2,0.2840200000000006,0.2891383999999997,0.5864500000000004,4.323722610778898,0.40000000000000036,0.3452171706947287,0.13196165818642758,2.820384928409501,2.58368338537617,0.5848029422246117,0.9840660470947871,2.1738294131884066,0.33527722214798317,0.07984692082299993,0.1474851254527252,-0.8660254037844386,0.5000000000000001,-0.7818314824680299,0.6234898018587334,-0.8660254037844386,0.5000000000000001,18,0,30,18,15,18,18,2,2
D,2025-10-26,13:00,4645564.0,A,Mallorca,237.0,Jagoba Arrasate,4-2-3-1,43700000.0,27.91139319270736,183.54545454545453,153.0,8.2,3.4,2.6,13.8,2.2,0.2,0.86908,0.8768138000000001,0.8768138000000001,13.418686868686867,2.6,40820000.0,28.089751726712713,182.8181818181818,159.8,8.695138006088415,4.1071437507558715,2.799419241567835,13.309111229189421,2.369874942276776,0.24824834576102728,1.0752287292065095,1.0983634589470077,1.065495463620357,13.157319634459546,2.517840435664749,40904323.760925256,27.892469497358558,182.49497097450896,146.1941007881217,16.0,Levante,3368.0,Julián Calero,4-4-2,8500000.0,27.34490697529712,182.63636363636363,200.0,13.4,4.2,4.2,13.2,1.8,0.0,1.43414,2.0086178000000006,2.0086178000000006,11.133556443556444,7.2,5200000.0,26.452815630639044,178.83636363636361,181.2,13.603980453033762,3.9423765743611434,5.353249523935773,11.291241850235304,1.5394250279820039,2.7562994623463863e-05,1.1550769352626133,1.524537311492313,1.5047295680835813,12.216543858010652,7.222594858378405,5906025.246263419,26.516498636192125,179.06479843649367,179.67241650584447,15.0,-5.200000000000001,-0.8000000000000003,-1.6,0.6000000000000014,0.40000000000000013,0.2,-0.56506,-1.1318040000000005,-1.1318040000000005,-2.285130425130424,-4.6,-4.908842446945346,-0.9407757764488931,0.16476717639472804,-2.553830282367938,2.017869378954117,0.8304499142947721,0.2482207827664038,-0.07984820605610388,-0.4261738525453054,-0.4392341044632242,-4.7047544227136555,-1.0,1.0,5.200000000000001,0.8000000000000003,1.6,0.6000000000000014,0.40000000000000013,0.2,0.56506,1.1318040000000005,1.1318040000000005,2.285130425130424,4.6,0.4261738525453054,0.07984820605610388,4.908842446945346,0.9407757764488931,0.4392341044632242,4.7047544227136555,2.553830282367938,2.017869378954117,0.8304499142947721,0.2482207827664038,-0.8660254037844386,0.5000000000000001,-0.7818314824680299,0.6234898018587334,-0.2588190451025208,-0.9659258262890683,16,15,31,44,10,18,11,16,1
H,2025-10-26,15:15,4645561.0,H,Real Madrid,418.0,Xabi Alonso,4-1-4-1,380000000.0,25.04187667226682,185.27272727272728,524.0,19.0,6.8,4.4,10.6,2.0,0.0,2.1271999999999998,2.724358,2.427048,8.469245872419828,10.8,247000000.0,25.520004977910524,183.6181818181818,494.2,20.188629209966347,7.430563910999363,4.370562299244411,10.406840537414846,1.7576521904567308,0.04443684353194252,2.1914871983902597,2.651325215371664,2.39304204152176,7.551056149210154,11.174485858525046,276443278.5451949,25.635734227218375,183.7035363565352,517.6755549714973,1.0,Barcelona,131.0,Hansi Flick,4-2-3-1,100000000.0,24.893037147657267,181.27272727272728,428.0,20.8,9.2,8.2,8.0,1.8,0.0,2.07788,2.589144,2.4404879999999998,7.477591036414566,14.8,58000000.0,26.046219899197308,182.56363636363636,488.8,21.968231835090393,8.994651949801952,8.69049730436238,8.721716480108068,1.8224193754735578,2.032953996608868e-05,1.9285250473415385,2.563676862634669,2.3696072024118595,7.445130903271092,14.37489336659381,80780753.08439149,25.515252506181877,182.0977113187273,459.5024233603505,2.0,-1.8000000000000007,-2.3999999999999995,-3.799999999999999,2.5999999999999996,0.19999999999999996,0.0,0.04931999999999981,0.13521399999999995,-0.013439999999999674,-0.9916548360052619,-4.0,-1.7796026251240455,-0.10592524593906116,-1.5640880388025886,-4.319935005117968,1.685124057306778,-0.06476718501682699,0.044416513991976436,0.2629621510487212,0.0876483527369949,0.02343483910990063,-3.200407508068764,1.0,1.0,1.8000000000000007,2.3999999999999995,3.799999999999999,2.5999999999999996,0.19999999999999996,0.0,0.04931999999999981,0.13521399999999995,0.013439999999999674,0.9916548360052619,4.0,0.0876483527369949,0.2629621510487212,1.7796026251240455,0.10592524593906116,0.02343483910990063,3.200407508068764,4.319935005117968,1.685124057306778,0.06476718501682699,0.044416513991976436,-0.8660254037844386,0.5000000000000001,-0.7818314824680299,0.6234898018587334,-0.7071067811865471,-0.7071067811865479,20,4,79,27,9,10,21,6,2
A,2025-10-27,20:00,4645560.0,A,Real Betis,150.0,Manuel Pellegrini,4-2-3-1,70500000.0,28.907970879223445,181.1818181818182,303.0,17.8,5.4,6.2,7.6,2.4,0.0,1.75656,1.6507083999999999,1.6507083999999999,13.573040592684055,10.0,67600000.0,27.51355858378446,180.8909090909091,214.2,15.108427643885975,4.173376425893484,5.489831142435807,7.865985380802724,2.287478576318082,5.2261008899153536e-05,1.4541996737271286,1.3326859579449477,1.3295276144642882,14.605885087936947,8.927824438957993,67239662.96529002,27.605865881612146,180.82608506648387,220.2697525488401,5.0,Atletico Madrid,13.0,Diego Simeone,4-2-3-1,276000000.0,27.976106029494122,180.54545454545453,491.0,13.8,6.4,5.6,9.8,2.4,0.4,2.10426,2.5567225999999996,2.2594146,15.162460317460315,9.2,286300000.0,28.65529214112376,180.9090909090909,516.4,13.66746880969688,6.201452514136854,5.145996597403706,10.786316314279896,2.2770933416907075,0.2881958350938429,1.9049871529028515,2.163353204588283,2.0031997136434985,13.603703855665051,9.646294753923451,279181655.4169339,28.65586972050654,181.04093276809945,531.4441773731755,4.0,4.0,-1.0,0.6000000000000005,-2.200000000000001,0.0,-0.4,-0.3477000000000001,-0.9060141999999998,-0.6087062000000001,1.5894197247762598,0.8000000000000007,1.4409588341890949,-1.0021812322718961,-2.0280760882433695,0.34383454503210054,-2.920330933477172,0.010385234627374285,-0.28814357408494373,-0.4507874791757229,-0.8306672466433354,-0.6736720991792102,-0.7184703149654581,-1.0,1.0,4.0,1.0,0.6000000000000005,2.200000000000001,0.0,0.4,0.3477000000000001,0.9060141999999998,0.6087062000000001,1.5894197247762598,0.8000000000000007,0.8306672466433354,0.4507874791757229,1.4409588341890949,1.0021812322718961,0.6736720991792102,0.7184703149654581,0.34383454503210054,2.920330933477172,0.010385234627374285,0.28814357408494373,-0.8660254037844386,0.5000000000000001,0.0,1.0,-0.8660254037844386,0.5000000000000001,19,3,51,16,10,10,7,5,0
H,2025-10-31,20:00,4645588.0,D,Getafe,3709.0,José Bordalás,4-4-2,35600000.0,29.580237695227428,182.0,142.0,7.8,2.2,4.0,16.8,3.4,0.4,1.1269400000000003,0.7595168,0.7595168,8.600052700922266,2.4,31680000.0,29.149548876858937,181.8727272727273,119.8,7.664872629987539,2.320821832093824,3.9452749782329755,16.968780968250552,3.3289154409482316,0.45234268007491024,1.2791165970685332,0.797604590388523,0.7975946200591771,9.563176477396064,2.362245594464203,32282628.69105029,29.207734769861105,181.9569543896016,122.66336896844898,10.0,Girona,12321.0,Míchel,4-1-4-1,99900000.0,27.76504262335885,182.1818181818182,392.0,8.2,4.0,5.0,11.4,2.6,0.4,0.9763999999999999,1.4064896,1.1091782000000001,19.786921052631584,5.0,79000000.0,27.81073984195134,181.58181818181816,299.2,8.618673960969693,4.4493358749732455,6.235833381007617,10.947364129845052,2.9586014159494067,0.3927784594928087,1.0055387668709963,1.5818531403300033,1.086277775290931,19.22750377874085,5.2524135245080235,87281531.41936474,27.752993066593582,181.5147817947386,314.05638456431774,20.0,-0.39999999999999947,-1.7999999999999998,-1.0,5.4,0.7999999999999998,0.0,0.15054000000000034,-0.6469728,-0.3496614000000001,11.186868351709318,-2.6,-0.9538013309821531,9.664327301344786,-2.1285140428794214,-2.2905584027746415,6.0214168384055,0.3703140249988248,0.059564220582101535,0.2735778301975369,-0.7842485499414803,-0.2886831552317538,-2.8901679300438206,10.0,10.0,0.39999999999999947,1.7999999999999998,1.0,5.4,0.7999999999999998,0.0,0.15054000000000034,0.6469728,0.3496614000000001,11.186868351709318,2.6,0.7842485499414803,0.2735778301975369,0.9538013309821531,9.664327301344786,0.2886831552317538,2.8901679300438206,2.2905584027746415,6.0214168384055,0.3703140249988248,0.059564220582101535,-0.8660254037844386,0.5000000000000001,-0.433883739117558,-0.9009688679024191,-0.8660254037844386,0.5000000000000001,10,11,39,56,18,9,20,3,2
H,2025-11-01,15:15,4645585.0,D,Atletico Madrid,13.0,Diego Simeone,4-4-2,251000000.0,28.159293136705866,181.8181818181818,546.0,13.2,5.8,5.4,12.2,2.6,0.2,1.7831200000000003,2.3144894,2.1658353999999997,13.18936090225564,8.6,281900000.0,28.656586397859495,180.9272727272727,526.8,12.111645873131252,5.467635009424569,5.097331064935804,13.190877542853263,1.8513955611271384,0.1921305567292286,1.5967914352685677,1.734420136392189,1.6276511424289992,13.262118359917052,8.4308631692823,278121103.61128926,28.429281823502404,180.87577336055116,517.9627849154504,4.0,Sevilla,368.0,Matías Almeyda,4-2-3-1,55200000.0,27.4198245286541,182.8181818181818,270.0,10.4,2.6,6.4,16.0,3.2,0.0,0.71506,1.1631786,1.0145225999999998,8.81651025178655,5.8,38840000.0,28.48718810279385,183.36363636363635,378.4,9.610287314135105,2.661252608846162,7.0671082457805925,15.746363069387781,3.3513228518879488,0.00846887454277651,0.7204821939698126,1.0262454830819492,0.9148539555287069,8.489872793214642,5.15027819051404,39223909.08835499,28.343406806955414,183.34512625809882,374.9997488387674,11.0,2.799999999999999,3.1999999999999997,-1.0,-3.8000000000000007,-0.6000000000000001,0.2,1.0680600000000002,1.1513107999999999,1.1513128,-4.37285065046909,2.8,2.501358558996147,-4.772245566702409,2.806382400578407,-1.9697771808447886,-2.555485526534518,-1.4999272907608103,0.1836616821864521,0.8763092412987551,0.7081746533102398,0.7127971869002924,3.2805849787682604,7.0,7.0,2.799999999999999,3.1999999999999997,1.0,3.8000000000000007,0.6000000000000001,0.2,1.0680600000000002,1.1513107999999999,1.1513128,4.37285065046909,2.8,0.7081746533102398,0.8763092412987551,2.501358558996147,4.772245566702409,0.7127971869002924,3.2805849787682604,1.9697771808447886,2.555485526534518,1.4999272907608103,0.1836616821864521,-0.5000000000000004,0.8660254037844384,-0.9749279121818236,-0.2225209339563146,-0.7071067811865471,-0.7071067811865479,3,25,16,54,18,10,5,19,2
H,2025-11-01,20:00,4645589.0,H,Real Madrid,418.0,Xabi Alonso,4-3-3 Attacking,330000000.0,24.62572335262274,184.9090909090909,499.0,20.4,7.8,5.8,11.0,2.6,0.2,2.21716,2.9947299999999997,2.5487640000000003,10.119443500878324,10.4,289000000.0,25.361607865098627,184.03636363636366,503.6,21.125752806644233,8.287042607332909,6.913708199496274,10.937893691609895,2.8384347936378203,0.3629578956879617,2.35392479892684,2.905290143581109,2.4853413610145068,10.291613190382526,9.449657239016696,310962185.6967966,25.437781708901188,184.2265999952659,519.7837033143315,1.0,Valencia,1049.0,Carlos Corberán,4-4-2,50000000.0,27.12861676311368,180.9090909090909,80.0,12.0,3.6,4.4,13.6,2.0,0.0,1.03696,1.1836102,1.0349556,12.102449440301104,3.6,44880000.0,27.02258726899384,181.74545454545455,93.4,11.966115927109334,3.3695174663543974,4.735473164162264,14.092317170317807,1.7974574381404853,0.013006216704900408,0.9415796200611806,1.01142356024087,0.9354667201190128,12.682410923184756,3.7929719108417643,47023678.6427593,26.751134261955013,181.77274101256816,96.02310736566562,18.0,8.399999999999999,4.199999999999999,1.3999999999999995,-2.5999999999999996,0.6000000000000001,0.2,1.1801999999999997,1.8111197999999997,1.5138084000000003,1.98300593942278,6.800000000000001,9.159636879534899,2.3907977328022305,4.917525140978512,2.1782350353340103,-3.154423478707912,1.040977355497335,0.3499516789830613,1.4123451788656594,1.893866583340239,1.549874640895494,5.656685328174932,17.0,17.0,8.399999999999999,4.199999999999999,1.3999999999999995,2.5999999999999996,0.6000000000000001,0.2,1.1801999999999997,1.8111197999999997,1.5138084000000003,1.98300593942278,6.800000000000001,1.893866583340239,1.4123451788656594,9.159636879534899,2.3907977328022305,1.549874640895494,5.656685328174932,2.1782350353340103,3.154423478707912,1.040977355497335,0.3499516789830613,-0.5000000000000004,0.8660254037844384,-0.9749279121818236,-0.2225209339563146,-0.8660254037844386,0.5000000000000001,20,26,79,11,15,18,21,0,2
H,2025-11-01,17:30,4645590.0,D,Real Sociedad,681.0,Sergio Francisco,4-1-4-1,102000000.0,26.350320452989855,180.1818181818182,136.0,11.2,3.8,6.0,15.4,1.8,0.0,1.8585000000000005,1.6668174,1.5181628000000003,11.883060238007605,7.0,96960000.0,26.816103540538858,180.56363636363636,169.4,10.742470076783198,4.096312560370937,5.425870193614895,16.972504287692548,1.927086127558636,8.415849801208753e-05,1.940876604420735,1.608614291755796,1.335863355101674,9.990153512760937,6.21199713575304,98222793.59822626,26.61243119644548,180.5719412811322,166.71949382660733,17.0,Athletic Club,621.0,Ernesto Valverde,4-2-3-1,48500000.0,28.533383112438557,181.9090909090909,135.0,12.4,3.8,4.6,16.2,1.8,0.0,1.4535999999999998,1.1842815999999998,1.035626,8.482421902421901,5.0,52400000.0,28.209719370294316,183.25454545454545,151.6,10.145243504075529,3.5631040016123805,3.658211478126479,15.737896238163927,1.9973726637504263,0.06340505321162038,1.1798435222932886,0.8500666712828567,0.7235035133938125,8.837923100180648,4.462221790615517,68045832.34721698,28.31305125702225,182.86751083464546,147.27657150447664,9.0,-1.200000000000001,0.0,1.4000000000000004,-0.7999999999999989,0.0,0.0,0.4049000000000007,0.4825358000000002,0.4825368000000003,-3.400638335585704,2.0,0.5972265727076689,-1.1522304125802894,0.5332085587585569,1.7676587154884165,1.234608049528621,-0.07028653619179037,-0.06332089471360829,0.7610330821274465,0.7585476204729392,0.6123598417078616,1.7497753451375235,-8.0,8.0,1.200000000000001,0.0,1.4000000000000004,0.7999999999999989,0.0,0.0,0.4049000000000007,0.4825358000000002,0.4825368000000003,3.400638335585704,2.0,0.7585476204729392,0.7610330821274465,0.5972265727076689,1.1522304125802894,0.6123598417078616,1.7497753451375235,1.7676587154884165,1.234608049528621,0.07028653619179037,0.06332089471360829,-0.5000000000000004,0.8660254037844384,-0.9749279121818236,-0.2225209339563146,-0.9659258262890683,-0.25881904510252063,22,2,73,19,9,10,25,24,2
H,2025-11-01,13:00,4645593.0,H,Villarreal,1050.0,Marcelino,4-4-2 double 6,120500000.0,27.335200049779107,183.8181818181818,218.0,10.8,4.0,3.8,13.6,2.8,0.2,1.6467200000000002,1.7660604,1.6174044000000003,17.006617647058825,6.2,95100000.0,26.078327422064586,184.65454545454546,199.6,11.265888033407052,4.16220754993255,4.309849675999703,13.215074289034035,2.808446222302351,0.14880715697167696,1.7828734757895635,1.8635075789054223,1.6157403242564696,17.035195943637873,7.625806050360453,99075956.86115976,26.2329045128038,184.4824639094546,199.0329130639393,3.0,Rayo Vallecano,367.0,Iñigo Pérez,4-2-3-1,33500000.0,29.020969448074172,179.63636363636363,89.0,11.8,4.2,6.8,15.2,2.2,0.2,1.5255800000000002,1.6552408,1.6552408,9.70584741423451,4.8,32140000.0,28.917777362951902,178.9272727272727,81.6,12.59969355657825,4.530145826885539,6.3544279334529365,14.802716876924862,1.6928068151541042,0.09879546471645068,1.6180111934493357,1.6560188020157947,1.6492937991604413,8.616201733280088,5.408035729698675,32029335.306883436,28.793404151295732,179.10980738608967,79.1271396020167,7.0,-1.0,-0.20000000000000018,-3.0,-1.5999999999999996,0.5999999999999996,0.0,0.12114000000000003,0.11081959999999991,-0.03783639999999977,-7.3007702328243145,1.4000000000000004,-1.3338055231711987,-8.418994210357786,-0.3679382769529891,-2.0445782574532334,-1.5876425878908265,1.115639407148247,0.05001169225522628,0.1648622823402277,0.20748877688962764,-0.03355347490397165,2.217770320661778,4.0,4.0,1.0,0.20000000000000018,3.0,1.5999999999999996,0.5999999999999996,0.0,0.12114000000000003,0.11081959999999991,0.03783639999999977,7.3007702328243145,1.4000000000000004,0.20748877688962764,0.1648622823402277,1.3338055231711987,8.418994210357786,0.03355347490397165,2.217770320661778,2.0445782574532334,1.5876425878908265,1.115639407148247,0.05001169225522628,-0.5000000000000004,0.8660254037844384,-0.9749279121818236,-0.2225209339563146,-0.2588190451025208,-0.9659258262890683,27,18,52,30,20,10,1,18,2
H,2025-11-02,15:15,4645594.0,H,Alaves,1108.0,Eduardo Coudet,4-4-2 double 6,24500000.0,27.518138261464753,179.1818181818182,23.0,14.4,3.4,8.2,15.0,2.6,0.0,1.7626600000000003,1.4199410000000001,1.271285,7.158704284221526,5.0,28900000.0,27.30697529711903,179.58181818181816,36.2,13.479950175517919,3.1184354735260142,7.136980875578541,13.912532062159542,2.4127047623694375,0.0004720477479672081,1.6356856322402875,1.3808573548859755,1.2144085043440336,8.373707042345044,4.730746427761866,29469677.297921907,27.46350828914957,179.68987646866572,35.24668651488529,12.0,Espanyol,714.0,Manolo González,4-4-2,5200000.0,28.282745317652914,181.72727272727272,24.0,18.0,7.4,6.2,11.6,1.8,0.0,2.1046199999999997,2.4996251999999997,2.3509691999999998,13.03012566137566,7.6,20160000.0,27.43172173480182,181.54545454545456,45.0,16.251860341598253,6.80519734437447,5.2173812711249825,12.426102226281538,2.1999736445367386,0.031832947381040054,1.9923722578042815,2.3842797623651077,2.238253166649388,14.113406493220632,7.068113666869036,17025468.69994096,27.517643398390845,181.73846787497018,44.99785057343157,5.0,-3.5999999999999996,-4.0,1.9999999999999991,3.4000000000000004,0.8,0.0,-0.3419599999999994,-1.0796841999999995,-1.0796841999999998,5.871421377154134,-2.5999999999999996,-2.7719101660803336,5.739699450875587,-3.6867618708484557,1.9195996044535582,1.4864298358780044,0.21273111783269893,-0.03136089963307285,-0.356686625563994,-1.0034224074791323,-1.0238446623053543,-2.33736723910717,-7.0,7.0,3.5999999999999996,4.0,1.9999999999999991,3.4000000000000004,0.8,0.0,0.3419599999999994,1.0796841999999995,1.0796841999999998,5.871421377154134,2.5999999999999996,1.0034224074791323,0.356686625563994,2.7719101660803336,5.739699450875587,1.0238446623053543,2.33736723910717,1.9195996044535582,1.4864298358780044,0.21273111783269893,0.03136089963307285,-0.5000000000000004,0.8660254037844384,-0.7818314824680299,0.6234898018587334,-0.7071067811865471,-0.7071067811865479,0,9,18,50,20,18,2,26,2
A,2025-11-02,13:00,4645591.0,A,Levante,3368.0,Julián Calero,4-2-3-1,6000000.0,27.16669777860743,180.45454545454547,197.0,13.2,3.8,4.2,12.4,1.6,0.0,1.1826,1.5798318000000002,1.5798318000000002,11.634903244903246,6.8,5700000.0,26.579354116109766,179.65454545454546,190.6,13.402653635355842,4.294917716240762,4.902166349290515,11.860827900156869,1.6929500186546693,1.837532974897591e-05,1.3429512901750755,1.8023248743282085,1.7891197120557207,11.934486028797224,7.481729905585603,6770683.497508946,26.792634749227123,180.25532016978366,186.448277670563,15.0,Celta Vigo,940.0,Claudio Giráldez,5-4-1,28500000.0,27.346151452927632,179.1818181818182,78.0,10.0,3.4,3.6,12.0,2.6,0.2,1.0435200000000002,1.3268550000000001,1.3268550000000001,18.544380952380955,6.0,22700000.0,26.484524920664548,180.52727272727273,61.6,10.551197351942077,3.6327138848368095,3.3250841960008386,11.583951874139354,2.885245310739999,0.22393767004494014,1.0315004378243933,1.34520686926895,1.3090050758747738,18.785930985510696,4.931706211822584,22625148.281579036,26.74500299679791,180.6779598003017,68.03569865195688,13.0,3.1999999999999993,0.3999999999999999,0.6000000000000001,0.40000000000000036,-1.0,-0.2,0.13907999999999987,0.2529768000000001,0.2529768000000001,6.909477707477709,0.7999999999999998,2.8514562834137642,6.851444956713472,0.6622038314039522,1.5770821532896764,0.27687602601751493,-1.1922952920853296,-0.22391929471519118,0.31145085235068226,0.4571180050592585,0.48011463618094696,2.550023693763019,-2.0,2.0,3.1999999999999993,0.3999999999999999,0.6000000000000001,0.40000000000000036,1.0,0.2,0.13907999999999987,0.2529768000000001,0.2529768000000001,6.909477707477709,0.7999999999999998,0.4571180050592585,0.31145085235068226,2.8514562834137642,6.851444956713472,0.48011463618094696,2.550023693763019,1.5770821532896764,0.27687602601751493,1.1922952920853296,0.22391929471519118,-0.5000000000000004,0.8660254037844384,-0.7818314824680299,0.6234898018587334,-0.2588190451025208,-0.9659258262890683,15,6,44,12,10,24,16,27,0
H,2025-11-02,20:00,4645587.0,H,Real Betis,150.0,Manuel Pellegrini,4-2-3-1,68000000.0,28.744197623047725,180.72727272727272,359.0,15.6,4.6,4.2,7.2,2.4,0.0,1.6634999999999998,1.4792003999999999,1.4792004,14.503040592684055,8.2,70500000.0,28.00159293136706,180.85454545454544,262.0,15.73895176259065,4.448917617262323,4.3265540949572046,8.243990253868482,2.1916523842120545,3.484067259943569e-05,1.542266449151419,1.3344306386299651,1.3323250763095256,13.570590058624632,8.285216292638662,68326441.97686002,28.03990088081591,180.94466277159532,247.8465016992267,6.0,Mallorca,237.0,Jagoba Arrasate,4-2-3-1,40200000.0,27.73368178706988,185.0,152.0,10.6,3.6,3.0,12.6,2.8,0.2,1.0267399999999998,1.144584,1.144584,11.949604743083004,3.4,41120000.0,27.876896272789498,182.76363636363635,147.2,12.463425337392275,4.071429167170581,3.532946161045223,11.53940748612628,2.579916628184517,0.1654988971740182,1.0681191528043397,1.355505639298005,1.3335936424135715,11.119372509929553,4.3452269571098325,41836215.84061684,27.898777395808157,182.84513216482415,148.46273385874778,16.0,5.0,0.9999999999999996,1.2000000000000002,-5.3999999999999995,-0.3999999999999999,-0.2,0.63676,0.3346163999999998,0.33461640000000004,-2.553435849601051,4.799999999999999,3.2755264251983753,-2.4512175486950785,0.37748845009174214,0.7936079339119817,-3.2954172322577975,-0.3882642439724626,-0.16546405650141877,0.4741472963470794,-0.0210750006680398,-0.0012685661040459095,3.9399893355288294,10.0,10.0,5.0,0.9999999999999996,1.2000000000000002,5.3999999999999995,0.3999999999999999,0.2,0.63676,0.3346163999999998,0.33461640000000004,2.553435849601051,4.799999999999999,0.0210750006680398,0.4741472963470794,3.2755264251983753,2.4512175486950785,0.0012685661040459095,3.9399893355288294,0.7936079339119817,3.2954172322577975,0.3882642439724626,0.16546405650141877,-0.5000000000000004,0.8660254037844384,-0.7818314824680299,0.6234898018587334,-0.8660254037844386,0.5000000000000001,19,16,51,31,10,10,7,11,2
H,2025-11-02,17:30,4645586.0,H,Barcelona,131.0,Hansi Flick,4-2-3-1,100000000.0,25.55559703814324,181.8181818181818,406.0,20.6,9.0,8.4,8.0,2.4,0.2,1.5453199999999998,2.2211540000000003,2.0724980000000004,7.390662931839403,14.8,72000000.0,25.58974550432456,182.3272727272727,462.8,19.645487890060263,7.996434633201301,7.126998202908253,8.814477653405378,2.881612916982372,0.3333468863599774,1.3623166982276924,2.0838979084231126,1.9545181349412397,7.759716898477024,12.24992891106254,87187168.72292766,25.30784738667367,181.82271663672728,449.00161557356705,2.0,Elche,1531.0,Eder Sarabia,4-1-4-1,14000000.0,27.25505569037397,180.45454545454547,71.0,12.6,4.8,4.4,12.6,2.0,0.2,1.4267400000000001,1.5372886000000001,1.3886586,9.615263157894736,4.8,9300000.0,27.361831871072116,181.85454545454544,59.4,12.486955207844076,4.4348532462668935,3.8915118565173152,13.158642098577474,1.9586995295283842,0.14833817037688482,1.3163930795099552,1.2767562209917516,1.2033429168717977,8.823996937743578,5.147948032714111,10380970.813046178,27.419462763247978,181.80321509802982,57.25361658304604,8.0,8.000000000000002,4.2,4.0,-4.6,0.3999999999999999,0.0,0.11857999999999969,0.6838654000000002,0.6838394000000003,2.2246002260553333,10.0,7.158532682216187,1.0642800392665537,3.5615813869344075,3.235486346390938,-4.344164445172096,0.9229133874539877,0.18500871598309257,0.0459236187177372,0.807141687431361,0.751175218069442,7.101980878348429,6.0,6.0,8.000000000000002,4.2,4.0,4.6,0.3999999999999999,0.0,0.11857999999999969,0.6838654000000002,0.6838394000000003,2.2246002260553333,10.0,0.807141687431361,0.0459236187177372,7.158532682216187,1.0642800392665537,0.751175218069442,7.101980878348429,3.235486346390938,4.344164445172096,0.9229133874539877,0.18500871598309257,-0.5000000000000004,0.8660254037844384,-0.7818314824680299,0.6234898018587334,-0.9659258262890683,-0.25881904510252063,4,8,27,17,10,9,6,8,2
D,2025-11-03,20:00,4645592.0,D,Real Oviedo,2497.0,Luis Carrión,4-2-3-1,20600000.0,28.81139941509551,183.54545454545453,203.0,10.6,3.6,5.2,11.4,2.4,0.2,0.79762,1.3936806000000002,1.2450245999999998,16.947619047619046,6.0,17740000.0,28.689540165515524,182.98181818181817,243.0,10.733373545885394,3.8085480396380866,4.461490736751401,12.502093925032316,2.5625678586816028,0.1391124515295132,0.8337595588108575,1.4709594242481692,1.2122685396984059,14.548254446974827,4.874812580784145,17857426.97113313,28.598950498395602,183.5129723081744,225.7286686772943,19.0,Osasuna,331.0,Alessio Lisci,4-4-2,49700000.0,28.794972310372717,184.8181818181818,55.0,10.8,3.0,3.2,11.6,2.0,0.0,1.18202,1.1490486,0.8517380000000001,14.589213250517599,4.8,50500000.0,28.51610976292701,185.03636363636366,60.0,11.687113726686816,3.970055018344438,3.5241498451398408,10.955639336099495,2.3771149515648267,0.052566512781922196,1.2747222830534914,1.4251437356422816,0.8956754346781303,13.8735324711834,6.052921698035003,51008233.69429948,28.574905945181143,184.59612315224095,58.93743282332514,14.0,-0.20000000000000107,0.6000000000000001,2.0,-0.1999999999999993,0.3999999999999999,0.2,-0.3844000000000001,0.24463200000000018,0.3932865999999997,-2.3584057971014474,1.2000000000000002,-0.9537401808014216,-0.6747219757914262,-0.16150697870635122,0.93734089161156,1.5464545889328214,0.1854529071167761,0.086545938747591,-0.44096272424263394,0.04581568860588758,0.3165931050202756,-1.178109117250858,-5.0,5.0,0.20000000000000107,0.6000000000000001,2.0,0.1999999999999993,0.3999999999999999,0.2,0.3844000000000001,0.24463200000000018,0.3932865999999997,2.3584057971014474,1.2000000000000002,0.04581568860588758,0.44096272424263394,0.9537401808014216,0.6747219757914262,0.3165931050202756,1.178109117250858,0.93734089161156,1.5464545889328214,0.1854529071167761,0.086545938747591,-0.5000000000000004,0.8660254037844384,0.0,1.0,-0.8660254037844386,0.5000000000000001,21,17,46,4,10,18,12,15,1
D,2025-11-07,20:00,4645547.0,D,Elche,1531.0,Eder Sarabia,4-3-3 Attacking,8000000.0,27.581357725094893,182.27272727272728,29.0,12.0,4.6,4.4,13.2,1.8,0.2,1.2167999999999999,1.4369264000000004,1.2882964000000001,9.28406015037594,5.2,11000000.0,27.60430589260158,181.23636363636365,58.4,11.324636805229384,3.9565688308445957,3.59434123767821,14.10576139905165,1.6391330196855893,0.09889211358458988,0.9379620530066367,1.0341971473278344,0.9852549445811984,8.751712244210005,4.765298688476074,11587313.87536412,27.364660405623308,181.3536585502017,61.83574438869736,9.0,Real Sociedad,681.0,Sergio Francisco,4-3-3 Attacking,117000000.0,26.418020036089853,180.0,183.0,9.6,4.0,5.0,16.8,1.8,0.0,1.71578,1.4693434,1.3206888,12.213842846703258,5.6,93560000.0,26.744471408126437,180.56363636363636,159.6,10.161646717855465,4.397541706913958,5.617246795743263,17.981669525128364,1.9513907517057572,5.610566534139169e-05,1.9698510696138234,1.6861428611705307,1.504308903401116,9.384740023000045,5.474664757168694,99481862.3988175,26.52506094862694,180.44190024802754,156.47966255107156,14.0,2.4000000000000004,0.5999999999999996,-0.5999999999999996,-3.6000000000000014,0.0,0.2,-0.4989800000000002,-0.032416999999999696,-0.03239239999999999,2.929782696327319,-0.39999999999999947,1.1629900873739185,0.6330277787900407,-0.4409728760693623,-2.022905558065053,-3.8759081260767143,-0.3122577320201678,0.09883600791924849,-1.0318890166071868,-0.6519457138426963,-0.5190539588199174,-0.7093660686926198,5.0,5.0,2.4000000000000004,0.5999999999999996,0.5999999999999996,3.6000000000000014,0.0,0.2,0.4989800000000002,0.032416999999999696,0.03239239999999999,2.929782696327319,0.39999999999999947,0.6519457138426963,1.0318890166071868,1.1629900873739185,0.6330277787900407,0.5190539588199174,0.7093660686926198,2.022905558065053,3.8759081260767143,0.3122577320201678,0.09883600791924849,-0.5000000000000004,0.8660254037844384,-0.433883739117558,-0.9009688679024191,-0.8660254037844386,0.5000000000000001,8,22,17,73,15,15,8,25,1
H,2025-11-08,15:15,4645554.0,D,Sevilla,368.0,Matías Almeyda,5-4-1,55400000.0,26.305021467239126,184.63636363636363,242.0,9.2,2.6,6.6,15.0,3.4,0.0,0.6555599999999999,1.0713219999999999,0.9226660000000001,10.18483869753435,4.4,42500000.0,28.335710285607615,182.98181818181817,368.0,9.740191542756737,2.440835072564108,6.044738830520394,14.497575379591856,3.2342152345919657,0.0056459163618510074,0.5103547959798751,0.8097926553879661,0.7355316370191379,9.81143034699158,4.1001854603426935,44549272.72556999,28.035546047521645,183.16947811145982,339.9998325591783,13.0,Osasuna,331.0,Alessio Lisci,4-2-3-1,47400000.0,27.551739157488644,182.9090909090909,19.0,11.2,3.6,3.2,11.2,1.8,0.0,1.13234,1.039264,0.7419534,14.295879917184266,5.2,50460000.0,28.708257109078467,184.96363636363634,59.4,11.458075817791212,4.313370012229625,3.0160998967598935,12.97042622406633,1.9180766343765512,0.035044341854614795,1.247781522035661,1.1588681570948545,0.8058892897854202,12.204577203011155,5.368614465356669,50572155.79619966,28.648261400245,184.67014270755456,57.624955215550095,15.0,-2.0,-1.0,3.3999999999999995,3.8000000000000007,1.5999999999999999,0.0,-0.47678,0.03205799999999992,0.1807126000000001,4.111041219649916,-0.7999999999999998,-1.717884275034475,2.393146856019575,-1.8725349396655173,3.028638933760501,1.5271491555255263,1.3161386002154145,-0.029398425492763787,-0.7374267260557859,-0.3490755017068884,-0.07035765276628225,-1.2684290050139753,2.0,2.0,2.0,1.0,3.3999999999999995,3.8000000000000007,1.5999999999999999,0.0,0.47678,0.03205799999999992,0.1807126000000001,4.111041219649916,0.7999999999999998,0.3490755017068884,0.7374267260557859,1.717884275034475,2.393146856019575,0.07035765276628225,1.2684290050139753,3.028638933760501,1.5271491555255263,1.3161386002154145,0.029398425492763787,-0.5000000000000004,0.8660254037844384,-0.9749279121818236,-0.2225209339563146,-0.7071067811865471,-0.7071067811865479,25,17,54,4,24,10,19,15,2
A,2025-11-08,20:00,4645548.0,A,Espanyol,714.0,Manolo González,4-2-3-1,25200000.0,27.812830564370607,182.0909090909091,33.0,17.4,5.8,5.8,12.2,2.0,0.0,1.6738199999999999,2.0455651999999995,1.8969092,12.807903439153439,6.6,15400000.0,27.51709290025512,181.6,37.6,16.8345735610655,5.203464896249646,5.478254180749988,12.284068150854358,2.1333157630244926,0.021221964920693368,1.5195815052028543,1.9371298415767384,1.8397787777662586,12.705233958443385,7.71207577791269,13083645.799960641,27.7726773714782,181.73473615907105,37.99856704895438,6.0,Villarreal,1050.0,Marcelino,4-4-2,79500000.0,26.374463319021842,185.0909090909091,197.0,11.6,4.4,3.8,12.2,2.4,0.2,1.6623,1.8277344,1.6790784000000003,18.55720588235294,7.4,101400000.0,26.35131603509427,184.36363636363635,210.8,12.843925355604702,5.1081383666216995,3.8732331173331356,11.143382859356024,2.205630814868234,0.09920477131445131,2.033948983859709,2.1468717192702815,1.981693549504313,17.490130629091915,9.083870700240302,106217304.5741065,26.600336358462233,184.261036545697,205.35527537595954,3.0,5.799999999999999,1.3999999999999995,2.0,0.0,-0.3999999999999999,-0.2,0.011519999999999753,0.21783079999999955,0.21783079999999977,5.7493024431995,-0.8000000000000007,3.990648205460799,4.78489667064853,0.09532652962794685,1.6050210634168525,1.1406852914983343,-0.07231505184374143,-0.07798280639375794,-0.5143674786568546,-0.20974187769354313,-0.14191477173805445,-1.371794922327612,-3.0,3.0,5.799999999999999,1.3999999999999995,2.0,0.0,0.3999999999999999,0.2,0.011519999999999753,0.21783079999999955,0.21783079999999977,5.7493024431995,0.8000000000000007,0.20974187769354313,0.5143674786568546,3.990648205460799,4.78489667064853,0.14191477173805445,1.371794922327612,1.6050210634168525,1.1406852914983343,0.07231505184374143,0.07798280639375794,-0.5000000000000004,0.8660254037844384,-0.9749279121818236,-0.2225209339563146,-0.8660254037844386,0.5000000000000001,9,27,50,52,10,18,26,1,0
H,2025-11-08,17:30,4645546.0,D,Atletico Madrid,13.0,Diego Simeone,4-4-2,311000000.0,27.70655217472466,181.9090909090909,500.0,12.2,5.4,5.6,12.8,2.0,0.2,1.7831,1.9217194,1.6244114,14.139360902255637,8.8,271800000.0,28.46827204281003,181.3090909090909,529.4,13.074430582087501,5.645090006283046,6.3982207099572035,11.793918361902177,1.2342637074180922,0.12808703781948574,2.0161609568457117,2.151720090928126,1.8327840949526664,13.61919001772248,9.953908779521534,269080735.7408595,28.339285594570224,181.1899095130947,527.3085232769669,4.0,Levante,3368.0,Julián Calero,4-5-1 flat,6000000.0,27.074357538423246,180.36363636363637,194.0,12.8,4.0,4.8,11.0,1.8,0.2,1.30718,1.4868918000000002,1.3164430000000003,12.7545461020461,6.4,6500000.0,26.646107896210566,180.1818181818182,200.0,11.93510242357056,3.863278477493841,4.601444232860343,11.240551933437914,1.7953000124364464,0.333345583553166,1.1778008601167171,1.6137199162188056,1.3208351413704804,14.560490685864815,5.987819937057068,6513788.998339298,26.917322425687228,180.3217285980376,189.965518447042,16.0,-0.6000000000000014,1.4000000000000004,0.7999999999999998,1.8000000000000007,0.19999999999999996,0.0,0.4759199999999999,0.43482759999999976,0.3079683999999998,-1.3848148002095364,2.4000000000000004,1.1393281585169408,0.9413006681423361,1.7818115287892047,1.7967764770968602,0.5533664284642636,-0.5610363050183542,-0.20525854573368027,0.8383600967289946,0.5380001747093204,0.511948953582186,3.9660888424644654,12.0,12.0,0.6000000000000014,1.4000000000000004,0.7999999999999998,1.8000000000000007,0.19999999999999996,0.0,0.4759199999999999,0.43482759999999976,0.3079683999999998,1.3848148002095364,2.4000000000000004,0.5380001747093204,0.8383600967289946,1.1393281585169408,0.9413006681423361,0.511948953582186,3.9660888424644654,1.7967764770968602,0.5533664284642636,0.5610363050183542,0.20525854573368027,-0.5000000000000004,0.8660254037844384,-0.9749279121818236,-0.2225209339563146,-0.9659258262890683,-0.25881904510252063,3,15,16,44,18,22,5,16,2
H,2025-11-08,13:00,4645550.0,H,Girona,12321.0,Míchel,4-2-3-1,106300000.0,28.179453674320204,182.0909090909091,393.0,8.6,4.2,5.4,11.4,2.4,0.4,1.16486,1.543898,1.0979302,15.345616704805497,4.8,87800000.0,27.96132163524361,181.54545454545456,333.8,8.412449307313128,4.299557249982164,5.157222254005077,12.298242753230037,2.3057342772996043,0.2618523063285391,1.1692591779139976,1.5691220935533357,0.990977850193954,14.16616193945042,4.168275683005349,91487687.61290982,27.757009585515338,181.73712725709848,340.03758970954516,20.0,Alaves,1108.0,Eduardo Coudet,4-4-2,26500000.0,27.76877605625039,178.9090909090909,25.0,15.0,3.4,7.0,13.8,2.8,0.2,1.8181600000000002,1.6136650000000003,1.4650089999999998,7.856095588569351,5.2,29800000.0,27.36437060543837,179.4181818181818,33.2,13.319966783678614,3.4122903156840096,5.091320583719027,13.941688041439695,2.9418031749129585,0.3336480318319781,1.836190421493525,1.6473649032573168,1.5363990028960224,8.278123535476405,4.153830951841244,27813118.19861461,27.481718279921296,179.52052370638322,31.164457676590192,8.0,-6.4,0.8000000000000003,-1.5999999999999996,-2.4000000000000004,-0.3999999999999999,0.2,-0.6533000000000002,-0.06976700000000036,-0.3670787999999998,-7.489521116236146,-0.40000000000000036,-4.907517476365486,-5.888038403974015,0.8872669342981543,0.06590167028604998,-1.6434452882096586,-0.6360688976133542,-0.07179572550343899,-0.6669312435795274,-0.07824280970398112,-0.5454211527020684,0.014444731164104496,-12.0,12.0,6.4,0.8000000000000003,1.5999999999999996,2.4000000000000004,0.3999999999999999,0.2,0.6533000000000002,0.06976700000000036,0.3670787999999998,7.489521116236146,0.40000000000000036,0.07824280970398112,0.6669312435795274,4.907517476365486,5.888038403974015,0.5454211527020684,0.014444731164104496,0.06590167028604998,1.6434452882096586,0.6360688976133542,0.07179572550343899,-0.5000000000000004,0.8660254037844384,-0.9749279121818236,-0.2225209339563146,-0.2588190451025208,-0.9659258262890683,11,0,56,18,10,18,3,2,2
D,2025-11-09,17:30,4645552.0,D,Valencia,1049.0,Carlos Corberán,4-2-3-1,51000000.0,25.805239250824467,181.27272727272728,113.0,11.8,3.4,4.0,13.2,1.4,0.0,1.0108400000000002,1.0404756,0.891821,15.037232048996756,4.0,45440000.0,26.859411362080767,181.56363636363636,92.0,9.310743951406222,2.5796783109029318,3.490315442774843,11.728211446878538,1.5316382920936569,0.008670811136600272,0.6442197467074537,0.7716747068272468,0.7210368134126752,16.954940615456504,3.195314607227843,48015785.76183953,26.876961762341235,181.48485764474242,90.68207157711042,18.0,Real Betis,150.0,Manuel Pellegrini,4-2-3-1,68000000.0,27.778482981768402,180.63636363636363,234.0,14.4,5.0,4.4,7.6,1.8,0.0,1.67468,1.5363104,1.5363104,15.088454337424588,7.8,70000000.0,28.097716383548004,180.8181818181818,286.6,15.492634508393769,5.632611744841548,4.21770272997147,8.495993502578989,1.461101589474703,2.3227115066290463e-05,1.9168776327676127,1.830067092419977,1.8286633842063502,13.11952380719903,8.190144195092442,68217627.98457335,28.27466646155985,180.87219942348779,284.89766779948445,5.0,-2.5999999999999996,-1.6,-0.40000000000000036,5.6,-0.40000000000000013,0.0,-0.6638399999999998,-0.49583480000000013,-0.6444894000000001,0.05122228842783194,-3.8,-6.181890556987547,-3.8354168082574738,-3.0529334339386165,-0.7273872871966272,3.232217944299549,0.07053670261895384,0.008647584021533981,-1.272657886060159,-1.0583923855927302,-1.107626570793675,-4.994829587864599,-13.0,13.0,2.5999999999999996,1.6,0.40000000000000036,5.6,0.40000000000000013,0.0,0.6638399999999998,0.49583480000000013,0.6444894000000001,0.05122228842783194,3.8,1.0583923855927302,1.272657886060159,6.181890556987547,3.8354168082574738,1.107626570793675,4.994829587864599,0.7273872871966272,3.232217944299549,0.07053670261895384,0.008647584021533981,-0.5000000000000004,0.8660254037844384,-0.7818314824680299,0.6234898018587334,-0.9659258262890683,-0.25881904510252063,26,19,11,51,10,10,0,7,1
H,2025-11-09,13:00,4645545.0,H,Athletic Club,621.0,Ernesto Valverde,4-2-3-1,62500000.0,27.91238877481177,181.9090909090909,153.0,11.2,3.6,3.4,14.0,2.4,0.0,1.14408,1.0052476000000001,0.856592,9.775815295815297,4.8,54100000.0,28.461900317341797,182.74545454545455,149.0,10.430162336050353,3.70873600107492,3.1054743187509857,13.158597492109285,2.3315817758336177,0.04227003547441358,1.0137956815288591,0.9437511141885712,0.8593756755958749,9.651207992713026,5.308147860410345,61530554.898144655,28.386495208827682,182.54803752612727,143.18438100298442,11.0,Real Oviedo,2497.0,Luis Carrión,4-2-3-1,20600000.0,28.827826519818306,183.54545454545453,203.0,10.8,3.4,4.8,12.8,2.8,0.2,0.89914,1.2471472,1.0984912,12.092380952380953,6.6,18760000.0,28.535473834857818,183.3272727272727,217.8,9.811592299213588,3.1986476222022966,4.305861255632528,14.018932146956866,2.7100840096174164,0.09219927012718525,1.0306830084694947,1.2168596300435757,1.0454076106031445,13.191082514136902,5.5914939548484,18782310.57858697,28.670595088497276,183.5239263606199,218.06383246049378,19.0,0.3999999999999986,0.20000000000000018,-1.4,1.1999999999999993,-0.3999999999999999,-0.2,0.24493999999999994,-0.24189959999999977,-0.24189919999999998,2.316565656565656,-1.7999999999999998,0.6185700368367648,3.539874521423876,0.5100883788726236,-1.200386936881542,-0.8603346548475805,-0.37850223378379866,-0.049929234652771666,-0.01688732694063555,-0.2731085158550045,-0.18603193500726956,-0.2833460944380555,8.0,8.0,0.3999999999999986,0.20000000000000018,1.4,1.1999999999999993,0.3999999999999999,0.2,0.24493999999999994,0.24189959999999977,0.24189919999999998,2.316565656565656,1.7999999999999998,0.2731085158550045,0.01688732694063555,0.6185700368367648,3.539874521423876,0.18603193500726956,0.2833460944380555,1.200386936881542,0.8603346548475805,0.37850223378379866,0.049929234652771666,-0.5000000000000004,0.8660254037844384,-0.7818314824680299,0.6234898018587334,-0.2588190451025208,-0.9659258262890683,2,21,19,46,10,10,24,12,2
D,2025-11-09,15:15,4645549.0,D,Rayo Vallecano,367.0,Iñigo Pérez,4-2-3-1,38500000.0,29.262895899446207,178.54545454545453,91.0,12.6,4.2,6.6,15.0,1.6,0.2,1.56908,1.5485288000000001,1.5485288,9.127275985663083,5.6,32400000.0,28.984481363947488,179.1272727272727,81.0,12.733129037718834,4.020097217923692,5.902951955635291,13.535144584616575,1.4618712101027362,0.06586364314430045,1.1831407956328905,1.466119201343863,1.4616358661069608,9.605245599964503,5.6053571531324495,32519556.871255625,28.869259250221877,179.285326136181,82.41809306801113,10.0,Real Madrid,418.0,Xabi Alonso,4-2-3-1,390000000.0,24.66330657706428,183.45454545454547,466.0,19.8,8.0,5.8,12.0,2.6,0.2,2.2627200000000003,2.76203,2.1448660000000004,8.281926631782508,10.2,318000000.0,25.341596664799955,184.54545454545456,526.2,21.083835204429487,9.19136173822194,6.942472132997516,11.958595794406596,2.225623195758547,0.24197193045864115,2.54138319928456,2.9034100957207394,2.0903542406763376,8.90381050299006,10.966438159344463,317308123.7978644,25.167095590141702,184.4540969665409,512.8558022095543,1.0,-7.200000000000001,-3.8,0.7999999999999998,3.0,-1.0,0.0,-0.6936400000000003,-1.2135012,-0.5963372000000005,-0.8453493538805752,-4.6,-8.350706166710653,-0.7014350969744427,-5.171264520298247,-1.039520177362225,1.5765487902099782,-0.7637519856558106,-0.1761082873143407,-1.3582424036516696,-1.4372908943768763,-0.6287183745693767,-5.3610810062120136,-9.0,9.0,7.200000000000001,3.8,0.7999999999999998,3.0,1.0,0.0,0.6936400000000003,1.2135012,0.5963372000000005,0.8453493538805752,4.6,1.4372908943768763,1.3582424036516696,8.350706166710653,0.7014350969744427,0.6287183745693767,5.3610810062120136,1.039520177362225,1.5765487902099782,0.7637519856558106,0.1761082873143407,-0.5000000000000004,0.8660254037844384,-0.7818314824680299,0.6234898018587334,-0.7071067811865471,-0.7071067811865479,18,20,30,79,10,10,18,21,1
A,2025-11-09,20:00,4645551.0,A,Celta Vigo,940.0,Claudio Giráldez,5-4-1,14000000.0,27.146786136519196,182.27272727272728,76.0,12.2,3.6,3.0,12.4,3.0,0.2,1.1534600000000002,1.4554529999999999,1.4554529999999999,15.818666666666669,8.0,23300000.0,26.86742579802128,180.7818181818182,69.4,13.700798234628053,4.421809256557872,3.550056130667226,11.722634582759568,2.923496873826666,0.1492917800299601,1.3143669585495956,1.5383845795126334,1.5142500505831826,14.79062065700713,9.954470807881721,24583432.187719356,26.94538581550782,180.17924592747386,71.35713243463792,12.0,Barcelona,131.0,Hansi Flick,4-3-3 Attacking,100000000.0,26.364258602451624,183.1818181818182,527.0,19.6,8.0,7.8,9.2,2.4,0.2,1.72712,2.368612,2.2199560000000003,8.370662931839401,12.0,78000000.0,25.74784394250513,182.2181818181818,481.4,18.76365859337351,6.997623088800867,6.751332135272169,9.876318435603585,1.9210752779882478,0.22223125757331827,1.8181777988184618,2.325031938948742,2.238778756627493,8.306477932318016,10.83328594070836,91458112.48195177,25.390430603830197,181.82120503054546,434.66774371571137,2.0,-7.400000000000002,-4.4,-4.8,3.200000000000001,0.6000000000000001,0.0,-0.5736599999999998,-0.9131590000000003,-0.7645030000000004,-7.448003734827267,-4.0,-5.062860358745457,-6.484142724689114,-2.5758138322429946,-3.201276004604943,1.8463161471559832,1.002421595838418,-0.07293947754335817,-0.5038108402688661,-0.7866473594361085,-0.7245287060443104,-0.878815132826638,-10.0,10.0,7.400000000000002,4.4,4.8,3.200000000000001,0.6000000000000001,0.0,0.5736599999999998,0.9131590000000003,0.7645030000000004,7.448003734827267,4.0,0.7866473594361085,0.5038108402688661,5.062860358745457,6.484142724689114,0.7245287060443104,0.878815132826638,3.201276004604943,1.8463161471559832,1.002421595838418,0.07293947754335817,-0.5000000000000004,0.8660254037844384,-0.7818314824680299,0.6234898018587334,-0.8660254037844386,0.5000000000000001,6,4,12,27,24,15,27,6,0
H,2025-11-09,17:30,4645553.0,H,Mallorca,237.0,Jagoba Arrasate,4-4-2 double 6,38100000.0,28.292950034223136,185.27272727272728,165.0,12.0,3.2,3.6,11.2,3.0,0.2,1.03838,1.1663270000000001,1.1663270000000001,12.271033314511575,3.8,43900000.0,27.886404081886628,183.16363636363636,150.0,12.975616891594848,3.0476194447803873,4.021964107363481,10.359604990750853,2.719944418789678,0.11033259811601213,0.7876794352028931,1.1536210928653368,1.1390130949423811,12.698629292333989,3.896817971406555,41290810.56041122,27.84374552622873,183.56342144321607,149.6418225724985,17.0,Getafe,3709.0,José Bordalás,4-3-3 Attacking,31000000.0,28.263082571090784,183.0909090909091,59.0,8.8,2.8,5.2,17.4,3.2,0.4,1.2178800000000003,0.9247022000000001,0.9247022000000001,8.3633860342556,2.0,32340000.0,29.24089353493871,182.01818181818186,119.8,9.10991508665836,2.8805478880625492,5.29684998548865,16.979187312167035,2.5526102939654876,0.30156178671660683,1.2499443980456888,0.9991130602590154,0.9991064133727848,8.5143398738196,1.5748303963094685,33388419.12736686,29.331902411649878,181.97130292640108,129.10891264563267,7.0,3.1999999999999993,0.40000000000000036,-1.6,-6.199999999999999,-0.20000000000000018,-0.2,-0.17950000000000021,0.24162479999999997,0.24162479999999997,-3.9076472802559756,1.7999999999999998,3.8657018049364886,-4.184289418514389,0.16707155671783802,-1.2748858781251684,-6.619582321416182,0.1673341248241904,-0.19122918860059468,-0.4622649628427957,0.1545080326063214,0.1399066815695963,2.3219875750970864,-10.0,10.0,3.1999999999999993,0.40000000000000036,1.6,6.199999999999999,0.20000000000000018,0.2,0.17950000000000021,0.24162479999999997,0.24162479999999997,3.9076472802559756,1.7999999999999998,0.1545080326063214,0.4622649628427957,3.8657018049364886,4.184289418514389,0.1399066815695963,2.3219875750970864,1.2748858781251684,6.619582321416182,0.1673341248241904,0.19122918860059468,-0.5000000000000004,0.8660254037844384,-0.7818314824680299,0.6234898018587334,-0.9659258262890683,-0.25881904510252063,16,10,31,39,20,15,11,20,2
H,2025-11-21,20:00,4645502.0,D,Valencia,1049.0,Carlos Corberán,4-2-3-1,51000000.0,25.83809346027005,181.27272727272728,113.0,12.0,3.2,4.4,13.0,1.8,0.0,0.9454,1.0862496,1.0862496,16.18555740784843,3.6,47400000.0,26.47865098624852,181.36363636363637,94.0,11.873829300937482,3.0531188739352877,4.660210295183229,12.152140964585692,2.0210921947291047,0.005780540757733515,0.9696798311383025,1.1649431378848314,1.1311845422751168,16.671714796269246,3.4635430714852284,49010523.84122636,26.51972092516898,181.41414752073737,98.12138105140696,17.0,Levante,3368.0,Julián Calero,4-5-1,6000000.0,26.671893472714828,179.0,157.0,11.8,4.0,5.2,9.0,1.4,0.2,1.03552,1.4894498000000003,1.319001,17.988392255892258,6.6,6500000.0,26.818343600273785,180.4,198.6,9.956734949047041,3.575518984995894,4.400962821906895,9.49370128895861,1.5302000082909644,0.222230389035444,0.9059672400778114,1.506186610812537,1.310930094246987,20.340327123909876,4.991879958038045,6342525.998892866,26.969667463265903,180.3356978532372,191.31034563136132,19.0,0.1999999999999993,-0.7999999999999998,-0.7999999999999998,4.0,0.40000000000000013,-0.2,-0.09011999999999998,-0.40320020000000034,-0.23275140000000016,1.802834848043826,-2.9999999999999996,1.9170943518904409,3.6686123276406306,-0.5224001110606062,0.2592474732763339,2.6584396756270827,0.49089218643814037,-0.2164498482777105,0.0637125910604911,-0.3412434729277056,-0.17974555197187025,-1.5283368865528169,2.0,2.0,0.1999999999999993,0.7999999999999998,0.7999999999999998,4.0,0.40000000000000013,0.2,0.09011999999999998,0.40320020000000034,0.23275140000000016,1.802834848043826,2.9999999999999996,0.3412434729277056,0.0637125910604911,1.9170943518904409,3.6686123276406306,0.17974555197187025,1.5283368865528169,0.2592474732763339,2.6584396756270827,0.49089218643814037,0.2164498482777105,-0.5000000000000004,0.8660254037844384,-0.433883739117558,-0.9009688679024191,-0.8660254037844386,0.5000000000000001,26,15,11,44,10,21,0,16,2
A,2025-11-22,13:00,4645504.0,D,Alaves,1108.0,Eduardo Coudet,4-4-2,31500000.0,27.777985190716198,179.63636363636363,39.0,15.4,3.8,5.6,13.2,2.8,0.2,2.0304800000000003,1.9019260000000002,1.7532699999999999,9.431330698287221,5.4,29100000.0,27.43515649306204,179.14545454545456,31.4,13.54664452245241,3.941526877122673,3.727547055812685,14.294458694293132,2.9612021166086393,0.22243202122131875,1.8742269476623499,1.7674832688382114,1.6935060019306816,10.109658114560027,5.1025539678941625,27375412.13240974,27.577404205364328,179.31671277395245,29.109638451060125,10.0,Celta Vigo,940.0,Claudio Giráldez,3-4-3,31800000.0,27.416091095762553,177.63636363636363,91.0,11.6,3.8,3.0,11.0,2.6,0.2,1.1546800000000004,1.3935499999999998,1.3935499999999998,16.49757575757576,7.8,21000000.0,27.17277082944434,180.83636363636364,72.6,10.800532156418702,3.947872837705248,3.0333707537781507,12.148423055173046,2.282331249217777,0.09952785335330673,0.8973446390330637,1.1963407196750888,1.1802510337221217,14.845262256186572,7.969647205254481,21055621.458479572,27.012519255844946,180.87707304255832,72.90475495642528,13.0,3.8000000000000007,0.0,2.5999999999999996,2.1999999999999993,0.19999999999999973,0.0,0.8757999999999999,0.5083760000000004,0.35972000000000004,7.066245059288539,-2.3999999999999995,2.7461123660337083,4.7356041416265455,-0.006345960582575305,0.6941763020345344,2.146035639120086,0.6788708673908621,0.12290416786801202,0.9768823086292862,0.5711425491631226,0.5132549682085599,-2.8670932373603186,3.0,3.0,3.8000000000000007,0.0,2.5999999999999996,2.1999999999999993,0.19999999999999973,0.0,0.8757999999999999,0.5083760000000004,0.35972000000000004,7.066245059288539,2.3999999999999995,0.5711425491631226,0.9768823086292862,2.7461123660337083,4.7356041416265455,0.5132549682085599,2.8670932373603186,0.6941763020345344,2.146035639120086,0.6788708673908621,0.12290416786801202,-0.5000000000000004,0.8660254037844384,-0.9749279121818236,-0.2225209339563146,-0.2588190451025208,-0.9659258262890683,0,6,18,12,18,3,2,27,0
H,2025-11-22,15:15,4645500.0,H,Barcelona,131.0,Hansi Flick,4-3-3 Attacking,90000000.0,24.77680293696721,182.1818181818182,387.0,19.4,7.4,6.4,10.0,3.2,0.4,1.7665399999999998,2.4525760000000005,2.155264,8.885015873015874,9.8,88000000.0,25.643307821541907,182.14545454545456,469.8,19.509105728915674,7.665082059200579,6.167554756848112,9.917545623735723,2.9473835186588317,0.4814875050488789,2.178418532545641,2.6931412926324945,2.3878791710849954,9.257651954878677,9.888857293805573,94305408.32130118,25.715039936704006,182.2747427476364,465.4451624771409,2.0,Athletic Club,621.0,Ernesto Valverde,4-2-3-1,102500000.0,27.959430029245222,181.72727272727272,156.0,12.2,4.2,3.8,14.2,2.6,0.0,1.48658,1.2231116,1.074456,9.959979518689197,5.8,58100000.0,28.298923526849602,182.34545454545454,149.4,13.9534415573669,4.805824000716613,4.40364954583399,12.772398328072859,1.8877211838890784,0.028180023649609056,1.6225971210192391,1.5132307427923808,1.4569804503972499,9.831988124174275,6.872098573606896,61853703.26542977,28.22845973082238,182.3350553204485,146.4562540019896,7.0,7.199999999999999,3.2,2.6000000000000005,-4.199999999999999,0.6000000000000001,0.4,0.27995999999999976,1.2294644000000006,1.0808079999999998,1.0749636456733231,4.000000000000001,5.555664171548774,0.5743361692955986,2.8592580584839657,1.763905211014122,-2.8548527043371354,1.0596623347697534,0.45330748139926985,0.555821411526402,1.1799105498401137,0.9308987206877455,3.016758720198678,5.0,5.0,7.199999999999999,3.2,2.6000000000000005,4.199999999999999,0.6000000000000001,0.4,0.27995999999999976,1.2294644000000006,1.0808079999999998,1.0749636456733231,4.000000000000001,1.1799105498401137,0.555821411526402,5.555664171548774,0.5743361692955986,0.9308987206877455,3.016758720198678,1.763905211014122,2.8548527043371354,1.0596623347697534,0.45330748139926985,-0.5000000000000004,0.8660254037844384,-0.9749279121818236,-0.2225209339563146,-0.7071067811865471,-0.7071067811865479,4,2,27,19,15,10,6,24,2
H,2025-11-22,20:00,4645503.0,D,Villarreal,1050.0,Marcelino,4-4-2 double 6,85500000.0,27.366809781594178,184.27272727272728,174.0,10.6,4.0,3.0,11.4,2.4,0.2,1.8133000000000004,1.7491783999999995,1.6005224000000002,21.236372549019602,7.2,98700000.0,26.50075290896646,184.6,195.0,11.562616903736469,4.4054255777478,3.2488220782220907,10.428921906237349,2.137087209912156,0.0661365142096342,2.1353326559064727,1.9216411461801879,1.8115223663362088,21.687864863839053,8.055913800160202,97311536.38273768,26.525045345315437,184.53766072743437,202.57018358397303,3.0,Mallorca,237.0,Jagoba Arrasate,4-2-3-1,32500000.0,27.21274345093647,183.27272727272728,114.0,10.8,3.4,3.0,11.4,2.6,0.2,1.11026,1.218499,1.218499,11.811703170970906,3.4,42180000.0,27.822437931678177,183.63636363636365,145.0,10.650411261063232,3.3650796298535917,3.014642738242321,11.906403327167235,1.8132962791931186,0.07355506541067476,1.2389529568019289,1.2035907285768912,1.1938520632949208,11.518384440503361,3.2645453142710372,40227207.04027415,27.993480362226865,184.13319005305314,154.76121504833233,15.0,-0.20000000000000107,0.6000000000000001,0.0,0.0,-0.20000000000000018,0.0,0.7030400000000003,0.5306793999999995,0.38202340000000024,-9.424669378048696,3.8000000000000003,0.9122056426732374,-10.169480423335692,1.0403459478942083,0.2341793399797698,-1.4774814209298857,0.3237909307190372,-0.007418551201040555,0.8963796991045438,0.7180504176032967,0.617670303041288,4.791368485889164,12.0,12.0,0.20000000000000107,0.6000000000000001,0.0,0.0,0.20000000000000018,0.0,0.7030400000000003,0.5306793999999995,0.38202340000000024,9.424669378048696,3.8000000000000003,0.7180504176032967,0.8963796991045438,0.9122056426732374,10.169480423335692,0.617670303041288,4.791368485889164,0.2341793399797698,1.4774814209298857,0.3237909307190372,0.007418551201040555,-0.5000000000000004,0.8660254037844384,-0.9749279121818236,-0.2225209339563146,-0.8660254037844386,0.5000000000000001,27,16,52,31,20,10,1,11,2
A,2025-11-22,17:30,4645498.0,H,Osasuna,331.0,Alessio Lisci,5-4-1,55100000.0,27.993279820795223,184.54545454545453,28.0,10.6,4.0,3.4,12.4,2.2,0.0,1.18368,1.1170373999999998,0.8197268000000001,10.476546583850931,5.4,49060000.0,28.492614025262895,184.1818181818182,50.6,10.638717211860808,3.8755800081530833,4.010733264506595,12.980284149377553,2.278717756251034,0.023362894569743196,1.1863876813571073,1.0950294380632364,0.8597101931902801,10.576384802007437,5.579076310237778,49514770.53079977,28.282753985992883,184.08312544140003,44.74997014370007,16.0,Real Sociedad,681.0,Sergio Francisco,4-2-3-1,63000000.0,26.60543836724535,182.36363636363637,176.0,10.8,4.6,5.4,17.4,2.0,0.0,2.0716,1.5723696,1.2750604,9.136919769780182,5.4,101000000.0,26.636749424429098,180.43636363636364,163.2,11.10776447857031,4.598361137942638,4.744831197162175,16.98777968341891,2.300927167803838,3.740377689426112e-05,1.971967379742549,1.6148319074470205,1.2458516022674104,9.923160015333364,4.983109838112463,105321241.59921165,26.48938064444791,180.29460016535168,165.3197750340477,14.0,-0.20000000000000107,-0.5999999999999996,-2.0000000000000004,-4.999999999999998,0.20000000000000018,0.0,-0.88792,-0.4553322000000002,-0.4553336,-1.3396268140707495,0.0,-0.46904726670950225,-0.6532247866740732,-0.722781129789555,-0.7340979326555797,-4.007495534041357,-0.02220941155280398,0.023325490792848933,-0.7855796983854417,-0.5198024693837842,-0.38614140907713035,0.5959664721253155,-2.0,2.0,0.20000000000000107,0.5999999999999996,2.0000000000000004,4.999999999999998,0.20000000000000018,0.0,0.88792,0.4553322000000002,0.4553336,1.3396268140707495,0.0,0.5198024693837842,0.7855796983854417,0.46904726670950225,0.6532247866740732,0.38614140907713035,0.5959664721253155,0.7340979326555797,4.007495534041357,0.02220941155280398,0.023325490792848933,-0.5000000000000004,0.8660254037844384,-0.9749279121818236,-0.2225209339563146,-0.9659258262890683,-0.25881904510252063,17,22,4,73,24,10,15,25,0
A,2025-11-23,17:30,4645501.0,D,Getafe,3709.0,José Bordalás,4-1-4-1,32600000.0,28.76062472777052,182.8181818181818,149.0,9.4,2.6,6.8,16.0,2.8,0.4,1.1453400000000002,0.8664436,0.8664436,8.59121212121212,2.0,31860000.0,29.25532947545268,182.1818181818182,102.2,10.739943391105575,2.9203652587083666,8.197899990325766,13.986124874778023,2.3684068626436585,0.20104119114440455,1.0340295986971257,0.8459667068393436,0.8459622755818565,7.809559915879734,2.049886930872979,32592279.41824457,28.975629131463517,182.34450498123707,105.73927509708845,8.0,Atletico Madrid,13.0,Diego Simeone,4-1-4-1,219000000.0,28.068695165204407,180.8181818181818,405.0,14.6,6.0,8.4,10.4,1.6,0.2,1.77016,1.9707674000000002,1.8221133999999999,12.364097744360903,10.8,274800000.0,28.3359094020285,181.1818181818182,536.8,17.049620388058333,7.096726670855364,11.265480473304804,9.529278907934785,1.8228424716120617,0.08539135854632383,2.1745739712304744,2.4464767272854173,2.233852729968444,10.90402141532376,12.63593918634769,283053823.8272397,28.128374454621703,181.42963664509344,518.2056821846446,4.0,-5.199999999999999,-3.4,-1.6000000000000005,5.6,1.1999999999999997,0.2,-0.6248199999999997,-1.1043238000000002,-0.9556697999999999,3.772885623148783,-8.8,-6.309676996952758,3.0944614994440256,-4.176361412146997,-3.0675804829790376,4.456845966843238,0.5455643910315968,0.11564983259808072,-1.1405443725333486,-1.6005100204460736,-1.3878904543865875,-10.58605225547471,-4.0,4.0,5.199999999999999,3.4,1.6000000000000005,5.6,1.1999999999999997,0.2,0.6248199999999997,1.1043238000000002,0.9556697999999999,3.772885623148783,8.8,1.6005100204460736,1.1405443725333486,6.309676996952758,3.0944614994440256,1.3878904543865875,10.58605225547471,3.0675804829790376,4.456845966843238,0.5455643910315968,0.11564983259808072,-0.5000000000000004,0.8660254037844384,-0.7818314824680299,0.6234898018587334,-0.9659258262890683,-0.25881904510252063,10,3,39,16,9,9,20,5,0
D,2025-11-23,13:00,4645499.0,D,Real Oviedo,2497.0,Luis Carrión,4-2-3-1,10600000.0,30.523551739157487,182.27272727272728,267.0,9.8,3.0,4.8,12.0,2.2,0.0,0.7617200000000001,1.0842578,0.9356017999999999,12.596825396825398,5.4,19480000.0,28.71353369423185,183.5272727272727,232.4,8.195270648247353,2.795995031715481,4.203115607429671,11.997037992206243,2.1356284785102733,0.06122746968303487,0.7160302007224874,0.8694608975793838,0.7556034526353715,13.313517174308497,5.056875479998863,19392913.178279873,28.723412648850037,183.5311581602177,213.00355365083584,20.0,Rayo Vallecano,367.0,Iñigo Pérez,4-2-3-1,33500000.0,29.017982701760936,177.9090909090909,76.0,11.6,3.4,5.2,16.0,1.6,0.0,1.50206,1.4916247999999999,1.4916247999999999,9.087275985663084,5.8,33400000.0,28.868944060730506,179.09090909090907,81.6,12.822086025145888,3.3467314786157947,5.6019679704235275,14.690096389744383,1.9745808067351576,0.04390909542953363,1.4698605304219268,1.5128828008959088,1.5098939107379739,9.736830399976336,6.7369047687549655,34513037.914170414,29.00047146662999,179.03870227260552,85.27872871200742,12.0,-1.799999999999999,-0.3999999999999999,-0.40000000000000036,-4.0,0.6000000000000001,0.0,-0.7403399999999999,-0.4073669999999998,-0.5560229999999999,-3.5095494111623147,-0.39999999999999947,-4.626815376898534,-3.5766867743321615,-0.5507364469003138,-1.398852362993856,-2.69305839753814,0.1610476717751157,0.01731837425350124,-0.7538303296994394,-0.6434219033165249,-0.7542904581026023,-1.6800292887561028,-8.0,8.0,1.799999999999999,0.3999999999999999,0.40000000000000036,4.0,0.6000000000000001,0.0,0.7403399999999999,0.4073669999999998,0.5560229999999999,3.5095494111623147,0.39999999999999947,0.6434219033165249,0.7538303296994394,4.626815376898534,3.5766867743321615,0.7542904581026023,1.6800292887561028,1.398852362993856,2.69305839753814,0.1610476717751157,0.01731837425350124,-0.5000000000000004,0.8660254037844384,-0.7818314824680299,0.6234898018587334,-0.2588190451025208,-0.9659258262890683,21,18,46,30,10,10,12,18,1
D,2025-11-23,15:15,4645495.0,A,Real Betis,150.0,Manuel Pellegrini,4-2-3-1,56000000.0,27.947980835044493,180.27272727272728,135.0,13.8,4.2,3.8,8.4,2.4,0.0,1.52248,1.6162644,1.6162644,13.696146645116894,7.8,69500000.0,28.113944371849914,180.76363636363638,273.4,13.328423005595846,4.421741163227699,3.4784684866476465,8.997329001719326,1.9740677263164688,1.5484743377526974e-05,1.6533184218450752,1.749818061613318,1.748882256137567,11.925836384286534,7.793429463394961,68145085.3230489,28.10927196829603,180.79358749444637,267.93177853298965,5.0,Girona,12321.0,Míchel,4-1-4-1,104900000.0,27.04897019476075,182.36363636363637,285.0,8.2,4.0,5.0,11.4,2.4,0.4,1.03108,1.581306,1.1353382,15.524025795714588,3.2,94780000.0,27.907410864289716,181.6,345.8,8.941632871542085,3.533038166654776,5.438148169336719,11.198828502153358,1.5371561848664028,0.17456820421902608,1.0495061186093317,1.4672980623688903,1.0818685667959693,13.762289777815433,3.112183788670232,96425125.07527322,27.897824281783627,181.85505453503538,357.6917264730301,18.0,5.600000000000001,0.20000000000000018,-1.2000000000000002,-3.0,0.0,-0.4,0.49140000000000006,0.034958399999999834,0.48092619999999986,1.8278791505976937,4.6,4.386790134053761,1.836453393528899,0.8887029965729227,-1.9596796826890723,-2.201499500434032,0.43691154145006594,-0.17455271947564854,0.6038123032357434,0.28251999924442783,0.6670136893415977,4.681245674724729,13.0,13.0,5.600000000000001,0.20000000000000018,1.2000000000000002,3.0,0.0,0.4,0.49140000000000006,0.034958399999999834,0.48092619999999986,1.8278791505976937,4.6,0.28251999924442783,0.6038123032357434,4.386790134053761,1.836453393528899,0.6670136893415977,4.681245674724729,1.9596796826890723,2.201499500434032,0.43691154145006594,0.17455271947564854,-0.5000000000000004,0.8660254037844384,-0.7818314824680299,0.6234898018587334,-0.7071067811865471,-0.7071067811865479,19,11,51,56,10,9,7,3,1
D,2025-11-23,20:00,4645496.0,D,Elche,1531.0,Eder Sarabia,5-3-2,5000000.0,26.104411673200175,181.45454545454547,72.0,11.0,3.6,3.2,13.6,1.4,0.2,0.7835799999999999,0.7913958000000002,0.7913958,9.27906015037594,5.6,10800000.0,27.2461950096447,181.63636363636365,51.0,11.549757870152922,3.6377125538963972,2.7295608251188064,14.070507599367767,1.4260886797903929,0.06592807572305992,0.873141368671091,0.9589004315518896,0.9262722963874657,9.376141496140002,5.84353245898405,10391542.58357608,27.436892845447172,181.66001479104355,50.89049625913157,11.0,Real Madrid,418.0,Xabi Alonso,3-4-1-2,305000000.0,25.203658764233715,182.72727272727272,379.0,22.8,8.6,7.0,10.6,2.2,0.2,2.3422,2.7247285999999997,2.1075646000000003,9.100308984723686,10.8,330000000.0,25.084836040072183,184.34545454545454,510.0,21.055890136286326,7.794241158814626,7.294981421998344,10.305730529604398,2.1504154638390314,0.16131462030576077,1.9306554661897068,2.2160943971471596,1.6740571604508918,10.456707001993374,9.977625439562976,341538749.1985763,24.999165919115896,184.12091312920907,497.23720147303624,1.0,-11.8,-5.0,-3.8,3.0,-0.8000000000000003,0.0,-1.5586200000000001,-1.9333327999999996,-1.3161688000000002,-0.17875116565225468,-5.200000000000001,-9.506132266133404,1.0805655058533716,-4.156528604918229,-4.565420596879537,3.764777069763369,-0.7243267840486385,-0.09538654458270085,-1.0575140975186157,-1.25719396559527,-0.7477848640634261,-4.134092980578926,-10.0,10.0,11.8,5.0,3.8,3.0,0.8000000000000003,0.0,1.5586200000000001,1.9333327999999996,1.3161688000000002,0.17875116565225468,5.200000000000001,1.25719396559527,1.0575140975186157,9.506132266133404,1.0805655058533716,0.7477848640634261,4.134092980578926,4.565420596879537,3.764777069763369,0.7243267840486385,0.09538654458270085,-0.5000000000000004,0.8660254037844384,-0.7818314824680299,0.6234898018587334,-0.8660254037844386,0.5000000000000001,8,20,17,79,23,1,8,21,1
H,2025-11-24,20:00,4645497.0,D,Espanyol,714.0,Manolo González,4-4-2,25200000.0,28.810154937464997,182.1818181818182,23.0,16.2,5.4,5.8,11.8,1.8,0.0,1.5191999999999999,1.9509733999999999,1.8023174000000002,13.592999592999593,7.4,14200000.0,27.812979901686266,181.76363636363635,37.2,15.889715707377,4.468976597499764,4.985502787166658,11.18937876723624,1.422210508682995,0.014147976613795578,1.1592210034685695,1.4501388943844924,1.3852381851775057,13.05989956203918,6.808050518608461,17122430.533307094,27.786061769109,181.8534604696837,36.33237803263625,6.0,Sevilla,368.0,Matías Almeyda,4-2-3-1,43200000.0,26.895650550681353,184.54545454545453,251.0,10.4,3.2,6.8,16.2,4.0,0.0,0.8882,1.1999446,0.9026339999999999,8.796648221343874,4.2,45960000.0,27.8021778358534,183.36363636363637,339.0,9.826794361837825,2.9605567150427383,5.696492553680263,16.66505025306124,3.822810156394644,0.003763944241234005,0.8671698639865834,0.947431770258644,0.6501667580127587,9.020953564661054,4.400123640228462,48166181.817046665,27.458704520760804,183.65843995309442,307.3332217061189,9.0,5.799999999999999,2.2,-1.0,-4.399999999999999,-2.2,0.0,0.6309999999999999,0.7510287999999998,0.8996834000000002,-4.796351371655719,3.2,6.062921345539175,-4.038945997378125,1.5084198824570256,-0.7109897665136042,-5.475671485824998,-2.400599647711649,0.010384032372561573,0.29205113948198613,0.5027071241258484,0.735071427164747,2.4079268783799987,3.0,3.0,5.799999999999999,2.2,1.0,4.399999999999999,2.2,0.0,0.6309999999999999,0.7510287999999998,0.8996834000000002,4.796351371655719,3.2,0.5027071241258484,0.29205113948198613,6.062921345539175,4.038945997378125,0.735071427164747,2.4079268783799987,0.7109897665136042,5.475671485824998,2.400599647711649,0.010384032372561573,-0.5000000000000004,0.8660254037844384,0.0,1.0,-0.8660254037844386,0.5000000000000001,9,25,50,54,18,10,26,19,2
H,2025-11-28,20:00,4645767.0,D,Getafe,3709.0,José Bordalás,4-4-2,31600000.0,30.593989173044612,182.45454545454547,160.0,10.0,2.4,6.8,15.0,2.4,0.4,0.9715400000000003,0.8109062,0.8109062,8.934545454545454,2.8,32080000.0,29.117590691307328,182.27272727272728,121.4,10.15996226073705,2.280243505805578,7.4652666602171776,12.324083249852015,2.2456045750957725,0.13402746076293637,0.8881863991314173,0.7569204712262291,0.7569175170545711,9.556373277253156,3.6999246205819865,32594852.94549638,28.903960996899183,182.50239726021866,120.15951673139232,7.0,Elche,1531.0,Eder Sarabia,5-3-2,15500000.0,25.474705992159787,182.27272727272728,78.0,12.8,4.2,2.8,13.8,2.0,0.2,0.7993,0.9781244000000001,0.9781244000000001,9.002744360902257,7.0,10000000.0,27.13613340800199,181.5818181818182,60.2,12.699838580101948,4.425141702597599,2.4863738834125377,12.713671732911843,2.2840591198602618,0.3772853838153733,0.6704942457807274,1.170993621034593,1.149241530924977,10.040234681637195,7.562354972656034,8594361.722384052,26.99273245469817,181.59152501221084,57.92699750608771,10.0,-2.8000000000000007,-1.8000000000000003,4.0,1.1999999999999993,0.3999999999999999,0.2,0.17224000000000028,-0.1672182000000001,-0.1672182000000001,0.06819890635680359,-4.2,-2.5398763193648985,0.48386140438403835,-2.144898196792021,4.97889277680464,-0.3895884830598284,-0.038454544764489285,-0.24325792305243693,0.21769215335068992,-0.41407314980836396,-0.39232401387040594,-3.8624303520740475,3.0,3.0,2.8000000000000007,1.8000000000000003,4.0,1.1999999999999993,0.3999999999999999,0.2,0.17224000000000028,0.1672182000000001,0.1672182000000001,0.06819890635680359,4.2,0.41407314980836396,0.21769215335068992,2.5398763193648985,0.48386140438403835,0.39232401387040594,3.8624303520740475,4.97889277680464,0.3895884830598284,0.038454544764489285,0.24325792305243693,-0.5000000000000004,0.8660254037844384,-0.433883739117558,-0.9009688679024191,-0.8660254037844386,0.5000000000000001,10,8,39,17,18,23,20,8,2
H,2025-11-29,20:00,4645768.0,H,Atletico Madrid,13.0,Diego Simeone,5-3-2,135000000.0,28.890548192396242,182.72727272727272,588.0,16.0,7.0,9.2,11.8,1.6,0.0,2.15328,2.1239568,1.9753028000000001,9.448621553884712,11.6,261000000.0,28.1859747371041,181.1818181818182,511.8,15.699746925372223,6.731151113903576,9.84365364886987,12.019519271956524,2.215228314408041,0.05692757236421589,2.1683493141536494,2.1232411515236116,1.9814918199789628,8.951887292755522,10.757292790898461,261702549.2181598,28.108481358149273,181.22581836945622,480.4704547897631,4.0,Real Oviedo,2497.0,Luis Carrión,4-2-3-1,15600000.0,29.986684089353492,182.27272727272728,302.0,8.8,3.2,4.0,12.2,2.0,0.2,0.76132,0.967037,0.8183809999999999,12.187176274018379,4.6,17900000.0,29.06935473834858,183.50909090909093,227.6,8.129844256243652,2.86434790064629,4.470115646185593,11.66297550454534,1.7551305661386105,0.37576782749974624,0.7725103418317909,0.7454721823821617,0.6697632348816082,14.002022834937977,4.032654301567778,16446804.330789829,29.326558113059537,183.10951469616663,231.09532882214648,20.0,7.199999999999999,3.8,5.199999999999999,-0.3999999999999986,-0.3999999999999999,-0.2,1.39196,1.1569198000000003,1.1569218000000001,2.738554720133667,7.0,7.56990266912857,5.0501355421824545,3.866803213257286,5.373538002684277,0.35654376741118377,0.4600977482694306,-0.3188402551355304,1.3958389723218585,1.3777689691414499,1.3117285850973546,6.724638489330683,16.0,16.0,7.199999999999999,3.8,5.199999999999999,0.3999999999999986,0.3999999999999999,0.2,1.39196,1.1569198000000003,1.1569218000000001,2.738554720133667,7.0,1.3777689691414499,1.3958389723218585,7.56990266912857,5.0501355421824545,1.3117285850973546,6.724638489330683,5.373538002684277,0.35654376741118377,0.4600977482694306,0.3188402551355304,-0.5000000000000004,0.8660254037844384,-0.9749279121818236,-0.2225209339563146,-0.8660254037844386,0.5000000000000001,3,21,16,46,23,10,5,12,2
H,2025-11-29,15:15,4645764.0,H,Barcelona,131.0,Hansi Flick,4-2-3-1,90000000.0,24.28050525791799,182.63636363636363,320.0,19.8,7.2,6.2,10.0,2.2,0.4,1.9939799999999999,2.4219600000000003,2.273304,9.33422222222222,10.8,98000000.0,25.133619563188354,181.7818181818182,424.6,19.339403819277116,7.443388039467052,5.778369837898741,9.611697082490481,1.9649223457725544,0.32099167003258594,2.1974456883637608,2.57183419508833,2.368326114056664,9.412508710659857,11.592571529203715,92870272.21420078,25.402294270125072,182.24376789236365,439.2967749847606,2.0,Alaves,1108.0,Eduardo Coudet,4-1-4-1,31000000.0,27.857880654595235,179.36363636363637,32.0,11.4,3.2,3.6,14.8,2.6,0.2,1.5650400000000002,1.3929200000000002,1.39292,9.631330698287218,4.2,28800000.0,27.576379814572828,179.27272727272728,32.2,10.697763014968274,3.294351251415115,3.818364703875124,16.529639129528757,2.640801411072426,0.14828801414754583,1.3790512984415664,1.2801888458921409,1.2308706679537877,9.884216520817796,3.401702645262775,28750274.754939824,27.64426453381495,179.42326306142286,32.40642563404008,14.0,8.4,4.0,2.6,-4.800000000000001,-0.3999999999999999,0.2,0.42893999999999965,1.0290400000000002,0.880384,0.2971084760649987,6.6000000000000005,8.641640804308842,0.4717078101579393,4.149036788051937,1.9600051340236173,-6.9179420470382755,-0.6758790652998716,0.1727036558850401,0.8183943899221944,1.291645349196189,1.137455446102876,8.19086888394094,12.0,12.0,8.4,4.0,2.6,4.800000000000001,0.3999999999999999,0.2,0.42893999999999965,1.0290400000000002,0.880384,0.2971084760649987,6.6000000000000005,1.291645349196189,0.8183943899221944,8.641640804308842,0.4717078101579393,1.137455446102876,8.19086888394094,1.9600051340236173,6.9179420470382755,0.6758790652998716,0.1727036558850401,-0.5000000000000004,0.8660254037844384,-0.9749279121818236,-0.2225209339563146,-0.7071067811865471,-0.7071067811865479,4,0,27,18,10,9,6,2,2
A,2025-11-29,17:30,4645765.0,A,Levante,3368.0,Julián Calero,4-4-2,4500000.0,26.829444340737975,180.72727272727272,199.0,10.6,3.2,4.6,10.0,1.6,0.2,0.78426,1.3000598,1.1296110000000001,17.199431216931217,5.4,6500000.0,26.906253500093335,180.34545454545454,189.8,9.30448996603136,2.717012656663929,2.933975214604597,11.329134192639074,2.0201333388606426,0.14815359269029602,0.7982448267185408,1.2288777405416913,1.0987067294979913,17.21497998736849,4.99458663869203,6228350.665928577,26.87040946641555,179.89046523549146,179.87356375424088,19.0,Athletic Club,621.0,Ernesto Valverde,4-2-3-1,69000000.0,27.27098500404455,182.8181818181818,116.0,11.2,3.6,3.8,12.8,2.0,0.2,1.07492,1.0856396,1.0856396,11.75283666154634,6.2,74900000.0,28.285184493808725,182.1818181818182,147.2,13.635627704911267,3.8705493338110752,5.26909969722266,11.51493221871524,1.9251474559260522,0.352120015766406,1.2756980806794929,1.3575371618615872,1.3200369669315,12.804658749449516,6.24806571573793,75402468.84361984,28.138783163629995,182.13246112272324,149.63750266799306,8.0,-0.5999999999999996,-0.3999999999999999,0.7999999999999998,-2.8000000000000007,-0.3999999999999999,0.0,-0.29066000000000014,0.21442020000000017,0.043971400000000216,-5.446594555384877,-0.7999999999999998,-4.331137738879907,-4.410321237918975,-1.1535366771471462,-2.335124482618063,-0.18579802607616536,0.09498588293459043,-0.20396642307611,-0.47745325396095206,-0.12865942131989594,-0.22133023743350866,-1.2534790770459,-11.0,11.0,0.5999999999999996,0.3999999999999999,0.7999999999999998,2.8000000000000007,0.3999999999999999,0.0,0.29066000000000014,0.21442020000000017,0.043971400000000216,5.446594555384877,0.7999999999999998,0.12865942131989594,0.47745325396095206,4.331137738879907,4.410321237918975,0.22133023743350866,1.2534790770459,2.335124482618063,0.18579802607616536,0.09498588293459043,0.20396642307611,-0.5000000000000004,0.8660254037844384,-0.9749279121818236,-0.2225209339563146,-0.9659258262890683,-0.25881904510252063,15,2,44,19,18,10,16,24,0
D,2025-11-29,13:00,4645761.0,D,Mallorca,237.0,Jagoba Arrasate,4-2-3-1,38100000.0,28.347707049965777,185.27272727272728,165.0,11.2,3.6,2.8,10.4,1.8,0.0,1.1755600000000002,1.4526724000000002,1.4526724000000002,13.128369837637573,3.4,39740000.0,27.69122021031672,183.7090909090909,136.2,10.100274174042154,3.2433864199023943,2.343095158828214,10.604268884778156,1.8755308527954124,0.049036710273783174,1.0066686378679526,1.2639404857179275,1.2574480421966139,15.20670073811335,2.843030209514025,37651471.36018277,27.733234725130064,183.84636912627786,141.1741433655549,16.0,Osasuna,331.0,Alessio Lisci,5-4-1,55600000.0,27.251820048534626,184.1818181818182,66.0,12.0,4.2,3.8,12.8,2.6,0.2,1.15142,1.2345602000000002,0.9372496,11.371546583850932,6.8,50260000.0,28.255267251571155,184.25454545454545,44.0,11.759144807907205,3.917053338768722,3.67382217633773,12.986856099585035,2.519145170834023,0.3489085963798288,1.1226584542380715,1.1565662920421576,0.9996867954601868,12.842589868004959,6.052717540158518,51376513.68719985,28.186262597593664,184.23723514275153,39.16664676246671,17.0,-0.8000000000000007,-0.6000000000000001,-1.0,-2.4000000000000004,-0.8,-0.2,0.02414000000000005,0.21811219999999998,0.5154228000000002,-1.7568232537866404,-3.4,-1.6588706338650514,-2.364110870108391,-0.6736669188663278,-1.330727017509516,-2.382587214806879,-0.6436143180386105,-0.29987188610604565,-0.11598981637011896,0.10737419367576995,0.2577612467364271,-3.2096873306444933,1.0,1.0,0.8000000000000007,0.6000000000000001,1.0,2.4000000000000004,0.8,0.2,0.02414000000000005,0.21811219999999998,0.5154228000000002,1.7568232537866404,3.4,0.10737419367576995,0.11598981637011896,1.6588706338650514,2.364110870108391,0.2577612467364271,3.2096873306444933,1.330727017509516,2.382587214806879,0.6436143180386105,0.29987188610604565,-0.5000000000000004,0.8660254037844384,-0.9749279121818236,-0.2225209339563146,-0.2588190451025208,-0.9659258262890683,16,17,31,4,10,24,11,15,1
D,2025-11-30,20:00,4645760.0,H,Girona,12321.0,Míchel,4-2-3-1,104900000.0,27.068135150270674,182.36363636363637,285.0,9.6,4.0,5.0,12.0,2.2,0.0,1.1782400000000002,1.646282,1.2003142,15.67941426689253,4.2,99080000.0,27.69256424615768,181.83636363636361,341.0,9.627755247694724,3.6886921111031845,3.6254321128911458,12.799219001435572,2.3581041232442685,0.11637880281268405,1.1363707457395547,1.4745420415792603,1.2175890445306463,13.714542391559496,4.074789192446821,99250083.38351548,27.61487291944267,182.02458181123572,333.46115098202006,18.0,Real Madrid,418.0,Xabi Alonso,4-3-3 Attacking,365000000.0,26.938958372223258,182.9090909090909,597.0,21.6,8.6,7.8,10.4,1.8,0.2,2.2877,2.6365726,2.1680626,9.92609609117046,10.0,357000000.0,25.090461078962107,184.03636363636366,492.6,20.70392675752422,7.529494105876417,7.529987614665562,9.537153686402933,1.4336103092260208,0.10754308020384051,2.1652036441264713,2.7715895980981067,2.410231440300594,10.28997858103906,9.651750293041983,329359166.1323842,25.06733020082184,183.65636632856362,457.8248009820242,1.0,-12.000000000000002,-4.6,-2.8,1.5999999999999996,0.40000000000000013,-0.2,-1.10946,-0.9902906,-0.9677483999999998,-5.75331817572207,-5.8,-11.076171509829495,-3.4245638105204357,-3.840801994773232,-3.9045555017744165,3.2620653150326397,0.9244938140182477,0.008835722608843535,-1.0288328983869166,-1.2970475565188464,-1.192642395769948,-5.576961100595162,-17.0,17.0,12.000000000000002,4.6,2.8,1.5999999999999996,0.40000000000000013,0.2,1.10946,0.9902906,0.9677483999999998,5.75331817572207,5.8,1.2970475565188464,1.0288328983869166,11.076171509829495,3.4245638105204357,1.192642395769948,5.576961100595162,3.9045555017744165,3.2620653150326397,0.9244938140182477,0.008835722608843535,-0.5000000000000004,0.8660254037844384,-0.7818314824680299,0.6234898018587334,-0.8660254037844386,0.5000000000000001,11,20,56,79,10,15,3,21,1
A,2025-11-30,13:00,4645763.0,A,Real Sociedad,681.0,Sergio Francisco,4-2-3-1,88800000.0,26.77369174289092,180.8181818181818,140.0,12.6,5.8,4.6,16.2,2.2,0.0,2.1490600000000004,1.7716620000000003,1.4743528000000001,8.790603980306498,6.4,94200000.0,26.528081637732562,180.76363636363638,164.4,13.738509652380207,6.06557409196176,4.163220798108116,13.65851978894594,2.2006181118692254,2.493585126284075e-05,1.8986782531616992,1.6650412716313472,1.419054401511607,10.40491369443277,6.988739892074975,91214161.06614108,26.528066552047054,180.98427889811327,168.87985002269846,9.0,Villarreal,1050.0,Marcelino,4-4-2,75500000.0,27.336195631883516,184.45454545454547,171.0,11.6,5.0,3.6,12.0,2.0,0.0,2.25578,2.0852695999999997,1.9366136,17.730996204933582,9.6,96400000.0,26.849654657457535,184.34545454545454,187.0,12.375077935824313,5.270283718498534,3.1658813854813936,12.6192812708249,2.0913914732747707,0.04409100947308947,2.1809551039376487,2.160127430786792,2.0867149108908056,16.394060446860443,9.703942533440134,93374357.5884918,26.805633490741684,184.44934957586534,193.04678905598203,3.0,1.0,0.7999999999999998,0.9999999999999996,4.199999999999999,0.20000000000000018,0.0,-0.1067199999999997,-0.31360759999999943,-0.4622607999999999,8.940392224627084,-3.1999999999999993,1.363431716555894,5.989146752427674,0.7952903734632262,0.9973394126267228,1.0392385181210404,0.1092266385944547,-0.04406607362182663,-0.28227685077594944,-0.49508615915544496,-0.6676605093791985,-2.7152026413651598,-6.0,6.0,1.0,0.7999999999999998,0.9999999999999996,4.199999999999999,0.20000000000000018,0.0,0.1067199999999997,0.31360759999999943,0.4622607999999999,8.940392224627084,3.1999999999999993,0.49508615915544496,0.28227685077594944,1.363431716555894,5.989146752427674,0.6676605093791985,2.7152026413651598,0.9973394126267228,1.0392385181210404,0.1092266385944547,0.04406607362182663,-0.5000000000000004,0.8660254037844384,-0.7818314824680299,0.6234898018587334,-0.2588190451025208,-0.9659258262890683,22,27,73,52,10,18,25,1,0
A,2025-11-30,15:15,4645766.0,D,Sevilla,368.0,Matías Almeyda,4-2-3-1,48200000.0,27.422562379441228,182.63636363636363,197.0,12.2,3.4,8.0,14.0,2.8,0.0,0.91572,0.9811206,0.8324659999999999,8.233981554677209,5.2,46980000.0,27.43391201543152,183.78181818181818,301.8,13.88452957455855,3.973704476695159,8.13099503578684,13.443366835374158,2.881873437596429,0.00250929616082267,1.185079909324389,1.231627846839096,1.0334511720085058,8.236191265329593,6.2667490934856405,46510787.87803111,27.271019864067654,183.95411148388112,288.5554811374126,11.0,Real Betis,150.0,Manuel Pellegrini,4-2-3-1,51500000.0,26.79932798207952,181.36363636363637,88.0,16.0,5.0,4.4,9.6,1.8,0.2,1.6322400000000001,1.6445024,1.6445024,11.414328463298713,8.6,66600000.0,28.153568539605505,180.78181818181818,242.0,16.552282003730564,5.281160775485133,4.985645657765097,9.331552667812884,2.316045150877646,0.333343656495585,1.57241228123005,1.692678707742212,1.6920548374250446,12.117224256191022,8.195619642263308,64096723.54869927,28.055508257212185,180.61996742054,223.62118568865978,5.0,-3.8000000000000007,-1.6,3.5999999999999996,4.4,0.9999999999999998,-0.2,-0.7165200000000002,-0.6633817999999999,-0.8120364,3.1803469086215035,-3.3999999999999995,-2.6677524291720136,3.8810329908614296,-1.3074562987899738,3.145349378021743,4.111814167561274,0.5658282867187832,-0.3308343603347623,-0.38733237190566117,-0.4610508609031161,-0.6586036654165388,-1.9288705487776676,-6.0,6.0,3.8000000000000007,1.6,3.5999999999999996,4.4,0.9999999999999998,0.2,0.7165200000000002,0.6633817999999999,0.8120364,3.1803469086215035,3.3999999999999995,0.4610508609031161,0.38733237190566117,2.6677524291720136,3.8810329908614296,0.6586036654165388,1.9288705487776676,3.145349378021743,4.111814167561274,0.5658282867187832,0.3308343603347623,-0.5000000000000004,0.8660254037844384,-0.7818314824680299,0.6234898018587334,-0.7071067811865471,-0.7071067811865479,25,19,54,51,10,10,19,7,0
A,2025-11-30,17:30,4645769.0,D,Celta Vigo,940.0,Claudio Giráldez,5-4-1,31800000.0,28.20309874929998,178.0,72.0,9.4,3.8,2.2,12.6,2.8,0.2,1.1094800000000002,1.203682,1.055027,15.970492424242428,6.4,23660000.0,27.24848484848485,180.2,80.6,9.533688104279134,3.965248558470165,2.6889138358521003,13.098948703448698,2.1882208328118513,0.06635190223553782,1.3941964260220425,1.2387304797833927,0.9802456891480812,13.032258170791048,6.979764803502988,24637080.97231971,27.147043202484145,179.79683657382677,78.93650330428352,12.0,Espanyol,714.0,Manolo González,4-4-2,21200000.0,27.391948229730573,182.0,33.0,15.0,5.4,4.6,12.2,2.2,0.0,1.3290599999999997,1.7702433999999996,1.7702434,12.517305148555149,6.8,13200000.0,28.14201978719432,182.03636363636366,35.0,13.259810471584666,4.645984398333176,4.657001858111106,13.459585844824161,2.28147367245533,0.009431984409197052,1.0803806689790463,1.355509262922995,1.3122421234516706,11.654516374692784,5.538700345738974,19814953.688871395,28.127426158560997,181.9629130403952,31.8882520217575,6.0,-5.6,-1.6000000000000005,-2.3999999999999995,0.40000000000000036,0.5999999999999996,0.2,-0.21957999999999944,-0.5665613999999997,-0.7152164000000001,-3.453187275687279,-0.39999999999999947,-3.726122367305532,-1.3777417960982632,-0.6807358398630106,-1.9680880222590056,-0.360637141375463,-0.09325283964347886,0.05691991782634076,0.31381575704299625,-0.11677878313960233,-0.3319964343035894,1.4410644577640142,-6.0,6.0,5.6,1.6000000000000005,2.3999999999999995,0.40000000000000036,0.5999999999999996,0.2,0.21957999999999944,0.5665613999999997,0.7152164000000001,3.453187275687279,0.39999999999999947,0.11677878313960233,0.31381575704299625,3.726122367305532,1.3777417960982632,0.3319964343035894,1.4410644577640142,1.9680880222590056,0.360637141375463,0.09325283964347886,0.05691991782634076,-0.5000000000000004,0.8660254037844384,-0.7818314824680299,0.6234898018587334,-0.9659258262890683,-0.25881904510252063,6,9,12,50,24,18,27,26,0
D,2025-12-01,20:00,4645762.0,H,Rayo Vallecano,367.0,Iñigo Pérez,4-3-3 Attacking,31900000.0,28.898761744757635,179.0909090909091,69.0,12.4,3.6,5.4,14.4,1.6,0.2,1.60396,1.5393236,1.5393236,8.831720430107527,6.4,33500000.0,28.65335075602016,179.1090909090909,78.8,12.214724016763924,3.2311543190771963,5.734645313615684,14.126730926496256,1.9830538711567716,0.36260606361968906,1.5664736869479512,1.316254533930606,1.3142619404919824,9.102331377762,6.157936512503309,34175358.60944694,29.00630854500697,178.66216515143398,82.18581914133829,13.0,Valencia,1049.0,Carlos Corberán,4-2-3-1,53000000.0,26.290585526725156,181.1818181818182,104.0,11.0,2.6,4.4,13.8,2.4,0.0,0.9423600000000001,0.9707096,0.9707096,15.435315861954711,4.0,48400000.0,26.32319084064464,181.21818181818182,99.8,12.582552867291653,3.0354125826235254,5.44014019678882,13.434760643057126,2.6807281298194034,0.0038536938384890096,1.373019887425535,1.326755425256554,1.3042496948500777,14.215925806208482,4.642362047656818,49673682.56081758,26.29251177020267,181.36700743806736,103.08092070093797,15.0,1.4000000000000004,1.0,1.0,0.5999999999999996,-0.7999999999999998,0.2,0.6616,0.568614,0.568614,6.603595431847184,2.4000000000000004,-0.3678288505277294,5.113594428446481,0.19574173645367088,0.29450511682686376,0.6919702834391295,-0.6976742586626319,0.35875236978120006,0.19345379952241615,-0.010500891325948114,0.010012245641904727,1.515574464846491,2.0,2.0,1.4000000000000004,1.0,1.0,0.5999999999999996,0.7999999999999998,0.2,0.6616,0.568614,0.568614,6.603595431847184,2.4000000000000004,0.010500891325948114,0.19345379952241615,0.3678288505277294,5.113594428446481,0.010012245641904727,1.515574464846491,0.29450511682686376,0.6919702834391295,0.6976742586626319,0.35875236978120006,-2.4492935982947064e-16,1.0,0.0,1.0,-0.8660254037844386,0.5000000000000001,18,26,30,11,15,10,18,0,1
H,2025-12-02,20:00,4645831.0,D,Barcelona,131.0,Hansi Flick,4-2-3-1,90000000.0,25.137452554290338,181.63636363636363,402.0,18.0,6.6,5.0,10.0,2.4,0.4,1.95322,2.440236,2.2915799999999997,8.711365079365077,10.0,96000000.0,25.174040196627466,182.2181818181818,413.6,18.892935879518078,6.962258692978035,5.518913225265827,9.741131388326988,1.9766148971817028,0.21399444668839063,2.0222637922425073,2.551542796725553,2.4158707427044424,7.903577235678,11.395047686135811,91913514.8094672,25.028364599389377,182.37463314036367,399.5311833231737,1.0,Atletico Madrid,13.0,Diego Simeone,4-2-3-1,262000000.0,27.031298612407443,180.54545454545453,468.0,15.2,6.8,9.8,10.8,1.4,0.0,2.1768,2.1565128000000002,2.0078587999999997,10.391478696741853,11.4,238400000.0,28.16023893970506,181.56363636363636,506.0,15.133164616914817,7.154100742602384,8.89576909924658,9.679679514637682,1.4768188762720273,0.03795171490947726,2.246032876102433,2.217804101015741,2.123304546652642,10.809194703106856,11.504861860598973,219468366.14543986,28.369170302898265,181.72630315539504,516.3136365265087,4.0,2.8000000000000007,-0.20000000000000018,-4.800000000000001,-0.8000000000000007,1.0,0.4,-0.2235800000000001,0.28372319999999984,0.2837212,1.680113617376776,-1.4000000000000004,3.7597712626032607,2.905617467428856,-0.19184204962434848,-3.3768558739807535,0.061451873689305714,0.49979602090967545,0.17604273177891336,-0.22376908385992555,0.33373869570981185,0.29256619605180045,-0.10981417446316222,3.0,3.0,2.8000000000000007,0.20000000000000018,4.800000000000001,0.8000000000000007,1.0,0.4,0.2235800000000001,0.28372319999999984,0.2837212,1.680113617376776,1.4000000000000004,0.33373869570981185,0.22376908385992555,3.7597712626032607,2.905617467428856,0.29256619605180045,0.10981417446316222,3.3768558739807535,0.061451873689305714,0.49979602090967545,0.17604273177891336,-2.4492935982947064e-16,1.0,0.7818314824680298,0.6234898018587336,-0.8660254037844386,0.5000000000000001,4,3,27,16,10,10,6,5,2
A,2025-12-03,18:00,4645837.0,A,Athletic Club,621.0,Ernesto Valverde,4-1-4-1,65500000.0,27.48603073859747,183.27272727272728,151.0,13.2,4.2,3.8,12.6,1.8,0.2,1.43368,1.5993248000000002,1.5993248000000002,10.658550947260625,6.8,77000000.0,28.092688693920728,182.2181818181818,143.0,13.75708513660751,3.91369955587405,4.17939979814844,14.009954812476826,1.9500983039507016,0.234746677177604,1.6868320537863284,1.841238107907725,1.8162379779543334,10.926915356775867,7.165377143825286,73268312.56241323,27.849517110434846,182.3610346878761,138.42500177866205,8.0,Real Madrid,418.0,Xabi Alonso,4-4-2 double 6,460000000.0,26.827950967581355,185.0909090909091,605.0,22.0,7.4,8.0,10.8,1.6,0.2,2.23616,2.6501006,2.0329346,10.735603731238374,11.2,354000000.0,25.294704747682164,183.85454545454547,493.0,22.13595117168281,6.352996070584278,6.686658409777041,10.691435790935287,0.9557402061506806,0.07169538680256034,2.1908690960843145,2.5855897320654044,2.0969242935337298,9.612673892735717,12.767833528694657,341239444.0882561,25.691206257955645,183.40727452207273,504.2165339880162,2.0,-8.8,-3.2,-4.2,1.799999999999999,0.19999999999999996,0.0,-0.8024799999999999,-1.0507757999999998,-0.4336097999999997,0.07705278397774862,-4.3999999999999995,-8.3788660350753,-1.3142414640401494,-2.439296514710228,-2.5072586116286013,3.3185190215415385,0.994358097800021,0.16305129037504368,-0.5040370422979861,-0.7443516241576795,-0.2806863155793964,-5.602456384869371,-6.0,6.0,8.8,3.2,4.2,1.799999999999999,0.19999999999999996,0.0,0.8024799999999999,1.0507757999999998,0.4336097999999997,0.07705278397774862,4.3999999999999995,0.7443516241576795,0.5040370422979861,8.3788660350753,1.3142414640401494,0.2806863155793964,5.602456384869371,2.5072586116286013,3.3185190215415385,0.994358097800021,0.16305129037504368,-2.4492935982947064e-16,1.0,0.9749279121818236,-0.22252093395631434,-1.0,-1.8369701987210297e-16,2,20,19,79,9,20,24,21,0
D,2025-12-05,20:00,4645776.0,D,Real Oviedo,2497.0,Luis Carrión,4-2-3-1,15600000.0,30.09545143426047,182.63636363636363,302.0,8.6,2.6,3.8,12.0,1.8,0.2,0.8331800000000001,0.909124,0.760468,13.065198252040357,3.6,17600000.0,29.38729388339244,183.2,235.8,9.4243304168498,2.240762516560599,3.643913619499076,10.437786801242401,1.502555183637762,0.2500813475475629,0.6582822744165899,0.8045120285032159,0.7541261406577245,13.319523484218031,4.021732120585283,16163565.991165586,29.547356447066573,182.82962680256986,254.81145851799562,20.0,Mallorca,237.0,Jagoba Arrasate,4-2-3-1,38100000.0,28.364134154688568,185.27272727272728,165.0,11.2,3.2,2.8,9.8,2.2,0.0,1.06166,1.2827244,1.1340694,13.210722778814041,3.6,38520000.0,27.899695102980523,184.47272727272727,149.8,9.066849449361436,3.4955909466015966,2.228730105885476,10.402845923185437,2.2503539018636083,0.032691140182522116,1.1191124252453017,1.2112303238119517,0.9591436947977425,13.941722060703016,2.8953534730093495,37800980.90678851,27.938058833408633,184.321821841761,149.1160955770366,16.0,-2.5999999999999996,-0.6000000000000001,1.0,2.1999999999999993,-0.40000000000000013,0.2,-0.2284799999999999,-0.37360039999999994,-0.3736014,0.14552452677368422,0.0,0.3574809674883639,0.6221985764849851,-1.2548284300409978,1.4151835136136,0.034940878056964664,-0.7477987182258463,0.21739020736504078,-0.4608301508287118,-0.4067182953087358,-0.205017554140018,1.1263786475759336,-4.0,4.0,2.5999999999999996,0.6000000000000001,1.0,2.1999999999999993,0.40000000000000013,0.2,0.2284799999999999,0.37360039999999994,0.3736014,0.14552452677368422,0.0,0.4067182953087358,0.4608301508287118,0.3574809674883639,0.6221985764849851,0.205017554140018,1.1263786475759336,1.4151835136136,0.034940878056964664,0.7477987182258463,0.21739020736504078,-2.4492935982947064e-16,1.0,-0.433883739117558,-0.9009688679024191,-0.8660254037844386,0.5000000000000001,21,16,46,31,10,10,12,11,1
H,2025-12-06,15:15,4645778.0,H,Alaves,1108.0,Eduardo Coudet,4-1-4-1,21000000.0,28.153817435131604,179.72727272727272,31.0,10.6,3.0,3.0,15.6,3.0,0.2,1.3834600000000006,1.600184,1.600184,11.418043985000505,3.2,28400000.0,27.72536867649804,179.34545454545454,31.6,10.131842009978849,2.8629008342767435,3.8789098025834163,16.686426086352505,2.760534274048284,0.09885867609836389,1.2840675322943775,1.5509792305947607,1.5181004453025253,11.794605885673404,3.267801763508517,29500183.169959884,27.71546990740838,179.40338749549403,32.27095042269339,14.0,Real Sociedad,681.0,Sergio Francisco,4-1-4-1,88800000.0,26.790118847613712,180.8181818181818,140.0,12.8,5.8,4.2,15.2,2.2,0.0,1.8979200000000003,1.6188380000000002,1.3215288000000003,8.44004576659039,4.8,94360000.0,26.476759380250137,180.78181818181818,159.6,15.159006434920139,6.3770493946411735,5.442147198738745,14.105679859297291,2.46707874124615,1.6623900841893834e-05,1.6390521687744661,1.567194181087565,1.4032029343410715,8.726082813832372,5.325826594716649,90409440.71076071,26.60994161566168,180.9289132048028,159.25323334846564,10.0,-2.200000000000001,-2.8,-1.2000000000000002,0.40000000000000036,0.7999999999999998,0.2,-0.5144599999999997,-0.01865400000000017,0.27865519999999977,-2.9779982184101144,-1.5999999999999996,-5.02716442494129,-3.0685230718410317,-3.51414856036443,-1.5632373961553285,2.5807462270552133,0.29345553280213377,0.098842052197522,-0.3549846364800886,-0.016214950492804192,0.11489751096145384,-2.0580248312081326,-4.0,4.0,2.200000000000001,2.8,1.2000000000000002,0.40000000000000036,0.7999999999999998,0.2,0.5144599999999997,0.01865400000000017,0.27865519999999977,2.9779982184101144,1.5999999999999996,0.016214950492804192,0.3549846364800886,5.02716442494129,3.0685230718410317,0.11489751096145384,2.0580248312081326,1.5632373961553285,2.5807462270552133,0.29345553280213377,0.098842052197522,-2.4492935982947064e-16,1.0,-0.9749279121818236,-0.2225209339563146,-0.7071067811865471,-0.7071067811865479,0,22,18,73,9,9,2,25,2
H,2025-12-06,13:00,4645774.0,H,Villarreal,1050.0,Marcelino,4-4-2,119000000.0,26.768464936842758,183.45454545454547,162.0,12.2,5.4,3.0,13.0,3.2,0.0,2.28228,2.215226,2.06657,16.829926686217004,10.0,96200000.0,26.984655590815755,184.4,192.2,11.583385290549543,5.180189145665689,2.7772542569875953,14.412854180549934,3.7275943155165137,0.02939400631539298,1.9770367359584327,1.9835449538578613,1.9346032739272037,16.0354342373009,8.802628355626757,87416238.39232786,26.98248753778896,184.45108153542537,185.69785937065467,3.0,Getafe,3709.0,José Bordalás,4-4-2,31600000.0,29.968016924895775,182.0909090909091,164.0,11.6,3.4,7.2,13.2,2.0,0.0,1.3421800000000002,0.9729744,0.9729744,8.815416666666668,3.2,33280000.0,29.352348951527595,182.4727272727273,130.4,11.7733081738247,3.5201623372037183,5.976844440144785,14.216055499901344,2.1637363833971817,0.08935164050862425,1.3218575994209447,0.9514336474841527,0.9514316780363807,9.485498851502104,3.4666164137213245,32263235.296997588,29.46730372228099,182.4864466583276,133.4396778209282,7.0,0.5999999999999996,2.0000000000000004,-4.2,-0.1999999999999993,1.2000000000000002,0.0,0.9400999999999999,1.2422516,1.0935956,-8.014510019550336,6.8,-0.18992288327515716,-6.549935385798797,1.6600268084619705,-3.19959018315719,0.1967986806485893,1.563857932119332,-0.059957634193231274,0.6551791365374879,1.0321113063737086,0.9831715958908229,5.336011941905433,4.0,4.0,0.5999999999999996,2.0000000000000004,4.2,0.1999999999999993,1.2000000000000002,0.0,0.9400999999999999,1.2422516,1.0935956,8.014510019550336,6.8,1.0321113063737086,0.6551791365374879,0.18992288327515716,6.549935385798797,0.9831715958908229,5.336011941905433,3.19959018315719,0.1967986806485893,1.563857932119332,0.059957634193231274,-2.4492935982947064e-16,1.0,-0.9749279121818236,-0.2225209339563146,-0.2588190451025208,-0.9659258262890683,27,10,52,39,18,18,1,20,2
A,2025-12-06,17:30,4645772.0,A,Real Betis,150.0,Manuel Pellegrini,4-2-3-1,71500000.0,27.247588824590878,181.36363636363637,99.0,14.6,5.2,4.0,12.0,2.2,0.2,1.73126,1.701118,1.7011180000000004,10.805016722408025,7.0,62800000.0,28.035592060232716,180.83636363636361,223.8,14.03485466915371,4.8541071836567555,4.657097105176732,13.55436844520859,2.5440301005850974,0.22222910433039,1.6266081874867,1.5213224718281413,1.520906558283363,10.834559760537607,6.797079761508872,59897815.69913284,27.636781498834633,180.8678570682388,178.41412379243988,5.0,Barcelona,131.0,Hansi Flick,4-2-3-1,140000000.0,23.33669342293572,181.54545454545453,280.0,18.8,6.6,5.2,10.6,1.6,0.2,2.42906,2.9076100000000005,2.6102999999999996,8.8015873015873,10.0,94000000.0,25.222923277954084,182.2909090909091,408.4,18.928623919678717,6.6415057953186905,5.345942150177218,10.494087592217992,1.6510765981211353,0.1426629644589271,2.217875861495005,2.8547651978170356,2.5165604951362948,8.215718157118667,10.26336512409054,91275676.5396448,25.06472725102303,182.12854330569698,400.3541222154492,1.0,-4.200000000000001,-1.3999999999999995,-1.2000000000000002,1.4000000000000004,0.6000000000000001,0.0,-0.6978000000000002,-1.2064920000000006,-0.9091819999999993,-2.0034294208207246,-3.0,-4.893769250525008,-2.6188416034189395,-1.787398611661935,-0.6888450450004866,3.060280852990598,0.8929535024639621,0.07956613987146291,-0.5912676740083049,-1.3334427259888944,-0.9956539368529318,-3.4662853625816687,-4.0,4.0,4.200000000000001,1.3999999999999995,1.2000000000000002,1.4000000000000004,0.6000000000000001,0.0,0.6978000000000002,1.2064920000000006,0.9091819999999993,2.0034294208207246,3.0,1.3334427259888944,0.5912676740083049,4.893769250525008,2.6188416034189395,0.9956539368529318,3.4662853625816687,0.6888450450004866,3.060280852990598,0.8929535024639621,0.07956613987146291,-2.4492935982947064e-16,1.0,-0.9749279121818236,-0.2225209339563146,-0.9659258262890683,-0.25881904510252063,19,4,51,27,10,10,7,6,0
H,2025-12-06,20:00,4645779.0,D,Athletic Club,621.0,Ernesto Valverde,4-2-3-1,112500000.0,28.26781158608674,183.0,148.0,13.6,4.2,4.6,12.6,2.0,0.2,1.4077600000000001,1.711083,1.711083,12.970217613927293,7.6,69600000.0,27.832443531827515,182.3272727272727,142.2,12.171390091071672,3.9424663705827,4.452933198765627,14.339969874984552,1.966732202633801,0.15649778478506934,1.2665213691908856,1.53326373860515,1.516596985302889,13.104054682295022,7.110251429216857,70678875.04160883,27.72835498648905,182.66493221615983,142.61666785244137,8.0,Atletico Madrid,13.0,Diego Simeone,4-1-4-1,317000000.0,26.445896335013376,180.36363636363637,376.0,14.8,6.4,9.6,9.0,1.4,0.0,2.03748,2.251238,2.1025839999999993,10.435689223057645,11.4,235600000.0,27.971277456287726,181.56363636363636,501.4,12.422109744609878,5.436067161734923,7.263846066164387,9.453119676425121,1.3178792508480182,0.02530114327298484,1.5919552507349553,1.9285960673438274,1.8655963644350946,11.472796468737904,9.669907907065982,233645577.43029323,27.923213072734658,181.33268695208153,500.2090910176725,4.0,-1.200000000000001,-2.2,-5.0,3.5999999999999996,0.6000000000000001,0.2,-0.6297199999999998,-0.5401549999999999,-0.39150099999999943,-2.5345283908696477,-3.8000000000000007,-0.2507196535382068,-1.6312582135571176,-1.4936007911522227,-2.81091286739876,4.886850198559431,0.6488529517857828,0.1311966415120845,-0.3254338815440696,-0.3953323287386774,-0.3489993791322057,-2.559656477849125,-4.0,4.0,1.200000000000001,2.2,5.0,3.5999999999999996,0.6000000000000001,0.2,0.6297199999999998,0.5401549999999999,0.39150099999999943,2.5345283908696477,3.8000000000000007,0.3953323287386774,0.3254338815440696,0.2507196535382068,1.6312582135571176,0.3489993791322057,2.559656477849125,2.81091286739876,4.886850198559431,0.6488529517857828,0.1311966415120845,-2.4492935982947064e-16,1.0,-0.9749279121818236,-0.2225209339563146,-0.8660254037844386,0.5000000000000001,2,3,19,16,10,9,24,5,2
H,2025-12-07,17:30,4645771.0,H,Espanyol,714.0,Manolo González,4-2-3-1,25200000.0,27.794163399912886,181.72727272727272,33.0,13.0,3.8,4.2,13.6,2.4,0.0,1.0064199999999999,0.9975799999999998,0.9975799999999999,11.952225783475782,5.0,16400000.0,27.979092775807356,182.07272727272726,35.2,11.83987364772311,3.763989598888784,4.104667905407404,13.973057229882775,2.18764911497022,0.006287989606131368,1.1476204459860309,1.10342050861533,1.0745757489677803,12.399307212758153,3.6924668971593158,20276635.79258093,27.88226684895086,181.97527536026345,32.25883468117166,6.0,Rayo Vallecano,367.0,Iñigo Pérez,4-2-3-1,34900000.0,28.718312488333023,179.27272727272728,69.0,14.2,4.0,6.6,13.0,1.6,0.2,1.5877400000000002,1.4596836,1.4596836,8.876164874551971,6.2,33680000.0,28.838529027440735,178.98181818181817,78.8,14.476482677842617,4.487436212718131,7.156430209077122,13.084487284330839,1.6553692474378476,0.24173737574645937,1.8324491246319674,1.5884963559537375,1.587167960327988,9.142294992582073,5.438624341668873,33416905.739631295,28.970459611590524,178.80507979792569,77.79054609422552,9.0,-1.1999999999999993,-0.20000000000000018,-2.3999999999999995,0.5999999999999996,0.7999999999999998,-0.2,-0.5813200000000003,-0.46210360000000017,-0.46210360000000006,-3.076060908923811,-1.2000000000000002,-2.636609030119507,-3.2570122201760796,-0.7234466138293469,-3.051762303669718,0.8885699455519358,0.5322798675323723,-0.235449386140328,-0.6848286786459366,-0.4850758473384076,-0.5125922113602077,-1.746157444509557,3.0,3.0,1.1999999999999993,0.20000000000000018,2.3999999999999995,0.5999999999999996,0.7999999999999998,0.2,0.5813200000000003,0.46210360000000017,0.46210360000000006,3.076060908923811,1.2000000000000002,0.4850758473384076,0.6848286786459366,2.636609030119507,3.2570122201760796,0.5125922113602077,1.746157444509557,3.051762303669718,0.8885699455519358,0.5322798675323723,0.235449386140328,-2.4492935982947064e-16,1.0,-0.7818314824680299,0.6234898018587334,-0.9659258262890683,-0.25881904510252063,9,18,50,30,10,10,26,18,2
A,2025-12-07,20:00,4645773.0,D,Real Madrid,418.0,Xabi Alonso,4-4-2,355000000.0,25.648435069379627,182.9090909090909,490.0,20.0,7.0,7.0,9.2,0.6,0.0,2.18152,2.4409425999999996,1.9724326,9.96855827669292,11.2,370000000.0,25.65191960674507,183.8181818181818,509.2,19.090634114455206,6.90199738038952,6.791105606518028,8.460957193956858,0.6371601374337871,0.047796924535040225,2.26244606405621,2.5128698213769365,2.18709286235582,10.387615928490478,10.511889019129772,380826296.0588374,26.070121161164213,183.96848604501818,537.8110226586774,2.0,Celta Vigo,940.0,Claudio Giráldez,3-4-2-1,30000000.0,26.877978968328044,180.45454545454547,77.0,10.8,4.4,2.8,13.0,2.2,0.0,1.2824200000000001,1.187323,1.038668,11.48834956709957,6.4,23920000.0,27.51082073299732,179.47272727272727,79.8,10.02245873618609,3.9768323723134436,3.1259425572347332,12.732632468965798,1.7921472218745675,0.044234601490358544,1.3630309506813616,1.0376776531889285,0.8653544594320541,11.426267351955936,5.319843202335325,27024720.648213137,27.499061718089422,179.19789104921787,76.62433553618901,12.0,9.2,2.5999999999999996,4.2,-3.8000000000000007,-1.6,0.0,0.8990999999999998,1.2536195999999997,0.9337646000000002,1.5197912904066495,4.799999999999999,9.068175378269116,1.038651423465458,2.925165008076076,3.6651630492832945,-4.27167527500894,-1.1549870844407804,0.003562323044681681,0.8994151133748483,1.475192168188008,1.3217384029237658,5.1920458167944465,10.0,10.0,9.2,2.5999999999999996,4.2,3.8000000000000007,1.6,0.0,0.8990999999999998,1.2536195999999997,0.9337646000000002,1.5197912904066495,4.799999999999999,1.475192168188008,0.8994151133748483,9.068175378269116,1.038651423465458,1.3217384029237658,5.1920458167944465,3.6651630492832945,4.27167527500894,1.1549870844407804,0.003562323044681681,-2.4492935982947064e-16,1.0,-0.7818314824680299,0.6234898018587334,-0.8660254037844386,0.5000000000000001,20,6,79,12,18,2,21,27,0
D,2025-12-07,15:15,4645777.0,D,Valencia,1049.0,Carlos Corberán,4-2-3-1,38000000.0,26.786883205774373,181.72727272727272,90.0,12.0,2.6,5.4,11.6,2.2,0.0,0.8976,1.0866270000000002,1.0866270000000002,16.058845273719413,4.4,50000000.0,26.285707174413538,181.1818181818182,101.6,11.721701911527768,2.6902750550823504,5.2934267978592136,11.956507095371416,2.120485419879602,0.0025691292256593396,1.0603799249503567,1.1837246168377027,1.1687207965667186,15.810617204138987,4.761574698437879,50782455.04054505,26.291869689043498,181.3052776859843,103.38728046729197,15.0,Sevilla,368.0,Matías Almeyda,5-4-1,33200000.0,27.122643270487217,184.8181818181818,257.0,11.4,3.2,7.4,13.6,2.8,0.2,0.9344999999999999,0.8763918,0.7277372,7.757696969696971,5.0,46280000.0,27.430327919855642,183.5090909090909,284.8,12.2563530497057,3.649136317796773,7.420663357191227,13.62891122358277,2.587915625064286,0.33500619744054844,1.1049866062162592,1.0661505645593972,0.9340327813390038,6.8998850859773055,5.177832728990427,47073858.58535407,27.321534035858846,183.5148622013753,258.03698742494174,13.0,0.5999999999999996,-0.6000000000000001,-2.0,-2.0,-0.5999999999999996,-0.2,-0.03689999999999993,0.21023520000000018,0.35888980000000026,-8.301148304022442,-0.5999999999999996,-0.5346511381779315,-8.910732118161683,-0.9588612627144224,-2.1272365593320135,-1.6724041282113546,-0.4674302051846837,-0.3324370682148891,-0.044606681265902504,0.11757405227830553,0.23468801522771476,-0.41625803055254806,-2.0,2.0,0.5999999999999996,0.6000000000000001,2.0,2.0,0.5999999999999996,0.2,0.03689999999999993,0.21023520000000018,0.35888980000000026,8.301148304022442,0.5999999999999996,0.11757405227830553,0.044606681265902504,0.5346511381779315,8.910732118161683,0.23468801522771476,0.41625803055254806,2.1272365593320135,1.6724041282113546,0.4674302051846837,0.3324370682148891,-2.4492935982947064e-16,1.0,-0.7818314824680299,0.6234898018587334,-0.7071067811865471,-0.7071067811865479,26,25,11,54,10,24,0,19,1
H,2025-12-07,13:00,4645770.0,H,Elche,1531.0,Eder Sarabia,3-5-2 flat,5000000.0,26.640781531951962,181.0,19.0,11.6,4.0,2.6,13.2,2.0,0.2,0.53494,0.9031200000000001,0.90312,9.035827067669175,6.4,10800000.0,26.749299981332836,181.6727272727273,62.4,11.466559053401298,4.283427801731732,3.324249255608359,12.142447821941227,2.189372746573508,0.25152358921024887,0.6311294971871516,0.9302937473563954,0.9157923539499847,9.169680263948607,6.3749033151040235,10896241.148256036,26.48672363385204,181.81859243238299,64.6179983373918,11.0,Girona,12321.0,Míchel,4-4-2 double 6,98300000.0,27.999502208947796,181.54545454545453,365.0,9.4,4.0,4.4,12.4,2.4,0.0,1.1085,1.517874,1.0719062,11.862747600225864,4.0,103580000.0,27.547209258913576,182.1090909090909,341.0,9.751836831796483,3.7924614074021235,3.0836214085940967,11.532812667623716,2.572069415496179,0.07758586854178937,0.9435804971597032,1.333598027719507,1.1622960296870974,16.281917149928553,4.716526128297881,101133388.92234366,27.432626996385338,182.13759999536924,317.3074339880134,18.0,2.1999999999999993,0.0,-1.8000000000000003,0.7999999999999989,-0.3999999999999999,0.2,-0.5735600000000001,-0.6147539999999998,-0.1687861999999999,2.8269205325566897,2.4000000000000004,1.7147222216048146,7.1122368859799465,0.49096639432960876,0.2406278470142622,0.6096351543175107,-0.3826966689226712,0.1739377206684595,-0.31245099997255155,-0.4033042803631116,-0.24650367573711274,1.6583771868061428,7.0,7.0,2.1999999999999993,0.0,1.8000000000000003,0.7999999999999989,0.3999999999999999,0.2,0.5735600000000001,0.6147539999999998,0.1687861999999999,2.8269205325566897,2.4000000000000004,0.4033042803631116,0.31245099997255155,1.7147222216048146,7.1122368859799465,0.24650367573711274,1.6583771868061428,0.2406278470142622,0.6096351543175107,0.3826966689226712,0.1739377206684595,-2.4492935982947064e-16,1.0,-0.7818314824680299,0.6234898018587334,-0.2588190451025208,-0.9659258262890683,8,11,17,56,7,20,8,3,2
H,2025-12-08,20:00,4645775.0,H,Osasuna,331.0,Alessio Lisci,4-1-4-1,54400000.0,27.810092713583472,183.63636363636363,62.0,13.0,4.2,5.0,13.6,2.8,0.2,1.3075,1.2604777999999999,0.9631672,10.61668115942029,6.2,51100000.0,28.000448011946986,184.14545454545456,44.6,12.506096538604803,3.2780355591791484,5.11588145089182,13.657904066390023,3.0127634472226816,0.23260573091988587,1.1830389694920476,1.1414041946947717,1.0368178636401246,11.938538172872873,5.368478360105679,52784342.45813324,27.87478174790732,184.21876282244042,48.11109784164447,17.0,Levante,3368.0,Álvaro del Moral,4-4-2 double 6,2000000.0,26.268309377138944,178.9,197.0,9.4,3.2,3.2,11.0,2.2,0.2,0.77166,1.352464,1.1820152000000002,16.309431216931216,4.0,6200000.0,27.01746002115612,180.63636363636365,189.4,9.86965997735424,3.1446751044426193,3.2893168097363983,11.219422795092717,2.3467555592404286,0.09876906179353068,0.6478298844790272,1.2200951603611276,1.1333144863319944,13.976653324912327,3.66305775912802,5652233.777285717,26.85675442452302,180.16940106608521,186.24904250282725,19.0,3.5999999999999996,1.0,1.7999999999999998,2.5999999999999996,0.5999999999999996,0.0,0.5358400000000001,-0.09198620000000024,-0.21884800000000015,5.692750057510926,2.2,2.6364365612505622,2.0381151520394543,0.13336045473652902,1.8265646411554215,2.438481271297306,0.6660078879822531,0.1338366691263552,0.5352090850130203,-0.07869096566635592,-0.09649662269186976,1.7054206009776594,2.0,2.0,3.5999999999999996,1.0,1.7999999999999998,2.5999999999999996,0.5999999999999996,0.0,0.5358400000000001,0.09198620000000024,0.21884800000000015,5.692750057510926,2.2,0.07869096566635592,0.5352090850130203,2.6364365612505622,2.0381151520394543,0.09649662269186976,1.7054206009776594,1.8265646411554215,2.438481271297306,0.6660078879822531,0.1338366691263552,-2.4492935982947064e-16,1.0,0.0,1.0,-0.8660254037844386,0.5000000000000001,17,15,4,86,9,20,15,16,2
A,2025-12-12,20:00,4645785.0,H,Real Sociedad,681.0,Sergio Francisco,4-3-3 Attacking,112000000.0,26.08798456847738,179.45454545454547,132.0,13.8,5.4,5.6,14.6,2.4,0.0,1.5276400000000003,1.5099440000000002,1.3612894,8.559928807526061,4.8,91920000.0,26.587517889365937,180.83636363636364,155.0,13.43933762328009,4.584699596427449,6.2947647991591635,14.737119906198194,2.3113858274974333,1.1082600561262557e-05,1.3468014458496442,1.4112461207250433,1.3019186228940478,8.113684838851212,4.550551063144433,89872960.47384048,26.670000692979027,180.8920027425958,152.8354888989771,14.0,Girona,12321.0,Míchel,4-3-3 Defending,106300000.0,28.272540601082696,182.0909090909091,393.0,9.4,3.6,2.6,12.4,2.2,0.0,0.9776600000000002,1.2258186,1.0771622,13.806747600225865,3.0,102860000.0,27.612220770331653,182.1090909090909,344.0,9.167891221197655,3.8616409382680827,2.722414272396064,12.021875111749145,2.7147129436641193,0.05172391236119291,0.8668869981064687,1.1494130184796714,1.035211686458065,16.52127809995237,3.144350752198587,100188925.94822912,27.621585400572826,181.94021817873102,333.20495599200893,18.0,4.4,1.8000000000000003,2.9999999999999996,2.1999999999999993,0.19999999999999973,0.0,0.5499800000000001,0.2841254000000002,0.2841271999999999,5.246818792699804,1.7999999999999998,4.271446402082436,8.407593261101157,0.7230586581593665,3.5723505267630995,2.715244794449049,-0.40332711616668604,-0.05171282976063165,0.4799144477431755,0.26183310224537193,0.26670693643598287,1.406200310945846,4.0,4.0,4.4,1.8000000000000003,2.9999999999999996,2.1999999999999993,0.19999999999999973,0.0,0.5499800000000001,0.2841254000000002,0.2841271999999999,5.246818792699804,1.7999999999999998,0.26183310224537193,0.4799144477431755,4.271446402082436,8.407593261101157,0.26670693643598287,1.406200310945846,3.5723505267630995,2.715244794449049,0.40332711616668604,0.05171282976063165,-2.4492935982947064e-16,1.0,-0.433883739117558,-0.9009688679024191,-0.8660254037844386,0.5000000000000001,22,11,73,56,15,16,25,3,0
H,2025-12-13,17:30,4645789.0,D,Barcelona,131.0,Hansi Flick,4-2-3-1,130000000.0,24.166760002488957,181.8181818181818,314.0,18.6,7.2,5.4,10.0,2.0,0.2,2.23286,3.0067260000000005,2.560762,9.378730158730159,10.0,102000000.0,24.779142554912575,182.23636363636365,383.2,17.95241594645248,7.094337196879127,5.897294766784813,9.996058394811994,1.7673843987474236,0.09510864297261806,2.061550574330003,3.0041367985446903,2.530910330090863,9.572383533317208,9.508910082727027,107517117.69309652,24.488715974993926,181.93418038561617,360.23608147696615,1.0,Osasuna,331.0,Alessio Lisci,5-4-1,56100000.0,27.130359031796402,185.45454545454547,65.0,12.4,4.0,4.4,14.6,2.6,0.2,1.37602,1.1468538000000001,1.1468538000000001,10.712613838242168,5.2,52440000.0,27.880380810154936,184.01818181818183,46.0,13.004064359069867,4.185357039452765,4.41058763392788,14.10526937759335,2.6751756314817876,0.15507048727992392,1.5632259796613652,1.3442294631298477,1.2745052424267498,11.249348029227077,5.245652240070453,53322894.972088836,27.853218736466037,184.0246297604148,52.74073189442964,15.0,6.200000000000001,3.2,1.0,-4.6,-0.6000000000000001,0.0,0.85684,1.8598722000000003,1.4139081999999998,1.3338836795120095,4.8,4.9483515873826125,1.6769644959098695,2.9089801574263614,1.4867071328569335,-4.109210982781356,-0.907791232734364,-0.05996184430730586,0.4983245946686379,1.6599073354148426,1.2564050876641133,4.263257842656574,14.0,14.0,6.200000000000001,3.2,1.0,4.6,0.6000000000000001,0.0,0.85684,1.8598722000000003,1.4139081999999998,1.3338836795120095,4.8,1.6599073354148426,0.4983245946686379,4.9483515873826125,1.6769644959098695,1.2564050876641133,4.263257842656574,1.4867071328569335,4.109210982781356,0.907791232734364,0.05996184430730586,-2.4492935982947064e-16,1.0,-0.9749279121818236,-0.2225209339563146,-0.9659258262890683,-0.25881904510252063,4,17,27,4,10,24,6,15,2
H,2025-12-13,15:15,4645783.0,D,Mallorca,237.0,Jagoba Arrasate,4-3-3 Attacking,29000000.0,28.75340675751353,183.1818181818182,163.0,9.8,3.6,2.8,10.6,1.8,0.0,0.9646600000000001,1.0322033999999998,0.8835484000000001,16.016312840925842,3.4,37400000.0,27.990243295376768,184.8181818181818,152.2,10.377899632907624,4.330393964401065,3.152486737256984,10.935230615456959,1.8335692679090723,0.021794093455014745,0.9357082834968677,1.0132152158746346,0.845157463198495,16.318290897611536,4.263568982006233,37900653.937859006,28.080083940501947,184.63879031874976,154.41073038469105,17.0,Elche,1531.0,Eder Sarabia,4-1-4-1,10000000.0,26.52628958994462,181.0,15.0,11.2,4.4,2.6,13.8,1.6,0.2,0.75196,0.9993180000000003,0.9993179999999999,8.883246422507884,6.2,9500000.0,26.611262522556153,181.4909090909091,53.8,11.311039368934198,4.855618534487822,2.8828328370722396,14.094965214627484,1.4595818310490054,0.1676823928068326,1.093286331458101,1.1519058315709303,1.1422382359666565,8.242152434030254,5.583268876736017,8930827.432170691,26.538076266552014,181.5457282882553,49.41199889159453,9.0,-1.3999999999999986,-0.8000000000000003,0.19999999999999973,-3.200000000000001,0.19999999999999996,-0.2,0.2127000000000001,0.03288539999999951,-0.1157695999999998,-7.1330664184179575,-2.8000000000000003,-0.9331397360265736,-8.076138463581282,-0.525224570086757,0.26965390018474444,-3.159734599170525,0.37398743686006686,-0.14588829935181785,-0.1575780479612332,-0.1386906156962957,-0.29708077276816147,-1.3196998947297836,-8.0,8.0,1.3999999999999986,0.8000000000000003,0.19999999999999973,3.200000000000001,0.19999999999999996,0.2,0.2127000000000001,0.03288539999999951,0.1157695999999998,7.1330664184179575,2.8000000000000003,0.1386906156962957,0.1575780479612332,0.9331397360265736,8.076138463581282,0.29708077276816147,1.3196998947297836,0.26965390018474444,3.159734599170525,0.37398743686006686,0.14588829935181785,-2.4492935982947064e-16,1.0,-0.9749279121818236,-0.2225209339563146,-0.7071067811865471,-0.7071067811865479,16,8,31,17,15,9,11,8,2
H,2025-12-13,13:00,4645788.0,H,Atletico Madrid,13.0,Diego Simeone,4-4-2,304000000.0,27.04722792607803,182.0909090909091,480.0,13.2,5.8,9.0,9.6,1.8,0.0,1.6667200000000002,1.8083509999999996,1.8083509999999996,10.156522556390978,9.4,248800000.0,27.628598095949222,181.27272727272728,467.4,10.61473982973992,4.624044774489948,6.842564044109591,10.302079784283414,1.5452528338986788,0.016867428848656562,1.3950035004899703,1.5430257115625514,1.5010259096233964,11.961030979158602,7.446605271377321,261430384.9535288,27.430774160160897,181.00967008926648,458.8060606784484,4.0,Valencia,1049.0,Carlos Corberán,5-3-2,37200000.0,26.4478874992222,181.45454545454547,88.0,11.2,2.6,4.4,11.4,2.4,0.0,1.2283,1.206142,1.206142,16.19025553012967,4.0,48600000.0,26.369883641341545,181.2727272727273,100.0,11.481134607685178,2.7935167033882338,4.195617865239476,11.971004730247609,2.4136569465864013,0.0017127528171062263,1.325786616633571,1.2021530778918017,1.192150531044479,14.220967024981547,3.841049798958586,46521636.6936967,26.456874194620458,181.4459426997471,98.92485364486133,16.0,2.0,3.1999999999999997,4.6,-1.8000000000000007,-0.5999999999999999,0.0,0.43842000000000025,0.6022089999999996,0.6022089999999996,6.03373297373869,5.4,-0.8663947779452581,2.259936045822945,1.8305280711017144,2.646946178870115,-1.6689249459641946,-0.8684041126877224,0.015154676031550336,0.06921688385639935,0.3408726336707497,0.30887537857891734,3.6055554724187355,12.0,12.0,2.0,3.1999999999999997,4.6,1.8000000000000007,0.5999999999999999,0.0,0.43842000000000025,0.6022089999999996,0.6022089999999996,6.03373297373869,5.4,0.3408726336707497,0.06921688385639935,0.8663947779452581,2.259936045822945,0.30887537857891734,3.6055554724187355,2.646946178870115,1.6689249459641946,0.8684041126877224,0.015154676031550336,-2.4492935982947064e-16,1.0,-0.9749279121818236,-0.2225209339563146,-0.2588190451025208,-0.9659258262890683,3,26,16,11,18,23,5,0,2
A,2025-12-13,20:00,4645784.0,D,Getafe,3709.0,José Bordalás,4-3-3 Attacking,21600000.0,29.168813390579306,182.63636363636363,118.0,11.2,2.8,6.8,13.4,2.2,0.2,1.05994,0.8286692,0.8286692,9.126698717948718,2.6,32480000.0,29.433190218405826,182.4909090909091,134.8,9.848872115883134,2.3467748914691455,4.9845629600965236,14.477370333267563,2.775824255598121,0.39290109367241616,1.1213050662806296,0.7283737649894352,0.7283724520242538,9.798024875360378,2.31107760914755,32042156.86466506,29.634208123152586,182.35460080252142,143.62645188061882,8.0,Espanyol,714.0,Manolo González,4-4-2 double 6,25200000.0,28.75539792172236,183.0909090909091,27.0,11.6,2.8,4.6,14.6,2.4,0.2,1.15176,0.9728659999999998,0.8242100000000001,10.792437423687424,4.4,20400000.0,28.018368489826393,181.94545454545454,29.2,10.893249098482073,3.1759930659258564,4.736445270271603,15.648704819921852,2.7917660766468138,0.3375253264040876,1.6122469639906871,1.2622303390768865,0.9952404993118535,10.790014332314959,4.128311264772877,21917757.195053954,27.852899032604867,181.8926078159332,32.50588978744778,5.0,-0.40000000000000036,0.0,2.2,-1.1999999999999993,-0.19999999999999973,0.0,-0.09181999999999979,-0.1441967999999998,0.0044591999999998855,1.6657387057387059,-1.8000000000000003,-1.0443769825989389,0.9919894569545811,-0.8292181744567109,0.24811768982492044,-1.1713344866542883,-0.015941821048692795,0.055375767268328546,-0.4909418977100575,-0.5338565740874514,-0.2668680472875997,-1.8172336556253268,-3.0,3.0,0.40000000000000036,0.0,2.2,1.1999999999999993,0.19999999999999973,0.0,0.09181999999999979,0.1441967999999998,0.0044591999999998855,1.6657387057387059,1.8000000000000003,0.5338565740874514,0.4909418977100575,1.0443769825989389,0.9919894569545811,0.2668680472875997,1.8172336556253268,0.24811768982492044,1.1713344866542883,0.015941821048692795,0.055375767268328546,-2.4492935982947064e-16,1.0,-0.9749279121818236,-0.2225209339563146,-0.8660254037844386,0.5000000000000001,10,9,39,50,15,20,20,26,0
H,2025-12-14,13:00,4645786.0,H,Sevilla,368.0,Matías Almeyda,5-3-2,29900000.0,27.973617074233093,185.36363636363637,379.0,11.0,3.2,6.0,14.4,3.4,0.2,1.05182,0.9540582000000001,0.8054036,7.77769696969697,4.2,47040000.0,27.033140439300603,183.8909090909091,243.4,9.504235366470466,2.7660908785311817,5.613775571460818,15.085940815721846,3.72527708337619,0.22333746496036563,1.0108244041441727,0.9225930430395981,0.8345145208926693,7.299923390651537,3.785221819326951,42449239.056902714,27.255237114068304,183.94930207364413,257.69132494996114,13.0,Real Oviedo,2497.0,Luis Carrión,4-2-3-1,14000000.0,28.614523053948105,182.45454545454547,210.0,9.6,2.2,4.6,11.6,1.6,0.6,1.00444,0.78433,0.78433,11.808180708180709,4.8,16600000.0,29.648982639537053,182.85454545454544,255.4,11.287140967267781,2.4944209468768084,5.099265940348861,11.627909033294522,1.6687496537998132,0.8347226860538305,1.1716605635150652,1.07031168124143,1.0367595318503124,11.41920228773684,5.016760384905456,15975280.681474246,29.730472951649535,182.76505829476156,270.57697539818525,19.0,1.4000000000000004,1.0,1.4000000000000004,2.8000000000000007,1.7999999999999998,-0.39999999999999997,0.04737999999999998,0.1697282000000001,0.021073600000000026,4.030483738483738,-0.5999999999999996,-1.7829056007973154,4.119278897085304,0.27166993165437336,0.5145096311119568,3.458031782427325,2.056527429576377,-0.6113852210934648,-0.16083615937089246,-0.14771863820183184,-0.20224501095764313,-1.2315385655785045,6.0,6.0,1.4000000000000004,1.0,1.4000000000000004,2.8000000000000007,1.7999999999999998,0.39999999999999997,0.04737999999999998,0.1697282000000001,0.021073600000000026,4.030483738483738,0.5999999999999996,0.14771863820183184,0.16083615937089246,1.7829056007973154,4.119278897085304,0.20224501095764313,1.2315385655785045,0.5145096311119568,3.458031782427325,2.056527429576377,0.6113852210934648,-2.4492935982947064e-16,1.0,-0.7818314824680299,0.6234898018587334,-0.2588190451025208,-0.9659258262890683,25,21,54,46,23,10,19,12,2
A,2025-12-14,20:00,4645787.0,A,Alaves,1108.0,Eduardo Coudet,4-1-4-1,31000000.0,27.898948416402217,179.36363636363637,32.0,11.0,3.2,3.0,17.4,2.8,0.2,1.5343800000000005,1.6947820000000005,1.546126,11.560990693464458,3.6,26900000.0,27.815319519631636,179.36363636363635,30.0,11.421228006652564,2.9086005561844956,4.2526065350556115,17.790950724235003,2.5070228493655224,0.06590578406557593,1.5232450215295852,1.6632028203965072,1.3935236302016836,11.495254498494914,3.845201175672345,26666788.779973257,27.86158574998279,179.51134923942027,31.847300281795594,11.0,Real Madrid,418.0,Xabi Alonso,4-4-2,280000000.0,25.657893099371538,183.9090909090909,565.0,20.4,6.2,7.2,7.6,1.6,0.6,1.9913599999999998,2.3443745999999996,2.1957186,11.485774393909036,10.6,375000000.0,25.856461950096445,183.41818181818184,507.4,20.39375607630347,6.934664920259681,7.194070404345351,7.640638129304572,2.424773424955858,1.0318646163566936,2.16346404270414,2.4808498809179578,2.2636652415705467,11.49650585708889,10.674592679419847,372217530.7058916,25.92955913056935,183.61535433304243,521.8740151057849,3.0,-9.399999999999999,-3.0,-4.2,9.799999999999999,1.1999999999999997,-0.39999999999999997,-0.4569799999999993,-0.6495925999999992,-0.6495926000000003,-0.07521629955542153,-7.0,-8.972528069650908,0.0012513585939757377,-4.026064364075185,-2.9414638692897395,10.15031259493043,0.08224942440966432,-0.9659588322911177,-0.6402190211745549,-0.8176470605214505,-0.8701416113688631,-6.829391503747502,-8.0,8.0,9.399999999999999,3.0,4.2,9.799999999999999,1.1999999999999997,0.39999999999999997,0.4569799999999993,0.6495925999999992,0.6495926000000003,0.07521629955542153,7.0,0.8176470605214505,0.6402190211745549,8.972528069650908,0.0012513585939757377,0.8701416113688631,6.829391503747502,2.9414638692897395,10.15031259493043,0.08224942440966432,0.9659588322911177,-2.4492935982947064e-16,1.0,-0.7818314824680299,0.6234898018587334,-0.8660254037844386,0.5000000000000001,0,20,18,79,9,18,2,21,0
H,2025-12-14,15:15,4645781.0,D,Celta Vigo,940.0,Claudio Giráldez,5-4-1,15800000.0,27.358596229232777,182.27272727272728,65.0,10.0,4.4,2.6,12.8,1.6,0.0,1.2852600000000003,1.201031,1.052376,12.691682900432903,7.6,27220000.0,27.39802128056748,179.50909090909093,78.8,9.014972490790727,4.317888248208963,2.417295038156489,12.488421645977198,1.5280981479163784,0.029489734326905697,1.1734539671209079,1.2281451021259524,1.1132629729547028,15.6452893457484,5.879895468223549,28016480.43214209,27.29203413483563,179.61677585099372,76.749557024126,10.0,Athletic Club,621.0,Ernesto Valverde,4-2-3-1,112500000.0,27.825524236201854,182.36363636363637,114.0,14.2,4.0,5.2,12.8,2.0,0.2,1.60718,1.7221309999999999,1.7221309999999999,13.083892827602503,7.4,82400000.0,27.77932922655715,182.54545454545456,144.8,12.780926727381114,3.6283109137218,4.635288799177085,12.559979916656369,2.311154801755867,0.10433185652337956,1.4039475794605905,1.4176291590701,1.406517990201926,12.684754403581296,6.740167619477904,84619250.02773921,27.908173853021612,182.7766214774399,144.41111190162758,7.0,-4.199999999999999,0.40000000000000036,-2.6,0.0,-0.3999999999999999,-0.2,-0.32191999999999976,-0.5210999999999999,-0.6697549999999999,0.3922099271695991,0.1999999999999993,-3.765954236590387,-2.9605349421671043,0.6895773344871627,-2.2179937610205958,-0.07155827067917109,-0.7830566538394887,-0.07484212219647386,-0.23049361233968257,-0.1894840569441476,-0.29325501724722325,-0.860272151254355,-3.0,3.0,4.199999999999999,0.40000000000000036,2.6,0.0,0.3999999999999999,0.2,0.32191999999999976,0.5210999999999999,0.6697549999999999,0.3922099271695991,0.1999999999999993,0.1894840569441476,0.23049361233968257,3.765954236590387,2.9605349421671043,0.29325501724722325,0.860272151254355,2.2179937610205958,0.07155827067917109,0.7830566538394887,0.07484212219647386,-2.4492935982947064e-16,1.0,-0.7818314824680299,0.6234898018587334,-0.7071067811865471,-0.7071067811865479,6,2,12,19,24,10,27,24,2
D,2025-12-15,20:00,4645782.0,D,Rayo Vallecano,367.0,Iñigo Pérez,4-2-3-1,34000000.0,30.053139194822972,178.45454545454547,89.0,12.4,3.4,5.6,14.8,3.0,0.4,1.3527200000000001,1.2068505999999999,1.2068505999999999,8.719444444444445,5.4,34460000.0,28.983784456474392,178.8909090909091,78.8,11.65098845189508,3.6582908084787538,5.437620139384748,16.05632485622056,3.770246164958565,0.4944915838309729,1.3158994164213116,1.1541792373024917,1.1532936402186587,7.747641106165826,4.625749561112582,33911270.49308753,28.88641057050469,178.96096228952624,74.86036406281701,12.0,Real Betis,150.0,Manuel Pellegrini,4-2-3-1,59500000.0,28.318337377885634,181.0909090909091,187.0,14.6,5.2,5.0,13.0,2.8,0.2,1.59348,1.981962,1.8333059999999999,11.055016722408025,7.6,63000000.0,27.703515649306205,180.87272727272727,183.0,15.023236446102473,4.902738122437837,5.438064736784487,13.702912296805726,3.362686733723398,0.14815273622026,1.4275721249911335,1.9282616478854273,1.6802243721889087,11.473039840358405,7.864719841005915,63765210.466088556,27.50705060742005,181.03311683337134,151.94274919495993,6.0,-2.1999999999999993,-1.8000000000000003,0.5999999999999996,1.8000000000000007,0.20000000000000018,0.2,-0.24075999999999986,-0.7751114000000001,-0.6264554,2.33557227796358,-2.1999999999999993,-3.3722479942073935,3.725398734192579,-1.2444473139590833,-0.00044459739973934376,2.353412559414833,0.4075594312351667,0.3463388476107129,-0.11167270856982192,-0.7740824105829356,-0.5269307319702501,-3.2389702798933326,-6.0,6.0,2.1999999999999993,1.8000000000000003,0.5999999999999996,1.8000000000000007,0.20000000000000018,0.2,0.24075999999999986,0.7751114000000001,0.6264554,2.33557227796358,2.1999999999999993,0.7740824105829356,0.11167270856982192,3.3722479942073935,3.725398734192579,0.5269307319702501,3.2389702798933326,0.00044459739973934376,2.353412559414833,0.4075594312351667,0.3463388476107129,-2.4492935982947064e-16,1.0,0.0,1.0,-0.8660254037844386,0.5000000000000001,18,19,30,51,10,10,18,7,1
D,2025-12-19,20:00,4645845.0,A,Valencia,1049.0,Carlos Corberán,4-4-2,38000000.0,26.837408997573267,181.27272727272728,71.0,13.0,2.8,5.6,12.2,2.4,0.0,1.37862,1.3998426,1.3998426,13.64025553012967,4.8,46040000.0,26.233737788563246,181.38181818181818,101.6,11.987423071790118,2.529011135592156,5.13041191015965,11.647336486831739,1.9424379643909342,0.0011418352114041508,1.150891077755714,1.2216620519278678,1.214993687362986,13.730644683321032,4.560699865972391,43414424.46246447,26.453878629487704,181.4488102846799,95.2832357632409,17.0,Mallorca,237.0,Jagoba Arrasate,4-2-3-1,42100000.0,27.756331279945243,183.45454545454547,149.0,10.0,5.0,2.0,11.6,1.8,0.0,1.47312,1.398433,1.249778,15.514449486888575,3.6,35160000.0,28.194188289465494,184.45454545454544,154.4,11.91859975527175,5.553595976267377,2.434991158171323,11.623487076971307,2.2223795119393817,0.014529395636676497,1.5468388556645785,1.5358101439164231,1.4237716421323299,15.328135960726533,4.175712654670822,34933769.29190601,28.304524879505806,184.15313293977258,157.2738202564607,14.0,3.0,-2.2,3.5999999999999996,0.5999999999999996,0.5999999999999999,0.0,-0.09450000000000003,0.0014095999999998998,0.15006459999999988,1.874193956758905,1.1999999999999997,0.06882331651836893,1.597491277405501,-3.024584840675221,2.6954207519883275,0.023849409860432047,-0.27994154754844747,-0.013387560425272347,-0.3959477779088645,-0.3141480919885553,-0.2087779547693438,0.3849872113015689,-3.0,3.0,3.0,2.2,3.5999999999999996,0.5999999999999996,0.5999999999999999,0.0,0.09450000000000003,0.0014095999999998998,0.15006459999999988,1.874193956758905,1.1999999999999997,0.3141480919885553,0.3959477779088645,0.06882331651836893,1.597491277405501,0.2087779547693438,0.3849872113015689,2.6954207519883275,0.023849409860432047,0.27994154754844747,0.013387560425272347,-2.4492935982947064e-16,1.0,-0.433883739117558,-0.9009688679024191,-0.8660254037844386,0.5000000000000001,26,16,11,31,18,10,0,11,1
H,2025-12-20,20:00,4645840.0,H,Real Madrid,418.0,Xabi Alonso,4-3-3 Attacking,175000000.0,25.715636861427413,183.54545454545453,496.0,18.8,6.4,7.0,8.8,1.4,0.6,2.2221800000000003,2.557394,2.4087380000000005,11.311735932370574,9.8,353000000.0,26.0553792545579,183.5090909090909,527.2,17.929170717535648,6.623109946839787,7.129380269563566,9.427092086203048,1.949848949970572,0.6879097442377957,2.06340936180276,2.2894199206119716,2.144630161047031,11.895106468828489,8.449728452946564,341478353.8039277,25.839003786836745,183.71326652505857,536.2493434038566,3.0,Sevilla,368.0,Matías Almeyda,5-3-2,54400000.0,28.28647875054446,183.9090909090909,421.0,11.6,4.2,6.2,14.2,3.0,0.2,1.5687200000000001,1.3424787999999999,1.1938242,7.557376114081997,4.6,41980000.0,27.143898948416403,184.4,265.2,10.669490244313645,4.177393919020788,5.409183714307211,13.723960543814565,2.81685138891746,0.14889164330691043,1.5654162694294484,1.3880586953597323,1.3293396805951128,8.650929319257887,3.8568145462179673,38266159.37126847,27.494697100789903,184.42074683697487,298.12754996664074,9.0,7.200000000000001,2.2,0.7999999999999998,-5.399999999999999,-1.6,0.39999999999999997,0.6534600000000002,1.2149152,1.2149138000000006,-3.7543598182885773,5.200000000000001,7.259680473222003,-3.2441771495706018,2.4457160278189995,1.7201965552563552,-4.296868457611517,-0.8670024389468878,0.5390181009308853,0.49799309237331135,0.9013612252522394,0.8152904804519183,4.592913906728597,6.0,6.0,7.200000000000001,2.2,0.7999999999999998,5.399999999999999,1.6,0.39999999999999997,0.6534600000000002,1.2149152,1.2149138000000006,3.7543598182885773,5.200000000000001,0.9013612252522394,0.49799309237331135,7.259680473222003,3.2441771495706018,0.8152904804519183,4.592913906728597,1.7201965552563552,4.296868457611517,0.8670024389468878,0.5390181009308853,-2.4492935982947064e-16,1.0,-0.9749279121818236,-0.2225209339563146,-0.8660254037844386,0.5000000000000001,20,25,79,54,15,23,21,19,2
D,2025-12-20,13:00,4645844.0,D,Real Oviedo,2497.0,Guillermo Almada,4-2-3-1,4000000.0,28.350942691805116,180.8181818181818,138.0,9.0,2.0,4.4,10.6,1.4,0.8,0.7626200000000001,0.7242303999999999,0.7242303999999999,11.855418803418804,3.4,15280000.0,29.609607367307568,182.63636363636365,256.8,9.18823185075051,1.9955210867266693,4.39844366785141,11.752128472027936,1.7793347949806413,0.8898991267923395,0.8501508968726668,0.852200726905901,0.8298496803057664,11.199133150021742,3.3419571377569053,15315849.844530812,29.357922467088038,182.66139619548332,250.3538618118603,19.0,Celta Vigo,940.0,Claudio Giráldez,5-4-1,15000000.0,26.406321946363015,178.54545454545453,47.0,7.0,3.6,2.0,12.6,1.6,0.0,1.23384,1.210231,1.061576,13.690016233766238,4.4,24680000.0,27.400510235828513,180.12727272727273,76.2,7.676648327193818,3.5452588321393086,1.9448633587709925,11.992281097318132,2.018732098610919,0.019659822884603797,1.3233026447472718,1.4756767347506348,1.3990886486364686,14.360748452721156,5.253263645482366,23944320.28809473,27.31422149963468,180.50209299157157,72.833038016084,8.0,2.0,-1.6,2.4000000000000004,-2.0,-0.20000000000000018,0.8,-0.47121999999999997,-0.4860006000000001,-0.33734560000000013,1.8345974303474346,-1.0000000000000004,1.5115835235566921,3.1616153026994134,-1.5497377454126393,2.453580309080418,-0.24015262529019665,-0.23939730363027767,0.8702393039077357,-0.473151747874605,-0.6234760078447338,-0.5692389683307022,-1.9113065077254605,-11.0,11.0,2.0,1.6,2.4000000000000004,2.0,0.20000000000000018,0.8,0.47121999999999997,0.4860006000000001,0.33734560000000013,1.8345974303474346,1.0000000000000004,0.6234760078447338,0.473151747874605,1.5115835235566921,3.1616153026994134,0.5692389683307022,1.9113065077254605,2.453580309080418,0.24015262529019665,0.23939730363027767,0.8702393039077357,-2.4492935982947064e-16,1.0,-0.9749279121818236,-0.2225209339563146,-0.2588190451025208,-0.9659258262890683,21,6,25,12,10,24,12,27,1
H,2025-12-20,17:30,4645841.0,D,Osasuna,331.0,Alessio Lisci,4-2-3-1,40400000.0,28.68570717441354,184.0909090909091,64.0,10.8,3.4,4.2,12.8,3.0,0.2,1.17036,1.0672338,1.0672338,12.951045210791188,4.6,53720000.0,27.547458154439674,184.14545454545456,48.0,9.669376239379911,3.4569046929685103,3.273725089285253,12.070179585062235,2.783450420987858,0.10338032485328262,1.0973506531075767,0.9722253087532318,0.9257424949511665,14.185839862621973,3.830434826713635,54248596.64805923,27.61226550157616,184.501268325125,56.82715459628643,16.0,Alaves,1108.0,Eduardo Coudet,4-3-3 Attacking,31000000.0,27.793914504386784,179.72727272727272,33.0,9.6,2.8,3.8,17.0,2.6,0.0,1.2613600000000005,1.5213060000000003,1.3726500000000001,12.425417570934812,3.6,28200000.0,27.89148155061913,179.4,31.8,9.614152004435043,2.605733704122997,4.501737690037074,15.86063381615667,2.6713485662436818,0.04393718937705062,1.3061966810197234,1.5464685469310047,1.3666824201344558,11.799866635360246,3.5634674504482304,28111192.51998217,27.8740399721226,179.46211161415897,31.898200187863733,12.0,1.200000000000001,0.6000000000000001,0.40000000000000036,-4.199999999999999,0.3999999999999999,0.2,-0.09100000000000041,-0.45407220000000037,-0.30541620000000025,-0.525627639856376,0.9999999999999996,0.055224234944867945,-2.3859732272617276,0.8511709888455132,-1.2280126007518208,-3.7904542310944347,0.11210185474417633,0.059443135476232,-0.20884602791214668,-0.5742432381777729,-0.4409399251832894,0.2669673762654048,-4.0,4.0,1.200000000000001,0.6000000000000001,0.40000000000000036,4.199999999999999,0.3999999999999999,0.2,0.09100000000000041,0.45407220000000037,0.30541620000000025,0.525627639856376,0.9999999999999996,0.5742432381777729,0.20884602791214668,0.055224234944867945,2.3859732272617276,0.4409399251832894,0.2669673762654048,1.2280126007518208,3.7904542310944347,0.11210185474417633,0.059443135476232,-2.4492935982947064e-16,1.0,-0.9749279121818236,-0.2225209339563146,-0.9659258262890683,-0.25881904510252063,17,0,4,18,10,15,15,2,2
D,2025-12-20,15:15,4645849.0,A,Levante,3368.0,Álvaro del Moral,4-2-3-1,6000000.0,26.877232281749738,179.9090909090909,193.0,9.0,3.2,3.0,9.8,2.2,0.2,0.5205799999999999,0.9898794000000002,0.8194306000000002,15.866936090225565,3.4,4900000.0,26.802140501524484,179.88909090909092,188.8,10.246439984902826,3.7631167362950797,3.192877873157599,9.812948530061812,2.2311703728269525,0.06584604119568711,0.5863199229860182,0.9950557735740851,0.9372019908879962,12.370400462222252,4.108705172752013,4434822.518190478,26.660606075394995,179.74626737739015,189.83269500188484,20.0,Real Sociedad,681.0,Ion Ansotegi,4-1-4-1,120800000.0,26.186298301288037,180.27272727272728,166.0,13.8,5.2,5.2,14.6,2.2,0.0,1.3671600000000002,1.346402,1.1977474000000004,8.78460565828987,6.6,93920000.0,26.53505071246344,180.6909090909091,154.2,11.959558415520059,4.389799730951633,5.529843199439443,16.491413270798798,1.8742572183316222,7.388400374175038e-06,1.3063342972330962,1.2819940804833623,1.2091090819293653,8.508222324999906,7.3670340420962885,97248640.31589365,26.47599531814514,180.41285031324568,145.8903259326514,15.0,-4.800000000000001,-2.0,-2.2,-4.799999999999999,0.0,0.2,-0.8465800000000002,-0.3565225999999999,-0.3783168000000001,-7.082330431935695,-3.1999999999999997,-1.7131184306172322,-3.8621781372223456,-0.6266829946565529,-2.3369653262818444,-6.678464740736986,0.35691315449533034,0.06583865279531294,-0.720014374247078,-0.28693830690927713,-0.2719070910413691,-3.2583288693442753,-5.0,5.0,4.800000000000001,2.0,2.2,4.799999999999999,0.0,0.2,0.8465800000000002,0.3565225999999999,0.3783168000000001,7.082330431935695,3.1999999999999997,0.28693830690927713,0.720014374247078,1.7131184306172322,3.8621781372223456,0.2719070910413691,3.2583288693442753,2.3369653262818444,6.678464740736986,0.35691315449533034,0.06583865279531294,-2.4492935982947064e-16,1.0,-0.9749279121818236,-0.2225209339563146,-0.7071067811865471,-0.7071067811865479,15,22,86,29,10,9,16,25,1
A,2025-12-21,15:15,4645843.0,A,Villarreal,1050.0,Marcelino,4-4-2,88000000.0,26.907597535934293,184.45454545454547,161.0,11.8,5.4,3.0,14.0,2.8,0.0,2.12152,1.8538401999999998,1.8538402,15.273974305264627,9.4,96000000.0,27.03622674382428,184.21818181818182,184.4,11.055590193699695,5.120126097110459,3.5181695046583967,15.94190278703329,3.151729543677676,0.019596004210261985,1.9486911573056218,1.5946769692385743,1.5620491826181357,12.944257745502187,8.868418903751172,97944158.92821856,26.91114667080689,184.11890284179876,177.7985729137698,2.0,Barcelona,131.0,Hansi Flick,4-2-3-1,90000000.0,24.189907286416528,181.45454545454547,275.0,19.2,6.8,7.2,9.0,1.0,0.0,2.19866,2.7497900000000004,2.452482,7.910366522366521,11.8,108000000.0,24.339642834920042,181.96363636363634,340.6,19.968277297634987,7.062891464586085,8.598196511189876,8.33070559654133,1.1782562658316158,0.06340576198174537,2.2836670495533355,2.7176511990297936,2.402166886727242,7.654316294938744,12.00594005515135,115011411.79539768,24.38139731749227,181.89551419647137,344.8240543179774,1.0,-7.399999999999999,-1.3999999999999995,-4.2,5.0,1.7999999999999998,0.0,-0.07713999999999999,-0.8959498000000006,-0.5986417999999998,-7.3636077828981055,-2.4000000000000004,-8.912687103935292,-5.289941450563442,-1.9427653674756256,-5.080027006531479,7.611197190491961,1.9734732778460604,-0.04380975777148338,-0.33497589224771374,-1.1229742297912193,-0.8401177041091064,-3.137521151400179,-1.0,1.0,7.399999999999999,1.3999999999999995,4.2,5.0,1.7999999999999998,0.0,0.07713999999999999,0.8959498000000006,0.5986417999999998,7.3636077828981055,2.4000000000000004,1.1229742297912193,0.33497589224771374,8.912687103935292,5.289941450563442,0.8401177041091064,3.137521151400179,5.080027006531479,7.611197190491961,1.9734732778460604,0.04380975777148338,-2.4492935982947064e-16,1.0,-0.7818314824680299,0.6234898018587334,-0.7071067811865471,-0.7071067811865479,27,4,52,27,18,10,1,6,0
H,2025-12-21,17:30,4645848.0,H,Elche,1531.0,Eder Sarabia,3-5-2 flat,9000000.0,26.06135274718437,182.0,13.0,11.2,3.8,2.2,13.2,1.4,0.2,0.7446200000000001,0.951837,0.951837,9.065817851079311,6.8,8700000.0,26.465509302470288,181.6,42.6,10.540692912622799,3.2370790229918813,2.255221891381493,13.729976809751657,0.9730545540326703,0.11178826187122172,0.776990887638734,0.8718285543806202,0.8653834906444376,8.668101622686835,6.055512584490678,9287218.288113793,26.534147374349548,181.36381885883688,37.94133259439635,11.0,Rayo Vallecano,367.0,Iñigo Pérez,4-2-3-1,17700000.0,30.14871507684649,176.8181818181818,61.0,14.4,4.2,6.2,14.6,3.6,0.4,1.76938,1.4265465999999998,1.4265466,8.052777777777777,4.6,34560000.0,29.190218405824158,178.65454545454546,78.8,15.433992301263388,4.772193872319169,6.291746759589832,14.03754990414704,3.846830776639043,0.32966105588731526,1.6761662776142077,1.4977194915349947,1.4971290934791057,7.915094070777218,3.750499707408388,33940846.99539169,29.275320111944115,178.79215667786596,79.57357604187801,13.0,-3.200000000000001,-0.40000000000000036,-4.0,-1.4000000000000004,-2.2,-0.2,-1.02476,-0.47470959999999973,-0.47470959999999995,-1.013040073301534,2.2,-4.893299388640589,-0.7530075519096178,-1.5351148493272873,-4.036524868208339,-0.3075730943953836,-2.8737762226063728,-0.21787279401609355,-0.8991753899754736,-0.6258909371543745,-0.6317456028346681,2.3050128770822904,2.0,2.0,3.200000000000001,0.40000000000000036,4.0,1.4000000000000004,2.2,0.2,1.02476,0.47470959999999973,0.47470959999999995,1.013040073301534,2.2,0.6258909371543745,0.8991753899754736,4.893299388640589,0.7530075519096178,0.6317456028346681,2.3050128770822904,4.036524868208339,0.3075730943953836,2.8737762226063728,0.21787279401609355,-2.4492935982947064e-16,1.0,-0.7818314824680299,0.6234898018587334,-0.9659258262890683,-0.25881904510252063,8,18,17,30,7,10,8,18,2
H,2025-12-21,20:00,4645847.0,H,Real Betis,150.0,Manuel Pellegrini,4-2-3-1,51500000.0,28.17771140563748,180.27272727272728,191.0,14.2,4.8,4.8,12.6,3.0,0.2,1.14594,1.5754472000000002,1.4267912,12.303846153846154,7.6,61300000.0,27.618343600273782,180.94545454545454,148.6,14.348824297401649,5.268492081625225,4.625376491189658,11.468608197870486,2.575124489148932,0.09876849081350668,1.094514749994089,1.5484297652569516,1.3830715814592727,13.802539380751758,7.909813227337277,62343473.64405904,27.77747953090858,181.05238091921726,163.6284994633066,6.0,Getafe,3709.0,José Bordalás,5-3-2,31600000.0,30.00908468670276,182.0909090909091,164.0,11.0,2.2,6.4,13.6,3.0,0.2,0.9751600000000001,0.6094282,0.6094282,9.60126012145749,3.2,29680000.0,29.3509053574762,182.61818181818182,130.0,10.232581410588756,1.897849927646097,5.323041973397682,15.651580222178376,3.517216170398747,0.26193406244827744,1.0034367108537532,0.5875575099929568,0.5875566346828359,9.461841144977093,2.5407184060983665,28561437.909776706,29.47907654562816,182.4485217471355,135.08430125374588,10.0,3.1999999999999993,2.5999999999999996,-1.6000000000000005,-1.0,0.0,0.0,0.17077999999999982,0.9660190000000002,0.8173630000000001,-2.7025860323886643,4.3999999999999995,4.116242886812893,-4.340698235774665,3.3706421539791283,-0.6976654822080244,-4.18297202430789,-0.9420916812498148,-0.16316557163477075,0.09107803914033585,0.9608722552639949,0.7955149467764367,5.36909482123891,4.0,4.0,3.1999999999999993,2.5999999999999996,1.6000000000000005,1.0,0.0,0.0,0.17077999999999982,0.9660190000000002,0.8173630000000001,2.7025860323886643,4.3999999999999995,0.9608722552639949,0.09107803914033585,4.116242886812893,4.340698235774665,0.7955149467764367,5.36909482123891,0.6976654822080244,4.18297202430789,0.9420916812498148,0.16316557163477075,-2.4492935982947064e-16,1.0,-0.7818314824680299,0.6234898018587334,-0.8660254037844386,0.5000000000000001,19,10,51,39,10,23,7,20,2
A,2025-12-21,13:00,4645842.0,A,Girona,12321.0,Míchel,4-5-1,89300000.0,27.69709414473275,182.1818181818182,365.0,10.6,3.4,2.6,10.4,2.4,0.0,0.9714600000000001,1.1508746,1.1508745999999999,17.548051948051953,4.4,104140000.0,27.713720365876423,182.09090909090907,344.2,10.778594147465105,3.574427292178722,2.8149428482640424,9.68125007449943,2.4764752957760794,0.03448260824079528,1.066491332070979,1.1559220123197809,1.0797877909720432,18.59751873330158,5.096233834799058,102225950.63215275,27.83857046740945,181.99044848279038,353.136637328006,18.0,Atletico Madrid,13.0,Diego Simeone,4-4-2,311000000.0,27.358347333706675,182.9090909090909,445.0,10.2,5.0,5.8,11.2,1.8,0.0,1.56176,1.615305,1.6153049999999998,10.645996240601503,6.6,247400000.0,27.4967332462199,181.3090909090909,463.4,10.409826553159947,5.082696516326632,6.228376029406394,11.201386522855609,2.0301685559324523,0.011244952565771042,1.5855356669933134,1.7189371410417007,1.6909372730822643,10.614371529965384,6.297736847584882,275620256.63568586,27.302925415466607,181.37008308981402,465.8707071189656,4.0,0.40000000000000036,-1.6,-3.1999999999999997,-0.7999999999999989,0.5999999999999999,0.0,-0.5902999999999999,-0.4644303999999999,-0.4644303999999999,-6.902055707450449,-2.1999999999999993,0.36876759430515804,-7.9831472033361965,-1.5082692241479103,-3.4134331811423513,-1.5201364483561797,0.4463067398436271,0.023237655675024234,-0.5190443349223344,-0.5630151287219198,-0.611149482110221,-1.2015030127858237,-14.0,14.0,0.40000000000000036,1.6,3.1999999999999997,0.7999999999999989,0.5999999999999999,0.0,0.5902999999999999,0.4644303999999999,0.4644303999999999,6.902055707450449,2.1999999999999993,0.5630151287219198,0.5190443349223344,0.36876759430515804,7.9831472033361965,0.611149482110221,1.2015030127858237,3.4134331811423513,1.5201364483561797,0.4463067398436271,0.023237655675024234,-2.4492935982947064e-16,1.0,-0.7818314824680299,0.6234898018587334,-0.2588190451025208,-0.9659258262890683,11,3,56,16,21,18,3,5,0
A,2025-12-22,20:00,4645846.0,D,Athletic Club,621.0,Ernesto Valverde,4-2-3-1,102500000.0,27.752846742579802,181.27272727272728,127.0,12.8,3.0,4.6,13.0,2.2,0.2,1.26078,1.5248149999999998,1.376159,13.082683150183149,6.0,92400000.0,27.761956318835168,182.63636363636363,137.0,13.187284484920744,3.0855406091478663,4.423525866118056,12.706653277770911,2.2074365345039113,0.06955457101558638,1.305365052973727,1.5002894393800668,1.2451219934679507,11.852336269054197,5.493445079651937,93912833.35182615,27.880623980748357,182.63895977283872,134.27407460108506,7.0,Espanyol,714.0,Manolo González,4-2-3-1,25200000.0,27.835231161719868,181.72727272727272,33.0,9.2,3.2,4.2,15.6,2.2,0.2,1.4029599999999998,0.9152439999999998,0.7665879999999999,10.256326312576311,3.0,24400000.0,28.112899010640284,182.2181818181818,29.8,9.262166065654716,3.450662043950571,4.490963513514402,16.09913654661457,2.1945107177645427,0.22501688426939173,1.6848313093271248,1.0930602260512576,0.9150669995412356,9.59612066598775,3.418874176515251,23011838.130035967,28.153731995644034,182.2920415742585,30.670593191631852,5.0,3.6000000000000014,-0.20000000000000018,0.39999999999999947,-2.5999999999999996,0.0,0.0,-0.14217999999999975,0.609571,0.609571,-2.8263568376068378,3.0,3.9251184192660276,-2.2562156030664475,-0.36512143480270476,-0.06743764739634628,-3.392483268843659,0.012925816739368656,-0.15546231325380536,-0.3794662563533977,0.4072292133288091,0.3300549939267151,2.074570903136686,-2.0,2.0,3.6000000000000014,0.20000000000000018,0.39999999999999947,2.5999999999999996,0.0,0.0,0.14217999999999975,0.609571,0.609571,2.8263568376068378,3.0,0.4072292133288091,0.3794662563533977,3.9251184192660276,2.2562156030664475,0.3300549939267151,2.074570903136686,0.06743764739634628,3.392483268843659,0.012925816739368656,0.15546231325380536,-2.4492935982947064e-16,1.0,0.0,1.0,-0.8660254037844386,0.5000000000000001,2,9,19,50,10,10,24,26,0
D,2026-01-02,20:00,4645854.0,H,Rayo Vallecano,367.0,Iñigo Pérez,4-2-3-1,36500000.0,29.804990355298365,177.9090909090909,76.0,15.4,5.4,6.2,13.4,3.6,0.4,1.3959199999999998,1.3351106,1.3351106,7.43611111111111,3.6,30400000.0,29.36738224130421,178.3090909090909,72.8,16.28932820084226,5.8481292482127785,5.86116450639322,13.025033269431361,3.5645538510926955,0.21977403725821018,1.1761108517428052,1.3815563276899965,1.3811627289860704,7.582284936073701,3.8336664716055915,28527231.330261126,29.566451766911573,178.13416505797125,73.38238402791868,15.0,Getafe,3709.0,José Bordalás,4-2-3-1,26600000.0,29.797274593989176,181.0909090909091,116.0,11.2,2.2,4.6,14.4,2.8,0.2,0.89524,0.7509454000000001,0.6022898000000001,9.975106275303643,3.2,29800000.0,29.700105780598598,182.41818181818184,151.0,11.821720940392504,2.265233285097398,5.215361315598455,14.434386814785583,2.678144113599165,0.17462270829885163,0.7364911405691688,0.8074583399953045,0.5596984231218906,9.064304353061653,2.6938122707322445,29574291.939851135,29.655745925986363,182.32931752839337,144.72286750249725,11.0,4.200000000000001,3.2,1.6000000000000005,-1.0,0.8000000000000003,0.2,0.5006799999999998,0.5841651999999998,0.7328207999999998,2.5389951641925332,0.3999999999999999,4.467607260449755,1.482019416987952,3.5828959631153805,0.6458031907947657,-1.4093535453542216,0.8864097374935307,0.045151328959358555,0.4396197111736364,0.574097987694692,0.8214643058641798,1.139854200873347,-4.0,4.0,4.200000000000001,3.2,1.6000000000000005,1.0,0.8000000000000003,0.2,0.5006799999999998,0.5841651999999998,0.7328207999999998,2.5389951641925332,0.3999999999999999,0.574097987694692,0.4396197111736364,4.467607260449755,1.482019416987952,0.8214643058641798,1.139854200873347,0.6458031907947657,1.4093535453542216,0.8864097374935307,0.045151328959358555,0.49999999999999994,0.8660254037844387,-0.433883739117558,-0.9009688679024191,-0.8660254037844386,0.5000000000000001,18,10,30,39,10,10,18,20,1
D,2026-01-03,15:15,4645850.0,H,Osasuna,331.0,Alessio Lisci,4-2-3-1,39400000.0,29.247215481301723,182.63636363636363,64.0,12.2,4.2,4.8,13.4,2.8,0.2,1.47322,1.3520534,1.2033974,12.993295210791189,4.2,52320000.0,27.77425175782465,184.3818181818182,57.0,11.779584159586607,4.637936461979007,5.1824833928568355,13.380119723374824,2.522300280658572,0.06892021656885508,1.5908671020717178,1.4453002058354878,1.1665516633007778,11.967643241747984,3.8869565511424233,49632397.76537281,27.970079392521953,184.36448191371971,59.21810306419095,12.0,Athletic Club,621.0,Ernesto Valverde,4-2-3-1,102500000.0,27.11642088233464,182.8181818181818,137.0,13.6,4.0,4.8,13.2,2.8,0.0,1.54196,1.6601489999999999,1.5114930000000002,10.759955877455877,6.8,92400000.0,27.720639661502084,182.54545454545456,131.2,14.45818965661383,4.390360406098577,5.61568391074537,11.804435518513941,3.138291023002607,0.04636971401039092,1.5328433686491512,1.5744662929200446,1.4043546623119674,10.280345391490677,6.662296719767959,96775222.23455076,27.838031568025503,182.18354893946824,131.84938306739005,8.0,-1.4000000000000004,0.20000000000000018,0.0,0.20000000000000107,0.0,0.2,-0.06874000000000002,-0.3080955999999999,-0.30809560000000014,-2.233339333335312,-2.5999999999999996,-2.678605497027224,-1.6872978502573073,0.24757605588042964,-0.433200517888535,1.5756842048608828,-0.6159907423440352,0.022550502558464164,0.058023733422566615,-0.1291660870845568,-0.23780299901118962,-2.7753401686255352,-4.0,4.0,1.4000000000000004,0.20000000000000018,0.0,0.20000000000000107,0.0,0.2,0.06874000000000002,0.3080955999999999,0.30809560000000014,2.233339333335312,2.5999999999999996,0.1291660870845568,0.058023733422566615,2.678605497027224,1.6872978502573073,0.23780299901118962,2.7753401686255352,0.433200517888535,1.5756842048608828,0.6159907423440352,0.022550502558464164,0.49999999999999994,0.8660254037844387,-0.9749279121818236,-0.2225209339563146,-0.7071067811865471,-0.7071067811865479,17,2,4,19,10,10,15,24,1
H,2026-01-03,13:00,4645858.0,H,Celta Vigo,940.0,Claudio Giráldez,5-4-1,30000000.0,26.677618069815196,180.9090909090909,78.0,7.2,3.4,2.2,11.4,1.6,0.0,1.4948200000000003,1.2277822,1.0791271999999998,14.791414835164835,3.8,24880000.0,27.252417397797274,179.38181818181818,70.4,7.117765551462544,3.0301725547595395,2.2965755725139947,10.328187398212089,1.6791547324072793,0.013106548589735865,1.3382684298315146,1.1837874898337566,1.1327287657576457,16.394345122326925,3.8355090969882437,20962880.192063153,27.01158831521079,179.84988017619924,64.22202534405601,7.0,Valencia,1049.0,Carlos Corberán,5-3-2,23000000.0,26.314479497231037,182.9090909090909,87.0,13.0,2.4,6.6,11.6,2.2,0.0,1.61044,1.4415706,1.4415706,12.00743819266837,6.0,43440000.0,26.440171737913012,181.3818181818182,93.2,13.658282047860078,2.3526740903947707,7.420274606773101,11.098224324554494,1.9616253095939562,0.0007612234742694338,1.6938273851704764,1.534481367951912,1.5300357915753242,11.800821945743431,6.373799910648262,41609616.308309644,26.581722085516223,181.39011594736235,87.1888238421606,17.0,-5.8,1.0,-4.3999999999999995,-0.1999999999999993,-0.6000000000000001,0.0,-0.11561999999999983,-0.21378839999999988,-0.3624434000000001,-2.783976642496464,-2.2,-6.540516496397534,-4.593523176583494,0.6774984643647688,-5.123699034259106,-0.7700369263424047,-0.2824705771866769,0.01234532511546643,-0.35555895533896176,-0.35069387811815544,-0.3973070258176785,-2.538290813660018,10.0,10.0,5.8,1.0,4.3999999999999995,0.1999999999999993,0.6000000000000001,0.0,0.11561999999999983,0.21378839999999988,0.3624434000000001,2.783976642496464,2.2,0.35069387811815544,0.35555895533896176,6.540516496397534,4.593523176583494,0.3973070258176785,2.538290813660018,5.123699034259106,0.7700369263424047,0.2824705771866769,0.01234532511546643,0.49999999999999994,0.8660254037844387,-0.9749279121818236,-0.2225209339563146,-0.2588190451025208,-0.9659258262890683,6,26,12,11,24,23,27,0,2
A,2026-01-03,20:00,4645852.0,D,Espanyol,714.0,Manolo González,4-2-3-1,25200000.0,27.868085371165453,181.72727272727272,33.0,8.4,3.6,4.2,15.6,2.6,0.2,1.4651399999999999,1.0018102,0.8531542,10.584833099906628,2.2,24400000.0,28.117379130110134,182.14545454545456,29.8,9.508110710436478,3.9671080293003804,4.327309009009602,13.732757697743047,2.1296738118430283,0.1500112561795945,1.3730208728847497,1.0317028173675051,0.9130406663608238,11.53466867928595,2.6125827843435006,23741225.420023978,28.047565051002646,182.10378529192988,31.447062127754567,5.0,Barcelona,131.0,Hansi Flick,4-2-3-1,130000000.0,24.72777051832493,182.45454545454547,338.0,19.2,6.4,8.2,8.8,1.2,0.0,2.1738399999999998,2.9387080000000005,2.492744,6.976448393711552,12.2,108000000.0,24.222263704809908,181.8181818181818,318.2,19.645518198423325,6.375260976390723,9.06546434079325,8.22047039769422,1.1188375105544106,0.04227050798783025,2.226244699702224,2.9030374660198626,2.444954591151495,6.7870880562749525,13.670626703434232,106674274.53026514,24.317567307133686,181.7485246158294,321.54936954531826,1.0,-10.799999999999999,-2.8000000000000003,-3.999999999999999,6.799999999999999,1.4000000000000001,0.2,-0.7086999999999999,-1.9368978000000006,-1.6395898,-3.6083847061950767,-10.0,-10.137407487986847,-4.747580623010998,-2.4081529470903424,-4.7381553317836484,5.512287300048827,1.0108363012886177,0.10774074819176424,-0.8532238268174743,-1.8713346486523574,-1.531913924790671,-11.058043919090732,-4.0,4.0,10.799999999999999,2.8000000000000003,3.999999999999999,6.799999999999999,1.4000000000000001,0.2,0.7086999999999999,1.9368978000000006,1.6395898,3.6083847061950767,10.0,1.8713346486523574,0.8532238268174743,10.137407487986847,4.747580623010998,1.531913924790671,11.058043919090732,4.7381553317836484,5.512287300048827,1.0108363012886177,0.10774074819176424,0.49999999999999994,0.8660254037844387,-0.9749279121818236,-0.2225209339563146,-0.8660254037844386,0.5000000000000001,9,4,50,27,10,10,26,6,0
A,2026-01-03,17:30,4645859.0,A,Elche,1531.0,Eder Sarabia,3-5-2 flat,14000000.0,26.470288096571462,182.1818181818182,23.0,12.4,4.4,2.8,13.4,1.6,0.2,1.1448399999999999,1.5241676000000002,1.5241676,8.871252633688007,6.8,8900000.0,26.161508306888187,181.54545454545456,39.4,13.027128608415198,4.1580526819945876,2.8368145942543292,14.15331787316777,1.3153697026884468,0.07452550791414782,1.4328605917591561,1.8045390362537468,1.800242327096292,8.996125719472383,6.703675056327119,9191478.85874253,26.376549165294488,181.5758792392246,29.6275550629309,9.0,Villarreal,1050.0,Marcelino,4-4-2,93500000.0,27.213241241988673,183.27272727272728,137.0,11.4,5.0,3.4,14.6,2.8,0.2,1.7535599999999998,1.7440521999999998,1.7440522,16.84730763859796,7.8,89500000.0,26.95070624105532,184.34545454545454,173.0,12.03706012913313,5.080084064740306,4.012113003105598,13.961268524688862,2.4344863624517843,0.34639733614017465,1.531227438203748,1.7846713128257161,1.762919455078757,17.385060719223677,7.245612602500781,94629439.28547902,26.909963625849358,184.23078371271433,172.19904860917987,3.0,1.0,-0.5999999999999996,-0.6000000000000001,-1.1999999999999993,-1.1999999999999997,0.0,-0.6087199999999999,-0.21988459999999965,-0.2198846000000001,7.976055004909954,-1.0,0.9900684792820691,8.388934999751294,-0.9220313827457183,-1.1752984088512686,0.19204934847890875,-1.1191166597633375,-0.27187182822602685,-0.09836684644459193,0.01986772342803067,0.037322872017534925,-0.5419375461736626,-6.0,6.0,1.0,0.5999999999999996,0.6000000000000001,1.1999999999999993,1.1999999999999997,0.0,0.6087199999999999,0.21988459999999965,0.2198846000000001,7.976055004909954,1.0,0.01986772342803067,0.09836684644459193,0.9900684792820691,8.388934999751294,0.037322872017534925,0.5419375461736626,1.1752984088512686,0.19204934847890875,1.1191166597633375,0.27187182822602685,0.49999999999999994,0.8660254037844387,-0.9749279121818236,-0.2225209339563146,-0.9659258262890683,-0.25881904510252063,8,27,17,52,7,18,8,1,0
D,2026-01-04,20:00,4645851.0,D,Real Sociedad,681.0,Pellegrino Matarazzo,4-2-3-1,116000000.0,26.625598904859682,181.45454545454547,246.0,14.8,5.4,6.6,14.2,2.0,0.0,1.3012200000000003,1.3779320000000002,1.3779320000000002,8.222700896385108,7.0,94680000.0,26.488706365503084,180.74545454545455,150.8,13.973038943680038,4.926533153967755,7.0198954662929625,15.3276088471992,1.9161714788877482,4.9256002494500255e-06,1.4197228648220641,1.3979493869889081,1.3493593879529102,8.402306946825334,6.911356028064193,105099093.5439291,26.379429645859442,180.36614263307288,152.5935506217676,16.0,Atletico Madrid,13.0,Diego Simeone,4-4-2,311000000.0,27.097753717876923,182.36363636363637,410.0,10.4,5.0,5.2,10.6,1.2,0.0,1.41704,1.5723530000000001,1.572353,12.164472431077694,7.6,265800000.0,27.35466367992035,181.72727272727272,471.4,11.606551035439963,5.388464344217755,5.485584019604263,12.134257681903739,1.353445703954968,0.007496635043847361,1.5344571113288756,1.5666280940278003,1.5479615153881763,11.289581019976922,8.198491231723255,287413504.4237906,27.321399388213297,181.88308569623965,458.9138047459771,4.0,4.4,0.40000000000000036,1.3999999999999995,3.5999999999999996,0.8,0.0,-0.11581999999999981,-0.19442099999999995,-0.19442099999999973,3.9417715346925863,-0.5999999999999996,2.3664879082400745,2.8872740731515876,-0.4619311902499996,1.5343114466886991,3.1933511652954607,0.5627257749327801,-0.007491709443597911,-0.11473424650681152,-0.1686787070388922,-0.19860212743526606,-1.2871352036590613,-12.0,12.0,4.4,0.40000000000000036,1.3999999999999995,3.5999999999999996,0.8,0.0,0.11581999999999981,0.19442099999999995,0.19442099999999973,3.9417715346925863,0.5999999999999996,0.1686787070388922,0.11473424650681152,2.3664879082400745,2.8872740731515876,0.19860212743526606,1.2871352036590613,1.5343114466886991,3.1933511652954607,0.5627257749327801,0.007491709443597911,0.49999999999999994,0.8660254037844387,-0.7818314824680299,0.6234898018587334,-0.8660254037844386,0.5000000000000001,22,3,61,16,10,18,25,5,1
A,2026-01-04,17:30,4645855.0,A,Mallorca,237.0,Jagoba Arrasate,4-2-3-1,45000000.0,28.915686640532638,182.45454545454547,193.0,9.6,4.6,2.4,11.0,2.4,0.0,1.07102,1.1776094,1.0289544,17.45620387285349,3.6,35960000.0,28.086864538609916,184.0909090909091,151.2,9.2790665035145,4.3690639841782515,2.623327438780882,11.748991384647539,2.481586341292921,0.00968626375778433,1.0748925704430523,1.090344095944282,1.0156517614215532,16.50764619603991,3.4504751031138814,37322512.86127067,28.121793679652285,183.92027044469685,154.51588017097382,13.0,Girona,12321.0,Míchel,4-1-4-1,98300000.0,28.738721921473463,181.0909090909091,373.0,10.4,3.4,2.0,10.0,2.8,0.0,1.0612400000000002,1.1212746,1.1212746,17.680952380952384,5.2,100740000.0,27.617248459958933,182.10909090909092,338.6,10.185729431643404,3.0496181947858148,2.8766285655093617,8.787500049666287,2.317650197184053,0.02298840549386352,1.1306275547139861,1.1424980082131873,1.091741860648029,16.938028361883593,5.064155889866039,97917300.42143516,27.791411693183885,182.05423838246634,357.09109155200395,18.0,-0.8000000000000007,1.1999999999999997,0.3999999999999999,1.0,-0.3999999999999999,0.0,0.0097799999999999,0.05633479999999991,-0.09232020000000007,0.22474850809889446,-1.6,-0.9066629281289043,0.4303821658436817,1.3194457893924367,-0.2533011267284797,2.961491334981252,0.16393614410886803,-0.013302141736079189,-0.05573498427093382,-0.0521539122689052,-0.0760900992264757,-1.6136807867521576,5.0,5.0,0.8000000000000007,1.1999999999999997,0.3999999999999999,1.0,0.3999999999999999,0.0,0.0097799999999999,0.05633479999999991,0.09232020000000007,0.22474850809889446,1.6,0.0521539122689052,0.05573498427093382,0.9066629281289043,0.4303821658436817,0.0760900992264757,1.6136807867521576,0.2533011267284797,2.961491334981252,0.16393614410886803,0.013302141736079189,0.49999999999999994,0.8660254037844387,-0.7818314824680299,0.6234898018587334,-0.9659258262890683,-0.25881904510252063,16,11,31,56,10,9,11,3,0
D,2026-01-04,17:30,4645857.0,D,Alaves,1108.0,Eduardo Coudet,4-1-4-1,34500000.0,27.57015742642026,178.72727272727272,38.0,8.2,2.4,3.6,16.2,2.4,0.0,0.9279400000000004,1.2634962,1.1148402000000002,12.204205449722691,2.6,29100000.0,27.896509240246406,179.56363636363636,33.4,8.742768002956696,2.737155802748665,3.001158460024716,14.240422544104447,2.4475657108291213,0.029291459584700415,0.9651977873464822,1.2705360312873364,1.1506786134229705,12.088799979129051,3.042311633632154,29074128.346654784,27.847331482877326,179.55049865186356,32.265466791909155,14.0,Real Oviedo,2497.0,Guillermo Almada,4-2-3-1,4000000.0,28.392010453612098,180.8181818181818,138.0,10.0,2.2,4.4,11.8,1.6,0.8,0.98296,0.7911973999999999,0.7911973999999999,10.951715099715098,3.8,11960000.0,29.514230601704934,182.0909090909091,243.8,9.459096150053488,2.3306875714673474,4.265494173585023,12.502180253328039,1.85296459456489,0.5929647082002927,0.9654509561074267,0.7405308108589418,0.7256376826085613,10.47770222271727,4.228871607195496,11540067.631357856,29.021921514726888,182.046367173669,212.86452439231596,19.0,-1.8000000000000007,0.19999999999999973,-0.8000000000000003,4.399999999999999,0.7999999999999998,-0.8,-0.055019999999999514,0.47229880000000013,0.32364280000000023,-1.2524903500075926,-1.1999999999999997,-0.7163281470967924,-1.611097756411782,0.4064682312813175,-1.2643357135603073,1.7382422907764088,0.5946011162642313,-0.5636732486155923,-0.0002531687609444999,0.5300052204283946,0.4250409308144092,-1.1865599735633423,5.0,5.0,1.8000000000000007,0.19999999999999973,0.8000000000000003,4.399999999999999,0.7999999999999998,0.8,0.055019999999999514,0.47229880000000013,0.32364280000000023,1.2524903500075926,1.1999999999999997,0.5300052204283946,0.0002531687609444999,0.7163281470967924,1.611097756411782,0.4250409308144092,1.1865599735633423,1.2643357135603073,1.7382422907764088,0.5946011162642313,0.5636732486155923,0.49999999999999994,0.8660254037844387,-0.7818314824680299,0.6234898018587334,-0.9659258262890683,-0.25881904510252063,0,21,18,25,9,10,2,12,1
A,2026-01-04,13:00,4645856.0,A,Sevilla,368.0,Matías Almeyda,5-3-2,54400000.0,27.039014373716633,183.63636363636363,385.0,12.4,4.4,6.2,13.8,3.0,0.4,1.29656,1.4007728,1.4007728,8.536042780748662,5.4,41780000.0,27.54019040507747,184.25454545454545,301.0,11.779660162875762,4.4515959460138586,5.272789142871474,15.482640362543043,3.54456759261164,0.4325944288712736,1.1169441796196324,1.4300991302398216,1.3909531203967418,9.878397323949704,5.571209697478644,43644106.24751232,27.758624317374757,184.25019486101357,339.0850333110938,10.0,Levante,3368.0,Luís Castro,4-2-3-1,6000000.0,26.173853524982892,179.9090909090909,179.0,9.8,3.2,3.6,11.0,3.0,0.0,0.56476,0.9865874000000001,0.8379310000000002,13.958282244071716,3.4,4900000.0,26.744247402152943,179.78,188.0,11.164293323268552,3.508744490863387,4.461918582105066,11.875299020041206,3.487446915217968,0.043897360797124745,0.7470132819906787,1.0700538490493903,0.7837239939253308,11.670010564558424,3.7391367818346755,4956548.345460319,26.732814810846577,179.80054188795705,190.88846333458991,20.0,2.5999999999999996,1.2000000000000002,2.6,2.8000000000000007,0.0,0.4,0.7317999999999999,0.4141853999999998,0.5628417999999997,5.422239463323054,2.0000000000000004,0.6153668396072103,1.7916132406087204,0.9428514551504716,0.810870560766408,3.6073413425018366,0.057120677393672104,0.38869706807414883,0.3699308976289537,0.36004528119043133,0.607229126471411,1.8320729156439688,10.0,10.0,2.5999999999999996,1.2000000000000002,2.6,2.8000000000000007,0.0,0.4,0.7317999999999999,0.4141853999999998,0.5628417999999997,5.422239463323054,2.0000000000000004,0.36004528119043133,0.3699308976289537,0.6153668396072103,1.7916132406087204,0.607229126471411,1.8320729156439688,0.810870560766408,3.6073413425018366,0.057120677393672104,0.38869706807414883,0.49999999999999994,0.8660254037844387,-0.7818314824680299,0.6234898018587334,-0.2588190451025208,-0.9659258262890683,25,15,54,49,23,10,19,16,0
H,2026-01-04,15:15,4645853.0,H,Real Madrid,418.0,Xabi Alonso,4-4-2,390000000.0,25.771140563748364,184.54545454545453,481.0,18.4,6.6,6.6,9.8,1.8,0.6,2.23444,2.581156,2.2838439999999998,11.859562019327097,10.0,327000000.0,26.15777487399664,183.67272727272726,550.6,17.9527804783571,7.082073297893191,6.752920179709044,10.618061390802032,1.9665659666470479,0.4586064961585305,2.274139574535173,2.8600766137413145,2.5157901073646873,12.161955037190006,8.96648563529771,285985569.2026185,25.797881478366964,183.6573291985239,522.832895602571,2.0,Real Betis,150.0,Manuel Pellegrini,4-2-3-1,51500000.0,28.216041316657332,180.27272727272728,191.0,16.2,6.0,5.8,13.2,2.4,0.2,1.4616200000000001,1.9496271999999997,1.8009712,12.276153846153845,7.4,58000000.0,27.6981892850476,180.87272727272727,140.0,15.899216198267766,6.178994721083484,5.416917660793106,11.979072131913659,1.7167496594326215,0.06584566054233779,1.6312098333293925,2.1856931768379675,2.0754543876395153,12.335026253834506,7.273208818224852,58728982.42937269,27.910890155818212,180.79249637038728,172.75233297553777,6.0,2.1999999999999993,0.5999999999999996,0.7999999999999998,-3.3999999999999986,-0.5999999999999999,0.39999999999999997,0.7728200000000001,0.6315288000000003,0.48287279999999977,0.4165918268267479,2.5999999999999996,2.053564280089333,0.17307121664449987,0.9030785768097074,1.3360025189159375,-1.3610107411116275,0.24981630721442638,0.3927608356161927,0.6429297412057806,0.674383436903347,0.44033571972517205,1.6932768170728583,4.0,4.0,2.1999999999999993,0.5999999999999996,0.7999999999999998,3.3999999999999986,0.5999999999999999,0.39999999999999997,0.7728200000000001,0.6315288000000003,0.48287279999999977,0.4165918268267479,2.5999999999999996,0.674383436903347,0.6429297412057806,2.053564280089333,0.17307121664449987,0.44033571972517205,1.6932768170728583,1.3360025189159375,1.3610107411116275,0.24981630721442638,0.3927608356161927,0.49999999999999994,0.8660254037844387,-0.7818314824680299,0.6234898018587334,-0.7071067811865471,-0.7071067811865479,20,19,79,51,18,10,21,7,2
A,2026-01-09,20:00,4645838.0,A,Getafe,3709.0,José Bordalás,4-5-1,24400000.0,30.078576317590695,181.1,41.0,11.8,2.8,3.8,14.6,3.2,0.2,1.0396600000000003,0.7679594000000001,0.6193038000000001,10.542884053081421,2.0,28600000.0,29.90743575384233,182.07272727272726,144.4,11.881147293595001,2.843488856731599,4.1435742103989694,12.956257876523722,3.1187627423994435,0.11641513886590109,0.9305274270461125,0.759604893330203,0.5944316154145937,11.339165865004064,2.129208180488163,28582861.29323409,29.70292214865397,181.91651471589861,135.14857833499818,10.0,Real Sociedad,681.0,Pellegrino Matarazzo,4-2-3-1,116000000.0,26.63928815879535,181.45454545454547,246.0,14.6,5.2,7.2,15.0,2.2,0.0,1.2763000000000002,1.3661380000000003,1.366138,8.065145718116856,6.6,105280000.0,26.492738473025945,180.56363636363636,164.8,15.315359295786692,5.95102210264517,6.679930310861974,13.885072564799467,2.277447652591832,3.2837334996333503e-06,1.4889819098813761,1.5007962579926055,1.4684029253019402,9.12841968498033,7.607570685376129,108732729.02928607,26.461486065526188,180.72894357356373,183.72903374784505,15.0,-2.799999999999999,-2.4000000000000004,-3.4000000000000004,-0.40000000000000036,1.0,0.2,-0.23663999999999996,-0.5981786000000002,-0.7468342,-2.477738334964565,-4.6,-3.434212002191691,-2.210746180023735,-3.107533245913571,-2.5363561004630046,-0.9288146882757449,0.8413150898076114,0.11641185513240146,-0.5584544828352637,-0.7411913646624025,-0.8739713098873465,-5.478362504887967,5.0,5.0,2.799999999999999,2.4000000000000004,3.4000000000000004,0.40000000000000036,1.0,0.2,0.23663999999999996,0.5981786000000002,0.7468342,2.477738334964565,4.6,0.7411913646624025,0.5584544828352637,3.434212002191691,2.210746180023735,0.8739713098873465,5.478362504887967,2.5363561004630046,0.9288146882757449,0.8413150898076114,0.11641185513240146,0.49999999999999994,0.8660254037844387,-0.433883739117558,-0.9009688679024191,-0.8660254037844386,0.5000000000000001,10,22,39,61,21,10,20,25,0
H,2026-01-10,17:30,4645839.0,H,Girona,12321.0,Míchel,4-2-3-1,96900000.0,27.47881276834049,180.8181818181818,237.0,10.0,3.4,3.2,9.6,2.2,0.0,1.06382,1.1148966000000002,0.966242,17.657142857142862,5.4,99420000.0,27.955198805301478,181.85454545454544,356.2,9.790486287762269,3.36641212985721,3.9177523770062415,10.525000033110858,1.8784334647893688,0.01532560366257568,1.1947517031426573,1.2473786721421247,0.9657835737653526,15.792018907922396,5.709437259910693,98044866.94762345,28.107181769280412,181.73312861861393,362.3940610346693,17.0,Osasuna,331.0,Alessio Lisci,4-2-3-1,39400000.0,29.266380436811644,182.63636363636363,64.0,11.6,4.2,4.4,13.2,2.8,0.0,1.43762,1.2697356000000002,1.1210796,12.218295210791188,3.4,49180000.0,28.025038889925952,184.0,64.2,11.519722773057737,4.425290974652671,3.788322261904557,12.920079815583216,2.681533520439048,0.04594681104590339,1.3329780680478118,1.2528838038903252,1.0670514422005184,12.47842882783199,3.5913043674282825,46221598.51024854,28.39579142211521,183.78844248793436,60.81206870946064,12.0,-1.5999999999999996,-0.8000000000000003,-1.2000000000000002,-3.5999999999999996,-0.5999999999999996,0.0,-0.3737999999999999,-0.15483899999999995,-0.15483760000000002,-5.4388476463516735,2.0000000000000004,-1.729236485295468,-3.313590080090405,-1.0588788447954611,0.12943011510168434,-2.395079782472358,-0.803100055649679,-0.030621207383327707,-0.1382263649051545,-0.0055051317482004425,-0.10126786843516578,2.1181328924824108,-5.0,5.0,1.5999999999999996,0.8000000000000003,1.2000000000000002,3.5999999999999996,0.5999999999999996,0.0,0.3737999999999999,0.15483899999999995,0.15483760000000002,5.4388476463516735,2.0000000000000004,0.0055051317482004425,0.1382263649051545,1.729236485295468,3.313590080090405,0.10126786843516578,2.1181328924824108,0.12943011510168434,2.395079782472358,0.803100055649679,0.030621207383327707,0.49999999999999994,0.8660254037844387,-0.9749279121818236,-0.2225209339563146,-0.9659258262890683,-0.25881904510252063,11,17,56,4,10,10,3,15,2
D,2026-01-10,20:00,4645834.0,D,Valencia,1049.0,Carlos Corberán,4-2-3-1,55000000.0,27.30657706427727,180.9090909090909,170.0,13.4,2.8,6.0,10.2,2.0,0.0,1.33232,1.4700866,1.3214306,13.02892156862745,6.0,37840000.0,26.535448945305212,181.70909090909092,88.0,14.438854698573385,3.2351160602631808,6.280183071182068,10.398816216369662,2.307750206395971,0.0005074823161796226,1.392251590113651,1.6206409119679412,1.3699171943835495,12.67113619912307,6.582533273765509,35406410.87220643,26.492641222754497,181.89644093460518,87.1258825614404,18.0,Elche,1531.0,Eder Sarabia,4-1-4-1,15500000.0,27.39120154315226,182.0909090909091,21.0,12.4,3.6,3.6,13.0,1.4,0.0,1.23184,1.5093696,1.5093695999999999,7.351414577007844,6.2,10700000.0,26.23468359156244,181.6909090909091,29.6,13.684752405610132,3.4387017879963917,3.8912097295028865,12.102211915445181,1.876913135125631,0.04968367194276521,1.1886403945061041,1.7100893575024978,1.7072248847308613,7.253827402725179,7.135783370884745,10794319.239161687,26.407795475720146,181.7778588867558,27.41837004195393,9.0,1.0,-0.8000000000000003,2.4,-2.8000000000000007,0.6000000000000001,0.0,0.1004799999999999,-0.03928300000000018,-0.18793899999999986,-5.677506991619605,-0.20000000000000018,0.7541022929632533,-5.417308796397892,-0.20358572773321093,2.388973341679182,-1.7033956990755197,0.43083707127034,-0.04917618962658559,0.2036111956075468,-0.08944844553455655,-0.3373076903473118,-0.5532500971192365,-9.0,9.0,1.0,0.8000000000000003,2.4,2.8000000000000007,0.6000000000000001,0.0,0.1004799999999999,0.03928300000000018,0.18793899999999986,5.677506991619605,0.20000000000000018,0.08944844553455655,0.2036111956075468,0.7541022929632533,5.417308796397892,0.3373076903473118,0.5532500971192365,2.388973341679182,1.7033956990755197,0.43083707127034,0.04917618962658559,0.49999999999999994,0.8660254037844387,-0.9749279121818236,-0.2225209339563146,-0.8660254037844386,0.5000000000000001,26,8,11,17,10,9,0,8,1
H,2026-01-10,15:15,4645830.0,D,Villarreal,1050.0,Marcelino,4-4-2,116500000.0,27.449691991786448,183.36363636363637,159.0,12.0,5.2,3.4,15.0,3.0,0.2,1.70696,1.9768161999999996,1.9768162,14.809588340352349,8.2,92300000.0,27.118461825648684,183.9818181818182,161.0,12.02470675275542,4.720056043160204,3.341408668737065,12.97417901645924,2.6229909083011895,0.2309315574267831,1.7225182921358322,2.0681142085504773,2.0536129700525048,18.221619426850875,7.497075068333854,94252959.52365267,27.01105616456246,183.911431566052,160.46603240611992,3.0,Alaves,1108.0,Eduardo Coudet,4-2-3-1,29500000.0,27.894468296932363,180.9090909090909,35.0,10.8,3.4,4.0,14.2,2.6,0.2,0.9428800000000006,1.5158882000000002,1.3672322000000001,11.692538783056024,3.6,29700000.0,27.85494368738722,179.38181818181818,33.2,11.828512001971129,4.1581038684991105,4.000772306683143,13.160281696069632,2.631710473886081,0.3528609730564669,0.7979318582309881,1.3695440208582241,1.2896390756153135,10.350866652752702,3.6948744224214365,30882752.231103193,27.75494013072497,179.2760900103333,34.17697786127277,13.0,1.1999999999999993,1.8000000000000003,-0.6000000000000001,0.8000000000000007,0.3999999999999999,0.0,0.7640799999999994,0.46092799999999934,0.6095839999999999,-3.1170495572963244,4.6,0.19619475078429183,-7.8707527740981735,0.5619521746610934,-0.6593636379460781,-0.18610267961039106,-0.008719565584891509,-0.12192941562968382,0.9245864339048441,0.6985701876922532,0.7639738944371912,3.8022006459124174,10.0,10.0,1.1999999999999993,1.8000000000000003,0.6000000000000001,0.8000000000000007,0.3999999999999999,0.0,0.7640799999999994,0.46092799999999934,0.6095839999999999,3.1170495572963244,4.6,0.6985701876922532,0.9245864339048441,0.19619475078429183,7.8707527740981735,0.7639738944371912,3.8022006459124174,0.6593636379460781,0.18610267961039106,0.008719565584891509,0.12192941562968382,0.49999999999999994,0.8660254037844387,-0.9749279121818236,-0.2225209339563146,-0.7071067811865471,-0.7071067811865479,27,0,52,18,18,10,1,2,2
D,2026-01-10,13:00,4645832.0,D,Real Oviedo,2497.0,Guillermo Almada,4-2-3-1,10000000.0,27.346400348453734,181.36363636363637,62.0,12.0,2.8,4.8,13.6,2.0,0.8,1.28368,1.3351282,1.3351282,9.411364222522117,5.6,10640000.0,29.08792234459586,181.8,218.0,12.307991775303202,3.5546198752347697,5.17761329153321,15.00314575422622,2.2355686146969145,0.7287350063447553,1.440021750742839,1.567266609323867,1.5573412185242552,9.540055922190877,6.487442643138687,9025009.966916768,28.811808990591917,181.63669485470652,187.89278606405867,20.0,Real Betis,150.0,Manuel Pellegrini,4-3-3 Attacking,51500000.0,28.00099558210441,179.0909090909091,146.0,14.2,5.6,5.8,13.6,2.0,0.0,1.23214,1.8288718,1.6802157999999998,13.47139194139194,6.6,57100000.0,27.75180138137017,180.87272727272727,151.2,14.932810798845177,5.785996480722322,6.277945107195404,11.986048087942441,1.4778331062884142,0.04389710702822519,1.1752065555529283,1.7820031178919784,1.708510591759677,14.382080994619828,6.5154725454832345,56319321.619581796,28.012607209431252,180.61924000450063,178.83488865035852,6.0,-2.1999999999999993,-2.8,-1.0,0.0,0.0,0.8,0.05153999999999992,-0.49374359999999995,-0.34508759999999983,4.060027718869822,-1.0,-2.624819023541974,4.842025072428951,-2.2313766054875526,-1.1003318156621944,3.017097666283778,0.7577355084085002,0.68483789931653,0.2648151951899107,-0.21473650856811144,-0.1511693732354218,-0.028029902344547608,-14.0,14.0,2.1999999999999993,2.8,1.0,0.0,0.0,0.8,0.05153999999999992,0.49374359999999995,0.34508759999999983,4.060027718869822,1.0,0.21473650856811144,0.2648151951899107,2.624819023541974,4.842025072428951,0.1511693732354218,0.028029902344547608,1.1003318156621944,3.017097666283778,0.7577355084085002,0.68483789931653,0.49999999999999994,0.8660254037844387,-0.9749279121818236,-0.2225209339563146,-0.2588190451025208,-0.9659258262890683,21,19,25,51,10,15,12,7,1
H,2026-01-11,13:00,4645836.0,H,Rayo Vallecano,367.0,Iñigo Pérez,4-2-3-1,36500000.0,28.807417086677866,179.0,64.0,15.8,5.6,5.6,13.4,3.8,0.2,1.30338,1.2829758,1.2829758,6.869444444444443,3.6,31000000.0,29.5247837720117,178.3090909090909,72.8,15.192885467228173,5.232086165475185,4.907443004262147,13.016688846287574,3.3763692340617966,0.1465160248388068,1.2164072344952035,1.1418122184599977,1.141549819324047,6.721523290715801,4.222444314403727,31184820.88684075,29.64596462970717,178.0591403416778,74.25492268527911,14.0,Mallorca,237.0,Jagoba Arrasate,4-4-2,40500000.0,28.138634808039328,182.8181818181818,180.0,9.6,4.4,2.8,11.4,2.4,0.0,1.23218,1.1973574,0.9000476,14.939537206186822,4.4,38460000.0,28.42745317652915,183.92727272727274,167.0,9.186044335676334,3.5793759894521675,2.7488849591872544,11.165994256431693,2.3210575608619473,0.00645750917185622,1.1658950469620348,1.2213560639628547,0.9238031742810354,14.33843079735994,4.300316735409254,39881675.24084712,28.386424666612402,183.4316954479797,167.34392011398253,16.0,6.200000000000001,1.1999999999999993,2.8,2.0,1.4,0.2,0.07119999999999993,0.08561839999999998,0.38292820000000005,8.07009276174238,-0.8000000000000003,6.006841131551839,7.616907506644139,1.6527101760230178,2.1585580450748925,1.8506945898558804,1.0553116731998493,0.14005851566695057,0.05051218753316866,-0.07954384550285698,0.21774664504301156,-0.0778724210055266,2.0,2.0,6.200000000000001,1.1999999999999993,2.8,2.0,1.4,0.2,0.07119999999999993,0.08561839999999998,0.38292820000000005,8.07009276174238,0.8000000000000003,0.07954384550285698,0.05051218753316866,6.006841131551839,7.616907506644139,0.21774664504301156,0.0778724210055266,2.1585580450748925,1.8506945898558804,1.0553116731998493,0.14005851566695057,0.49999999999999994,0.8660254037844387,-0.7818314824680299,0.6234898018587334,-0.2588190451025208,-0.9659258262890683,18,16,30,31,10,18,18,11,2
D,2026-01-11,15:15,4645835.0,D,Levante,3368.0,Luís Castro,4-2-3-1,6000000.0,26.193018480492814,179.9090909090909,179.0,9.8,3.4,3.0,11.8,3.6,0.0,0.76024,1.0585674,0.9099110000000004,10.536176980913822,2.8,4900000.0,26.56414659946488,179.6890909090909,185.0,9.442862215512369,3.6724963272422584,3.3079457214033776,11.250199346694137,3.658297943478645,0.029264907198083164,0.9445755213271191,1.2637092326995936,1.072822662616887,12.709831604442458,2.49275785455645,5304365.563640213,26.546494382225347,179.83672489500168,186.92564222305995,19.0,Espanyol,714.0,Manolo González,4-4-2,25200000.0,28.881339057930436,181.63636363636363,23.0,9.6,4.0,4.4,14.0,2.0,0.2,1.4131999999999998,1.1278821999999997,0.9792262,12.516083099906629,2.4,24400000.0,27.928965216850223,182.05454545454546,31.8,11.005407140290984,4.978072019533587,4.551539339339734,12.488505131828697,1.7531158745620188,0.10000750411972965,1.1363472485898332,1.2866718782450033,1.2075637775738826,13.856445786190633,3.0750551895623333,24227483.61334932,27.987738491056916,181.97828110371083,31.964708085169708,5.0,0.20000000000000107,-0.6000000000000001,-1.4000000000000004,-2.1999999999999993,1.6,-0.2,-0.6529599999999998,-0.06931479999999968,-0.06931519999999969,1.9799061189928064,0.3999999999999999,-1.5625449247786154,1.1466141817481752,-1.3055756922913289,-1.2435936179363565,-1.2383057851345605,1.9051820689166263,-0.07074259692164649,-0.19177172726271408,-0.02296264554540972,-0.13474111495699548,-0.5822973350058831,-14.0,14.0,0.20000000000000107,0.6000000000000001,1.4000000000000004,2.1999999999999993,1.6,0.2,0.6529599999999998,0.06931479999999968,0.06931519999999969,1.9799061189928064,0.3999999999999999,0.02296264554540972,0.19177172726271408,1.5625449247786154,1.1466141817481752,0.13474111495699548,0.5822973350058831,1.2435936179363565,1.2383057851345605,1.9051820689166263,0.07074259692164649,0.49999999999999994,0.8660254037844387,-0.7818314824680299,0.6234898018587334,-0.7071067811865471,-0.7071067811865479,15,9,49,50,10,18,16,26,1
A,2026-01-12,20:00,4645833.0,D,Sevilla,368.0,Matías Almeyda,5-3-2,53000000.0,26.023520627216726,184.9090909090909,217.0,11.0,4.6,4.6,15.6,3.4,0.4,1.2056,1.3738928,1.2061288,8.78366182836771,4.8,44020000.0,27.568863169684526,184.07272727272726,327.8,12.85310677525051,5.301063964009239,5.1818594285809825,15.655093575028696,3.3630450617410936,0.28839628591418237,1.1999961197464215,1.5086060868265478,1.2029020802644945,9.220518850887105,6.047473131652429,47229404.16500821,27.518754336155382,184.0455844527969,354.39002220739593,11.0,Celta Vigo,940.0,Claudio Giráldez,4-4-2,31800000.0,27.755335697840835,181.72727272727272,95.0,8.2,3.8,2.2,10.4,1.4,0.0,1.4153000000000002,1.4811381999999997,1.3324842000000001,16.014512661251793,4.0,24520000.0,27.104722792607806,180.03636363636366,67.8,8.745177034308362,4.02011503650636,2.197717048342663,10.218791598808059,1.4527698216048528,0.00873769905982391,1.555612286554343,1.652621659889171,1.3708258438384304,16.103476458362877,4.557006064658829,23975253.461375434,26.900264900078923,180.20295042049645,68.814683562704,7.0,2.8000000000000007,0.7999999999999998,2.3999999999999995,5.199999999999999,2.0,0.4,-0.20970000000000022,-0.10724539999999982,-0.12635540000000023,7.230850832884082,0.7999999999999998,4.107929740942147,6.882957607475772,1.2809489275028785,2.9841423802383193,5.436301976220637,1.9102752401362408,0.27965858685435846,-0.3556161668079214,-0.14401557306262314,-0.1679237635739359,1.4904670669935998,-4.0,4.0,2.8000000000000007,0.7999999999999998,2.3999999999999995,5.199999999999999,2.0,0.4,0.20970000000000022,0.10724539999999982,0.12635540000000023,7.230850832884082,0.7999999999999998,0.14401557306262314,0.3556161668079214,4.107929740942147,6.882957607475772,0.1679237635739359,1.4904670669935998,2.9841423802383193,5.436301976220637,1.9102752401362408,0.27965858685435846,0.49999999999999994,0.8660254037844387,0.0,1.0,-0.8660254037844386,0.5000000000000001,25,6,54,12,23,18,19,27,0
A,2026-01-16,20:00,4645879.0,A,Espanyol,714.0,Manolo González,4-2-3-1,25200000.0,27.90367743139817,181.72727272727272,33.0,11.6,4.2,4.4,12.8,1.8,0.2,1.4927199999999998,1.3258775999999999,1.1772216,11.577014999548208,3.6,25200000.0,28.2268433824902,181.98181818181817,29.8,13.670271426860657,4.318714679689058,4.034359559559823,11.325670087885797,1.5020772497080124,0.0666716694131531,1.317464832393222,1.3875212521633358,1.3347825183825883,12.302146653159348,4.0500367930415555,24551655.742232878,28.28560534668142,181.86430861459507,28.9764720567798,5.0,Girona,12321.0,Míchel,4-2-3-1,96900000.0,27.49523987306328,180.8181818181818,237.0,9.6,3.4,3.2,10.6,2.0,0.2,1.18446,1.1013594000000002,0.9527048,15.425661375661377,5.8,97820000.0,28.03733432891544,181.54545454545456,346.6,9.193657525174846,3.5776080865714732,3.2785015846708276,11.683333355407237,1.9189556431929127,0.3435504024417171,1.1835678020951048,1.1595937814280832,0.9718637158435683,13.947765691701349,6.4729581732737955,97663244.63174896,27.89772543563377,181.4281463518032,320.5960406897795,13.0,2.0,0.8000000000000003,1.2000000000000002,2.200000000000001,-0.19999999999999996,0.0,0.30825999999999976,0.22451819999999967,0.22451679999999996,3.8486463761131695,-2.1999999999999997,4.476613901685811,1.6456190385420015,0.7411065931175846,0.7558579748889951,-0.3576632675214402,-0.4168783934849003,-0.276878733028564,0.13389703029811728,0.22792747073525255,0.36291880253902,-2.42292138023224,8.0,8.0,2.0,0.8000000000000003,1.2000000000000002,2.200000000000001,0.19999999999999996,0.0,0.30825999999999976,0.22451819999999967,0.22451679999999996,3.8486463761131695,2.1999999999999997,0.22792747073525255,0.13389703029811728,4.476613901685811,1.6456190385420015,0.36291880253902,2.42292138023224,0.7558579748889951,0.3576632675214402,0.4168783934849003,0.276878733028564,0.49999999999999994,0.8660254037844387,-0.433883739117558,-0.9009688679024191,-0.8660254037844386,0.5000000000000001,9,11,50,56,10,10,26,3,0
H,2026-01-17,15:15,4645873.0,D,Mallorca,237.0,Jagoba Arrasate,4-4-2,36300000.0,27.203534316470662,183.0,154.0,10.0,4.0,3.4,12.2,2.8,0.0,1.08762,1.1876814,1.0390266000000001,14.8782368965893,3.8,38940000.0,28.385638728143864,183.43636363636364,170.0,9.124029557117556,3.052917326301445,3.4992566394581694,12.11066283762113,3.2140383739079645,0.004305006114570814,0.9843300313080232,1.1667140426419031,0.9683454495206902,13.26070825087154,2.866877823606169,40087783.49389808,28.303828047088047,183.22719090471375,171.5626134093217,17.0,Athletic Club,621.0,Ernesto Valverde,4-2-3-1,72500000.0,27.638603696098563,181.9090909090909,111.0,14.0,4.4,6.2,13.2,3.0,0.0,1.42414,1.409221,1.260565,10.700670163170162,7.4,99100000.0,27.689726837160105,182.54545454545456,135.4,14.972126437742554,4.9269069373990515,6.743789273830248,14.202957012342628,3.092194015335071,0.030913142673593946,1.6618955790994339,1.5676441952800297,1.4542364415413116,9.145230260993785,8.441531146511972,98683481.48970051,27.597494672795218,182.39509323237277,133.56625537826002,8.0,-4.0,-0.40000000000000036,-2.8000000000000003,-1.0,-0.20000000000000018,0.0,-0.33651999999999993,-0.22153960000000006,-0.2215383999999998,-4.1775667334191375,-3.6000000000000005,-5.848096880624999,-4.115477989877755,-1.8739896110976066,-3.2445326343720784,-2.0922941747214985,0.12184435857289344,-0.02660813655902313,-0.6775655477914106,-0.4009301526381266,-0.48589099202062136,-5.574653322905803,-9.0,9.0,4.0,0.40000000000000036,2.8000000000000003,1.0,0.20000000000000018,0.0,0.33651999999999993,0.22153960000000006,0.2215383999999998,4.1775667334191375,3.6000000000000005,0.4009301526381266,0.6775655477914106,5.848096880624999,4.115477989877755,0.48589099202062136,5.574653322905803,3.2445326343720784,2.0922941747214985,0.12184435857289344,0.02660813655902313,0.49999999999999994,0.8660254037844387,-0.9749279121818236,-0.2225209339563146,-0.7071067811865471,-0.7071067811865479,16,2,31,19,18,10,11,24,2
H,2026-01-17,13:00,4645875.0,D,Real Madrid,418.0,Álvaro Arbeloa,4-3-3 Attacking,390000000.0,24.89229046107896,185.72727272727272,465.0,17.2,7.6,6.6,9.2,2.0,0.6,2.31042,2.7398979999999997,2.5912420000000003,13.394615782767957,8.2,332000000.0,25.92421131230166,184.0,527.4,18.301853652238066,7.721382198595461,6.168613453139362,10.412040927201355,1.644377311098032,0.305737664105687,2.3901263830234485,2.909151075827543,2.6796267382431247,13.419081135904449,9.310990423531807,320657046.13507897,25.788967840160765,183.95337098083414,508.8885970683807,2.0,Levante,3368.0,Luís Castro,4-2-3-1,2000000.0,25.613589695725217,178.36363636363637,157.0,9.8,3.6,3.8,10.8,3.0,0.0,0.85272,1.1601794,1.0115230000000002,10.525928533708854,3.0,4900000.0,26.468371601020475,179.8709090909091,189.4,8.961908143674913,3.1149975514948394,3.5386304809355855,10.833466231129426,2.43886529565243,0.019509938132055444,0.9781170142180793,1.2365794884663959,1.1093217750779247,12.110902229048596,3.6618385697042997,5536243.709093475,26.428669081647836,179.8608468996981,184.28376148203998,19.0,7.399999999999999,3.9999999999999996,2.8,-1.6000000000000014,-1.0,0.6,1.4577,1.5797185999999996,1.579719,-2.8686872490591036,5.199999999999999,9.339945508563153,-1.3081789068558525,4.606384647100622,2.6299829722037766,-0.4214253039280713,-0.794487984554398,0.28622772597363155,1.4120093688053692,1.672571587361147,1.5703049631652,5.649151853827508,17.0,17.0,7.399999999999999,3.9999999999999996,2.8,1.6000000000000014,1.0,0.6,1.4577,1.5797185999999996,1.579719,2.8686872490591036,5.199999999999999,1.672571587361147,1.4120093688053692,9.339945508563153,1.3081789068558525,1.5703049631652,5.649151853827508,2.6299829722037766,0.4214253039280713,0.794487984554398,0.28622772597363155,0.49999999999999994,0.8660254037844387,-0.9749279121818236,-0.2225209339563146,-0.2588190451025208,-0.9659258262890683,20,15,83,49,15,10,21,16,2
H,2026-01-17,20:00,4645876.0,D,Real Betis,150.0,Manuel Pellegrini,4-2-3-1,35000000.0,28.35243606496173,181.0,122.0,15.4,6.0,5.4,10.8,1.6,0.0,1.3842400000000001,2.1347678,1.9861117999999998,14.284212454212451,8.8,57100000.0,27.992134901375145,180.41818181818184,162.8,14.955207199230117,5.857330987148214,4.851963404796936,10.657365391961628,1.3185554041922762,0.029264738018816794,1.6153043703686187,2.090698745261319,2.0417037278397845,13.69916510752433,9.34364836365549,54712881.07972119,28.00873666698897,180.1097963666368,167.8899257669057,6.0,Villarreal,1050.0,Marcelino,4-4-2,105500000.0,27.29736792981146,183.45454545454547,176.0,11.4,4.6,3.0,13.6,2.6,0.2,1.6105400000000003,1.7260402,1.7260402,16.911934381408066,7.6,98500000.0,27.13503826768714,183.8,158.0,11.68313783517028,4.480037362106803,2.560939112491377,11.982786010972825,1.7486606055341263,0.15395437161785538,1.7450455280905548,1.8398161390336514,1.8301486467016697,17.58714022396119,8.331383378889235,101668639.68243511,27.15726810697046,183.72883316524678,159.97735493741328,3.0,4.0,1.4000000000000004,2.4000000000000004,-2.799999999999999,-1.0,-0.2,-0.22630000000000017,0.4087276000000002,0.26007159999999985,2.6277219271956156,1.200000000000001,3.2720693640598366,3.8879751164368592,1.3772936250414114,2.291024292305559,-1.3254206190111972,-0.43010520134185004,-0.12468963359903859,-0.12974115772193606,0.25088260622766767,0.21155508113811483,1.0122649847662544,-3.0,3.0,4.0,1.4000000000000004,2.4000000000000004,2.799999999999999,1.0,0.2,0.22630000000000017,0.4087276000000002,0.26007159999999985,2.6277219271956156,1.200000000000001,0.25088260622766767,0.12974115772193606,3.2720693640598366,3.8879751164368592,0.21155508113811483,1.0122649847662544,2.291024292305559,1.3254206190111972,0.43010520134185004,0.12468963359903859,0.49999999999999994,0.8660254037844387,-0.9749279121818236,-0.2225209339563146,-0.8660254037844386,0.5000000000000001,19,27,51,52,10,18,7,1,2
H,2026-01-17,17:30,4645871.0,D,Osasuna,331.0,Alessio Lisci,4-3-3 Attacking,34200000.0,29.638977039387715,182.0909090909091,66.0,11.4,4.0,3.0,12.8,3.2,0.0,1.4797799999999999,1.2928676,1.1442115999999998,12.58220825426945,4.2,45940000.0,28.427950967581353,183.6909090909091,63.8,12.013148515371824,3.283527316435114,2.858881507936372,12.946719877055477,3.787689013626032,0.030631207363935594,1.3935187120318746,1.24416920259355,1.1202809614670122,12.302285885221329,5.060869578285522,43947732.3401657,28.685987760347356,183.40441620407742,61.87471247297376,15.0,Real Oviedo,2497.0,Guillermo Almada,4-2-3-1,0.0,27.730595482546203,180.2,56.0,12.2,3.2,5.4,15.0,2.4,0.8,1.26974,1.3527831999999997,1.3527831999999997,9.515608254352356,5.6,9520000.0,28.559865596415904,181.61818181818182,170.0,12.53876528384739,3.369663150808054,5.118382142265932,15.002096696261452,2.490494071551101,0.4857137123610985,1.0802855593544711,1.3815139478258187,1.3748985137243404,10.521399498898441,5.6579209039844285,9350153.314495929,28.323118998582977,181.54563428089662,145.90958571534196,20.0,-0.7999999999999989,0.7999999999999998,-2.4000000000000004,-2.1999999999999993,0.8000000000000003,-0.8,0.21003999999999978,-0.05991559999999985,-0.20857159999999997,-3.066599999917093,-1.3999999999999995,-0.5256167684755653,-1.7808863863228872,-0.08613583437294015,-2.25950063432956,-2.055376819205975,1.2971949420749311,-0.4550825049971629,0.3132331526774035,-0.1373447452322687,-0.2546175522573282,-0.5970513256989065,5.0,5.0,0.7999999999999989,0.7999999999999998,2.4000000000000004,2.1999999999999993,0.8000000000000003,0.8,0.21003999999999978,0.05991559999999985,0.20857159999999997,3.066599999917093,1.3999999999999995,0.1373447452322687,0.3132331526774035,0.5256167684755653,1.7808863863228872,0.2546175522573282,0.5970513256989065,2.25950063432956,2.055376819205975,1.2971949420749311,0.4550825049971629,0.49999999999999994,0.8660254037844387,-0.9749279121818236,-0.2225209339563146,-0.9659258262890683,-0.25881904510252063,17,21,4,25,15,10,15,12,2
A,2026-01-18,13:00,4645870.0,D,Getafe,3709.0,José Bordalás,4-2-3-1,32600000.0,28.927384730259472,182.27272727272728,117.0,10.0,2.2,3.6,14.4,3.2,0.2,0.6901400000000002,0.547901,0.3992454,11.358344579397212,1.6,27160000.0,29.804353182751544,181.8018181818182,120.6,9.920764862396668,2.8956592378210657,3.429049473599313,14.304171917682481,2.7458418282662955,0.07761009257726739,0.7675516180307417,0.5864592622201353,0.4763437436097291,12.033128120529026,1.7528054536587752,27188574.195489395,29.828140204966207,181.6443431439324,103.76571888999878,12.0,Valencia,1049.0,Carlos Corberán,4-4-2,29200000.0,28.400472901499597,182.1818181818182,134.0,14.6,3.2,6.6,11.2,2.2,0.0,1.7928799999999998,1.698848,1.4015359999999997,11.502995642701524,6.0,38240000.0,26.73864725281563,181.65454545454546,101.2,14.959236465715591,3.4900773735087873,6.853455380788046,11.599210810913107,2.2051668042639805,0.0003383215441197484,1.8408010600757674,1.7609172746452941,1.346008129589033,12.237547589538837,6.055022182510339,41937607.248137616,26.763953169928755,181.56732425943378,114.7505883742936,18.0,-4.6,-1.0,-2.9999999999999996,3.200000000000001,1.0,0.2,-1.1027399999999996,-1.150947,-1.0022905999999998,0.14465106330431254,-4.4,-5.038471603318923,0.20441946900981023,-0.5944181356877216,-3.4244059071887327,2.7049611067693746,0.540675024002315,0.07727177103314764,-1.0732494420450256,-1.1744580124251587,-0.8696643859793038,-4.3022167288515645,6.0,6.0,4.6,1.0,2.9999999999999996,3.200000000000001,1.0,0.2,1.1027399999999996,1.150947,1.0022905999999998,0.14465106330431254,4.4,1.1744580124251587,1.0732494420450256,5.038471603318923,0.20441946900981023,0.8696643859793038,4.3022167288515645,3.4244059071887327,2.7049611067693746,0.540675024002315,0.07727177103314764,0.49999999999999994,0.8660254037844387,-0.7818314824680299,0.6234898018587334,-0.2588190451025208,-0.9659258262890683,10,26,39,11,10,18,20,0,0
H,2026-01-18,20:00,4645874.0,H,Real Sociedad,681.0,Pellegrino Matarazzo,4-2-3-1,125000000.0,26.615643083815566,180.36363636363637,212.0,13.4,4.8,6.4,15.4,1.8,0.0,1.5120600000000002,1.3434400000000004,1.3434400000000002,7.684484763404494,7.0,110720000.0,26.465857756206834,180.6909090909091,186.0,14.210239530524461,5.6340147350967795,5.786620207241316,14.92338170986631,1.8516317683945547,2.1891556664222337e-06,1.758854606587584,1.4198675053284038,1.3982719502012937,7.240651883010142,6.405047123584086,111155152.68619072,26.52075342994924,180.9708108672243,204.48602249856336,11.0,Barcelona,131.0,Hansi Flick,4-3-3 Attacking,90000000.0,24.072179702569848,180.63636363636363,323.0,18.6,6.4,8.6,9.6,0.8,0.0,2.27002,3.0250200000000005,2.5790560000000005,6.991305536568694,11.4,116000000.0,24.311716756891293,181.7818181818182,321.8,18.097012132282217,6.250173984260482,8.3769762271955,10.14698026512948,0.7458916737029404,0.0281803386585535,2.201763133134816,2.9161983106799085,2.61080972743433,6.178058704183301,11.447084468956154,114449516.3535101,24.4543017108641,181.98386489540144,327.03291303021217,1.0,-5.200000000000001,-1.6000000000000005,-2.1999999999999993,5.800000000000001,1.0,0.0,-0.75796,-1.68158,-1.2356160000000003,-0.6931792268357997,-4.4,-3.8867726017577553,-1.062593178826841,-0.6161592491637027,-2.590356019954185,4.77640144473683,1.1057400946916143,-0.028178149502887075,-0.4429085265472321,-1.4963308053515048,-1.2125377772330361,-5.042037345372068,-10.0,10.0,5.200000000000001,1.6000000000000005,2.1999999999999993,5.800000000000001,1.0,0.0,0.75796,1.68158,1.2356160000000003,0.6931792268357997,4.4,1.4963308053515048,0.4429085265472321,3.8867726017577553,1.062593178826841,1.2125377772330361,5.042037345372068,2.590356019954185,4.77640144473683,1.1057400946916143,0.028178149502887075,0.49999999999999994,0.8660254037844387,-0.7818314824680299,0.6234898018587334,-0.8660254037844386,0.5000000000000001,22,4,61,27,10,15,25,6,2
H,2026-01-18,17:30,4645877.0,H,Celta Vigo,940.0,Claudio Giráldez,5-4-1,39000000.0,25.953580984381805,179.63636363636363,75.0,7.8,4.4,1.6,11.2,1.8,0.0,1.71198,1.7692818,1.4719718,17.931655518394653,4.2,24520000.0,27.015170182315973,180.78181818181818,72.4,8.830118022872242,5.013410024337573,1.7984780322284422,12.14586106587204,1.9685132144032351,0.005825132706549273,1.9651081910362287,1.793844439926114,1.3582205625589536,16.66898430557525,4.038004043105886,26583502.30758362,27.185288499332895,180.71105785608856,77.54312237513601,7.0,Rayo Vallecano,367.0,Iñigo Pérez,4-2-3-1,20900000.0,29.383610229606123,179.0,26.0,14.8,5.2,4.8,14.0,3.8,0.4,1.26134,1.2665898,1.1179338,6.440384615384614,3.6,31920000.0,29.506514840395745,178.2909090909091,71.8,14.795256978152116,5.15472411031679,5.271628669508098,13.344459230858382,2.5842461560411976,0.43101068322587116,1.5290048229968025,1.4448914789733316,1.1969565462160314,6.839989886118226,4.148296209602485,32956547.25789383,29.366448782030734,178.3727602277852,70.83661512351941,10.0,-7.000000000000001,-0.7999999999999998,-3.1999999999999997,-2.8000000000000007,-1.9999999999999998,-0.4,0.45064000000000015,0.5026919999999999,0.35403799999999985,-11.491270903010038,0.6000000000000001,-5.965138955279874,-9.828994419457025,-0.14131408597921702,-3.4731506372796552,-1.1985981649863415,-0.6157329416379624,-0.4251855505193219,0.4361033680394262,0.3489529609527824,0.1612640163429222,-0.11029216649659901,3.0,3.0,7.000000000000001,0.7999999999999998,3.1999999999999997,2.8000000000000007,1.9999999999999998,0.4,0.45064000000000015,0.5026919999999999,0.35403799999999985,11.491270903010038,0.6000000000000001,0.3489529609527824,0.4361033680394262,5.965138955279874,9.828994419457025,0.1612640163429222,0.11029216649659901,3.4731506372796552,1.1985981649863415,0.6157329416379624,0.4251855505193219,0.49999999999999994,0.8660254037844387,-0.7818314824680299,0.6234898018587334,-0.9659258262890683,-0.25881904510252063,6,18,12,30,24,10,27,18,2
H,2026-01-18,15:15,4645872.0,D,Atletico Madrid,13.0,Diego Simeone,4-4-2,324000000.0,26.27540289963288,183.0,362.0,9.6,3.8,5.0,12.2,1.6,0.0,1.15912,1.3656169999999999,1.3656169999999999,11.548599415204679,6.0,301000000.0,26.99610478501649,181.65454545454548,435.8,11.071034023626643,4.258976229478503,5.65705601306951,12.422838454602493,1.5689638026366453,0.004997756695898241,1.3935714075525836,1.502168729351867,1.4897243435921175,11.341202161466095,7.132327487815503,295275669.6158604,27.246850831434504,182.04326925203858,442.6092031639848,4.0,Alaves,1108.0,Eduardo Coudet,4-1-4-1,29500000.0,27.916371103229423,180.9090909090909,35.0,12.2,4.0,4.4,13.6,2.4,0.2,0.9085000000000004,1.2662906,1.1176346,10.10885579937304,3.6,29400000.0,27.86226121585464,179.6909090909091,33.8,13.219008001314085,4.43873591233274,4.667181537788762,13.440187797379755,2.421140315924054,0.23524064870431127,0.839354572153992,1.1945533472388161,1.1412833837435423,9.466234334158367,3.4632496149476246,30421834.820735466,27.80144951946077,179.8204236432525,34.45131857418185,16.0,-2.5999999999999996,-0.20000000000000018,0.5999999999999996,-1.4000000000000004,-0.7999999999999998,-0.2,0.2506199999999995,0.09932639999999981,0.24798239999999994,-1.4397436158316381,2.4,-2.1479739776874425,-1.874967827307728,-0.17975968285423694,0.9898744752807476,-1.017349342777262,-0.8521765132874086,-0.23024289200841302,0.5542168353985916,0.30761538211305095,0.34844095984857515,3.669077872867878,12.0,12.0,2.5999999999999996,0.20000000000000018,0.5999999999999996,1.4000000000000004,0.7999999999999998,0.2,0.2506199999999995,0.09932639999999981,0.24798239999999994,1.4397436158316381,2.4,0.30761538211305095,0.5542168353985916,2.1479739776874425,1.874967827307728,0.34844095984857515,3.669077872867878,0.9898744752807476,1.017349342777262,0.8521765132874086,0.23024289200841302,0.49999999999999994,0.8660254037844387,-0.7818314824680299,0.6234898018587334,-0.7071067811865471,-0.7071067811865479,3,0,16,18,18,9,5,2,2
D,2026-01-19,20:00,4645878.0,H,Elche,1531.0,Eder Sarabia,3-4-2-1,15500000.0,26.772198369734305,181.72727272727272,30.0,11.6,3.0,3.8,13.6,1.6,0.0,1.15354,1.4684734000000002,1.4684734,7.365700291293559,6.4,10700000.0,26.617982701760933,181.65454545454546,18.2,10.789834937073422,2.6258011919975943,4.594139819668591,12.734807943630122,2.2512754234170873,0.03312244796184347,0.8460602630040693,1.2215305716683318,1.2196209231539077,7.335884935150119,6.42385558058983,12362879.492774457,26.735597498197517,181.88220895480688,25.278913361302624,9.0,Sevilla,368.0,Matías Almeyda,5-3-2,53000000.0,26.04268558272665,184.9090909090909,217.0,10.6,4.4,4.6,16.0,3.6,0.2,1.0429400000000002,1.2793578,1.1115938,9.397466542172426,5.2,44980000.0,27.289054819239624,184.52727272727273,331.8,10.90207118350034,4.2007093093394925,5.454572952387321,15.770062383352462,3.2420300411607292,0.1922641906094549,0.8438307464976144,1.0932443912176986,0.8894417201763297,8.57911133269017,5.6983154211016185,49152936.110005476,27.020343099842496,184.33341993822822,308.59334813826393,14.0,1.0,-1.4000000000000004,-0.7999999999999998,-2.4000000000000004,-2.0,-0.2,0.11059999999999981,0.18911560000000005,0.35687959999999985,2.0317662508788663,1.2000000000000002,-0.11223624642691732,1.2432263975400506,-1.5749081173418982,-0.8604331327187298,-3.0352544397223404,-0.9907546177436419,-0.15914174264761144,0.002229516506454976,0.12828618045063322,0.33017920297757797,0.7255401594882116,5.0,5.0,1.0,1.4000000000000004,0.7999999999999998,2.4000000000000004,2.0,0.2,0.11059999999999981,0.18911560000000005,0.35687959999999985,2.0317662508788663,1.2000000000000002,0.12828618045063322,0.002229516506454976,0.11223624642691732,1.2432263975400506,0.33017920297757797,0.7255401594882116,0.8604331327187298,3.0352544397223404,0.9907546177436419,0.15914174264761144,0.49999999999999994,0.8660254037844387,0.0,1.0,-0.8660254037844386,0.5000000000000001,8,25,17,54,2,23,8,19,1
H,2026-01-23,20:00,4645790.0,A,Levante,3368.0,Luís Castro,4-2-3-1,5000000.0,25.7567046232344,179.27272727272728,151.0,9.6,2.8,3.0,11.4,2.6,0.0,0.85136,1.0771736000000003,0.9285172000000003,14.17259520037552,4.4,4400000.0,26.225200672017923,179.39818181818183,181.0,9.307938762449941,2.076665034329893,2.3590869872903903,11.888977487419618,1.9592435304349534,0.013006625421370295,0.7654780094787195,1.0868866589775974,1.0020481833852832,16.651712597143508,5.107892379802866,4357495.8060623165,26.156975953006963,179.36177672101084,175.18917432135996,19.0,Elche,1531.0,Eder Sarabia,4-3-3 Attacking,19500000.0,25.73305954825462,181.0,33.0,11.4,2.8,5.2,12.2,2.2,0.0,0.87438,1.4455974000000003,1.4455974,7.488280936454849,7.2,12800000.0,26.644266069317403,181.8,20.4,10.526556624715615,3.4172007946650624,6.062759879779061,12.156538629086748,2.500850282278058,0.022081631974562314,0.7713068420027129,1.3079370477788879,1.3066639487692717,7.223923290100079,6.949237053726553,13408586.328516304,26.74779778870978,181.83056354562882,26.852608907535085,8.0,-1.8000000000000007,0.0,-2.2,-0.7999999999999989,0.3999999999999999,0.0,-0.02302000000000004,-0.36842379999999997,-0.5170801999999998,-6.684314263920671,-2.8,-1.218617862265674,-9.42778930704343,-1.3405357603351695,-3.7036728924886706,-0.2675611416671302,-0.5416067518431047,-0.009075006553192018,-0.005828832523993466,-0.22105038880129046,-0.3046157653839885,-1.841344673923687,-11.0,11.0,1.8000000000000007,0.0,2.2,0.7999999999999989,0.3999999999999999,0.0,0.02302000000000004,0.36842379999999997,0.5170801999999998,6.684314263920671,2.8,0.22105038880129046,0.005828832523993466,1.218617862265674,9.42778930704343,0.3046157653839885,1.841344673923687,3.7036728924886706,0.2675611416671302,0.5416067518431047,0.009075006553192018,0.49999999999999994,0.8660254037844387,-0.433883739117558,-0.9009688679024191,-0.8660254037844386,0.5000000000000001,15,8,49,17,10,15,16,8,2
A,2026-01-24,20:00,4645794.0,D,Villarreal,1050.0,Marcelino,4-4-2,105500000.0,27.107211747868835,183.54545454545453,216.0,11.2,4.2,3.2,12.6,1.6,0.4,1.5361600000000002,1.6357782,1.6357782,16.753059922533605,7.0,104500000.0,27.127272727272725,183.60000000000002,159.0,10.788758556780186,3.9866915747378684,2.7072927416609183,12.321857340648549,1.8324404036894173,0.43596958107857026,1.562463685393703,1.6195674260224342,1.6131224311344463,16.566029990577302,6.88758891925949,102945759.78829007,27.20396804791746,183.63740392834634,165.3182366249422,3.0,Real Madrid,418.0,Álvaro Arbeloa,4-3-3 Attacking,390000000.0,24.14137265882646,184.1818181818182,446.0,19.8,8.2,6.8,10.8,2.4,0.6,2.3339,2.7761419999999997,2.47883,12.667115782767956,9.6,318000000.0,25.53707921100118,184.12727272727273,499.4,20.86790243482538,8.81425479906364,6.779075635426241,10.941360618134235,1.7629182073986882,0.2038251094037913,2.434417588682299,2.7889840505516954,2.3882078254954164,11.712720757269631,10.540660282354539,343771364.09005266,25.49007538046683,184.5446715629803,494.2590647122538,2.0,-8.600000000000001,-3.999999999999999,-3.5999999999999996,1.799999999999999,-0.7999999999999998,-0.19999999999999996,-0.7977399999999997,-1.1403637999999996,-0.8430517999999998,-4.085944139765649,-2.5999999999999996,-10.079143878045192,-4.853309233307671,-4.827563224325772,-4.071782893765323,1.380496722514314,0.06952219629072909,0.23214447167477895,-0.8719539032885961,-1.1694166245292612,-0.7750853943609701,-3.653071363095049,-1.0,1.0,8.600000000000001,3.999999999999999,3.5999999999999996,1.799999999999999,0.7999999999999998,0.19999999999999996,0.7977399999999997,1.1403637999999996,0.8430517999999998,4.085944139765649,2.5999999999999996,1.1694166245292612,0.8719539032885961,10.079143878045192,4.853309233307671,0.7750853943609701,3.653071363095049,4.071782893765323,1.380496722514314,0.06952219629072909,0.23214447167477895,0.49999999999999994,0.8660254037844387,-0.9749279121818236,-0.2225209339563146,-0.8660254037844386,0.5000000000000001,27,20,52,83,18,15,1,21,0
H,2026-01-24,17:30,4645798.0,D,Sevilla,368.0,Matías Almeyda,5-3-2,50000000.0,26.589757949100864,184.36363636363637,268.0,14.8,5.8,5.6,14.8,2.6,0.2,1.31144,1.6514821999999998,1.3350621999999999,8.72292108762697,7.0,48940000.0,27.073063281687514,184.54545454545453,323.8,15.601380789000226,5.467139539559661,5.969715301591546,14.513374922234973,2.494686694107153,0.12817612707296994,1.2842204976650764,1.5608629274784658,1.1772344801175532,7.295165130884357,7.132210280734412,50435290.740003645,26.694457260803883,184.5253102618491,278.062232092176,14.0,Athletic Club,621.0,Ernesto Valverde,4-2-3-1,58500000.0,27.68365378632319,180.9090909090909,94.0,16.4,5.8,6.6,12.2,3.6,0.4,1.5045,1.682242,1.5335860000000001,10.027185314685315,7.8,100500000.0,27.72024142866032,182.27272727272728,127.4,16.9814176251617,6.951271291599368,6.829192849220166,12.801971341561753,3.728129343556714,0.6872754284490626,1.383830386066289,1.8059027968533534,1.730297627694208,10.793789870965554,8.627687431007981,89955654.32646699,27.611197680563,182.2330924579455,126.04417025217334,10.0,-1.5999999999999979,0.0,-1.0,2.6000000000000014,-1.0,-0.2,-0.19306,-0.030759800000000226,-0.19852380000000025,1.3042642270583453,-0.7999999999999998,-1.3800368361614748,3.4986247400811976,-1.4841317520397066,-0.8594775476286198,1.7114035806732204,-1.2334426494495614,-0.5590993013760928,-0.09960988840121265,-0.24503986937488764,-0.5530631475766548,-1.4954771502735689,-4.0,4.0,1.5999999999999979,0.0,1.0,2.6000000000000014,1.0,0.2,0.19306,0.030759800000000226,0.19852380000000025,1.3042642270583453,0.7999999999999998,0.24503986937488764,0.09960988840121265,1.3800368361614748,3.4986247400811976,0.5530631475766548,1.4954771502735689,0.8594775476286198,1.7114035806732204,1.2334426494495614,0.5590993013760928,0.49999999999999994,0.8660254037844387,-0.9749279121818236,-0.2225209339563146,-0.9659258262890683,-0.25881904510252063,25,2,54,19,23,10,19,24,2
A,2026-01-24,13:00,4645793.0,A,Rayo Vallecano,367.0,Iñigo Pérez,4-2-3-1,21500000.0,30.381681289278823,177.9090909090909,54.0,16.4,5.4,5.8,12.4,2.8,0.4,1.3838199999999998,1.4733448,1.3246888,8.22014652014652,3.8,29120000.0,29.639574388650363,178.23636363636365,63.2,14.530171318768078,4.4364827402111935,5.847752446338731,13.562972820572256,2.722830770694132,0.6206737888172474,1.317736548664535,1.4030343193155543,1.237744364144021,9.179040876459771,4.09886413973499,28937698.17192922,29.372169264555865,178.5818401518568,55.89107674901294,13.0,Osasuna,331.0,Alessio Lisci,4-2-3-1,55800000.0,27.934291581108827,180.8181818181818,72.0,11.8,3.8,3.0,12.6,3.0,0.2,1.3850799999999999,1.3499936,1.2013376,12.158014705882351,4.2,41900000.0,28.793727832742206,183.38181818181818,64.6,13.342099010247884,3.855684877623409,2.905921005290915,13.29781325137032,2.8584593424173548,0.3537541382426237,1.5457124746879165,1.5079494683957,1.4253573076446748,10.78485725681422,5.040579718857015,40698488.22677713,29.00365085336081,182.96658049968798,63.24980831531584,12.0,4.599999999999998,1.6000000000000005,2.8,-0.1999999999999993,-0.20000000000000018,0.2,-0.0012600000000000389,0.1233512000000001,0.1233512000000001,3.937868185735832,-0.40000000000000036,1.1880723085201943,1.6058163803544492,0.5807978625877843,2.941831441047816,0.26515956920193595,-0.13562857172322262,0.26691965057462375,-0.22797592602338157,-0.10491514908014565,-0.18761294350065394,-0.9417155791220253,-1.0,1.0,4.599999999999998,1.6000000000000005,2.8,0.1999999999999993,0.20000000000000018,0.2,0.0012600000000000389,0.1233512000000001,0.1233512000000001,3.937868185735832,0.40000000000000036,0.10491514908014565,0.22797592602338157,1.1880723085201943,1.6058163803544492,0.18761294350065394,0.9417155791220253,2.941831441047816,0.26515956920193595,0.13562857172322262,0.26691965057462375,0.49999999999999994,0.8660254037844387,-0.9749279121818236,-0.2225209339563146,-0.2588190451025208,-0.9659258262890683,18,17,30,4,10,10,18,15,0
H,2026-01-24,15:15,4645791.0,H,Valencia,1049.0,Carlos Corberán,4-4-2,14200000.0,28.094331404393007,182.0909090909091,133.0,13.8,2.8,6.8,12.4,2.2,0.2,1.7211199999999998,1.6004172,1.3031051999999999,10.989399151473455,6.6,36480000.0,27.061365191960675,181.74545454545455,110.0,12.306157643810394,2.6600515823391917,5.568970253858697,13.732807207275405,2.4701112028426535,0.33355888102941317,1.726467373383845,1.4228968497635295,1.1462907530593551,10.982926463201329,5.703348121673559,37691738.16542508,27.309459747119035,181.77215556689524,121.16705891619574,17.0,Espanyol,714.0,Manolo González,4-4-2,6200000.0,27.827266504884573,182.63636363636363,30.0,12.6,4.2,4.2,12.4,2.0,0.0,1.1542599999999998,1.2633835999999998,1.2633836,11.877014999548205,3.0,25200000.0,28.248746188787255,181.9818181818182,29.8,13.780180951240439,3.545809786459372,4.3562397063732154,13.217113391923865,2.6680514998053417,0.04444777960876873,1.1613765549288146,1.3474741681088904,1.3123150122550589,11.225240625915754,3.366691195361037,24767770.494821917,28.158296041587004,181.81862998548763,30.3176480378532,5.0,1.200000000000001,-1.4000000000000004,2.5999999999999996,0.0,0.20000000000000018,0.2,0.5668599999999999,0.33703360000000027,0.0397215999999998,0.8876158480747502,3.5999999999999996,-1.4740233074300448,0.2423141627144254,-0.8857582041201804,1.2127305474854815,0.5156938153515398,-0.19794029696268822,0.28911110142064445,0.5650908184550303,0.07542268165463906,-0.16602425919570374,2.3366569263125223,-12.0,12.0,1.200000000000001,1.4000000000000004,2.5999999999999996,0.0,0.20000000000000018,0.2,0.5668599999999999,0.33703360000000027,0.0397215999999998,0.8876158480747502,3.5999999999999996,0.07542268165463906,0.5650908184550303,1.4740233074300448,0.2423141627144254,0.16602425919570374,2.3366569263125223,1.2127305474854815,0.5156938153515398,0.19794029696268822,0.28911110142064445,0.49999999999999994,0.8660254037844387,-0.9749279121818236,-0.2225209339563146,-0.7071067811865471,-0.7071067811865479,26,9,11,50,18,18,0,26,2
H,2026-01-25,20:00,4645795.0,H,Alaves,1108.0,Eduardo Coudet,4-4-2,30500000.0,28.209570032978657,181.27272727272728,41.0,11.0,3.4,4.6,10.6,2.2,0.2,0.7003000000000004,1.1307686000000001,1.1307686000000001,12.979545454545454,2.6,31100000.0,27.81477194947421,179.92727272727274,34.6,11.479338667542725,2.9591572748884936,5.111454358525841,10.626791864919836,1.9474268772827026,0.15682709913620752,0.8797697147693281,1.1997155648258773,1.1642022558290284,14.727489556105576,2.3088330766317497,30114556.54715698,27.83975671405032,180.1833127318653,34.6342123827879,18.0,Real Betis,150.0,Manuel Pellegrini,4-2-3-1,53900000.0,27.59330471034783,180.9090909090909,163.0,15.0,6.2,4.4,10.8,1.2,0.0,1.47408,1.8562417999999998,1.8562417999999998,12.969506571859512,8.2,49800000.0,28.213104349449317,180.34545454545454,167.4,14.970138132820077,5.904887324765475,3.9013089365312905,11.771576927974417,1.879036936128184,0.019509825345877863,1.5697695802457456,1.8436358301742128,1.8109724852265228,11.191600267761318,8.562432242436993,48141920.71981412,28.12330313297989,180.4065309110912,152.5932838446038,6.0,-4.0,-2.8000000000000003,0.1999999999999993,-0.20000000000000107,1.0000000000000002,0.2,-0.7737799999999997,-0.7254731999999997,-0.7254731999999997,-0.010038882685941886,-5.6,-3.4907994652773517,-3.535889288344258,-2.945730049876982,1.2101454219945507,-1.1447850630545808,0.06838994115451857,0.13731727379032965,-0.6899998654764176,-0.6439202653483356,-0.6467702293974944,-6.253599165805243,-12.0,12.0,4.0,2.8000000000000003,0.1999999999999993,0.20000000000000107,1.0000000000000002,0.2,0.7737799999999997,0.7254731999999997,0.7254731999999997,0.010038882685941886,5.6,0.6439202653483356,0.6899998654764176,3.4907994652773517,3.535889288344258,0.6467702293974944,6.253599165805243,1.2101454219945507,1.1447850630545808,0.06838994115451857,0.13731727379032965,0.49999999999999994,0.8660254037844387,-0.7818314824680299,0.6234898018587334,-0.8660254037844386,0.5000000000000001,0,19,18,51,18,10,2,7,2
H,2026-01-25,17:30,4645799.0,H,Real Sociedad,681.0,Pellegrino Matarazzo,4-2-3-1,93000000.0,25.93192707361085,181.8181818181818,198.0,13.0,5.8,6.0,14.8,2.0,0.2,1.4142000000000001,1.4353200000000004,1.4353200000000002,8.506706985626716,7.6,117960000.0,26.430962603447206,180.6,200.4,12.140159687016308,5.756009823397854,5.857746804827545,14.282254473244208,2.234421178929703,0.33333479277044425,1.263569737725056,1.466161670218936,1.4517646334675292,8.49376792200676,6.270031415722724,115770101.79079382,26.552383314571347,180.76841936602833,206.99068166570888,9.0,Celta Vigo,940.0,Claudio Giráldez,5-4-1,24000000.0,25.56430838155684,180.27272727272728,73.0,8.6,4.8,2.4,10.2,2.4,0.0,1.9230200000000004,1.8280138000000001,1.3820478,15.684988851727985,4.6,26320000.0,26.830290585526722,180.6181818181818,72.0,9.553412015248162,5.675606682891716,2.8656520214856283,10.430574043914694,2.6456754762688237,0.0038834218043661823,1.9265721273574858,1.8301429599507426,1.291967041705969,15.395989537050168,5.692002695403924,30722334.87172241,26.774719327682533,180.35282644951357,76.69541491675734,7.0,4.4,1.0,3.6,4.600000000000001,-0.3999999999999999,0.2,-0.5088200000000003,-0.39269379999999976,0.0532722000000001,7.178281866101269,3.0,2.586747671768146,6.902221615043407,0.08040314050613784,2.9920947833419165,3.851680429329514,-0.4112542973391209,0.32945137096607807,-0.6630023896324297,-0.36398128973180666,0.15979759176156016,0.5780287203187999,-2.0,2.0,4.4,1.0,3.6,4.600000000000001,0.3999999999999999,0.2,0.5088200000000003,0.39269379999999976,0.0532722000000001,7.178281866101269,3.0,0.36398128973180666,0.6630023896324297,2.586747671768146,6.902221615043407,0.15979759176156016,0.5780287203187999,2.9920947833419165,3.851680429329514,0.4112542973391209,0.32945137096607807,0.49999999999999994,0.8660254037844387,-0.7818314824680299,0.6234898018587334,-0.9659258262890683,-0.25881904510252063,22,6,61,12,10,24,25,27,2
H,2026-01-25,15:15,4645797.0,D,Barcelona,131.0,Hansi Flick,4-2-3-1,30000000.0,26.20297430153693,182.0,441.0,19.8,7.0,9.2,8.8,1.2,0.0,2.27392,3.1168400000000003,2.8195300000000003,6.283305536568695,13.0,116000000.0,24.098662186547198,181.58181818181816,306.0,20.398008088188146,7.1667826561736545,8.251317484797001,9.431320176752987,1.4972611158019602,0.018786892439035665,2.344042088756544,3.250902207119939,3.0473098182895533,5.885372469455533,12.964722979304105,106299677.56900673,24.32692770809935,181.5346978090555,325.6886086868081,1.0,Real Oviedo,2497.0,Guillermo Almada,4-2-3-1,15000000.0,27.619936531640846,181.54545454545453,55.0,11.8,3.6,5.0,15.2,2.8,0.4,1.0120799999999999,1.3051112,1.3051112,10.05595913154534,5.2,6400000.0,28.086894406073053,181.13090909090909,120.8,12.692556438639466,3.9132722460400458,5.412343164014732,15.001397587265524,2.9938140771181363,0.32376043758278794,1.022372956923665,1.3749173147539229,1.3705076887026362,10.458691919076966,5.438547964259455,6232497.9746851595,28.12555174576889,181.09695458975554,115.93070830260069,20.0,8.0,3.4,4.199999999999999,-6.399999999999999,-1.5999999999999999,-0.4,1.26184,1.8117288000000003,1.5144188000000003,3.772653594976645,7.8,7.70545164954868,4.573319449621432,3.2535104101336088,2.8389743207822686,-5.570077410512537,-1.496552961316176,-0.3049735451437523,1.3216691318328788,1.875984892366016,1.676802129586917,7.526175015044649,19.0,19.0,8.0,3.4,4.199999999999999,6.399999999999999,1.5999999999999999,0.4,1.26184,1.8117288000000003,1.5144188000000003,3.772653594976645,7.8,1.875984892366016,1.3216691318328788,7.70545164954868,4.573319449621432,1.676802129586917,7.526175015044649,2.8389743207822686,5.570077410512537,1.496552961316176,0.3049735451437523,0.49999999999999994,0.8660254037844387,-0.7818314824680299,0.6234898018587334,-0.7071067811865471,-0.7071067811865479,4,21,27,25,10,10,6,12,2
H,2026-01-25,13:00,4645796.0,H,Atletico Madrid,13.0,Diego Simeone,4-4-2,289000000.0,26.95264762615892,183.0909090909091,446.0,12.8,4.6,5.4,13.0,1.6,0.0,1.4568999999999999,1.450441,1.4504409999999999,10.529775885792914,7.4,313400000.0,26.84492564246158,182.14545454545456,414.6,15.047356015751097,4.839317486319002,5.771370675379674,12.61522563640166,1.3793092017577635,0.003331837797265494,1.5199476050350558,1.5928791529012447,1.5845828957280783,10.129428891957788,9.088218325210335,304850446.4105736,26.923034854167298,182.36217950135907,415.7394687759899,4.0,Mallorca,237.0,Jagoba Arrasate,4-4-2 double 6,43100000.0,28.512973679298113,184.72727272727272,163.0,11.0,4.6,3.0,11.8,2.8,0.0,1.3654,1.6871084000000003,1.1929956000000002,12.616332134684537,3.6,38580000.0,28.153518760500276,182.9818181818182,167.8,12.082686371411704,5.035278217534297,3.3328377596387795,11.407108558414086,2.4760255826053097,0.0028700040763805427,1.3088200208720153,1.8159160284279354,1.1079069663471268,12.094440421215948,3.9112518824041125,38825188.99593205,27.937063470215588,183.1514606031425,165.7084089395478,15.0,1.8000000000000007,0.0,2.4000000000000004,1.1999999999999993,-1.1999999999999997,0.0,0.09149999999999991,-0.2366674000000002,0.2574453999999997,2.0865562488916236,3.8000000000000003,2.964669644339393,1.9650115292581596,-0.1959607312152949,2.4385329157408946,1.2081170779875752,-1.0967163808475462,0.00046183372088495116,0.21112758416304045,-0.22303687552669071,0.4766759293809515,5.176966442806222,11.0,11.0,1.8000000000000007,0.0,2.4000000000000004,1.1999999999999993,1.1999999999999997,0.0,0.09149999999999991,0.2366674000000002,0.2574453999999997,2.0865562488916236,3.8000000000000003,0.22303687552669071,0.21112758416304045,2.964669644339393,1.9650115292581596,0.4766759293809515,5.176966442806222,2.4385329157408946,1.2081170779875752,1.0967163808475462,0.00046183372088495116,0.49999999999999994,0.8660254037844387,-0.7818314824680299,0.6234898018587334,-0.2588190451025208,-0.9659258262890683,3,16,16,31,18,20,5,11,2
D,2026-01-26,20:00,4645792.0,D,Girona,12321.0,Míchel,4-2-3-1,84900000.0,27.876796714579054,178.54545454545453,269.0,9.4,3.4,3.6,11.4,2.4,0.2,1.4174600000000002,1.3099048,0.8639382000000001,13.53533879501622,6.8,97540000.0,27.936481861738535,181.4,321.0,8.462438350116564,3.7184053910476487,3.5190010564472183,13.45555557027149,2.9459704287952753,0.2290336016278114,1.4152118680634034,1.3809858542853888,0.7603124772290455,11.814639493392297,5.981972115515863,97408829.75449932,27.763563581443606,181.22482484059606,292.73069379318633,11.0,Getafe,3709.0,José Bordalás,5-3-2,33900000.0,29.058801568041815,183.54545454545453,112.0,11.6,2.8,4.8,13.0,2.8,0.0,0.7688600000000001,0.6083684,0.4597128,10.898729194781826,2.8,27360000.0,29.596226743824282,181.83818181818182,111.2,11.280509908264444,2.9304394918807106,5.286032982399543,12.202781278454987,2.497227885510864,0.051740061718178264,0.8829677453538277,0.5858365081467568,0.5124261624064861,10.730418747019351,3.16853696910585,28992382.796992928,29.52788838006396,181.85380452019737,108.17714592666584,16.0,-2.1999999999999993,0.6000000000000001,-1.1999999999999997,-1.5999999999999996,-0.3999999999999999,0.2,0.6486000000000001,0.7015364,0.4042254000000001,-2.6366096002343937,4.0,-2.8180715581478797,-1.0842207463729459,0.787965899166938,-1.7670319259523244,1.252774291816504,0.44874254328441143,0.17729353990963312,0.5322441227095757,0.795149346138632,0.2478863148225594,2.8134351464100136,5.0,5.0,2.1999999999999993,0.6000000000000001,1.1999999999999997,1.5999999999999996,0.3999999999999999,0.2,0.6486000000000001,0.7015364,0.4042254000000001,2.6366096002343937,4.0,0.795149346138632,0.5322441227095757,2.8180715581478797,1.0842207463729459,0.2478863148225594,2.8134351464100136,1.7670319259523244,1.252774291816504,0.44874254328441143,0.17729353990963312,0.49999999999999994,0.8660254037844387,0.0,1.0,-0.8660254037844386,0.5000000000000001,11,10,56,39,10,23,3,20,1
A,2026-01-30,20:00,4645809.0,D,Espanyol,714.0,Manolo González,4-4-2,9000000.0,28.16700889801506,183.45454545454547,27.0,14.6,4.6,4.8,11.0,2.8,0.0,0.9111199999999998,1.4643216,1.4643216,11.780175919088437,4.2,21400000.0,28.0631199054197,181.8909090909091,30.4,14.520120634160293,4.363873190972915,5.237493137582144,12.144742261282579,3.4453676665368946,0.029631853072512485,0.9790177032858765,1.4847861120725936,1.4613466748367057,9.72487306095533,4.911127463574025,18578513.663214613,28.04795286268619,182.09120786911296,30.2117653585688,5.0,Alaves,1108.0,Eduardo Coudet,4-4-2,27500000.0,27.574388650364007,181.0909090909091,41.0,13.2,4.8,4.8,11.6,1.8,0.2,0.7813200000000003,1.2023726000000001,1.2023726,12.520804195804196,2.4,31000000.0,27.876896272789498,180.3090909090909,36.4,13.31955911169515,4.972771516592329,5.407636239017227,12.751194576613225,1.6316179181884685,0.10455139942413834,1.0122464765128854,1.3568170432172515,1.3331415038860188,13.190121242531923,2.2058887177544997,30243037.69810465,27.963027820359766,180.54645091215264,36.75614158852527,15.0,1.4000000000000004,-0.20000000000000018,0.0,-0.5999999999999996,0.9999999999999998,-0.2,0.12979999999999947,0.26194899999999977,0.261949,0.7406282767157588,1.8000000000000003,1.2005615224651418,3.4652481815765928,-0.608898325619414,-0.17014310143508293,-0.606452315330646,1.8137497483484262,-0.07491954635162586,-0.0332287732270089,0.1279690688553421,0.12820517095068684,2.7052387458195253,10.0,10.0,1.4000000000000004,0.20000000000000018,0.0,0.5999999999999996,0.9999999999999998,0.2,0.12979999999999947,0.26194899999999977,0.261949,0.7406282767157588,1.8000000000000003,0.1279690688553421,0.0332287732270089,1.2005615224651418,3.4652481815765928,0.12820517095068684,2.7052387458195253,0.17014310143508293,0.606452315330646,1.8137497483484262,0.07491954635162586,0.49999999999999994,0.8660254037844387,-0.433883739117558,-0.9009688679024191,-0.8660254037844386,0.5000000000000001,9,0,50,18,18,18,26,2,0
D,2026-01-31,17:30,4645800.0,D,Levante,3368.0,Luís Castro,4-2-3-1,9000000.0,25.3303465870201,180.9090909090909,133.0,12.6,3.0,4.2,12.6,2.6,0.0,1.32324,1.6170882,1.4684318,14.821016253007098,5.0,5000000.0,26.122879721237013,179.47272727272727,171.8,14.871959174966628,3.3844433562199288,4.572724658193594,12.259318324946411,1.972829020289969,0.008671083614246863,1.451218672985813,1.8061077726517316,1.7495487889235222,15.234475064762337,6.071928253201911,4571663.870708211,26.023552176416107,179.332093571583,167.12611621423997,19.0,Atletico Madrid,13.0,Diego Simeone,4-4-2,169000000.0,27.730695040756643,183.63636363636363,383.0,14.8,5.6,6.2,12.6,1.6,0.0,1.71814,1.581066,1.5810659999999999,9.542275885792915,8.4,307800000.0,26.946275900690686,182.6909090909091,428.6,15.698237343834066,5.892878324212668,7.18091378358645,11.743483757601107,1.5862061345051757,0.002221225198176996,1.782398403356704,1.5369227686008298,1.5313919304853856,9.419619261305192,8.725478883473556,299566964.27371573,26.932905778164507,182.6050893645424,425.82631251732664,3.0,-2.200000000000001,-2.5999999999999996,-2.0,0.0,1.0,0.0,-0.39490000000000003,0.03602219999999989,-0.1126341999999998,-5.2787403672141835,-3.4000000000000004,-0.8262781688674377,-5.814855803457146,-2.508434967992739,-2.6081891253928564,0.5158345673453049,0.3866228857847933,0.006449858416069867,-0.331179730370891,0.26918500405090184,0.2181568584381366,-2.6535506302716456,-16.0,16.0,2.200000000000001,2.5999999999999996,2.0,0.0,1.0,0.0,0.39490000000000003,0.03602219999999989,0.1126341999999998,5.2787403672141835,3.4000000000000004,0.26918500405090184,0.331179730370891,0.8262781688674377,5.814855803457146,0.2181568584381366,2.6535506302716456,2.6081891253928564,0.5158345673453049,0.3866228857847933,0.006449858416069867,0.49999999999999994,0.8660254037844387,-0.9749279121818236,-0.2225209339563146,-0.9659258262890683,-0.25881904510252063,15,3,49,16,10,18,16,5,1
D,2026-01-31,15:15,4645808.0,H,Osasuna,331.0,Alessio Lisci,4-2-3-1,46900000.0,29.17603136083629,181.1818181818182,71.0,14.0,4.4,3.4,14.0,2.8,0.2,1.7491999999999996,1.5780721999999998,1.4294162,10.528858695652174,5.0,41840000.0,28.95451434260469,182.45454545454544,66.0,13.561399340165257,4.2371232517489394,2.937280670193944,13.86520883424688,2.5723062282782365,0.23583609216174914,1.6925416497919443,1.4615029789304668,1.4064415384297833,11.160919330629769,5.027053145904676,45732325.48451809,28.647197762610148,182.2504476058526,66.16653887687723,9.0,Villarreal,1050.0,Marcelino,4-4-2,107500000.0,27.35784954265447,184.0,196.0,10.8,3.4,3.4,12.6,1.8,0.4,1.31656,1.6629562,1.6629562,17.44895483222162,6.8,101800000.0,27.19502208947794,183.61818181818182,169.8,9.85917237118679,2.991127716491912,3.8048618277739457,14.547904893765699,2.2216269357929446,0.2906463873857135,1.306309123595802,1.3973219506816228,1.3930252874229643,14.457813097166477,7.25839261283966,103797173.19219339,27.17171594790125,183.60675413404908,182.21215774996145,4.0,3.1999999999999993,1.0000000000000004,0.0,1.4000000000000004,0.9999999999999998,-0.2,0.4326399999999997,-0.08488400000000018,-0.23354000000000008,6.920096136569446,-1.7999999999999998,3.702226968978467,3.2968937665367086,1.2459955352570273,-0.8675811575800019,-0.6826960595188183,0.35067929248529195,-0.054810295223964384,0.38623252619614235,0.06418102824884397,0.01341625100681898,-2.2313394669349833,-5.0,5.0,3.1999999999999993,1.0000000000000004,0.0,1.4000000000000004,0.9999999999999998,0.2,0.4326399999999997,0.08488400000000018,0.23354000000000008,6.920096136569446,1.7999999999999998,0.06418102824884397,0.38623252619614235,3.702226968978467,3.2968937665367086,0.01341625100681898,2.2313394669349833,0.8675811575800019,0.6826960595188183,0.35067929248529195,0.054810295223964384,0.49999999999999994,0.8660254037844387,-0.9749279121818236,-0.2225209339563146,-0.7071067811865471,-0.7071067811865479,17,27,4,52,10,18,15,1,1
H,2026-01-31,13:00,4645803.0,D,Real Oviedo,2497.0,Guillermo Almada,4-2-3-1,16600000.0,27.63785700952025,182.0909090909091,57.0,13.2,4.0,4.6,17.0,2.8,0.2,1.01204,1.318997,1.318997,10.26507024265645,5.2,6600000.0,27.887977101611604,180.9490909090909,89.8,12.461658000574422,3.608787119090589,3.9412671795369505,17.001332683377807,2.662476289566225,0.21581865092929928,0.7509942303752841,1.0786868198361255,1.0757473638834565,10.907736491618163,3.6253351194604453,9155584.687089816,27.956979544731478,181.24648455361896,95.61639947182054,20.0,Girona,12321.0,Míchel,4-3-3 Attacking,94900000.0,27.86858316221766,178.45454545454547,281.0,9.0,3.6,3.6,13.0,3.0,0.2,1.37566,1.2792588,0.8332922,10.230793340470763,6.0,93260000.0,27.857333084437805,180.6909090909091,296.2,9.641625566744375,3.812270260698432,3.3460007042981452,13.303703713514329,3.6306469525301837,0.15268906775187427,1.3623745787089356,1.2592272361902592,0.8454449848193636,9.952183904685775,5.654648077010575,93239219.83633287,27.801307959155423,180.3317014088822,284.82046252879087,10.0,4.199999999999999,0.3999999999999999,0.9999999999999996,4.0,-0.20000000000000018,0.0,-0.36362000000000005,0.039738199999999946,0.48570479999999994,-0.03427690218568635,-0.7999999999999998,2.820032433830047,-0.955552586932388,-0.2034831416078431,0.5952664752388053,3.6976289698634783,-0.9681706629639586,0.06312958317742501,-0.6113803483336515,-0.18054041635413376,0.2303023790640929,-2.0293129575501294,-10.0,10.0,4.199999999999999,0.3999999999999999,0.9999999999999996,4.0,0.20000000000000018,0.0,0.36362000000000005,0.039738199999999946,0.48570479999999994,0.03427690218568635,0.7999999999999998,0.18054041635413376,0.6113803483336515,2.820032433830047,0.955552586932388,0.2303023790640929,2.0293129575501294,0.5952664752388053,3.6976289698634783,0.9681706629639586,0.06312958317742501,0.49999999999999994,0.8660254037844387,-0.9749279121818236,-0.2225209339563146,-0.2588190451025208,-0.9659258262890683,21,11,25,56,10,15,12,3,2
A,2026-01-31,20:00,4645801.0,A,Elche,1531.0,Eder Sarabia,3-4-1-2,13000000.0,25.549374649990668,181.8181818181818,91.0,10.8,3.4,5.2,12.2,2.8,0.0,0.8681800000000001,1.5098568,1.5098568,7.010367892976589,6.6,14700000.0,26.485620060979404,181.8,24.0,9.017704416477077,3.278133863110041,4.37517325318604,12.437692419391164,2.6672335215187055,0.014721087983041543,0.552004561335142,1.0829483651859253,1.0820996325128478,7.192760454269617,5.966158035817702,15439057.552344203,26.40955170855806,181.5537090304192,28.901739271690058,11.0,Barcelona,131.0,Hansi Flick,4-3-3 Attacking,90000000.0,24.648372845498102,180.8181818181818,320.0,19.6,6.8,9.8,8.6,1.0,0.0,2.4613,2.9760980000000004,2.827442,5.01875527201843,13.8,94000000.0,24.67191836226744,181.6727272727273,338.2,18.598672058792097,7.111188437449104,8.834211656531334,8.954213451168657,1.33150741053464,0.01252459495935711,2.4579613925043624,3.0336581380799594,2.8979298788597023,5.9112359672913435,12.643148652869405,80866451.71267115,24.952276572578544,181.68979853937034,364.1257391245387,1.0,-8.8,-3.4,-4.6000000000000005,3.5999999999999996,1.7999999999999998,0.0,-1.5931199999999999,-1.4662412000000002,-1.3175852,-1.9916126209581595,-7.200000000000001,-9.58096764231502,-1.2815244869782738,-3.8330545743390627,-4.459038403345294,3.4834789682225065,1.3357261109840655,0.0021964930236844336,-1.9059568311692203,-1.9507097728940341,-1.8158302463468545,-6.676990617051703,-10.0,10.0,8.8,3.4,4.6000000000000005,3.5999999999999996,1.7999999999999998,0.0,1.5931199999999999,1.4662412000000002,1.3175852,1.9916126209581595,7.200000000000001,1.9507097728940341,1.9059568311692203,9.58096764231502,1.2815244869782738,1.8158302463468545,6.676990617051703,4.459038403345294,3.4834789682225065,1.3357261109840655,0.0021964930236844336,0.49999999999999994,0.8660254037844387,-0.9749279121818236,-0.2225209339563146,-0.8660254037844386,0.5000000000000001,8,4,17,27,1,15,8,6,0
H,2026-02-01,13:00,4645804.0,H,Real Madrid,418.0,Álvaro Arbeloa,4-4-2,330000000.0,24.449754215667973,184.36363636363637,481.0,18.0,7.6,6.4,11.6,1.4,0.0,2.32466,2.6171919999999997,2.1712246,12.011215161649947,9.6,325000000.0,25.235666728890546,184.38181818181818,490.6,18.57860162321692,7.20950319937576,6.519383756950828,10.627573745422824,1.5086121382657922,0.1358834062691942,2.2627117257881992,2.4000093670344635,1.8850662169969443,11.286741374411639,10.69377352156969,359180909.3933684,25.040507806586707,184.42372043592627,478.1727098081692,2.0,Rayo Vallecano,367.0,Iñigo Pérez,4-2-3-1,34400000.0,29.038392134901372,179.72727272727272,102.0,14.0,4.8,5.0,12.8,2.4,0.4,1.0504399999999998,1.1702976,1.0216416000000001,7.433782883782884,4.8,26620000.0,29.705282807541533,178.12727272727273,56.2,13.353447545845384,4.290988493474129,5.231834964225821,13.041981880381504,2.481887180462755,0.41378252587816494,1.12175769910969,1.1585442128770362,1.0483509094293473,7.558754523700453,5.065909426489993,26458465.447952818,29.708673272796847,178.35759040426817,55.26071783267529,16.0,4.0,2.8,1.4000000000000004,-1.200000000000001,-1.0,-0.4,1.2742200000000004,1.4468943999999997,1.1495829999999998,-4.577432277867063,4.8,5.225154077371535,-3.7279868507111855,2.9185147059016314,1.2875487927250067,-2.4144081349586806,-0.9732750421969627,-0.27789911960897073,1.1409540266785092,1.2414651541574273,0.836715307567597,5.627864095079698,14.0,14.0,4.0,2.8,1.4000000000000004,1.200000000000001,1.0,0.4,1.2742200000000004,1.4468943999999997,1.1495829999999998,4.577432277867063,4.8,1.2414651541574273,1.1409540266785092,5.225154077371535,3.7279868507111855,0.836715307567597,5.627864095079698,1.2875487927250067,2.4144081349586806,0.9732750421969627,0.27789911960897073,0.8660254037844386,0.5000000000000001,-0.7818314824680299,0.6234898018587334,-0.2588190451025208,-0.9659258262890683,20,18,83,30,18,10,21,18,2
H,2026-02-01,15:15,4645806.0,D,Real Betis,150.0,Manuel Pellegrini,4-2-3-1,55000000.0,29.18125816688445,181.54545454545453,218.0,16.0,5.8,4.6,11.6,1.2,0.0,1.68338,2.0558126000000003,2.0558126000000003,10.365434173669467,7.4,48680000.0,28.06809781594176,180.3090909090909,162.6,15.980092088546717,5.269924883176984,3.9342059576875266,11.51438461864961,1.586024624085456,0.013006550230585242,1.538146386830497,1.8246305534494753,1.8028549901510154,9.274792335370291,7.041621494957995,50061280.47987608,27.946636992102537,180.57405091042446,156.06218922973588,6.0,Valencia,1049.0,Carlos Corberán,4-4-2,16200000.0,28.80791487773007,181.1818181818182,147.0,13.2,3.4,5.8,12.8,2.2,0.2,1.9934199999999997,1.9021932,1.4562252,10.262476074550378,6.0,31880000.0,27.390653972994834,181.87272727272727,119.0,11.53743842920693,3.4400343882261275,4.379313502572464,13.488538138183605,1.9800741352284357,0.2223725873529421,1.8718449155892298,1.8717845665090198,1.4396205020395698,10.360412513929091,4.802232081115706,29861158.77695005,27.571083632877023,181.87840674156652,125.11137261079716,14.0,2.8000000000000007,2.4,-1.2000000000000002,-1.200000000000001,-1.0000000000000002,-0.2,-0.31003999999999965,0.1536194000000004,0.5995874000000003,-0.10295809911908904,1.4000000000000004,4.442653659339788,1.0856201785588002,1.829890494950856,-0.44510754488493776,-1.9741535195339956,-0.3940495111429796,-0.20936603712235685,-0.33369852875873285,-0.047154013059544475,0.36323448811144554,2.2393894138422885,8.0,8.0,2.8000000000000007,2.4,1.2000000000000002,1.200000000000001,1.0000000000000002,0.2,0.31003999999999965,0.1536194000000004,0.5995874000000003,0.10295809911908904,1.4000000000000004,0.047154013059544475,0.33369852875873285,4.442653659339788,1.0856201785588002,0.36323448811144554,2.2393894138422885,0.44510754488493776,1.9741535195339956,0.3940495111429796,0.20936603712235685,0.8660254037844386,0.5000000000000001,-0.7818314824680299,0.6234898018587334,-0.7071067811865471,-0.7071067811865479,19,26,51,11,10,18,7,0,2
D,2026-02-01,17:30,4645802.0,D,Getafe,3709.0,José Bordalás,5-3-2,33900000.0,29.075228672764606,183.54545454545453,112.0,11.0,3.0,4.4,12.4,2.4,0.0,0.9024200000000002,0.7689634,0.6203078,12.245596362701626,3.0,29820000.0,29.57422437931678,182.02,110.0,10.187006605509628,2.6202929945871403,4.857355321599695,13.13518751896999,2.664818590340576,0.03449337447878551,1.0671451635692184,0.7601910054311712,0.7112507749376574,12.328215672616075,3.445691312737233,30628255.197995286,29.371526109389908,182.41768786194976,109.45143061777723,17.0,Celta Vigo,940.0,Claudio Giráldez,5-4-1,20000000.0,26.0638417024454,184.9090909090909,77.0,11.0,5.2,4.0,10.6,2.0,0.0,1.7967800000000005,1.7600958000000002,1.3141298000000001,15.05165551839465,5.8,27960000.0,26.47143301599154,180.2181818181818,73.6,12.035608010165442,5.11707112192781,4.910434680990419,11.287049362609798,2.0971169841792157,0.002588947869577455,1.614981418238324,1.763811973300495,1.4050280278039793,13.138993024700113,7.12800179693595,28481556.581148278,26.371249012307302,180.32612672391815,75.4636099445049,7.0,0.0,-2.2,0.40000000000000036,1.8000000000000007,0.3999999999999999,0.0,-0.8943600000000003,-0.9911324000000002,-0.6938220000000002,2.806059155693024,-2.8,-1.8486014046558132,0.8107773520840382,-2.49677812734067,-0.053079359390723724,1.8481381563601929,0.5677016061613602,0.03190442660920806,-0.5478362546691056,-1.003620967869324,-0.6937772528663219,-3.6823104841987173,-10.0,10.0,0.0,2.2,0.40000000000000036,1.8000000000000007,0.3999999999999999,0.0,0.8943600000000003,0.9911324000000002,0.6938220000000002,2.806059155693024,2.8,1.003620967869324,0.5478362546691056,1.8486014046558132,0.8107773520840382,0.6937772528663219,3.6823104841987173,0.053079359390723724,1.8481381563601929,0.5677016061613602,0.03190442660920806,0.8660254037844386,0.5000000000000001,-0.7818314824680299,0.6234898018587334,-0.9659258262890683,-0.25881904510252063,10,6,39,12,23,24,20,27,1
D,2026-02-01,20:00,4645805.0,A,Athletic Club,621.0,Ernesto Valverde,4-2-3-1,73000000.0,26.515089291269987,183.36363636363637,99.0,16.6,5.8,6.6,12.8,3.2,0.4,1.51742,1.827488,1.6788319999999999,9.617954545454547,8.8,89700000.0,27.603409868707608,181.85454545454544,116.6,16.320945083441135,5.634180861066246,6.219461899480112,12.534647561041169,2.8187528957044763,0.45818361896604176,1.5036869240441926,1.8414651979022356,1.7910617517961385,10.462526580643702,9.418458287338654,79470436.21764466,27.635349715816393,181.7917586083273,115.36278016811555,13.0,Real Sociedad,681.0,Pellegrino Matarazzo,4-2-3-1,97000000.0,25.949349760438054,180.54545454545453,152.0,13.2,5.8,5.6,12.2,2.0,0.4,1.5224000000000004,1.6616140000000001,1.5129580000000002,10.680580859500589,6.2,114160000.0,26.3997511044739,181.07272727272726,213.6,11.426773124677538,5.170673215598569,4.5718312032183634,11.854836315496138,1.822947452619802,0.5555565285136295,1.4311798251500374,1.6957611134792907,1.4384030889783528,12.38473417022673,6.1800209438151485,108180067.86052923,26.345564567584518,181.1183401834128,203.99378777713923,8.0,3.400000000000002,0.0,1.0,0.6000000000000014,1.2000000000000002,0.0,-0.0049800000000004285,0.16587399999999985,0.16587399999999963,1.0626263140460424,2.6000000000000005,4.894171958763597,1.922207589583028,0.46350764546767653,1.6476306962617482,0.6798112455450305,0.9958054430846743,-0.0973729095475877,0.07250709889415519,0.1457040844229449,0.3526586628177857,3.238437343523505,-5.0,5.0,3.400000000000002,0.0,1.0,0.6000000000000014,1.2000000000000002,0.0,0.0049800000000004285,0.16587399999999985,0.16587399999999963,1.0626263140460424,2.6000000000000005,0.1457040844229449,0.07250709889415519,4.894171958763597,1.922207589583028,0.3526586628177857,3.238437343523505,1.6476306962617482,0.6798112455450305,0.9958054430846743,0.0973729095475877,0.8660254037844386,0.5000000000000001,-0.7818314824680299,0.6234898018587334,-0.8660254037844386,0.5000000000000001,2,22,19,61,10,10,24,25,1
H,2026-02-02,20:00,4645807.0,D,Mallorca,237.0,Jagoba Arrasate,4-2-3-1,42500000.0,28.50575570904113,183.45454545454547,206.0,9.2,3.2,3.4,10.6,2.4,0.0,0.90266,1.2444870000000001,0.7503742000000001,14.146766917293235,3.0,41400000.0,28.105432144857197,183.2909090909091,167.8,10.055124247607802,3.6901854783561983,3.2218918397591865,9.938072372276057,1.9840170550702065,0.0019133360509203618,1.0243466805813435,1.3332416856186236,0.8612356442314179,15.062960280810634,2.9408345882694085,40250125.99728803,28.129033539909766,183.6767313111859,164.80560595969854,18.0,Sevilla,368.0,Matías Almeyda,5-3-2,57500000.0,26.469541409993155,183.9090909090909,149.0,14.2,5.8,5.6,15.8,2.8,0.2,0.97172,1.4737942,1.008718,7.500608714401819,7.0,52960000.0,26.796291456661066,184.34545454545452,301.6,13.734253859333483,5.978093026373107,5.646476867727697,15.008916614823315,2.3297911294047684,0.08545075138197995,1.1814803317767175,1.517425284985644,1.0139126534117022,6.610569857371179,6.088140187156275,50290193.8266691,26.65955749023621,184.4714189624449,274.70815472811734,12.0,-5.0,-2.5999999999999996,-2.1999999999999997,-5.200000000000001,-0.3999999999999999,-0.2,-0.06906000000000001,-0.22930719999999982,-0.2583437999999999,-6.6461582028914155,-4.0,-3.6791296117256813,-8.452390423439454,-2.2879075480169084,-2.42458502796851,-5.070844242547258,-0.34577407433456187,-0.08353741533105959,-0.15713365119537404,-0.18418359936702045,-0.15267700918028437,-3.147305598886866,-6.0,6.0,5.0,2.5999999999999996,2.1999999999999997,5.200000000000001,0.3999999999999999,0.2,0.06906000000000001,0.22930719999999982,0.2583437999999999,6.6461582028914155,4.0,0.18418359936702045,0.15713365119537404,3.6791296117256813,8.452390423439454,0.15267700918028437,3.147305598886866,2.42458502796851,5.070844242547258,0.34577407433456187,0.08353741533105959,0.8660254037844386,0.5000000000000001,0.0,1.0,-0.8660254037844386,0.5000000000000001,16,25,31,54,10,23,11,19,2
A,2026-02-06,20:00,4645810.0,A,Celta Vigo,940.0,Claudio Giráldez,5-4-1,20000000.0,26.336382303528094,182.0,79.0,10.8,5.0,4.0,12.0,2.2,0.0,1.7213,1.6914702000000001,1.2455042,13.373633540372674,6.4,28960000.0,26.402936967208017,181.4909090909091,79.6,9.690405340110294,3.7447140812852067,4.27362312066028,12.191366241739866,2.064744656119477,0.00172596524638497,1.4069209454922158,1.2615016488669968,1.0223123518693196,12.783138206942931,6.085334531290634,25654371.054098856,26.26877990902,181.85378145230905,75.97573996300326,7.0,Osasuna,331.0,Alessio Lisci,4-3-3 Attacking,48100000.0,28.131167942256237,179.8181818181818,79.0,13.8,4.0,2.8,13.8,2.8,0.2,1.70244,1.5267161999999999,1.5267161999999999,11.179130434782609,4.8,43140000.0,29.05257917988924,181.87272727272727,67.4,14.040932893443506,4.491415501165959,3.9581871134626296,14.243472556164585,2.3815374855188245,0.1572240614411661,1.909727766527963,1.6858919859536445,1.649184358953189,11.034815785637237,4.351368763936451,46121550.323012054,28.82347562868553,181.89423779784113,67.77769258458481,9.0,-3.0,1.0,1.2000000000000002,-1.8000000000000007,-0.5999999999999996,-0.2,0.0188600000000001,0.1647540000000003,-0.2812119999999998,-2.1945031055900657,1.6000000000000005,-4.350527553333212,-1.7483224213056943,-0.7467014198807527,0.3154360071976501,-2.0521063144247194,-0.3167928293993474,-0.15549809619478114,-0.5028068210357473,-0.42439033708664775,-0.6268720070838694,1.7339657673541833,2.0,2.0,3.0,1.0,1.2000000000000002,1.8000000000000007,0.5999999999999996,0.2,0.0188600000000001,0.1647540000000003,0.2812119999999998,2.1945031055900657,1.6000000000000005,0.42439033708664775,0.5028068210357473,4.350527553333212,1.7483224213056943,0.6268720070838694,1.7339657673541833,0.3154360071976501,2.0521063144247194,0.3167928293993474,0.15549809619478114,0.8660254037844386,0.5000000000000001,-0.433883739117558,-0.9009688679024191,-0.8660254037844386,0.5000000000000001,6,17,12,4,24,15,27,15,0
H,2026-02-07,15:15,4645819.0,H,Barcelona,131.0,Hansi Flick,4-3-3 Attacking,130000000.0,25.058801568041815,181.1818181818182,401.0,20.8,7.0,8.6,9.4,1.2,0.0,2.51484,3.9692600000000007,3.8206040000000003,5.862526315789474,15.2,86000000.0,24.76824093086927,181.47272727272727,339.4,22.399114705861397,7.4074589582994035,8.556141104354223,8.969475634112438,1.2210049403564267,0.00834972997290474,2.637174261669575,4.392602092053306,4.302116585906468,6.619836323873241,16.428765768579606,83910967.80844744,24.850975330218393,181.3992596323075,349.4171594163592,1.0,Mallorca,237.0,Jagoba Arrasate,4-2-3-1,38700000.0,27.19332959990044,182.8181818181818,170.0,10.6,4.2,3.6,11.4,2.0,0.0,1.39024,1.8132966000000004,1.1705278,12.227979038505355,3.6,41480000.0,28.255317030676377,183.2909090909091,179.2,10.370082831738534,4.793456985570799,3.481261226506124,11.958714914850704,1.6560113700468044,0.0012755573672802412,1.5391977870542288,1.9033144570790823,1.3408837628209451,13.132882611449512,3.6272230588462726,41000083.99819202,28.25460759628689,183.60266935897243,178.53707063979903,14.0,10.200000000000001,2.8,5.0,-2.0,-0.8,0.0,1.1246,2.1559634,2.6500762000000004,6.365452722715881,11.6,12.029031874122863,6.5130462875762705,2.6140019727286044,5.074879877848099,-2.989239280738266,-0.4350064296903777,0.007074172605624499,1.097976474615346,2.4892876349742243,2.961232823085523,12.801542709733333,13.0,13.0,10.200000000000001,2.8,5.0,2.0,0.8,0.0,1.1246,2.1559634,2.6500762000000004,6.365452722715881,11.6,2.4892876349742243,1.097976474615346,12.029031874122863,6.5130462875762705,2.961232823085523,12.801542709733333,5.074879877848099,2.989239280738266,0.4350064296903777,0.007074172605624499,0.8660254037844386,0.5000000000000001,-0.9749279121818236,-0.2225209339563146,-0.7071067811865471,-0.7071067811865479,4,16,27,31,15,10,6,11,2
H,2026-02-07,20:00,4645811.0,H,Real Sociedad,681.0,Pellegrino Matarazzo,4-2-3-1,87800000.0,27.438740588637923,181.0909090909091,170.0,11.4,5.8,4.2,12.4,2.0,0.6,1.5907000000000002,1.6527980000000002,1.5041420000000003,11.336603268464176,5.4,109400000.0,26.3523613963039,181.12727272727273,210.8,10.617848749785026,5.447115477065712,4.047887468812243,12.569890876997425,1.8819649684132014,0.7037043523424197,1.6167865501000247,1.6591007423195272,1.4875287259855685,12.080018858582527,4.786680629210099,104453378.57368617,26.213492965202363,180.9273783040934,186.6625251847595,8.0,Elche,1531.0,Eder Sarabia,3-1-4-2,15500000.0,26.23184618256487,182.63636363636363,83.0,9.0,2.8,4.8,12.2,2.8,0.0,0.31982,0.9436648000000002,0.9436648,8.189024019458802,6.2,15500000.0,26.383224441540666,181.76363636363635,39.6,9.01180294431805,3.185422575406694,3.5834488354573604,13.291794946260774,2.444822347679137,0.009814058655361028,0.36893637422342795,1.0016322434572835,1.0010664216752319,9.976991817997925,5.977438690545135,14626038.36822947,26.12282602236893,181.64186662634006,49.60115951446004,13.0,2.4000000000000004,3.0,-0.5999999999999996,0.20000000000000107,-0.7999999999999998,0.6,1.2708800000000002,0.7091332,0.5604772000000003,-3.147579249005373,-0.7999999999999998,1.6060458054669748,-2.1030270405846014,2.2616929016590186,0.4644386333548822,-0.7219040692633492,-0.5628573792659355,0.6938902936870587,1.2478501758765967,0.6574684988622437,0.48646230431033666,-1.1907580613350364,5.0,5.0,2.4000000000000004,3.0,0.5999999999999996,0.20000000000000107,0.7999999999999998,0.6,1.2708800000000002,0.7091332,0.5604772000000003,3.147579249005373,0.7999999999999998,0.6574684988622437,1.2478501758765967,1.6060458054669748,2.1030270405846014,0.48646230431033666,1.1907580613350364,0.4644386333548822,0.7219040692633492,0.5628573792659355,0.6938902936870587,0.8660254037844386,0.5000000000000001,-0.9749279121818236,-0.2225209339563146,-0.8660254037844386,0.5000000000000001,22,8,61,17,10,0,25,8,2
A,2026-02-08,20:00,4645814.0,D,Valencia,1049.0,Carlos Corberán,4-4-2,15000000.0,28.47638603696099,181.45454545454547,146.0,12.8,3.8,4.4,13.4,2.6,0.2,1.6644199999999998,1.8475172,1.2528932,11.318685224877175,5.6,27520000.0,27.784755149026193,181.85454545454544,134.2,12.691625619471287,3.626689592150752,4.586209001714976,13.325692092122404,2.653382756818957,0.14824839156862807,1.6261299437261532,1.8767697110060133,1.3409003346930464,11.314349083360135,5.868154720743804,25307439.184633363,27.983360714494705,181.64621055498375,132.40758174053144,17.0,Real Madrid,418.0,Álvaro Arbeloa,4-4-2,233000000.0,24.467674693547384,184.1818181818182,405.0,18.6,7.6,6.8,10.2,1.6,0.0,2.40158,2.696296,2.1016725999999997,11.872753623188407,13.2,335000000.0,24.994038952149833,184.47272727272727,473.8,17.71906774881128,6.8063354662505064,7.346255837967218,9.085049163615215,1.6724080921771947,0.09058893751279613,2.2577744838587996,2.3673662446896424,1.7763108113312962,11.524494249607761,14.46251568104646,349453939.59557897,24.84358994294713,184.40369241182964,479.1151398721128,2.0,-5.800000000000001,-3.8,-2.3999999999999995,3.200000000000001,1.0,0.2,-0.7371600000000003,-0.8487787999999998,-0.8487793999999997,0.554068398311232,-7.6,-5.027442129339994,0.21014516624762614,-3.1796458740997546,-2.7600468362522417,4.240642928507189,0.9809746646417623,0.057659454055831935,-0.6316445401326465,-0.4905965336836291,-0.43541047663824983,-8.594360960302655,-15.0,15.0,5.800000000000001,3.8,2.3999999999999995,3.200000000000001,1.0,0.2,0.7371600000000003,0.8487787999999998,0.8487793999999997,0.554068398311232,7.6,0.4905965336836291,0.6316445401326465,5.027442129339994,0.21014516624762614,0.43541047663824983,8.594360960302655,2.7600468362522417,4.240642928507189,0.9809746646417623,0.057659454055831935,0.8660254037844386,0.5000000000000001,-0.7818314824680299,0.6234898018587334,-0.8660254037844386,0.5000000000000001,26,20,11,83,18,18,0,21,0
H,2026-02-08,15:15,4645817.0,H,Athletic Club,621.0,Ernesto Valverde,4-4-2,62500000.0,28.54309003795657,182.1818181818182,176.0,17.6,6.2,7.0,13.0,3.6,0.4,1.44708,1.6731168,1.6731168,8.920454545454545,9.4,81800000.0,27.341322879721236,182.05454545454546,113.6,17.213963388960757,5.089453907377497,6.146307932986741,13.023098374027446,3.2125019304696507,0.3054557459773612,1.2546246160294616,1.525561465268157,1.4919591678640922,9.208351053762469,8.278972191559102,77313624.14509644,27.261929574300922,182.315717860097,109.90852011207703,11.0,Levante,3368.0,Luís Castro,4-2-3-1,5000000.0,25.432393752722295,179.45454545454547,149.0,12.0,2.8,3.6,11.6,1.8,0.0,1.32074,1.4552962,1.4552962,14.933836765827612,4.8,5600000.0,25.813502582291086,179.6727272727273,159.8,13.247972783311084,2.9229622374799527,4.381816438795729,11.839545549964276,1.9818860135266458,0.005780722409497909,1.3194457819905419,1.3411018484344879,1.3033958592823482,13.767427820952669,4.714618835467941,6047775.9138054745,25.792483646617438,179.8577593507523,155.75074414282665,19.0,5.600000000000001,3.4000000000000004,3.4,1.4000000000000004,1.8,0.4,0.1263399999999999,0.21782060000000003,0.21782060000000003,6.013382220373067,4.6000000000000005,3.9659906056496723,4.5590767671902,2.1664916698975447,1.7644914941910121,1.1835528240631703,1.2306159169430049,0.2996750235678633,-0.06482116596108023,0.18445961683366918,0.18856330858174397,3.5643533560911616,8.0,8.0,5.600000000000001,3.4000000000000004,3.4,1.4000000000000004,1.8,0.4,0.1263399999999999,0.21782060000000003,0.21782060000000003,6.013382220373067,4.6000000000000005,0.18445961683366918,0.06482116596108023,3.9659906056496723,4.5590767671902,0.18856330858174397,3.5643533560911616,1.7644914941910121,1.1835528240631703,1.2306159169430049,0.2996750235678633,0.8660254037844386,0.5000000000000001,-0.7818314824680299,0.6234898018587334,-0.7071067811865471,-0.7071067811865479,2,15,19,49,18,10,24,16,2
A,2026-02-08,17:30,4645818.0,A,Atletico Madrid,13.0,Diego Simeone,4-4-2,286000000.0,27.6500528902993,179.8181818181818,472.0,14.8,5.2,6.6,12.4,1.2,0.0,1.6227,1.2899706,1.2899705999999997,10.024732026143791,9.4,280800000.0,27.082969323626408,183.0,409.2,13.798824895889377,5.2619188828084456,7.120609189057634,11.82898917173407,1.390804089670117,0.0014808167987846639,1.6847322689044695,1.229709512400553,1.226022286990257,9.724190618647905,8.816985922315704,256044642.84914383,27.198835532361887,182.94884745514946,411.5508750115511,3.0,Real Betis,150.0,Manuel Pellegrini,4-3-3 Attacking,54900000.0,29.300230228361645,180.9090909090909,282.0,15.0,4.6,3.8,12.0,1.2,0.0,1.4604199999999998,1.7975345999999999,1.6488806,10.216468656428088,7.0,49380000.0,28.26880716819115,180.56363636363636,168.0,15.32006139236448,4.179949922117989,3.6228039717916842,12.676256412433071,1.0573497493903041,0.008671033487056829,1.555364257886998,1.9393637022996504,1.6770899934340102,9.06825236151123,6.0277476633053295,51707520.31991738,28.35817738369651,180.89785212210117,176.70812615315722,5.0,-0.1999999999999993,0.6000000000000005,2.8,0.40000000000000036,0.0,0.0,0.1622800000000002,-0.5075639999999999,-0.3589100000000003,0.19173663028429644,2.4000000000000004,-1.5212364964751028,-0.6559382571366754,1.0819689606904568,3.49780521726595,-0.8472672406990007,0.3334543402798129,-0.007190216688272165,0.12936801101747153,-0.7096541898990973,-0.45106770644375316,2.789238259010374,2.0,2.0,0.1999999999999993,0.6000000000000005,2.8,0.40000000000000036,0.0,0.0,0.1622800000000002,0.5075639999999999,0.3589100000000003,0.19173663028429644,2.4000000000000004,0.7096541898990973,0.12936801101747153,1.5212364964751028,0.6559382571366754,0.45106770644375316,2.789238259010374,3.49780521726595,0.8472672406990007,0.3334543402798129,0.007190216688272165,0.8660254037844386,0.5000000000000001,-0.7818314824680299,0.6234898018587334,-0.9659258262890683,-0.25881904510252063,3,19,16,51,18,15,5,7,0
A,2026-02-08,13:00,4645816.0,D,Alaves,1108.0,Eduardo Coudet,4-4-2,29500000.0,28.02464065708419,181.27272727272728,38.0,14.0,5.6,5.2,12.4,1.6,0.2,1.0180600000000004,1.3231344000000003,1.3231344,12.054137529137531,3.2,30300000.0,27.83299110198494,180.5818181818182,38.0,12.5463727411301,5.6485143443948855,4.271757492678151,13.500796384408815,1.4210786121256458,0.06970093294942556,1.1637976510085901,1.3453713621448344,1.3295876692573458,12.237858606132393,3.4705924785029993,29328691.798736434,27.83348143036118,180.72793697173813,38.17076105901685,10.0,Getafe,3709.0,José Bordalás,5-3-2,33900000.0,29.09439362827453,183.54545454545453,112.0,9.8,2.8,4.4,13.2,2.4,0.0,1.1585200000000002,0.6194846,0.6194846,13.383416875522139,2.8,30280000.0,29.387453176529153,182.3109090909091,99.6,9.791337737006419,2.4135286630580937,4.90490354773313,14.090125012646661,2.1098790602270507,0.022995582985857008,1.2057967757128123,0.6734160036207809,0.6407891832917716,12.871588226188495,2.963794208491489,31718836.798663527,29.272760297181474,182.7936100897847,110.30095374518483,16.0,4.199999999999999,2.8,0.7999999999999998,-0.7999999999999989,-0.7999999999999998,0.2,-0.1404599999999998,0.7036498000000002,0.7036498,1.3292793463846078,0.40000000000000036,2.7550350041236804,0.6337296200561013,3.234985681336792,-0.6331460550549792,-0.5893286282378458,-0.688800448101405,0.04670534996356855,-0.04199912470422218,0.6719553585240535,0.6887984859655742,0.5067982700115103,6.0,6.0,4.199999999999999,2.8,0.7999999999999998,0.7999999999999989,0.7999999999999998,0.2,0.1404599999999998,0.7036498000000002,0.7036498,1.3292793463846078,0.40000000000000036,0.6719553585240535,0.04199912470422218,2.7550350041236804,0.6337296200561013,0.6887984859655742,0.5067982700115103,0.6331460550549792,0.5893286282378458,0.688800448101405,0.04670534996356855,0.8660254037844386,0.5000000000000001,-0.7818314824680299,0.6234898018587334,-0.2588190451025208,-0.9659258262890683,0,10,18,39,18,23,2,20,0
D,2026-02-08,15:15,4645813.0,A,Sevilla,368.0,Matías Almeyda,5-3-2,46200000.0,27.97560823844191,183.1818181818182,255.0,14.4,5.8,6.2,13.6,2.0,0.0,0.9884999999999999,1.4195942000000001,0.954518,6.15212386591697,6.6,53580000.0,26.432903988550805,184.34545454545454,247.2,14.156169239555657,5.652062017582071,6.4309845784851305,12.672611076548876,1.886527419603179,0.05696716758798664,0.8889535545178117,1.4260101899904294,1.0903351022744683,6.27068293521715,6.392093458104182,52693462.551112734,26.59621879682186,184.28397627799356,232.80543648541155,15.0,Girona,12321.0,Míchel,4-2-3-1,93400000.0,27.043992284238694,179.54545454545453,238.0,9.0,3.4,3.8,14.8,2.8,0.2,1.26172,1.1889738,0.7430072,8.553137662815086,6.4,94380000.0,27.891630887934788,179.94545454545454,279.4,9.427750377829584,2.874846840465621,3.564000469532097,14.202469142342887,2.753764635020122,0.10179271183458284,1.1379830524726238,1.0608931574601728,0.785038323212909,8.37837901338026,6.1030987180070495,93792813.2242219,27.823733026842834,179.7059827574366,283.5469750191939,12.0,5.4,2.4,2.4000000000000004,-1.200000000000001,-0.7999999999999998,-0.2,-0.27322,0.23062040000000006,0.2115108,2.4010137968981162,0.1999999999999993,4.728418861726073,2.1076960781631096,2.77721517711645,2.8669841089530337,-1.529858065794011,-0.8672372154169432,-0.044825544246596204,-0.2490294979548121,0.3651170325302566,0.3052967790615593,0.28899474009713266,-3.0,3.0,5.4,2.4,2.4000000000000004,1.200000000000001,0.7999999999999998,0.2,0.27322,0.23062040000000006,0.2115108,2.4010137968981162,0.1999999999999993,0.3651170325302566,0.2490294979548121,4.728418861726073,2.1076960781631096,0.3052967790615593,0.28899474009713266,2.8669841089530337,1.529858065794011,0.8672372154169432,0.044825544246596204,0.8660254037844386,0.5000000000000001,-0.7818314824680299,0.6234898018587334,-0.7071067811865471,-0.7071067811865479,25,11,54,56,23,10,19,3,1
H,2026-02-09,20:00,4645812.0,H,Villarreal,1050.0,Marcelino,4-4-2,108000000.0,26.19899197311928,183.9090909090909,228.0,9.0,3.2,2.8,12.0,2.0,0.2,1.26566,1.4122497999999999,1.2635942000000002,14.09127367280133,6.2,105700000.0,27.285072490821978,183.52727272727273,176.8,8.23944824745786,3.3274184776612743,3.203241218515964,12.031936595843797,2.1477512905286296,0.19376425825714236,1.0181394157305346,1.2352573004544152,0.9846335249486429,12.797962354632723,5.172261741893107,105031448.79479559,27.233760479485657,183.73783608936606,186.80810516664096,4.0,Espanyol,714.0,Manolo González,4-2-3-1,25200000.0,28.06745068757389,182.0909090909091,33.0,14.6,4.2,4.8,12.2,2.4,0.0,1.0086599999999997,1.5227159999999997,1.522716,10.426394406483393,4.4,18160000.0,28.129475452678737,182.23636363636362,29.2,13.013413756106862,3.909248793981943,4.824995425054762,13.096494840855053,2.296911777691263,0.019754568715008324,1.0650451355239177,1.3901774080483957,1.3745511165578037,9.364201088255934,3.940751642382683,15385675.77547641,28.087638207795816,182.54565373092382,29.14117690571253,6.0,-5.6,-1.0,-2.0,-0.1999999999999993,-0.3999999999999999,0.2,0.25700000000000034,-0.11046619999999985,-0.25912179999999974,-3.6648792663179375,1.7999999999999998,-4.7739655086490025,-3.4337612663767896,-0.5818303163206688,-1.6217542065387982,-1.0645582450112556,-0.14916048716263353,0.17400968954213403,-0.046905719793383094,-0.15492010759398056,-0.38991759160916084,1.2315100995104236,2.0,2.0,5.6,1.0,2.0,0.1999999999999993,0.3999999999999999,0.2,0.25700000000000034,0.11046619999999985,0.25912179999999974,3.6648792663179375,1.7999999999999998,0.15492010759398056,0.046905719793383094,4.7739655086490025,3.4337612663767896,0.38991759160916084,1.2315100995104236,1.6217542065387982,1.0645582450112556,0.14916048716263353,0.17400968954213403,0.8660254037844386,0.5000000000000001,0.0,1.0,-0.8660254037844386,0.5000000000000001,27,9,52,50,18,10,1,26,2
D,2026-02-13,20:00,4645885.0,D,Elche,1531.0,Eder Sarabia,3-5-2 flat,12300000.0,28.505506813515026,182.54545454545453,83.0,8.2,3.4,4.4,12.2,3.0,0.0,0.34843999999999997,0.8567548000000003,0.8567548,9.025654056088836,6.0,15800000.0,26.335536058739343,181.85454545454544,51.6,9.674535296212033,3.790281716937796,3.7222992236382404,11.527863297507182,2.963214898452758,0.006542705770240686,0.5270575828156187,1.0299681623048558,1.029590947783488,9.302121529458935,6.318292460363423,14917358.912152981,26.159166075767576,181.97336562968124,60.73410634297337,16.0,Osasuna,331.0,Alessio Lisci,4-2-3-1,34400000.0,28.96720801443594,182.45454545454547,65.0,13.2,3.6,3.2,14.2,2.6,0.2,1.6603,1.5536119999999998,1.553612,11.769130434782607,5.4,44880000.0,28.829369672080144,181.3090909090909,70.4,12.027288595629003,3.660943667443973,3.6387914089750866,14.162315037443056,2.254358323679216,0.1048160409607774,1.4753185110186422,1.4581046573024297,1.4336329059687927,12.839877190424824,4.9009125092909676,46781033.5486747,28.592706399875766,181.20221913795467,71.51846172305655,9.0,-5.0,-0.20000000000000018,1.2000000000000002,-2.0,0.3999999999999999,-0.2,-1.3118600000000002,-0.6968571999999995,-0.6968572,2.743476378693771,0.5999999999999996,-2.3527532994169693,3.537755660965889,0.129338049493823,0.08350781466315382,-2.6344517399358747,0.708856574773542,-0.09827333519053671,-0.9482609282030235,-0.4281364949975739,-0.40404195818530475,1.4173799510724558,-7.0,7.0,5.0,0.20000000000000018,1.2000000000000002,2.0,0.3999999999999999,0.2,1.3118600000000002,0.6968571999999995,0.6968572,2.743476378693771,0.5999999999999996,0.4281364949975739,0.9482609282030235,2.3527532994169693,3.537755660965889,0.40404195818530475,1.4173799510724558,0.08350781466315382,2.6344517399358747,0.708856574773542,0.09827333519053671,0.8660254037844386,0.5000000000000001,-0.433883739117558,-0.9009688679024191,-0.8660254037844386,0.5000000000000001,8,17,17,4,7,10,8,15,1
D,2026-02-14,17:30,4645889.0,H,Sevilla,368.0,Matías Almeyda,5-3-2,37100000.0,28.147843942505133,184.45454545454547,312.0,13.6,5.0,6.2,13.6,2.0,0.0,0.78452,1.2781196,0.9808074,6.9711714849645885,6.6,51940000.0,26.62022276149586,184.25454545454545,221.2,13.10411282637044,4.768041345054714,5.953989718990087,13.78174071769925,2.257684946402119,0.03797811172532443,0.7080357030118744,1.2700891266602863,1.0463057348496456,8.180455290144765,6.594728972069454,50528975.03407516,27.056015277361876,183.9165902459351,240.20362432360767,13.0,Alaves,1108.0,Eduardo Coudet,4-4-2,29000000.0,27.414348827079834,180.54545454545453,38.0,13.0,5.2,5.2,14.2,1.4,0.0,1.3676800000000005,1.6119464000000001,1.6119464000000001,11.492930632585805,2.6,29300000.0,27.92388774811773,181.0909090909091,38.0,12.697581827420066,5.432342896263258,4.8478383284521005,15.667197589605877,1.614052408083764,0.046467288632950375,1.5130317673390603,1.900787574763223,1.8902651128382306,9.51489424316872,2.980394985668666,29385794.532490958,27.897201172602184,180.9095337387345,38.11384070601123,15.0,0.5999999999999996,-0.20000000000000018,1.0,-0.5999999999999996,0.6000000000000001,0.0,-0.5831600000000005,-0.3338268000000002,-0.6311390000000001,4.521759147621217,3.9999999999999996,0.40653099895037315,1.3344389530239553,-0.6643015512085437,1.1061513905379865,-1.8854568719066265,0.6436325383183552,-0.008489176907625948,-0.804996064327186,-0.6306984481029367,-0.843959377988585,3.6143339864007884,2.0,2.0,0.5999999999999996,0.20000000000000018,1.0,0.5999999999999996,0.6000000000000001,0.0,0.5831600000000005,0.3338268000000002,0.6311390000000001,4.521759147621217,3.9999999999999996,0.6306984481029367,0.804996064327186,0.40653099895037315,1.3344389530239553,0.843959377988585,3.6143339864007884,1.1061513905379865,1.8854568719066265,0.6436325383183552,0.008489176907625948,0.8660254037844386,0.5000000000000001,-0.9749279121818236,-0.2225209339563146,-0.9659258262890683,-0.25881904510252063,25,0,54,18,23,18,19,2,1
H,2026-02-14,20:00,4645888.0,H,Real Madrid,418.0,Álvaro Arbeloa,4-4-2,300000000.0,25.740775309563812,185.27272727272728,467.0,17.2,7.2,7.2,10.2,1.4,0.0,2.21638,2.10517,1.6592026,11.263623188405798,13.2,346600000.0,24.74444651857383,184.6,455.6,15.47937849920752,6.537556977500337,7.564170558644811,10.390032775743476,1.448272061451463,0.06039262500853076,2.0950496559058664,1.9268308297930947,1.5327938742208642,10.899662833071842,12.975010454030974,310635959.73038596,24.71828485981388,184.32973433515917,454.41009324807527,2.0,Real Sociedad,681.0,Pellegrino Matarazzo,4-2-3-1,75000000.0,25.935660506502394,180.9090909090909,153.0,10.0,4.8,3.4,13.0,1.4,0.6,1.6453600000000002,1.6658800000000002,1.5172240000000001,11.701955717687593,4.4,103760000.0,26.514989733059547,181.05454545454546,195.6,10.745232499856684,4.631410318043808,3.365258312541495,13.046593917998285,1.2546433122754677,0.46913623489494644,1.711457700066683,1.6967004948796849,1.5823191506570458,12.189148374857487,4.524453752806733,98902252.38245745,26.621908839680884,180.9818885663653,181.10835012317298,8.0,7.199999999999999,2.4000000000000004,3.8000000000000003,-2.8000000000000007,0.0,-0.6,0.5710199999999999,0.43928999999999996,0.14197859999999984,0.43833252928179434,8.799999999999999,4.734145999350837,1.2894855417856448,1.906146659456529,4.1989122461033155,-2.6565611422548088,0.19362874917599537,-0.40874360988641567,0.3835919558391834,0.23013033491340984,-0.04952527643618154,8.45055670122424,6.0,6.0,7.199999999999999,2.4000000000000004,3.8000000000000003,2.8000000000000007,0.0,0.6,0.5710199999999999,0.43928999999999996,0.14197859999999984,0.43833252928179434,8.799999999999999,0.23013033491340984,0.3835919558391834,4.734145999350837,1.2894855417856448,0.04952527643618154,8.45055670122424,4.1989122461033155,2.6565611422548088,0.19362874917599537,0.40874360988641567,0.8660254037844386,0.5000000000000001,-0.9749279121818236,-0.2225209339563146,-0.8660254037844386,0.5000000000000001,20,22,83,61,18,10,21,25,2
D,2026-02-14,13:00,4645884.0,A,Espanyol,714.0,Manolo González,4-2-3-1,28200000.0,27.764295936780538,182.63636363636363,65.0,13.6,3.2,5.4,12.4,2.8,0.0,1.0201999999999998,1.3123433999999998,1.3123434,9.209727739816728,4.6,18160000.0,28.16934851596043,182.3090909090909,29.2,11.675609170737909,3.2728325293212954,5.883330283369841,12.3976632272367,2.531274518460842,0.013169712476672216,0.9502634236826117,1.1750339386989304,1.164616411038536,10.381689614392846,4.2938344282551215,18657117.18365094,28.080909034388508,182.39407218425222,30.427451270475018,6.0,Celta Vigo,940.0,Claudio Giráldez,5-4-1,20000000.0,26.665422189036153,182.0909090909091,53.0,12.0,4.6,5.0,11.8,2.4,0.0,1.7570200000000002,1.5804322000000002,1.1344642,14.469285714285718,6.6,26960000.0,26.334689813950597,181.7090909090909,79.8,12.460270226740198,3.8298093875234707,5.18241541377352,11.127577494493243,2.0431631040796514,0.00115064349758998,1.6609139636614774,1.519367765911331,1.1121482345795464,15.522092137961954,6.3902230208604225,23769580.702732574,26.291314040522696,181.902520968206,76.98382664200217,7.0,1.5999999999999996,-1.3999999999999995,0.40000000000000036,0.5999999999999996,0.3999999999999999,0.0,-0.7368200000000005,-0.26808880000000035,0.17787920000000002,5.25955797446899,-2.0,-0.7846610560022889,5.140402523569108,-0.5569768582021752,0.7009148695963212,1.270085732743457,0.48811141438119066,0.012019068979082236,-0.7106505399788656,-0.3443338272124006,0.0524681764589896,-2.096388592605301,1.0,1.0,1.5999999999999996,1.3999999999999995,0.40000000000000036,0.5999999999999996,0.3999999999999999,0.0,0.7368200000000005,0.26808880000000035,0.17787920000000002,5.25955797446899,2.0,0.3443338272124006,0.7106505399788656,0.7846610560022889,5.140402523569108,0.0524681764589896,2.096388592605301,0.7009148695963212,1.270085732743457,0.48811141438119066,0.012019068979082236,0.8660254037844386,0.5000000000000001,-0.9749279121818236,-0.2225209339563146,-0.2588190451025208,-0.9659258262890683,9,6,50,12,10,24,26,27,1
H,2026-02-14,15:15,4645886.0,H,Getafe,3709.0,José Bordalás,5-3-2,33900000.0,29.56430838155684,184.54545454545453,111.0,10.8,3.0,4.6,15.2,2.6,0.0,1.0170000000000001,0.8438849999999999,0.6952290000000001,11.312615841930407,3.8,31740000.0,29.246876983386223,182.8018181818182,98.8,12.19422515800428,3.2756857753720623,4.269935698488753,16.06008334176444,3.073252706818034,0.015330388657238006,1.0075311838085417,1.044244002413854,0.774732788861181,10.426020057769074,3.975862805660993,32445891.199109018,29.213304740879163,183.0442249083413,110.86730249678988,11.0,Villarreal,1050.0,Marcelino,4-4-2,42500000.0,26.238317466243544,185.36363636363637,201.0,8.6,3.0,3.4,13.4,2.0,0.2,1.2497800000000001,1.1930998,1.0444442000000003,12.399282826119407,5.8,108600000.0,27.0822226370481,183.65454545454546,195.0,8.826298831638573,3.2182789851075158,3.8021608123439763,14.021291063895864,2.431834193685753,0.12917617217142824,1.3539929438203562,1.3365882003029437,1.1695056832990953,12.343569105987035,5.448174494595404,106020965.86319704,26.8888376440302,183.79492102927432,200.53873677776065,3.0,2.200000000000001,0.0,1.1999999999999997,1.799999999999999,0.6000000000000001,-0.2,-0.23278,-0.34921480000000005,-0.34921520000000017,1.0866669841889998,-2.0,3.3679263263657067,1.9175490482179605,0.05740679026454654,0.467774886144777,2.038792277868575,0.6414185131322809,-0.11384578351419024,-0.3464617600118145,-0.2923441978890897,-0.3947728944379143,-1.4723116889344108,-8.0,8.0,2.200000000000001,0.0,1.1999999999999997,1.799999999999999,0.6000000000000001,0.2,0.23278,0.34921480000000005,0.34921520000000017,1.0866669841889998,2.0,0.2923441978890897,0.3464617600118145,3.3679263263657067,1.9175490482179605,0.3947728944379143,1.4723116889344108,0.467774886144777,2.038792277868575,0.6414185131322809,0.11384578351419024,0.8660254037844386,0.5000000000000001,-0.9749279121818236,-0.2225209339563146,-0.7071067811865471,-0.7071067811865479,10,27,39,52,23,18,20,1,2
A,2026-02-15,13:00,4645880.0,H,Real Oviedo,2497.0,Guillermo Almada,4-2-3-1,18100000.0,27.765540414411053,182.36363636363637,105.0,12.8,4.2,4.6,16.6,2.6,0.2,1.1739600000000001,1.4686928,1.4686928,12.437662835249043,4.8,9120000.0,27.745359965154627,181.20363636363635,73.6,10.974239862932668,3.739208844527371,3.9608474033955132,15.33399893778841,2.108243449177786,0.14386948409663647,1.1691520433784999,1.1411362267024985,1.1391767203780252,13.905558341499797,3.750240107422357,11637388.168919891,27.85059114675425,181.52799702554609,82.7425456315194,20.0,Athletic Club,621.0,Ernesto Valverde,4-2-3-1,42500000.0,28.763362578557647,182.8181818181818,150.0,18.6,6.2,6.2,14.4,3.0,0.4,1.5934599999999999,1.8833068000000002,1.8833067999999997,9.202859237536657,9.6,73800000.0,27.499371538796588,182.23636363636365,123.4,18.809308925973838,5.726302604918331,5.430871955324494,14.348732249351633,2.8083346203131008,0.20363716398490747,1.7429830773529744,1.941630976845438,1.9192294452427283,8.98836306809971,8.852648127706068,72375749.43006429,27.68898306218614,182.27108463400407,131.93901340805135,10.0,-5.800000000000001,-2.0,-1.6000000000000005,2.200000000000001,-0.3999999999999999,-0.2,-0.41949999999999976,-0.41461400000000026,-0.4146139999999998,-3.2348035977123857,-4.8,-7.8350690630411695,-4.917195273400086,-1.9870937603909602,-1.4700245519289807,0.9852666884367771,-0.7000911711353148,-0.059767679888271,-0.5738310339744745,-0.8004947501429396,-0.7800527248647031,-5.102408020283711,-10.0,10.0,5.800000000000001,2.0,1.6000000000000005,2.200000000000001,0.3999999999999999,0.2,0.41949999999999976,0.41461400000000026,0.4146139999999998,3.2348035977123857,4.8,0.8004947501429396,0.5738310339744745,7.8350690630411695,4.917195273400086,0.7800527248647031,5.102408020283711,1.4700245519289807,0.9852666884367771,0.7000911711353148,0.059767679888271,0.8660254037844386,0.5000000000000001,-0.7818314824680299,0.6234898018587334,-0.2588190451025208,-0.9659258262890683,21,2,25,19,10,10,12,24,0
A,2026-02-15,17:30,4645887.0,D,Levante,3368.0,Luís Castro,4-2-3-1,6000000.0,25.72101300479124,179.3,169.0,12.0,2.6,4.0,11.6,1.2,0.2,1.08878,1.2481544000000002,1.2481544000000002,15.164830917874394,5.4,5400000.0,25.665210627838963,179.5818181818182,153.8,10.831981855540723,2.9486414916533015,3.9212109591971527,11.226363699976185,1.6545906756844306,0.3371871482729986,0.9395971879936945,1.099171565622992,1.0740342395215656,14.49310002878326,4.143079223645294,5698517.275870316,25.672453681985726,179.72335471868337,153.50049609521776,19.0,Valencia,1049.0,Carlos Corberán,4-4-2,26000000.0,27.908655341920227,180.9090909090909,155.0,11.0,2.8,4.6,13.6,2.2,0.2,1.68448,1.6032927999999997,1.1573248,11.661332283700705,5.2,25920000.0,28.217136456972185,181.56363636363636,146.0,10.794417079647525,2.4177930614338345,4.724139334476651,12.217128061414934,2.102255171212638,0.09883226104575205,1.3805532958174354,1.441792474004009,1.0845462231286975,12.917899388906756,5.578769813829202,21871626.123088907,28.14770248865013,181.582322188171,136.93838782702096,18.0,1.0,-0.19999999999999973,-0.5999999999999996,-2.0,-1.0000000000000002,0.0,-0.5956999999999999,-0.3551383999999995,0.09082960000000018,-3.5034986341736882,0.20000000000000018,0.03756477589319829,-1.5752006398765044,0.5308484302194669,-0.8029283752794982,-0.9907643614387496,-0.4476644955282072,0.23835488722724657,-0.44095610782374084,-0.342620908381017,-0.010511983607131903,-1.435690590183908,-1.0,1.0,1.0,0.19999999999999973,0.5999999999999996,2.0,1.0000000000000002,0.0,0.5956999999999999,0.3551383999999995,0.09082960000000018,3.5034986341736882,0.20000000000000018,0.342620908381017,0.44095610782374084,0.03756477589319829,1.5752006398765044,0.010511983607131903,1.435690590183908,0.8029283752794982,0.9907643614387496,0.4476644955282072,0.23835488722724657,0.8660254037844386,0.5000000000000001,-0.7818314824680299,0.6234898018587334,-0.9659258262890683,-0.25881904510252063,15,26,49,11,10,18,16,0,0
A,2026-02-15,20:00,4645883.0,A,Mallorca,237.0,Jagoba Arrasate,4-2-3-1,40700000.0,27.72870387654782,184.54545454545453,166.0,10.6,4.6,3.6,11.2,1.6,0.0,1.20328,1.7187946,1.2246806000000001,13.694645705172018,2.8,40220000.0,27.910845622549935,183.36363636363635,174.6,9.913388554492355,4.528971323713866,3.3208408176707493,10.972476609900468,1.104007580031203,0.0008503715781868275,1.1638318580361526,1.6058329713860549,1.2308791752139634,14.533032852077453,3.0848153725641816,40233389.33212801,27.90084826415807,183.34117351204222,175.69138042653267,17.0,Real Betis,150.0,Manuel Pellegrini,4-3-3 Attacking,54900000.0,29.319395183871567,180.9090909090909,282.0,14.0,4.4,2.8,10.2,1.2,0.0,1.7135799999999999,1.7705776,1.6219236,23.52123056118999,6.4,50060000.0,28.485644950532013,180.6909090909091,186.2,12.880040928242986,4.1199666147453256,3.4152026478611233,9.450837608288714,1.0382331662602027,0.0057806889913712195,1.5465761719246653,1.5728551348664335,1.3980059956226736,34.378834907674154,4.68516510887022,52771680.21327826,28.67219499858489,180.90159838443108,211.80541743543813,5.0,-3.4000000000000004,0.1999999999999993,0.8000000000000003,1.0,0.40000000000000013,0.0,-0.5103,-0.05178299999999991,-0.3972429999999998,9.826584856017973,-3.6000000000000005,-2.9666523737506303,19.8458020555967,0.40900470896854024,-0.09436183019037392,1.5216390016117547,0.06577441377100035,-0.004930317413184392,-0.3827443138885127,0.032977836519621384,-0.16712682040871019,-1.6003497363060384,-12.0,12.0,3.4000000000000004,0.1999999999999993,0.8000000000000003,1.0,0.40000000000000013,0.0,0.5103,0.05178299999999991,0.3972429999999998,9.826584856017973,3.6000000000000005,0.032977836519621384,0.3827443138885127,2.9666523737506303,19.8458020555967,0.16712682040871019,1.6003497363060384,0.09436183019037392,1.5216390016117547,0.06577441377100035,0.004930317413184392,0.8660254037844386,0.5000000000000001,-0.7818314824680299,0.6234898018587334,-0.8660254037844386,0.5000000000000001,16,19,31,51,10,15,11,7,0
H,2026-02-15,15:15,4645881.0,H,Rayo Vallecano,367.0,Iñigo Pérez,4-1-4-1,23400000.0,28.70985004044552,179.54545454545453,80.0,12.6,4.0,4.8,14.2,3.4,0.8,1.12552,1.1543216,1.0056656,9.506005106005105,5.4,29960000.0,29.48321821915251,178.7090909090909,64.4,12.56896503056359,4.193992328982753,4.821223309483881,14.694654586921004,4.321258120308503,0.9425216839187766,0.9316384660731267,1.128812808584691,1.0553506062862315,10.798428941726229,5.710606284326662,29105643.631968547,29.48524622683169,178.814151178603,70.84047855511686,18.0,Atletico Madrid,13.0,Diego Simeone,4-1-4-1,87000000.0,27.189098375956693,182.63636363636363,447.0,14.0,5.0,7.2,12.0,1.8,0.0,1.5565399999999998,1.1626736000000002,1.1626736,9.918954248366013,8.6,275800000.0,27.141310434944934,182.38181818181818,414.6,12.532549930592916,5.174612588538964,7.080406126038423,11.885992781156048,1.9272027264467446,0.000987211199189776,1.4903215126029796,1.028314674933702,1.0258565246601714,10.519830782802307,8.544657281543802,266029761.89942923,27.349241318341026,181.9052922428269,431.70058334103413,4.0,-1.4000000000000004,-1.0,-2.4000000000000004,2.1999999999999993,1.5999999999999999,0.8,-0.43101999999999974,-0.008352000000000137,-0.15700800000000004,0.4129491423609082,-3.1999999999999993,0.03641509997067338,-0.2785981589239217,-0.9806202595562112,-2.2591828165545422,2.808661805764956,2.394055393861758,0.9415344727195868,-0.5586830465298529,0.10049813365098892,0.029494081626060042,-2.8340509972171404,-14.0,14.0,1.4000000000000004,1.0,2.4000000000000004,2.1999999999999993,1.5999999999999999,0.8,0.43101999999999974,0.008352000000000137,0.15700800000000004,0.4129491423609082,3.1999999999999993,0.10049813365098892,0.5586830465298529,0.03641509997067338,0.2785981589239217,0.029494081626060042,2.8340509972171404,2.2591828165545422,2.808661805764956,2.394055393861758,0.9415344727195868,0.8660254037844386,0.5000000000000001,-0.7818314824680299,0.6234898018587334,-0.7071067811865471,-0.7071067811865479,18,3,30,16,9,9,18,5,2
H,2026-02-16,20:00,4645882.0,D,Girona,12321.0,Míchel,4-2-3-1,94800000.0,27.98033725343787,181.45454545454547,373.0,10.2,3.8,4.0,14.6,3.2,0.2,1.4983,1.4179437999999998,0.9719757999999998,7.431709091386514,6.8,93400000.0,27.552684960487834,179.63636363636365,252.4,11.285166918553054,3.916564560310414,4.7093336463547315,13.801646094895256,2.8358430900134146,0.06786180788972189,1.5939553683150827,1.5745921049734484,1.1429288821419394,8.216538389872554,7.068732478671367,93661875.4828146,27.563819445974787,179.6524733534426,268.36465001279595,12.0,Barcelona,131.0,Hansi Flick,4-3-3 Attacking,30000000.0,24.841266878227863,181.63636363636363,316.0,21.8,7.4,9.0,9.2,1.0,0.0,2.57532,3.8108340000000007,3.8108340000000007,6.36964705882353,13.4,94000000.0,24.942019787194326,181.41818181818184,364.6,22.93274313724093,7.271639305532936,9.704094069569482,8.312983756074958,0.8140032935709511,0.00556648664860316,2.562716174446383,3.7556280613688706,3.695304390604312,6.942635980621376,13.61917717905307,99273978.53896494,24.920250742826198,181.32677914881106,366.6114396109062,1.0,-11.600000000000001,-3.6000000000000005,-5.0,5.4,2.2,0.2,-1.07702,-2.392890200000001,-2.8388582000000007,-1.0620620325629844,-6.6000000000000005,-11.647576218687876,-1.2739024092511775,-3.3550747452225225,-4.994760423214751,5.488662338820298,2.0218397964424635,0.06229532124111873,-0.9687608061313004,-2.181035956395422,-2.5523755084623727,-6.550444700381703,-11.0,11.0,11.600000000000001,3.6000000000000005,5.0,5.4,2.2,0.2,1.07702,2.392890200000001,2.8388582000000007,1.0620620325629844,6.6000000000000005,2.181035956395422,0.9687608061313004,11.647576218687876,1.2739024092511775,2.5523755084623727,6.550444700381703,4.994760423214751,5.488662338820298,2.0218397964424635,0.06229532124111873,0.8660254037844386,0.5000000000000001,0.0,1.0,-0.8660254037844386,0.5000000000000001,11,4,56,27,10,15,3,6,2
A,2026-02-18,19:00,4645780.0,D,Levante,3368.0,Luís Castro,4-2-3-1,9000000.0,25.53568539605501,182.1818181818182,137.0,12.2,2.4,3.8,11.8,1.8,0.4,1.27528,1.3031644000000002,1.3031644000000002,15.239365079365077,5.2,5400000.0,25.57080953269865,179.45999999999998,151.8,10.22132123702715,2.299094327768868,3.614140639464768,11.150909133317455,2.103060450456287,0.5581247655153324,1.285631458662463,1.2185710437486612,1.2018128263477104,13.423971447760268,4.428719482430195,5799011.517246877,25.688640122920898,179.58223647912223,158.66699739681184,19.0,Villarreal,1050.0,Marcelino,4-4-2,101000000.0,26.155684151577375,184.0909090909091,172.0,8.0,2.6,4.0,14.8,2.6,0.2,1.02848,1.1103333999999998,0.9616778000000001,10.335646462483044,4.8,93800000.0,26.83994773193952,184.05454545454546,203.4,8.550865887759048,2.812185990071677,3.868107208229317,15.014194042597245,2.621222795790502,0.0861174481142855,1.1305286292135708,1.2141881335352958,1.1027997888660634,10.229046070658024,5.298782996396936,84847310.5754647,26.67199758476798,184.31782614072836,200.69249118517374,3.0,4.199999999999999,-0.20000000000000018,-0.20000000000000018,-3.0,-0.8,0.2,0.2467999999999999,0.19283100000000042,0.3414866000000001,-4.903718616882033,0.40000000000000036,1.6704553492681011,-3.194925377102244,-0.5130916623028092,-0.25396656876454893,-3.8632849092797894,-0.5181623453342148,0.4720073174010469,0.1551028294488923,0.004382910213365454,0.09901303748164691,-0.8700635139667403,-16.0,16.0,4.199999999999999,0.20000000000000018,0.20000000000000018,3.0,0.8,0.2,0.2467999999999999,0.19283100000000042,0.3414866000000001,4.903718616882033,0.40000000000000036,0.004382910213365454,0.1551028294488923,1.6704553492681011,3.194925377102244,0.09901303748164691,0.8700635139667403,0.25396656876454893,3.8632849092797894,0.5181623453342148,0.4720073174010469,0.8660254037844386,0.5000000000000001,0.9749279121818236,-0.22252093395631434,-0.9659258262890684,0.2588190451025203,15,27,49,52,10,18,16,1,0
H,2026-02-20,20:00,4645865.0,D,Athletic Club,621.0,Ernesto Valverde,4-2-3-1,45500000.0,29.165577748739967,185.27272727272728,143.0,18.0,5.8,5.0,14.6,3.0,0.4,1.5433,1.8136388,1.665009,9.382144951822372,7.6,61800000.0,27.828759878041193,182.23636363636365,126.0,16.872872617315892,5.150868403278888,4.620581303549662,16.232488166234422,2.872223080208734,0.13575810932327165,1.7183887182353164,1.6963073178969588,1.4336566301618188,8.582718235875998,6.5684320851373785,62417166.286709525,28.047109567643307,182.4534503620633,137.95934227203423,9.0,Elche,1531.0,Eder Sarabia,3-1-4-2,12300000.0,28.524671769024952,182.54545454545453,83.0,10.6,4.2,5.2,12.0,2.8,0.0,0.80694,1.2745362000000005,1.2745362,8.716563146997927,7.6,15160000.0,26.5583971128119,181.94545454545454,64.0,12.116356864141357,4.193521144625198,5.81486614909216,12.018575531671454,2.642143265635172,0.004361803846827124,1.1691717218770792,1.4644187748699038,1.4641672985223255,8.186262837821108,8.545528306908949,14044905.941435322,26.94127965501673,182.164061934939,68.15607089531558,17.0,7.4,1.5999999999999996,-0.20000000000000018,2.5999999999999996,0.20000000000000018,0.4,0.7363599999999999,0.5391025999999997,0.39047279999999995,-0.6655818048244448,0.0,4.756515753174535,-0.39645539805488994,0.95734725865369,-1.194284845542498,4.213912634562968,0.23007981457356186,0.1313963054764445,0.5492169963582372,0.23188854302705497,-0.030510668360506754,-1.9770962217715704,8.0,8.0,7.4,1.5999999999999996,0.20000000000000018,2.5999999999999996,0.20000000000000018,0.4,0.7363599999999999,0.5391025999999997,0.39047279999999995,0.6655818048244448,0.0,0.23188854302705497,0.5492169963582372,4.756515753174535,0.39645539805488994,0.030510668360506754,1.9770962217715704,1.194284845542498,4.213912634562968,0.23007981457356186,0.1313963054764445,0.8660254037844386,0.5000000000000001,-0.433883739117558,-0.9009688679024191,-0.8660254037844386,0.5000000000000001,2,8,19,17,10,0,24,8,2
H,2026-02-21,20:00,4645866.0,D,Atletico Madrid,13.0,Diego Simeone,4-4-2 double 6,190000000.0,27.6669777860743,183.1818181818182,488.0,13.8,5.2,7.6,12.0,2.0,0.0,1.37128,1.0385943999999998,1.0385943999999998,9.924802201582388,8.4,231000000.0,27.159579366560887,182.43636363636364,422.0,11.355033287061943,4.449741725692642,7.386937417358948,12.257328520770699,2.284801817631163,0.0006581407994598506,1.0553810084019863,0.9364944499558013,0.934855683106781,10.837781925376978,7.029771521029201,206353174.59961948,27.295860337546248,182.14898270733912,436.8003888940228,4.0,Espanyol,714.0,Manolo González,5-4-1,20000000.0,27.72123701076473,182.0,28.0,11.6,3.2,5.2,12.4,2.8,0.0,0.7516799999999998,1.2267233999999998,1.2267234,10.143745335124645,4.2,18760000.0,27.945939891730443,182.5090909090909,37.6,10.783739447158604,3.1818883528808635,4.5888868555798945,11.265108818157799,2.0208496789738946,0.008779808317781477,0.7458756157884078,1.1703959591326203,1.1634509406923572,11.542338530807351,4.195889618836747,21838078.12243396,27.97537133518585,182.47483600162272,41.95163418031668,6.0,2.200000000000001,2.0,2.3999999999999995,-0.40000000000000036,-0.7999999999999998,0.0,0.6196000000000003,-0.188129,-0.1881290000000002,0.21894313354225758,4.2,0.5712938399033387,0.7045566054303727,1.267853372811779,2.7980505617790534,0.9922197026128998,0.2639521386572685,-0.008121667518321626,0.30950539261357857,-0.23390150917681896,-0.2285952575855762,2.833881902192454,2.0,2.0,2.200000000000001,2.0,2.3999999999999995,0.40000000000000036,0.7999999999999998,0.0,0.6196000000000003,0.188129,0.1881290000000002,0.21894313354225758,4.2,0.23390150917681896,0.30950539261357857,0.5712938399033387,0.7045566054303727,0.2285952575855762,2.833881902192454,2.7980505617790534,0.9922197026128998,0.2639521386572685,0.008121667518321626,0.8660254037844386,0.5000000000000001,-0.9749279121818236,-0.2225209339563146,-0.8660254037844386,0.5000000000000001,3,9,16,50,20,24,5,26,2
H,2026-02-21,17:30,4645861.0,H,Osasuna,331.0,Alessio Lisci,4-2-3-1,39400000.0,29.381370169871197,182.63636363636363,64.0,11.8,3.8,3.6,15.2,2.2,0.2,1.4324400000000002,1.4707919999999999,1.470792,11.10055900621118,5.0,43880000.0,28.769535187605005,181.2727272727273,70.6,10.018192397086002,3.1072957782959825,3.425860939316724,15.441543358295371,2.836238882452811,0.06987736064051826,1.1086456740124282,1.2429497715349531,1.2266352706458619,11.428965745997502,5.267275006193978,42654022.36578313,28.717540271395823,181.61966124348496,69.34564114870436,10.0,Real Madrid,418.0,Álvaro Arbeloa,4-4-2,230000000.0,27.110198494182068,182.36363636363637,597.0,15.6,6.4,7.0,10.2,1.4,0.0,2.15738,2.1155459999999997,1.3722666000000001,11.18604743083004,12.6,328600000.0,24.73837346773692,184.74545454545455,452.8,13.986252332805014,6.025037985000225,6.376113705763207,10.26002185049565,1.298848040967642,0.04026175000568717,2.1723997706039113,2.3042805531953965,1.5460692494805761,12.448260070532742,10.983340302687315,307090639.8202573,25.059115009730522,184.64406531434852,458.60672883205024,1.0,-3.799999999999999,-2.6000000000000005,-3.4,5.0,0.8000000000000003,0.2,-0.7249399999999997,-0.6447539999999998,0.09852539999999999,0.08548842461886075,-7.6,-3.968059935719012,1.01929432453524,-2.9177422067042422,-2.950252766446483,5.1815215077997205,1.5373908414851691,0.02961561063483109,-1.0637540965914831,-1.0613307816604434,-0.31943397883471425,-5.716065296493337,-9.0,9.0,3.799999999999999,2.6000000000000005,3.4,5.0,0.8000000000000003,0.2,0.7249399999999997,0.6447539999999998,0.09852539999999999,0.08548842461886075,7.6,1.0613307816604434,1.0637540965914831,3.968059935719012,1.01929432453524,0.31943397883471425,5.716065296493337,2.950252766446483,5.1815215077997205,1.5373908414851691,0.02961561063483109,0.8660254037844386,0.5000000000000001,-0.9749279121818236,-0.2225209339563146,-0.9659258262890683,-0.25881904510252063,17,20,4,83,10,18,15,21,2
D,2026-02-21,13:00,4645863.0,D,Real Sociedad,681.0,Pellegrino Matarazzo,4-2-3-1,78000000.0,26.105905046356792,181.63636363636363,185.0,10.2,4.4,3.8,11.4,1.4,0.6,1.2862000000000002,1.7463140000000004,1.4490280000000002,14.461564040821008,4.8,95560000.0,26.374264202600955,180.94545454545454,177.0,11.496821666571122,4.087606878695872,4.24350554169433,11.697729278665525,1.1697622081836452,0.31275748992996427,1.3085718000444555,1.6845269965864567,1.3605561004380304,13.880484881483937,5.016302501871155,90934834.9216383,26.393159395288052,180.9576226806072,171.7389000821153,8.0,Real Oviedo,2497.0,Guillermo Almada,4-2-3-1,18100000.0,27.622674382427977,182.63636363636363,101.0,10.6,3.2,3.6,14.2,2.4,0.0,0.89534,0.9970834,0.9970834,12.570996168582376,2.8,11940000.0,27.620065957314416,181.51272727272726,67.0,9.649375190169192,2.8260578635602562,3.3071733567762682,12.88911477430697,2.072159084162159,0.09590871586366738,1.1111295255015066,1.0477534969533198,1.0464472176093225,12.047984486719608,2.8334117111482686,13791784.079604357,27.822238376272246,181.80656829361,90.16235822850877,20.0,-0.40000000000000036,1.2000000000000002,0.19999999999999973,-2.799999999999999,-1.0,0.6,0.3908600000000002,0.7492306000000004,0.45194460000000025,-1.8905678722386323,2.0,1.847446476401931,-1.8325003947643292,1.2615490151356155,0.9363321849180619,-1.1913854956414447,-0.9023968759785139,0.21684877406629688,0.19744227454294894,0.6367734996331369,0.31410888282870797,2.1828907907228863,12.0,12.0,0.40000000000000036,1.2000000000000002,0.19999999999999973,2.799999999999999,1.0,0.6,0.3908600000000002,0.7492306000000004,0.45194460000000025,1.8905678722386323,2.0,0.6367734996331369,0.19744227454294894,1.847446476401931,1.8325003947643292,0.31410888282870797,2.1828907907228863,0.9363321849180619,1.1913854956414447,0.9023968759785139,0.21684877406629688,0.8660254037844386,0.5000000000000001,-0.9749279121818236,-0.2225209339563146,-0.2588190451025208,-0.9659258262890683,22,21,61,25,10,10,25,12,1
D,2026-02-21,15:15,4645868.0,D,Real Betis,150.0,Manuel Pellegrini,4-3-3 Attacking,54900000.0,29.33582228859436,180.9090909090909,282.0,14.4,4.8,3.0,10.6,1.6,0.0,1.6892800000000001,1.6386416000000001,1.4899875999999999,31.225992465951897,4.8,50740000.0,28.74932487088545,181.05454545454546,213.4,14.253360618828657,5.413311076496885,3.2768017652407493,9.633891738859143,1.6921554441734685,0.0038537926609141463,1.8223841146164437,1.731373423244289,1.6148073304151158,39.87160422416372,5.456776739246813,53481120.14218551,28.88792839368045,180.90409589265104,235.20361162362542,5.0,Rayo Vallecano,367.0,Iñigo Pérez,4-2-3-1,23400000.0,28.726277145168318,179.54545454545453,80.0,12.6,5.0,5.0,13.6,3.0,0.8,1.41022,1.5725148,1.4238588,11.097671772671772,5.2,27340000.0,29.26419015618194,179.03636363636363,65.2,12.71264335370906,5.7959948859885015,4.547482206322587,13.129769724614002,3.214172080205669,0.6283477892791843,1.5279256440487512,1.6703052057231271,1.621330404190821,11.518397072261932,5.140404189551108,27203762.421312362,29.226780831369634,179.05791896755352,73.8936523700779,13.0,1.8000000000000007,-0.20000000000000018,-2.0,-3.0,-1.4,-0.8,0.2790600000000001,0.06612680000000015,0.06612879999999977,-20.128320693280124,-0.40000000000000036,1.5407172651195964,-28.353207151901785,-0.38268380949161696,-1.2706804410818378,-3.495877985754859,-1.5220166360322003,-0.6244939966182702,0.2944584705676925,0.06106821752116187,-0.006523073775705157,0.3163725496957044,8.0,8.0,1.8000000000000007,0.20000000000000018,2.0,3.0,1.4,0.8,0.2790600000000001,0.06612680000000015,0.06612879999999977,20.128320693280124,0.40000000000000036,0.06106821752116187,0.2944584705676925,1.5407172651195964,28.353207151901785,0.006523073775705157,0.3163725496957044,1.2706804410818378,3.495877985754859,1.5220166360322003,0.6244939966182702,0.8660254037844386,0.5000000000000001,-0.9749279121818236,-0.2225209339563146,-0.7071067811865471,-0.7071067811865479,19,18,51,30,15,10,7,18,1
H,2026-02-22,15:15,4645867.0,H,Barcelona,131.0,Hansi Flick,4-2-3-1,30000000.0,26.68856947296372,183.54545454545453,476.0,24.2,7.0,9.0,7.6,1.4,0.0,2.3976,3.7616400000000008,3.6129860000000003,6.944313725490195,14.6,74000000.0,24.96471905917491,181.25454545454545,360.2,24.28849542482729,6.1810928703552905,8.802729379712988,7.541989170716639,1.2093355290473007,0.003710991099068773,2.129877449630922,3.4026020409125803,3.114629593736208,7.239535098192029,13.41278478603538,76182652.35930996,24.893922787960083,181.42997397799525,349.7409597406042,2.0,Levante,3368.0,Luís Castro,4-1-4-1,2000000.0,26.286354302781408,177.8181818181818,142.0,13.4,3.2,4.4,11.6,2.2,0.4,1.2767,1.300532,1.3005320000000002,11.854603174603175,5.2,6800000.0,25.555228672764606,180.22363636363636,147.8,12.147547491351432,2.8660628851792453,3.4094270929765123,11.76727275554497,2.4020403003041912,0.3720831770102216,0.9728543057749753,1.0704936958324407,1.0593215508984735,11.88582223501478,5.619146321620131,6866007.678164584,25.6376552139656,180.44876371335423,151.44466493120788,20.0,10.799999999999999,3.8,4.6,-4.0,-0.8000000000000003,-0.4,1.1209000000000002,2.4611080000000007,2.312454,4.91028944911298,9.399999999999999,12.140947933475857,4.646287136822751,3.315029985176045,5.393302286736475,-4.225283584828332,-1.1927047712568906,-0.36837218591115284,1.1570231438559464,2.3321083450801394,2.0553080428377344,7.793638464415248,18.0,18.0,10.799999999999999,3.8,4.6,4.0,0.8000000000000003,0.4,1.1209000000000002,2.4611080000000007,2.312454,4.91028944911298,9.399999999999999,2.3321083450801394,1.1570231438559464,12.140947933475857,4.646287136822751,2.0553080428377344,7.793638464415248,5.393302286736475,4.225283584828332,1.1927047712568906,0.36837218591115284,0.8660254037844386,0.5000000000000001,-0.7818314824680299,0.6234898018587334,-0.7071067811865471,-0.7071067811865479,4,15,27,49,10,9,6,16,2
H,2026-02-22,20:00,4645862.0,H,Villarreal,1050.0,Marcelino,4-4-2,114000000.0,26.058117105345033,184.0,171.0,9.2,3.2,3.8,16.2,3.0,0.0,1.2909599999999999,1.3545673999999999,1.2059118000000002,9.40588455772114,6.4,92900000.0,26.611610976292702,184.1818181818182,202.6,10.700577258506032,3.874790660047785,3.2454048054862112,16.676129361731498,3.0808151971936675,0.05741163207619033,1.590252419475714,1.6095387556901972,1.5352798592440422,10.111030713772015,7.532521997597957,90231540.38364314,26.499893107037778,184.24218712412195,191.12832745678247,2.0,Valencia,1049.0,Carlos Corberán,3-4-2-1,25000000.0,28.5968514715948,182.72727272727272,206.0,8.8,2.4,3.4,12.8,2.2,0.2,1.2850599999999999,1.3437616,1.0464496,12.269611150803101,4.6,20120000.0,28.33755211250078,181.56363636363636,143.0,8.862944719765016,2.278528707622556,3.8160928896511006,11.478085374276622,2.0681701141417586,0.06588817403050136,1.1673021972116235,1.2091329826693393,0.9709688154191317,13.415854494565288,4.385846542552801,23247750.74872594,28.06802010640683,181.35791176181098,142.95892521801397,16.0,0.3999999999999986,0.8000000000000003,0.3999999999999999,3.3999999999999986,0.7999999999999998,-0.2,0.005900000000000016,0.010805799999999977,0.1594622000000001,2.86372659308196,1.8000000000000007,1.8376325387410155,3.3048237807932725,1.5962619524252286,-0.5706880841648894,5.198043987454875,1.012645083051909,-0.00847654195431103,0.4229502222640904,0.4004057730208579,0.5643110438249105,3.1466754550451563,14.0,14.0,0.3999999999999986,0.8000000000000003,0.3999999999999999,3.3999999999999986,0.7999999999999998,0.2,0.005900000000000016,0.010805799999999977,0.1594622000000001,2.86372659308196,1.8000000000000007,0.4004057730208579,0.4229502222640904,1.8376325387410155,3.3048237807932725,0.5643110438249105,3.1466754550451563,0.5706880841648894,5.198043987454875,1.012645083051909,0.00847654195431103,0.8660254037844386,0.5000000000000001,-0.7818314824680299,0.6234898018587334,-0.8660254037844386,0.5000000000000001,27,26,52,11,18,2,1,0,2
H,2026-02-22,17:30,4645869.0,D,Celta Vigo,940.0,Claudio Giráldez,5-4-1,21500000.0,26.782403086304523,181.0909090909091,113.0,13.0,4.2,5.2,10.8,1.8,0.0,1.7044200000000003,1.7281622000000003,1.4308502,14.323571428571432,8.4,24600000.0,26.11670711218966,181.7818181818182,71.4,12.973513484493466,4.219872925015647,4.121610275849013,11.085051662995497,1.362108736053101,0.0007670956650599868,1.947642642440985,1.9512251772742204,1.6797454897196975,16.03853761578416,8.260148680573614,22513053.80182172,26.41601675669385,181.96531700910703,68.98921776133479,7.0,Mallorca,237.0,Jagoba Arrasate,4-2-3-1,43700000.0,28.890050401344034,182.0,115.0,11.6,4.8,4.0,11.6,1.4,0.0,1.1683999999999999,1.653572,1.159458,13.302164502164501,3.8,40260000.0,27.828859436251633,183.7090909090909,171.8,11.275592369661572,4.019314215809244,4.547227211780499,12.648317739933645,2.0693383866874684,0.000566914385457885,0.9248212386907685,1.3143276475907033,1.0643584501426424,12.736307615670682,3.723210248376121,40388926.22141867,27.84346680162132,183.74260052317968,172.4609202843551,18.0,1.4000000000000004,-0.5999999999999996,1.2000000000000002,-0.7999999999999989,0.40000000000000013,0.0,0.5360200000000004,0.07459020000000027,0.2713922,-1.0214069264069305,4.6000000000000005,1.6979211148318942,-3.302230000113479,0.20055870920640295,-0.42561693593148586,-1.5632660769381488,-0.7072296506343674,0.0002001812796021018,1.0228214037502164,0.6368975296835171,0.6153870395770551,4.536938432197493,11.0,11.0,1.4000000000000004,0.5999999999999996,1.2000000000000002,0.7999999999999989,0.40000000000000013,0.0,0.5360200000000004,0.07459020000000027,0.2713922,1.0214069264069305,4.6000000000000005,0.6368975296835171,1.0228214037502164,1.6979211148318942,3.302230000113479,0.6153870395770551,4.536938432197493,0.42561693593148586,1.5632660769381488,0.7072296506343674,0.0002001812796021018,0.8660254037844386,0.5000000000000001,-0.7818314824680299,0.6234898018587334,-0.9659258262890683,-0.25881904510252063,6,16,12,31,24,10,27,11,2
A,2026-02-22,13:00,4645860.0,D,Getafe,3709.0,José Bordalás,5-3-2,33900000.0,29.586211187853902,184.54545454545453,111.0,10.6,2.8,4.8,16.0,2.6,0.0,1.3290400000000002,1.1193734,0.8220628,9.623527266834131,3.8,33640000.0,29.144023396179456,183.4909090909091,112.8,9.796150105336187,2.850457183581375,3.846623798992502,17.70672222784296,2.715501804545356,0.010220259104825337,1.3389541225390278,1.235366001609236,0.8079341925741207,8.60921662387857,2.983908537107329,32930594.132739346,29.330305954438387,183.54463478737907,110.91153499785992,11.0,Sevilla,368.0,Matías Almeyda,5-3-2,32100000.0,28.49604878352312,184.9090909090909,303.0,13.0,5.0,5.0,13.6,2.4,0.4,0.8582000000000001,1.2964666,0.9991543999999999,7.894520921357502,6.2,48760000.0,27.045087424553543,184.16363636363639,240.2,10.069408550913627,3.8453608967031427,3.9693264793267247,14.521160478466166,3.171789964268079,0.6919854078168829,0.6386571353412496,0.9648114177735242,0.8156224898997637,9.424651352850134,5.396485981379636,46052650.02271678,27.41995816574296,184.09590864880522,264.13574954907176,14.0,-2.4000000000000004,-2.2,-0.20000000000000018,2.4000000000000004,0.20000000000000018,-0.4,0.47084000000000015,-0.17709320000000006,-0.1770915999999999,-1.7290063454766287,-2.4000000000000004,-0.27325844557744006,0.8154347289715638,-0.9949037131217677,-0.1227026803342226,3.1855617493767934,-0.4562881597227233,-0.6817651487120575,0.7002969871977782,0.27055458383571185,-0.007688297325643023,-2.4125774442723076,3.0,3.0,2.4000000000000004,2.2,0.20000000000000018,2.4000000000000004,0.20000000000000018,0.4,0.47084000000000015,0.17709320000000006,0.1770915999999999,1.7290063454766287,2.4000000000000004,0.27055458383571185,0.7002969871977782,0.27325844557744006,0.8154347289715638,0.007688297325643023,2.4125774442723076,0.1227026803342226,3.1855617493767934,0.4562881597227233,0.6817651487120575,0.8660254037844386,0.5000000000000001,-0.7818314824680299,0.6234898018587334,-0.2588190451025208,-0.9659258262890683,10,25,39,54,23,23,20,19,0
D,2026-02-23,20:00,4645864.0,D,Alaves,1108.0,Eduardo Coudet,4-4-2,29500000.0,27.20851222699272,180.36363636363637,22.0,12.2,4.4,4.6,14.0,1.0,0.0,1.63254,1.7209980000000002,1.7209980000000002,10.931314470969642,3.2,29200000.0,27.82786385414722,181.01818181818183,38.6,12.465054551613377,3.954895264175505,4.231892218968067,14.778131726403918,1.0760349387225092,0.030978192421966918,1.75752117822604,1.730468383175482,1.7234534085588205,7.972892458408777,3.986929990445777,29257196.35499397,27.7362503907614,180.78817400764117,38.075893804007485,15.0,Girona,12321.0,Míchel,4-2-3-1,94800000.0,27.999502208947796,181.45454545454547,373.0,11.2,4.8,4.2,13.8,3.0,0.2,1.56912,1.7990789999999997,1.353111,9.956327827769957,6.8,92980000.0,27.65298985750731,179.76363636363635,279.6,11.856777945702035,5.611043040206943,4.139555764236488,12.53443072993017,2.2238953933422763,0.3785745385931479,1.567736912210055,2.0129614033156322,1.7251859214279595,13.105143240307193,7.379154985780912,94041250.3218764,27.702658715129147,180.25316405381022,303.24310000853063,12.0,1.0,-0.39999999999999947,0.39999999999999947,0.1999999999999993,-2.0,-0.2,0.06342000000000003,-0.0780809999999994,0.3678870000000003,-0.974986643199685,-3.5999999999999996,0.6082766059113425,5.132250781898416,-1.656147776031438,0.09233645473157903,2.2437009964737484,-1.147860454619767,-0.34759634617118096,0.18978426601598497,-0.2824930201401503,-0.0017325128691390024,-3.392224995335135,-3.0,3.0,1.0,0.39999999999999947,0.39999999999999947,0.1999999999999993,2.0,0.2,0.06342000000000003,0.0780809999999994,0.3678870000000003,0.974986643199685,3.5999999999999996,0.2824930201401503,0.18978426601598497,0.6082766059113425,5.132250781898416,0.0017325128691390024,3.392224995335135,0.09233645473157903,2.2437009964737484,1.147860454619767,0.34759634617118096,0.8660254037844386,0.5000000000000001,0.0,1.0,-0.8660254037844386,0.5000000000000001,0,11,18,56,18,10,2,3,1
H,2026-02-27,20:00,4645828.0,D,Levante,3368.0,Luís Castro,4-1-4-1,9000000.0,25.0065335075602,179.0,147.0,9.2,2.4,3.8,11.0,2.0,0.4,0.71834,0.7721324000000002,0.7721324000000002,14.085714285714285,4.2,6200000.0,25.661158608674008,179.93272727272728,146.0,9.765031660900954,2.5773752567861634,4.272951395317675,11.178181837029982,1.9346935335361275,0.24805545134014773,0.6588695371833169,0.9145131305549604,0.9070650339323155,15.775733341861708,4.746097547746754,5244005.118776389,25.853888243570868,179.5719030816301,148.29644328747193,19.0,Alaves,1108.0,Eduardo Coudet,4-4-2 double 6,29500000.0,27.650799576877606,181.63636363636363,36.0,14.0,5.6,4.8,16.6,1.2,0.0,1.7159600000000004,1.9063100000000002,1.90631,7.578088664518032,4.8,29200000.0,27.686292078899886,180.90909090909093,36.0,13.976703034408919,4.63659684278367,5.154594812645378,15.852087817602614,1.3840232924816729,0.02065212828131128,1.6309141188173601,1.8658455887836547,1.8611689390392137,8.143218628186496,5.324619993630518,29338130.903329313,27.560337669505174,180.6466614596396,32.71726253600499,15.0,-4.800000000000001,-3.1999999999999997,-1.0,-5.600000000000001,0.8,0.4,-0.9976200000000004,-1.1341776000000001,-1.1341775999999997,-6.5076256211962535,-0.5999999999999996,-4.211671373507965,-7.632514713675212,-2.059221585997507,-0.8816434173277026,-4.673905980572632,0.5506702410544546,0.22740332305883645,-0.9720445816340433,-0.9513324582286943,-0.9541039051068981,-0.5785224458837632,-4.0,4.0,4.800000000000001,3.1999999999999997,1.0,5.600000000000001,0.8,0.4,0.9976200000000004,1.1341776000000001,1.1341775999999997,6.5076256211962535,0.5999999999999996,0.9513324582286943,0.9720445816340433,4.211671373507965,7.632514713675212,0.9541039051068981,0.5785224458837632,0.8816434173277026,4.673905980572632,0.5506702410544546,0.22740332305883645,0.8660254037844386,0.5000000000000001,-0.433883739117558,-0.9009688679024191,-0.8660254037844386,0.5000000000000001,15,0,49,18,9,20,16,2,2
D,2026-02-28,13:00,4645829.0,H,Rayo Vallecano,367.0,Iñigo Pérez,4-2-3-1,25400000.0,29.681538174351317,179.54545454545453,102.0,12.2,4.6,4.8,13.4,3.4,0.6,1.13176,1.4229948000000001,1.4229948000000001,11.56924367902629,5.8,24720000.0,29.24796216788003,179.14545454545456,68.4,12.475095569139375,4.863996590659001,4.698321470881725,13.086513149742666,3.1427813868037795,0.4188985261861229,1.2725837626991674,1.5480201371487514,1.5153702694605473,10.82385891773984,5.76026945970074,25935841.61420824,29.05994626930253,179.22043082685386,75.92910158005193,12.0,Athletic Club,621.0,Ernesto Valverde,4-2-3-1,52500000.0,28.588886814759505,184.0909090909091,153.0,17.4,5.2,4.4,16.2,2.6,0.0,1.9487999999999999,2.0338588,1.736573,7.990990160667581,6.8,56400000.0,28.134154688569474,182.90909090909093,132.4,17.24858174487726,6.100578935519259,4.413720869033108,16.821658777489613,2.9148153868058224,0.09050540621551444,2.097325812156878,2.258711545264639,1.835851086774546,8.100190535629045,6.045621390091585,56778110.85780635,28.41993229467553,183.39320933228464,139.6395615146895,8.0,-5.199999999999999,-0.6000000000000005,0.39999999999999947,-2.799999999999999,0.7999999999999998,0.6,-0.8170399999999998,-0.6108639999999999,-0.3135781999999998,-3.578253518358709,-1.0,-4.773486175737885,-2.7236683821107945,-1.236582344860258,0.28460060184861646,-3.735145627746947,0.22796599999795708,0.32839311997060844,-0.8247420494577105,-0.7106914081158877,-0.3204808173139986,-0.2853519303908456,-4.0,4.0,5.199999999999999,0.6000000000000005,0.39999999999999947,2.799999999999999,0.7999999999999998,0.6,0.8170399999999998,0.6108639999999999,0.3135781999999998,3.578253518358709,1.0,0.7106914081158877,0.8247420494577105,4.773486175737885,2.7236683821107945,0.3204808173139986,0.2853519303908456,0.28460060184861646,3.735145627746947,0.22796599999795708,0.32839311997060844,0.8660254037844386,0.5000000000000001,-0.9749279121818236,-0.2225209339563146,-0.2588190451025208,-0.9659258262890683,18,2,30,19,10,10,18,24,1
A,2026-02-28,17:30,4645827.0,A,Mallorca,237.0,Gustavo Siviero,4-3-3 Attacking,41600000.0,28.793727832742206,183.8181818181818,166.0,8.2,3.0,3.8,11.6,2.2,0.0,0.7819,1.03485462,0.88619862,16.14978354978355,2.6,41740000.0,28.16616265322631,183.5090909090909,164.0,7.850394913107714,2.679542810539496,3.698151474520333,11.765545159955764,3.0462255911249785,0.00037794292363858996,0.6249808257938457,0.883129465060469,0.7164833334284283,16.490871743780456,2.4821401655840805,41492617.48094578,28.192328001528892,183.1617336821198,153.30728018957006,18.0,Real Sociedad,681.0,Pellegrino Matarazzo,4-3-3 Attacking,85000000.0,26.959865596415906,181.1818181818182,202.0,11.6,4.8,4.0,11.4,1.2,0.4,1.6472000000000002,1.9895360000000004,1.6922500000000003,13.486564040821008,4.2,86160000.0,26.272316595109203,181.2,171.6,12.664547777714082,5.391737919130581,5.16233702779622,12.131819519110351,1.4465081387890966,0.20850499328664285,1.5650478666963037,2.0479713310576377,1.8319907336253536,11.295323254322625,4.344201667914104,86623223.2810922,26.2974079456443,181.18386966585933,176.15926672141018,10.0,-3.4000000000000004,-1.7999999999999998,-0.20000000000000018,0.1999999999999993,1.0000000000000002,-0.4,-0.8653000000000002,-0.9546813800000005,-0.8060513800000002,-2.6632195089625412,-1.6,-4.814152864606368,-5.195548489457831,-2.7121951085910854,-1.4641855532758874,-0.3662743591545876,1.599717452335882,-0.20812705036300425,-0.940067040902458,-1.1648418659971687,-1.1155074001969254,-1.862061502330023,-8.0,8.0,3.4000000000000004,1.7999999999999998,0.20000000000000018,0.1999999999999993,1.0000000000000002,0.4,0.8653000000000002,0.9546813800000005,0.8060513800000002,2.6632195089625412,1.6,1.1648418659971687,0.940067040902458,4.814152864606368,5.195548489457831,1.1155074001969254,1.862061502330023,1.4641855532758874,0.3662743591545876,1.599717452335882,0.20812705036300425,0.8660254037844386,0.5000000000000001,-0.9749279121818236,-0.2225209339563146,-0.9659258262890683,-0.25881904510252063,16,22,26,61,15,15,11,25,0
A,2026-02-28,20:00,4645820.0,D,Real Oviedo,2497.0,Guillermo Almada,4-2-3-1,16600000.0,27.644577188725034,183.1818181818182,52.0,10.8,3.8,3.8,14.4,2.0,0.0,0.9676600000000001,1.1452074,1.1452074,12.105694444444444,2.2,13560000.0,27.675320764109266,181.7672727272727,74.8,11.099669612230896,3.8841014268718403,4.204835561851222,13.92613811870155,1.714751491622908,0.0639372447016696,0.981711995853301,1.2821429214488809,1.2812720944201401,11.41736886389878,2.222238168439504,15227941.365396652,27.755713093176656,182.08318317300137,93.77512009525955,20.0,Atletico Madrid,13.0,Diego Simeone,4-4-2,107000000.0,27.489117043121148,181.7,435.0,12.8,5.8,7.4,11.0,1.8,0.0,1.5620800000000001,1.3409084,1.3409084,10.311625730994152,8.4,204200000.0,27.437894343849173,182.47272727272724,447.2,13.570022191374628,5.9664944837950955,6.591291611572632,10.838219013847132,1.5232012117541087,0.00043876053297323375,1.6124873389346577,1.7196196333038676,1.7185271220711875,10.438521283584652,9.019847680686134,200902116.39974633,27.41956615372227,182.49326119883213,453.8669259293485,4.0,-2.0,-2.0,-3.6000000000000005,3.4000000000000004,0.19999999999999996,0.0,-0.5944200000000001,-0.1957009999999999,-0.1957009999999999,-1.794068713450292,-6.2,-2.470352579143732,-0.9788475803141274,-2.082393056923255,-2.38645604972141,3.087919104854418,0.19155027986879936,0.06349848416869637,-0.6307753430813566,-0.4374767118549867,-0.4372550276510474,-6.79760951224663,-16.0,16.0,2.0,2.0,3.6000000000000005,3.4000000000000004,0.19999999999999996,0.0,0.5944200000000001,0.1957009999999999,0.1957009999999999,1.794068713450292,6.2,0.4374767118549867,0.6307753430813566,2.470352579143732,0.9788475803141274,0.4372550276510474,6.79760951224663,2.38645604972141,3.087919104854418,0.19155027986879936,0.06349848416869637,0.8660254037844386,0.5000000000000001,-0.9749279121818236,-0.2225209339563146,-0.8660254037844386,0.5000000000000001,21,3,25,16,10,18,12,5,0
H,2026-02-28,15:15,4645824.0,H,Barcelona,131.0,Hansi Flick,4-3-3 Attacking,90000000.0,23.812581668844505,181.9090909090909,258.0,23.6,7.0,10.0,8.4,1.2,0.0,2.4615,3.826382000000001,3.6777279999999997,7.2756180733162825,14.4,62000000.0,25.487997013253686,181.83636363636361,390.8,23.525663616551526,7.12072858023686,10.201819586475326,9.02799278047776,1.4728903526982002,0.0024739940660458487,2.402618299753948,3.68307469394172,3.491093062490805,7.145197311838164,13.941856524023587,60788434.90620664,25.492138349627965,182.13513416714832,391.82730649373616,1.0,Villarreal,1050.0,Marcelino,4-4-2,114000000.0,26.074544210067824,184.0,171.0,10.0,4.0,3.6,13.8,2.8,0.0,1.48204,1.6402891999999998,1.3429796000000003,11.24332298136646,5.4,94600000.0,26.401792047787943,184.27272727272728,193.6,11.133718172337353,4.249860440031856,3.830269870324141,13.450752907820998,2.720543464795778,0.038274421384126886,1.6433016129838094,1.8668391704601313,1.5695765728293614,13.216877618705153,6.021681331731972,98154360.2557621,26.352634439806863,184.161458082748,184.4188849711883,3.0,13.600000000000001,3.0,6.4,-5.4,-1.5999999999999999,0.0,0.97946,2.1860928000000013,2.3347483999999996,3.9677049080501767,9.0,12.391945444214173,6.071680306866989,2.870868140205004,6.3715497161511845,-4.422760127343238,-1.2476531120975778,-0.035800427318081036,0.7593166867701384,1.8162355234815888,1.9215164896614438,7.920175192291615,2.0,2.0,13.600000000000001,3.0,6.4,5.4,1.5999999999999999,0.0,0.97946,2.1860928000000013,2.3347483999999996,3.9677049080501767,9.0,1.8162355234815888,0.7593166867701384,12.391945444214173,6.071680306866989,1.9215164896614438,7.920175192291615,6.3715497161511845,4.422760127343238,1.2476531120975778,0.035800427318081036,0.8660254037844386,0.5000000000000001,-0.9749279121818236,-0.2225209339563146,-0.7071067811865471,-0.7071067811865479,4,27,27,52,15,18,6,1,2
D,2026-03-01,13:00,4645826.0,D,Elche,1531.0,Eder Sarabia,3-5-2 flat,8300000.0,29.097878165639973,182.45454545454547,71.0,9.0,3.6,3.6,11.6,2.8,0.0,0.6995799999999999,1.1351028,0.98644722,9.372118702553484,6.4,14520000.0,26.908891792670026,182.1090909090909,74.6,8.744237909427572,3.4623474297501318,4.20991076606144,11.012383687780968,2.761428843756781,0.002907869231218083,0.8077811479180528,1.237473516579936,0.9895465656815503,8.883434484473332,6.3636855379393,13463270.627623549,27.469077026352803,182.29119280511085,73.10404726354372,17.0,Espanyol,714.0,Manolo González,4-2-3-1,25200000.0,28.456723290398852,181.9090909090909,28.0,10.4,3.2,4.8,11.0,2.0,0.0,0.6183799999999998,1.1814753999999996,1.1814754,12.72945962083893,4.4,17720000.0,27.909451807603762,182.56363636363636,36.6,9.855826298105736,2.787925568587242,4.05925790371993,10.843405878771867,1.680566452649263,0.005853205545187651,0.5581504105256052,1.127310639421747,1.1226806271282381,15.0282256872049,3.7972597458911648,21225385.414955974,27.890659893712144,182.31655733441517,37.301089453544456,7.0,-1.4000000000000004,0.3999999999999999,-1.1999999999999997,0.5999999999999996,0.7999999999999998,0.0,0.08120000000000005,-0.04637259999999954,-0.1950281800000001,3.3573409182854466,2.0,-1.1115883886781646,6.144791202731568,0.6744218611628896,0.1506528623415102,0.16897780900910142,1.080862391107518,-0.0029453363139695684,0.24963073739244757,0.11016287715818907,-0.13313406144668782,2.566425792048135,-10.0,10.0,1.4000000000000004,0.3999999999999999,1.1999999999999997,0.5999999999999996,0.7999999999999998,0.0,0.08120000000000005,0.04637259999999954,0.1950281800000001,3.3573409182854466,2.0,0.11016287715818907,0.24963073739244757,1.1115883886781646,6.144791202731568,0.13313406144668782,2.566425792048135,0.1506528623415102,0.16897780900910142,1.080862391107518,0.0029453363139695684,1.0,6.123233995736766e-17,-0.7818314824680299,0.6234898018587334,-0.2588190451025208,-0.9659258262890683,8,9,17,50,7,10,8,26,1
A,2026-03-01,20:00,4645821.0,H,Girona,12321.0,Míchel,4-2-3-1,88800000.0,28.01866716445772,180.27272727272728,372.0,11.8,5.0,4.6,11.6,2.4,0.2,1.4601400000000002,1.845759,1.6971029999999998,10.492804254568963,7.2,92560000.0,27.753842324684218,179.8909090909091,306.8,11.237851963801356,5.40736202680463,4.759703842824325,10.35628715328678,2.1492635955615174,0.25238302572876525,1.4896912748067033,2.0276976022104214,1.835847280951973,12.147018570461205,7.252769990520608,94294166.88125093,27.80160654640203,180.653624520722,326.4954000056871,11.0,Celta Vigo,940.0,Claudio Giráldez,5-4-1,20000000.0,25.17155124136644,180.9090909090909,65.0,14.8,4.2,5.6,11.6,1.2,0.0,1.9247600000000002,1.9354222,1.6381122000000001,13.65757142857143,8.6,21100000.0,26.282471532574203,182.07272727272726,79.0,15.315675656328978,5.1465819500104315,5.081073517232675,11.056701108663665,1.2414058240354007,0.0005113971100399911,2.2821617616273233,2.2804967848494804,1.8517536598131317,13.86569174385611,8.84009912038241,22175369.20121448,26.538145533230743,181.67384770304105,83.65947850755653,6.0,-3.0,0.7999999999999998,-1.0,0.0,1.2,0.2,-0.46462000000000003,-0.08966320000000016,0.05899079999999968,3.164767174002467,-1.3999999999999995,-4.0778236925276214,1.7186731733949046,0.2607800767941981,-0.3213696744083503,-0.7004139553768844,0.9078577715261167,0.25187162861872525,-0.79247048682062,-0.252799182639059,-0.015906378861158643,-1.5873291298618026,-5.0,5.0,3.0,0.7999999999999998,1.0,0.0,1.2,0.2,0.46462000000000003,0.08966320000000016,0.05899079999999968,3.164767174002467,1.3999999999999995,0.252799182639059,0.79247048682062,4.0778236925276214,1.7186731733949046,0.015906378861158643,1.5873291298618026,0.3213696744083503,0.7004139553768844,0.9078577715261167,0.25187162861872525,1.0,6.123233995736766e-17,-0.7818314824680299,0.6234898018587334,-0.8660254037844386,0.5000000000000001,11,6,56,12,10,24,3,27,0
D,2026-03-01,17:30,4645825.0,H,Real Betis,150.0,Manuel Pellegrini,4-3-3 Attacking,71500000.0,28.628212307883768,180.36363636363637,222.0,14.2,4.2,3.2,10.6,1.8,0.0,1.79498,1.7958355999999998,1.6471815999999997,32.900698348304836,5.2,54720000.0,28.946002115611968,181.03636363636363,245.4,14.168907079219105,4.608874050997923,3.1845345101605,11.089261159239427,2.461436962782312,0.0025691951072760975,1.8839894097442957,1.8660756154961924,1.7883648869434106,31.43106948277581,6.637851159497875,53954080.09479034,29.037226358651754,180.905760898131,250.8024077490836,5.0,Sevilla,368.0,Matías Almeyda,3-4-2-1,49100000.0,28.91668222263705,183.63636363636363,478.0,9.2,3.6,4.0,14.8,2.4,0.4,0.67086,0.853881,0.7052248,7.542816375902959,4.8,44580000.0,27.53576006471284,184.16363636363639,257.4,8.712939033942417,2.896907264468762,3.31288431955115,15.680773652310776,2.4478599761787194,0.46132360521125526,0.8352047568941664,0.7375982785156827,0.6381389932665091,7.272684235233423,4.597657320919757,41401766.68181119,27.778655038336343,184.36696940223376,277.09049969938116,13.0,5.0,0.6000000000000001,-0.7999999999999998,-4.200000000000001,-0.5999999999999999,-0.4,1.12412,0.9419545999999998,0.9419567999999997,-25.357881972401877,0.40000000000000036,5.455968045276688,-24.158385247542387,1.7119667865291612,-0.1283498093906501,-4.591512493071349,0.013576986603592633,-0.45875441010397916,1.0487846528501295,1.1284773369805097,1.1502258936769014,2.0401938385781175,8.0,8.0,5.0,0.6000000000000001,0.7999999999999998,4.200000000000001,0.5999999999999999,0.4,1.12412,0.9419545999999998,0.9419567999999997,25.357881972401877,0.40000000000000036,1.1284773369805097,1.0487846528501295,5.455968045276688,24.158385247542387,1.1502258936769014,2.0401938385781175,0.1283498093906501,4.591512493071349,0.013576986603592633,0.45875441010397916,1.0,6.123233995736766e-17,-0.7818314824680299,0.6234898018587334,-0.9659258262890683,-0.25881904510252063,19,25,51,54,15,2,7,19,1
H,2026-03-01,15:15,4645823.0,D,Valencia,1049.0,Carlos Corberán,4-2-3-1,24000000.0,28.669528965216852,181.45454545454547,216.0,9.0,2.8,3.6,12.4,2.4,0.0,1.1825599999999998,1.5769023999999998,1.1309364,12.131396047828272,4.6,19280000.0,28.376827826519822,181.6727272727273,157.4,8.575296479843344,2.5190191384150373,3.8773952597674004,12.98539024951775,2.712113409427839,0.04392544935366757,1.1066347981410825,1.443608655112893,1.0370758769460877,11.538105894927583,4.590564361701867,23831833.83248396,28.24429722813615,181.81436541696488,163.9726168120093,16.0,Osasuna,331.0,Alessio Lisci,4-2-3-1,30400000.0,29.310434944931863,181.9090909090909,66.0,11.2,3.2,3.6,16.2,2.4,0.0,1.38016,1.526186,1.37753,13.185853123858237,5.2,44920000.0,28.718013813701695,181.3818181818182,70.2,11.012128264724003,2.7381971855306553,3.283907292877816,16.627695572196913,2.557492588301874,0.046584907093678844,1.2686637826749523,1.5994598476899686,1.340823513763908,13.67813402674343,5.511516670795985,41569348.243855424,28.938816904220946,181.95856204111115,67.56376076580291,9.0,-2.1999999999999993,-0.40000000000000036,0.0,-3.799999999999999,0.0,0.0,-0.19760000000000022,0.05071639999999977,-0.24659359999999997,1.0544570760299656,-0.6000000000000005,-2.4368317848806598,2.140028131815848,-0.21917804711561795,0.5934879668895845,-3.6423053226791637,0.15462082112596498,-0.0026594577400112715,-0.16202898453386982,-0.15585119257707558,-0.30374763681782024,-0.9209523090941181,-7.0,7.0,2.1999999999999993,0.40000000000000036,0.0,3.799999999999999,0.0,0.0,0.19760000000000022,0.05071639999999977,0.24659359999999997,1.0544570760299656,0.6000000000000005,0.15585119257707558,0.16202898453386982,2.4368317848806598,2.140028131815848,0.30374763681782024,0.9209523090941181,0.5934879668895845,3.6423053226791637,0.15462082112596498,0.0026594577400112715,1.0,6.123233995736766e-17,-0.7818314824680299,0.6234898018587334,-0.7071067811865471,-0.7071067811865479,26,17,11,4,10,10,0,15,2
A,2026-03-02,20:00,4645822.0,A,Real Madrid,418.0,Álvaro Arbeloa,4-2-3-1,250000000.0,26.518822724161534,183.45454545454547,547.0,13.4,5.2,6.8,9.8,1.8,0.0,1.8864600000000002,2.01043,1.4158066,11.31604743083004,10.8,296600000.0,25.18195507435754,184.0727272727273,479.2,14.32416822187001,5.683358656666816,6.584075803842137,10.173347900330434,2.1992320273117616,0.026841166670458116,1.8377331804026076,2.2105437021302645,1.7050694996537175,11.282173380355161,8.655560201791543,281393759.88017154,25.742809504547704,183.88392233077784,504.73781922136686,2.0,Getafe,3709.0,José Bordalás,5-4-1,33500000.0,29.07298861302968,184.54545454545453,22.0,9.0,2.8,3.4,15.4,2.4,0.2,1.3366400000000003,1.0525630000000001,0.7552524,15.642971711278573,2.8,33900000.0,29.275788687698338,183.94545454545454,111.6,8.530766736890792,2.9003047890542497,3.231082532661668,13.471148151895306,2.143667869696904,0.34014683940321694,1.2765694150260185,0.9070903344061573,0.6221357950494139,18.48021848999312,2.322605691404886,33253729.421826232,29.415607698910225,183.87824137340422,110.9410233319066,14.0,4.4,2.4000000000000004,3.4,-5.6,-0.5999999999999999,-0.2,0.54982,0.9578669999999998,0.6605542,4.326924280448534,8.0,5.793401484979219,7.19804510963796,2.7830538676125665,3.3529932711804693,-3.2978002515648726,0.05556415761485756,-0.31330567273275883,0.5611637653765891,1.3034533677241074,1.0829337046043035,6.3329545103866565,12.0,12.0,4.4,2.4000000000000004,3.4,5.6,0.5999999999999999,0.2,0.54982,0.9578669999999998,0.6605542,4.326924280448534,8.0,1.3034533677241074,0.5611637653765891,5.793401484979219,7.19804510963796,1.0829337046043035,6.3329545103866565,3.3529932711804693,3.2978002515648726,0.05556415761485756,0.31330567273275883,1.0,6.123233995736766e-17,0.0,1.0,-0.8660254037844386,0.5000000000000001,20,10,83,39,10,24,21,20,0
H,2026-03-04,18:00,4645815.0,H,Rayo Vallecano,367.0,Iñigo Pérez,4-2-3-1,38500000.0,29.40949536432083,179.0909090909091,104.0,12.4,5.4,4.4,12.2,3.2,0.4,1.3951799999999999,1.4310327999999999,1.4310328,10.386050401715362,5.8,25620000.0,29.30754775682907,179.25454545454545,83.6,13.316730379426252,5.575997727106,4.798880980587817,11.39100876649511,2.7618542578691865,0.2792656841240819,1.5858225084661115,1.4851834247658342,1.4634168463070314,9.862964768689304,5.1735129731338265,25757227.742805492,29.267143570985457,179.32877206638742,84.61940105336795,12.0,Real Oviedo,2497.0,Guillermo Almada,4-2-3-1,15000000.0,27.81332835542281,182.36363636363637,54.0,11.4,4.0,4.2,13.8,1.6,0.0,1.163,1.1730394,1.1730394,13.229503968253969,2.0,16880000.0,27.65811710534503,182.36363636363637,74.0,12.733177765219631,4.589428883716152,5.469940475414255,13.28406665173792,1.8098380933803833,0.04262398575070309,1.2822532326414087,1.3550615020302188,1.3544809621737148,12.929099427806861,2.8148489142729716,15685312.35646232,27.718666324561905,182.4494093459428,79.84952858044814,20.0,1.0,1.4000000000000004,0.20000000000000018,-1.6000000000000014,1.6,0.4,0.23217999999999983,0.25799339999999993,0.25799340000000015,2.8434535665386065,3.8,0.5835526142066207,3.066134659117557,0.9865688433898487,-0.6710594948264381,-1.8930578852428095,0.9520161644888032,0.23664169837337884,0.30356927582470283,0.1301219227356154,0.10893588413331656,2.358664058860855,8.0,8.0,1.0,1.4000000000000004,0.20000000000000018,1.6000000000000014,1.6,0.4,0.23217999999999983,0.25799339999999993,0.25799340000000015,2.8434535665386065,3.8,0.1301219227356154,0.30356927582470283,0.5835526142066207,3.066134659117557,0.10893588413331656,2.358664058860855,0.6710594948264381,1.8930578852428095,0.9520161644888032,0.23664169837337884,1.0,6.123233995736766e-17,0.9749279121818236,-0.22252093395631434,-1.0,-1.8369701987210297e-16,18,21,30,25,10,10,18,12,2
A,2026-03-06,20:00,4645954.0,D,Celta Vigo,940.0,Claudio Giráldez,3-4-3,20000000.0,27.11393192707361,182.45454545454547,75.0,12.8,4.4,5.0,10.6,1.4,0.0,1.8556000000000004,1.7486134,1.4513034,15.45021848739496,7.4,20300000.0,26.20392010453612,182.2,77.4,12.543783770885986,5.097721300006954,5.387382344821783,10.03780073910911,1.4942705493569337,0.00034093140669332744,1.7367745077515488,1.75269985656632,1.4668711065420876,15.106539593943289,7.2267327469216065,21450246.134142987,26.08261410260931,181.41892877172435,77.43965233837102,6.0,Real Madrid,418.0,Álvaro Arbeloa,4-4-2,190000000.0,26.692551801381367,182.1818181818182,453.0,14.2,5.8,7.6,10.0,2.4,0.2,2.00164,2.090566,1.6445979999999998,10.102775119617224,10.8,268600000.0,25.657445087424556,183.92727272727274,499.4,15.549445481246673,6.122239104444543,7.722717202561424,10.44889860022029,2.799488018207841,0.35122744444697207,2.056888786935072,2.147942468086843,1.8109596664358119,8.977589271113967,9.437040134527695,270929173.2534477,26.001480577752314,183.74079670536705,518.8252128142445,2.0,-1.3999999999999986,-1.3999999999999995,-2.5999999999999996,0.5999999999999996,-1.0,-0.2,-0.14603999999999973,-0.34195259999999994,-0.19329459999999976,-5.3474433677777355,-3.4000000000000004,-3.0056617103606875,-6.128950322829322,-1.0245178044375889,-2.3353348577396407,-0.41109786111117863,-1.3052174688509075,-0.35088651304027874,-0.3201142791835232,-0.395242611520523,-0.3440885598937242,-2.210307387606089,-4.0,4.0,1.3999999999999986,1.3999999999999995,2.5999999999999996,0.5999999999999996,1.0,0.2,0.14603999999999973,0.34195259999999994,0.19329459999999976,5.3474433677777355,3.4000000000000004,0.395242611520523,0.3201142791835232,3.0056617103606875,6.128950322829322,0.3440885598937242,2.210307387606089,2.3353348577396407,0.41109786111117863,1.3052174688509075,0.35088651304027874,1.0,6.123233995736766e-17,-0.433883739117558,-0.9009688679024191,-0.8660254037844386,0.5000000000000001,6,20,12,83,3,18,27,21,0
D,2026-03-07,13:00,4645950.0,A,Osasuna,331.0,Alessio Lisci,4-2-3-1,39400000.0,29.419700080891047,182.63636363636363,64.0,10.0,2.2,3.8,15.8,2.6,0.0,1.05748,1.3042904,1.1556343999999998,12.831815856777492,5.0,39840000.0,28.993242486466308,181.6,69.0,10.008085509816002,1.8254647903537702,3.5226048619185435,15.418463714797943,2.7049950588679166,0.03105660472911923,0.9700425217833016,1.1526838984599792,0.9802596758426053,12.499708398781335,5.007677780530657,37846232.16257028,29.062689584457917,181.9420716637711,67.04250717720194,10.0,Mallorca,237.0,Martín Demichelis,4-3-1-2,40500000.0,28.654346338124572,183.27272727272728,181.0,8.2,3.0,3.8,11.4,2.0,0.0,0.92158,1.11211242,0.9634564200000002,17.34978354978355,3.4,41440000.0,28.222313483915126,183.3272727272727,164.6,7.233596608738476,2.119695207026331,3.465434316346889,9.843696773303842,2.030817060749986,0.0002519619490923933,0.8012538838625639,0.8401469767069792,0.7290495556189521,19.993914495853637,3.321426777056054,41528411.65396386,28.39279461193333,183.38054972747378,157.53818679304672,18.0,1.8000000000000007,-0.7999999999999998,0.0,4.4,0.6000000000000001,0.0,0.13590000000000002,0.19217797999999986,0.19217797999999964,4.517967693006057,1.6,2.774488901077526,7.494206097072302,-0.29423041667256067,0.057170545571654685,5.574766941494101,0.6741779981179308,0.030804642780026835,0.16878863792073773,0.31253692175299996,0.2512101202236532,1.6862510034746032,8.0,8.0,1.8000000000000007,0.7999999999999998,0.0,4.4,0.6000000000000001,0.0,0.13590000000000002,0.19217797999999986,0.19217797999999964,4.517967693006057,1.6,0.31253692175299996,0.16878863792073773,2.774488901077526,7.494206097072302,0.2512101202236532,1.6862510034746032,0.057170545571654685,5.574766941494101,0.6741779981179308,0.030804642780026835,1.0,6.123233995736766e-17,-0.9749279121818236,-0.2225209339563146,-0.2588190451025208,-0.9659258262890683,17,16,4,53,10,12,15,11,1
D,2026-03-07,15:15,4645949.0,D,Levante,3368.0,Luís Castro,4-4-2,6000000.0,25.3385601393815,180.36363636363637,143.0,11.6,3.0,5.0,11.6,1.8,0.4,0.9770800000000002,1.2444204000000003,1.2444204000000003,13.499047619047621,5.4,6200000.0,25.59639599278203,179.5509090909091,148.8,13.843354440600635,3.3849168378574426,6.181967596878451,12.118787891353321,1.6231290223574184,0.16537030089343183,1.2224463581222114,1.5338520870366403,1.5288866892882105,13.150488894574472,5.830731698497836,6496003.412517592,25.571436664900645,179.38126872108674,147.8642955249813,19.0,Girona,12321.0,Míchel,4-2-3-1,76800000.0,27.590566859560703,179.8181818181818,367.0,12.4,5.6,6.0,10.8,1.8,0.2,1.6283400000000001,1.9566890000000001,1.808033,12.647349709114417,7.8,93340000.0,27.782216414659946,180.23636363636365,327.4,12.491901309200903,5.938241351203087,6.506469228549551,9.90419143552452,2.099509063707678,0.1682553504858435,1.6923608498711353,1.8752517348069475,1.7473515206346486,13.764679046974138,7.501846660347073,92462777.92083395,27.873960085753925,180.52665877139043,341.6636000037914,14.0,-0.8000000000000007,-2.5999999999999996,-1.0,0.7999999999999989,0.0,0.2,-0.65126,-0.7122685999999998,-0.5636125999999997,-0.851697909933204,-2.3999999999999995,1.3514531313997313,0.6141901523996651,-2.553324513345644,-0.3245016316711,2.2145964558288007,-0.4763800413502597,-0.002885049592411676,-0.46991449174892397,-0.3413996477703072,-0.21846483134643813,-1.671114961849237,-5.0,5.0,0.8000000000000007,2.5999999999999996,1.0,0.7999999999999989,0.0,0.2,0.65126,0.7122685999999998,0.5636125999999997,0.851697909933204,2.3999999999999995,0.3413996477703072,0.46991449174892397,1.3514531313997313,0.6141901523996651,0.21846483134643813,1.671114961849237,0.3245016316711,2.2145964558288007,0.4763800413502597,0.002885049592411676,1.0,6.123233995736766e-17,-0.9749279121818236,-0.2225209339563146,-0.7071067811865471,-0.7071067811865479,15,11,49,56,18,10,16,3,1
H,2026-03-07,17:30,4645953.0,D,Atletico Madrid,13.0,Diego Simeone,4-4-2,199000000.0,27.812581668844505,181.27272727272728,526.0,11.8,4.4,6.0,10.2,1.8,0.0,1.26992,1.2265348,1.2265347999999998,11.123390436876505,8.2,167800000.0,27.545188227241614,182.19454545454545,445.0,13.046681460916417,4.310996322530063,5.394194407715088,9.225479342564755,1.6821341411694057,0.00029250702198215585,1.3571582259564385,1.4307937555359116,1.430065414714125,10.97862203219369,8.346565120457422,169601410.9331642,27.442749783521894,182.22884079922142,447.5779506195657,3.0,Real Sociedad,681.0,Pellegrino Matarazzo,4-2-3-1,98000000.0,25.3305954825462,182.36363636363637,161.0,12.0,4.4,5.0,14.4,1.4,0.2,1.59278,1.7444844000000004,1.5958544000000001,11.353230707487672,3.6,84560000.0,26.47790429967021,181.07272727272726,172.4,12.443031851809389,4.261158612753721,5.774891351864146,15.421213012740234,1.6310054258593976,0.1390033288577619,1.5414652444642023,1.6752148873717585,1.5312278224169023,10.696882169548417,3.896134445276069,86082148.85406147,26.518227162568166,181.18318583784563,184.7728444809401,8.0,-0.1999999999999993,0.0,1.0,-4.200000000000001,0.40000000000000013,-0.2,-0.32286000000000015,-0.5179496000000003,-0.3693196000000003,0.22984027061116663,4.6,0.6036496091070287,-0.2817398626452725,0.04983770977634272,-0.38069694414905797,-6.195733670175478,0.05112871531000818,-0.13871082183577974,-0.18430701850776376,-0.2444211318358469,-0.10116240770277729,4.450430675181353,5.0,5.0,0.1999999999999993,0.0,1.0,4.200000000000001,0.40000000000000013,0.2,0.32286000000000015,0.5179496000000003,0.3693196000000003,0.22984027061116663,4.6,0.2444211318358469,0.18430701850776376,0.6036496091070287,0.2817398626452725,0.10116240770277729,4.450430675181353,0.38069694414905797,6.195733670175478,0.05112871531000818,0.13871082183577974,1.0,6.123233995736766e-17,-0.9749279121818236,-0.2225209339563146,-0.9659258262890683,-0.25881904510252063,3,22,16,61,18,10,5,25,2
A,2026-03-07,20:00,4645952.0,D,Athletic Club,621.0,Ernesto Valverde,4-2-3-1,3000000.0,26.34185800510236,183.63636363636363,147.0,16.0,5.0,4.2,17.2,3.0,0.0,1.7064599999999999,1.7370322000000002,1.4397464000000002,7.2893234940009135,5.4,55200000.0,28.315201294256735,183.54545454545456,144.2,14.165721163251506,4.733719290346173,4.275813912688739,16.881105851659743,2.943210257870548,0.060336937477009626,1.5754505414379185,1.6486266968430927,1.366719724516364,7.497349245974919,5.363747593394391,55352073.90520424,28.476250468036852,183.6257759184928,144.09304100979298,9.0,Barcelona,131.0,Hansi Flick,4-2-3-1,70000000.0,24.275278451869827,183.54545454545453,302.0,24.4,7.2,8.6,9.0,1.4,0.0,2.45448,4.016034,3.86738,6.954820352518562,15.0,74000000.0,25.0099184867152,181.8181818181818,354.2,22.01710907770102,7.413819053491241,7.801213057650217,9.685328520318507,1.6485935684654667,0.0016493293773638992,2.485312199835965,3.6378597959611465,3.5098720416605365,6.216456327550229,14.294571016015723,70525623.27080442,24.932286122700145,182.05978641446254,347.21820432915746,1.0,-8.399999999999999,-2.2,-4.3999999999999995,8.2,1.6,0.0,-0.7480200000000004,-2.2790018,-2.4276335999999996,-0.33450314148235183,-9.6,-7.8513879144495125,-1.2808929184246907,-2.6800997631450683,-3.5253991449614777,7.195777331341237,1.2946166894050815,0.058687608099645724,-0.9098616583980466,-1.9892330991180538,-2.1431523171441724,-8.930823422621334,-8.0,8.0,8.399999999999999,2.2,4.3999999999999995,8.2,1.6,0.0,0.7480200000000004,2.2790018,2.4276335999999996,0.33450314148235183,9.6,1.9892330991180538,0.9098616583980466,7.8513879144495125,1.2808929184246907,2.1431523171441724,8.930823422621334,3.5253991449614777,7.195777331341237,1.2946166894050815,0.058687608099645724,1.0,6.123233995736766e-17,-0.9749279121818236,-0.2225209339563146,-0.8660254037844386,0.5000000000000001,2,4,19,27,10,10,24,6,0
H,2026-03-08,13:00,4645958.0,H,Villarreal,1050.0,Marcelino,4-4-2,95000000.0,25.702196503017856,184.54545454545453,225.0,10.2,3.4,3.6,14.2,2.6,0.0,1.4427400000000001,1.7304275999999998,1.5817736000000002,14.572670807453415,6.8,95900000.0,26.145130981270608,184.27272727272728,188.6,9.422478781558235,3.1665736266879043,3.2201799135494276,11.967168605213999,2.147028976530519,0.025516280922751256,1.1773010753225395,1.698499446973421,1.5003243818862408,17.51958507913677,6.681120887821315,103436240.17050807,26.259937696560517,184.10763872183202,179.9459233141255,4.0,Elche,1531.0,Eder Sarabia,3-5-2 flat,11500000.0,26.877978968328044,183.54545454545453,32.0,11.2,4.8,4.0,11.8,2.4,0.0,1.111,1.3732606,1.07594902,9.216619981325863,6.0,12280000.0,27.581855516147094,182.4,82.2,11.496158606285048,5.308231619833421,3.806607177374293,12.008255791853978,2.174285895837854,0.0019385794874787218,1.2620207652787019,1.4329023443866238,1.019857710454367,8.039936715139083,4.909123691959533,11742180.418415701,28.012010739448527,182.3456436882557,72.40269817569582,17.0,-1.0,-1.4,-0.3999999999999999,2.3999999999999986,0.20000000000000018,0.0,0.33174000000000015,0.3571669999999998,0.5058245800000003,-5.356050826127552,0.7999999999999998,-2.0736798247268133,-9.479648363997688,-2.141657993145517,-0.5864272638248655,-0.04108718663997912,-0.027256919307335092,0.023577701435272533,-0.08471968995616241,0.26559710258679714,0.48046667143187394,1.7719971958617817,13.0,13.0,1.0,1.4,0.3999999999999999,2.3999999999999986,0.20000000000000018,0.0,0.33174000000000015,0.3571669999999998,0.5058245800000003,5.356050826127552,0.7999999999999998,0.26559710258679714,0.08471968995616241,2.0736798247268133,9.479648363997688,0.48046667143187394,1.7719971958617817,0.5864272638248655,0.04108718663997912,0.027256919307335092,0.023577701435272533,1.0,6.123233995736766e-17,-0.7818314824680299,0.6234898018587334,-0.2588190451025208,-0.9659258262890683,27,8,52,17,18,7,1,8,2
D,2026-03-08,17:30,4645951.0,H,Sevilla,368.0,Matías Almeyda,4-4-2 double 6,31500000.0,28.366125318897392,184.72727272727272,436.0,10.0,3.4,3.6,14.6,2.6,0.4,0.60044,0.6990038,0.6990038000000001,9.761207180500659,5.8,44400000.0,28.001144919420074,184.01818181818183,299.4,10.475292689294944,3.9312715096458413,3.2085895463674334,15.453849101540518,2.631906650785813,0.3075490701408368,0.7647698379294443,0.7104535190104552,0.6441473288443395,10.292900601266725,6.065104880613172,43967844.4545408,28.157997433103247,184.12343414694374,344.06033313292073,13.0,Rayo Vallecano,367.0,Iñigo Pérez,4-2-3-1,25900000.0,28.947794163399916,180.36363636363637,71.0,14.0,6.0,6.0,11.8,2.8,0.4,1.74082,1.807292,1.658636,11.330747371412333,6.0,29020000.0,29.113110571837474,179.49090909090907,93.6,15.21115358628417,6.050665151404,7.199253987058545,10.927339177663407,1.841236171912791,0.18617712274938794,1.8765483389774076,1.8404089498438896,1.578137897538021,9.589198734681759,6.115675315422551,30004818.495203663,29.314594168763914,179.24948440789464,91.07960070224529,14.0,-4.0,-2.6,-2.4,2.799999999999999,-0.19999999999999973,0.0,-1.14038,-1.1082882,-0.9596321999999999,1.569540190911674,-0.20000000000000018,-4.735860896989225,-0.7037018665849661,-2.1193936417581587,-3.9906644406911114,4.526509923877111,0.7906704788730221,0.12137194739144888,-1.1117785010479633,-1.1299554308334345,-0.9339905686936815,-0.050570434809378284,1.0,1.0,4.0,2.6,2.4,2.799999999999999,0.19999999999999973,0.0,1.14038,1.1082882,0.9596321999999999,1.569540190911674,0.20000000000000018,1.1299554308334345,1.1117785010479633,4.735860896989225,0.7037018665849661,0.9339905686936815,0.050570434809378284,3.9906644406911114,4.526509923877111,0.7906704788730221,0.12137194739144888,1.0,6.123233995736766e-17,-0.7818314824680299,0.6234898018587334,-0.9659258262890683,-0.25881904510252063,25,18,54,30,20,10,19,18,1
H,2026-03-08,15:15,4645957.0,H,Getafe,3709.0,José Bordalás,5-4-1,33900000.0,29.62454109887375,184.54545454545453,111.0,9.2,3.0,3.0,15.8,3.0,0.4,1.1180800000000002,0.9260478000000001,0.6287372,15.771543139850005,2.6,33820000.0,29.27862609669591,184.14545454545453,93.6,8.687177824593862,2.9335365260361663,2.8207216884411124,14.647432101263538,3.429111913131269,0.560097892935478,0.9652796100173457,0.7635015562707715,0.5735318633662759,17.709034548884304,2.548403794269924,33335819.614550818,29.30140133695004,184.10064576408766,81.2940155546044,11.0,Real Betis,150.0,Manuel Pellegrini,4-3-3 Attacking,39500000.0,27.303341422437935,179.9090909090909,86.0,12.4,3.8,3.2,10.8,2.2,0.0,1.92472,1.7353936,1.5867396,34.43553997726411,5.0,58240000.0,29.15298363511916,180.92727272727274,257.2,12.445938052812735,3.739249367331949,3.456356340107,11.392840772826284,2.640957975188208,0.001712796738184065,1.9638596064961973,1.7388537436641283,1.687046591295607,25.325841193645413,5.425234106331916,59802720.06319356,28.90088834172909,180.72505271996613,241.20160516605574,5.0,-3.200000000000001,-0.7999999999999998,-0.20000000000000018,5.0,0.7999999999999998,0.4,-0.8066399999999998,-0.8093458,-0.9580024,18.66399683741411,-2.4,-3.7587602282188737,7.616806644761109,-0.8057128412957826,-0.6356346516658875,3.254591328437254,0.7881539379430609,0.5583850961972939,-0.9985799964788515,-0.9753521873933567,-1.113514727929331,-2.8768303120619922,-6.0,6.0,3.200000000000001,0.7999999999999998,0.20000000000000018,5.0,0.7999999999999998,0.4,0.8066399999999998,0.8093458,0.9580024,18.66399683741411,2.4,0.9753521873933567,0.9985799964788515,3.7587602282188737,7.616806644761109,1.113514727929331,2.8768303120619922,0.6356346516658875,3.254591328437254,0.7881539379430609,0.5583850961972939,1.0,6.123233995736766e-17,-0.7818314824680299,0.6234898018587334,-0.7071067811865471,-0.7071067811865479,10,19,39,51,24,15,20,7,2
H,2026-03-08,20:00,4645956.0,A,Valencia,1049.0,Carlos Corberán,4-3-3 Attacking,24000000.0,28.688693920726777,181.45454545454547,216.0,9.8,2.0,4.2,12.6,2.8,0.0,1.23122,1.2851424,0.8391772,12.149985791418015,4.8,21240000.0,28.491867338684585,181.54545454545456,174.0,10.38353098656223,2.012679425610025,4.251596839844933,13.3235934996785,2.8080756062852266,0.02928363290244505,1.5397231987607214,1.3993257700752622,0.8805452512973918,10.761515041062834,4.393709574467912,23887889.221655976,28.386041140496385,181.69442542949173,181.31507787467285,15.0,Alaves,1108.0,Quique Sánchez Flores,4-4-2 double 6,27500000.0,28.363885259162466,181.63636363636363,41.0,14.0,5.2,4.8,16.4,2.2,0.2,1.5586200000000003,1.8318160000000003,1.8318159999999999,7.321678408107775,5.8,29000000.0,27.574537987679673,180.98181818181817,35.0,14.984468689605947,5.424397895189114,5.436396541763585,15.901391878401745,2.922682194987782,0.3471014188542075,1.2507760792115734,1.6767470591891032,1.6736292926928094,8.373256863235442,5.883079995753678,29392087.26888621,27.590491638629317,180.97656218521425,33.811508357336656,16.0,-4.199999999999999,-3.2,-0.5999999999999996,-3.799999999999999,0.5999999999999996,-0.2,-0.32740000000000036,-0.5466736000000003,-0.9926387999999999,-4.82830738331024,-1.0,-4.6009377030437175,-2.3882581778273924,-3.411718469579089,-1.184799701918652,-2.5777983787232444,-0.11460658870255536,-0.3178177859517624,0.288947119549148,-0.277421289113841,-0.7930840413954175,-1.4893704212857664,1.0,1.0,4.199999999999999,3.2,0.5999999999999996,3.799999999999999,0.5999999999999996,0.2,0.32740000000000036,0.5466736000000003,0.9926387999999999,4.82830738331024,1.0,0.277421289113841,0.288947119549148,4.6009377030437175,2.3882581778273924,0.7930840413954175,1.4893704212857664,1.184799701918652,2.5777983787232444,0.11460658870255536,0.3178177859517624,1.0,6.123233995736766e-17,-0.7818314824680299,0.6234898018587334,-0.8660254037844386,0.5000000000000001,26,0,11,64,15,20,0,2,2
D,2026-03-09,20:00,4645955.0,D,Espanyol,714.0,Manolo González,4-2-3-1,28000000.0,27.398170617883146,182.1818181818182,29.0,9.0,2.8,3.6,13.6,2.2,0.2,0.6155199999999998,0.9965649999999998,0.996565,14.73917748917749,3.4,21520000.0,28.035343164706614,182.41818181818184,36.2,9.570550865403824,3.1919503790581616,3.03950526914662,14.895603919181246,3.1203776350995085,0.3372354703634584,0.5721002736837368,1.0298264262811647,1.0267397514188255,15.609726215712357,3.5315064972607764,22550256.943303984,28.079347692607712,182.1807351926404,34.20072630236297,7.0,Real Oviedo,2497.0,Guillermo Almada,4-2-3-1,16600000.0,27.618443158484226,183.72727272727272,51.0,10.6,3.8,4.4,11.6,1.6,0.0,1.1979000000000002,1.2778626000000002,1.2778626000000002,12.67708850931677,3.2,16880000.0,27.696795470101428,182.52727272727273,73.8,11.15541018817735,3.7262631336770653,4.313263112352813,12.18934886572266,1.8732270691458122,0.028415615379333587,0.9824609068182235,1.240211302478607,1.2398242810167648,11.633858175954495,3.8765939744245284,15456868.87307616,27.750221167941508,182.4208175969779,71.23279155955022,20.0,-1.5999999999999996,-1.0,-0.8000000000000003,2.0,0.6000000000000001,0.2,-0.5823800000000003,-0.28129760000000037,-0.28129760000000015,-2.06208897986072,0.19999999999999973,-1.5848593227735268,-3.975868039757861,-0.5343127546189037,-1.2737578432061936,2.7062550534585856,1.2471505659536963,0.30881985498412484,-0.4103606331344867,-0.21038487619744228,-0.21308452959793933,-0.345087477163752,13.0,13.0,1.5999999999999996,1.0,0.8000000000000003,2.0,0.6000000000000001,0.2,0.5823800000000003,0.28129760000000037,0.28129760000000015,2.06208897986072,0.19999999999999973,0.21038487619744228,0.4103606331344867,1.5848593227735268,3.975868039757861,0.21308452959793933,0.345087477163752,1.2737578432061936,2.7062550534585856,1.2471505659536963,0.30881985498412484,1.0,6.123233995736766e-17,0.0,1.0,-0.8660254037844386,0.5000000000000001,9,21,50,25,10,10,26,12,1
D,2026-03-13,20:00,4645922.0,H,Alaves,1108.0,Quique Sánchez Flores,5-3-2,29500000.0,27.257793541161096,180.36363636363637,22.0,13.8,4.6,4.8,16.8,3.2,0.6,1.4102000000000003,1.8889100000000003,1.7402548,7.4790117414411075,5.4,29000000.0,27.732437309439366,181.09090909090907,35.0,13.322979126403965,4.949598596792742,4.29093102784239,16.267594585601163,3.9484547966585217,0.8980676125694717,1.0754507194743823,1.6538147061260686,1.403977528461873,9.288837908823629,5.255386663835785,28761391.512590807,27.848289512140365,181.19649600226407,36.20767223822444,16.0,Villarreal,1050.0,Marcelino,4-4-2,67500000.0,26.395370543214487,185.72727272727272,212.0,11.4,4.2,3.4,12.8,2.2,0.0,1.40914,1.8838415999999998,1.7351876000000002,15.790977443609023,8.8,93300000.0,26.04577188725033,184.4,188.0,11.614985854372156,4.444382417791936,3.480119942366285,11.644779070142667,1.7646859843536793,0.017010853948500836,1.404100716881693,1.9011062979822804,1.7689895879241604,17.521828649249077,9.78741392521421,100624160.11367206,26.074023965379627,184.2535773297062,194.96394887608366,4.0,2.4000000000000004,0.39999999999999947,1.4,4.0,1.0,0.6,0.001060000000000283,0.005068400000000528,0.005067199999999827,8.311965702167916,-3.4000000000000004,1.7079932720318087,8.232990740425448,0.5052161790008061,0.810811085476105,4.6228155154584964,2.1837688123048427,0.8810567586209708,-0.3286499974073107,-0.24729159185621175,-0.36501205946228743,-4.532027261378425,-12.0,12.0,2.4000000000000004,0.39999999999999947,1.4,4.0,1.0,0.6,0.001060000000000283,0.005068400000000528,0.005067199999999827,8.311965702167916,3.4000000000000004,0.24729159185621175,0.3286499974073107,1.7079932720318087,8.232990740425448,0.36501205946228743,4.532027261378425,0.810811085476105,4.6228155154584964,2.1837688123048427,0.8810567586209708,1.0,6.123233995736766e-17,-0.433883739117558,-0.9009688679024191,-0.8660254037844386,0.5000000000000001,0,27,64,52,23,18,2,1,1
H,2026-03-14,20:00,4645919.0,H,Real Madrid,418.0,Álvaro Arbeloa,4-4-2,185000000.0,26.95837222325929,182.36363636363637,471.0,13.8,5.2,7.0,11.2,2.4,0.2,1.7553800000000002,1.7576788,1.4603668,9.93848940533151,8.2,240600000.0,26.106004604567232,183.4909090909091,493.8,15.032963654164448,5.0814927362963624,7.148478135040949,10.96593240014686,2.532992012138561,0.23415162963131472,1.7101258579567145,1.6445096453912287,1.4198544442905412,9.711249990266454,9.29136008968513,243952782.16896513,26.23183765229533,183.22113719751744,496.88347520949634,2.0,Elche,1531.0,Eder Sarabia,5-3-2,12500000.0,26.501151141808226,182.63636363636363,98.0,12.0,5.4,4.8,12.0,2.4,0.0,1.29478,1.5295626000000002,1.23225102,7.321814786520669,6.2,11980000.0,27.847576379814576,182.74545454545455,70.4,11.9974390708567,5.5388210798889475,4.537738118249528,13.338837194569317,2.116190597225236,0.0012923863249858145,1.1485805101858013,1.4954382295910824,1.2200751403029113,7.383767333902246,5.606082461306355,11661453.612277135,27.634000149075035,182.74558064065533,58.93513211713054,17.0,1.8000000000000007,-0.20000000000000018,2.2,-0.8000000000000007,0.0,0.2,0.4606000000000001,0.22811619999999988,0.22811578,-2.6166746188108405,1.9999999999999991,3.0355245833077475,-2.327482656364208,-0.457328343592585,2.6107400167914205,-2.372904794422457,0.416801414913325,0.2328592433063289,0.5615453477709131,0.14907141580014627,0.19977930398762989,3.685277628378775,15.0,15.0,1.8000000000000007,0.20000000000000018,2.2,0.8000000000000007,0.0,0.2,0.4606000000000001,0.22811619999999988,0.22811578,2.6166746188108405,1.9999999999999991,0.14907141580014627,0.5615453477709131,3.0355245833077475,2.327482656364208,0.19977930398762989,3.685277628378775,2.6107400167914205,2.372904794422457,0.416801414913325,0.2328592433063289,1.0,6.123233995736766e-17,-0.9749279121818236,-0.2225209339563146,-0.8660254037844386,0.5000000000000001,20,8,83,17,18,23,21,8,2
H,2026-03-14,13:00,4645928.0,H,Girona,12321.0,Míchel,4-2-3-1,59800000.0,27.572148590629084,181.0,411.0,15.0,6.4,5.8,9.4,2.0,0.2,1.9335999999999998,2.207244,2.058588,13.411722178750045,8.2,89720000.0,27.726613154128557,180.5090909090909,344.6,15.66126753946727,5.625494234135391,5.337646152366368,9.60279429034968,2.0663393758051187,0.112170233657229,1.8667405665807568,1.8891678232046318,1.8039010137564324,12.193996557631882,8.001231106898048,87241851.94722264,27.77949567702285,180.29049978698754,350.1090666691942,15.0,Athletic Club,621.0,Ernesto Valverde,4-2-3-1,48500000.0,29.101611598531516,181.72727272727272,160.0,14.2,4.8,3.4,16.6,2.6,0.0,1.9296,1.7676773999999997,1.4703916,9.313609208286628,5.2,41200000.0,28.280555037023213,183.6,153.8,12.777147442167669,4.155812860230782,3.517209275125826,14.920737234439828,2.6288068385803656,0.04022462498467309,1.6743670276252791,1.448077797895395,1.2601398163442428,10.605375687792803,5.24249839559626,37901382.60346949,27.764786313725352,183.62930515778308,145.062027339862,10.0,0.8000000000000007,1.6000000000000005,2.4,-7.200000000000001,-0.6000000000000001,0.2,0.0039999999999997815,0.4395666000000005,0.5881964,-4.098112970463417,2.999999999999999,2.8841200972996006,-1.5886208698390796,1.469681373904609,1.820436877240542,-5.317942944090149,-0.5624674627752468,0.07194560867255592,0.1923735389554777,0.4410900253092369,0.5437611974121896,2.7587327113017883,-5.0,5.0,0.8000000000000007,1.6000000000000005,2.4,7.200000000000001,0.6000000000000001,0.2,0.0039999999999997815,0.4395666000000005,0.5881964,4.098112970463417,2.999999999999999,0.4410900253092369,0.1923735389554777,2.8841200972996006,1.5886208698390796,0.5437611974121896,2.7587327113017883,1.820436877240542,5.317942944090149,0.5624674627752468,0.07194560867255592,1.0,6.123233995736766e-17,-0.9749279121818236,-0.2225209339563146,-0.2588190451025208,-0.9659258262890683,11,2,56,19,10,10,3,24,2
H,2026-03-14,15:15,4645924.0,H,Atletico Madrid,13.0,Diego Simeone,3-5-2 flat,62000000.0,27.903179640345964,181.63636363636363,412.0,14.6,5.4,6.2,9.0,1.8,0.0,1.55566,1.8194222,1.8194222,11.343680291948969,11.4,173800000.0,27.56156555285919,181.72181818181815,473.6,16.697787640610944,5.873997548353375,6.262796271810058,8.150319561709837,1.454756094112937,0.00019500468132143723,1.8774721506376257,2.1471025036906077,2.14661694314275,11.130675557694344,13.897710080304947,179400940.6221095,27.566027078629432,181.91013629039003,473.71863374637707,3.0,Getafe,3709.0,José Bordalás,5-3-2,33900000.0,29.64096820359654,184.54545454545453,111.0,9.2,3.6,2.6,16.4,3.4,0.4,1.0107400000000002,0.9902922000000001,0.6929816,16.590402788972813,3.4,33820000.0,29.388488581917738,184.34545454545454,93.4,8.791451883062575,3.6223576840241107,2.8804811256274085,16.098288067509028,3.2860746087541792,0.37339859529031866,0.9589864066782305,0.7826970375138478,0.6560505755775173,17.82356689223866,3.698935862846616,33523879.743033875,29.409114590924606,184.24891535787663,91.19601036973627,9.0,5.4,1.8000000000000003,3.6,-7.399999999999999,-1.5999999999999999,-0.4,0.5449199999999998,0.8291299999999999,1.1264406,5.246722497023844,8.0,7.906335757548369,6.692891334544315,2.2516398643292646,3.3823151461826493,-7.9479685057991905,-1.8313185146412423,-0.3732035906089972,0.9184857439593952,1.36440546617676,1.4905663675652328,10.19877421745833,6.0,6.0,5.4,1.8000000000000003,3.6,7.399999999999999,1.5999999999999999,0.4,0.5449199999999998,0.8291299999999999,1.1264406,5.246722497023844,8.0,1.36440546617676,0.9184857439593952,7.906335757548369,6.692891334544315,1.4905663675652328,10.19877421745833,3.3823151461826493,7.9479685057991905,1.8313185146412423,0.3732035906089972,1.0,6.123233995736766e-17,-0.9749279121818236,-0.2225209339563146,-0.7071067811865471,-0.7071067811865479,3,10,16,39,7,23,5,20,2
H,2026-03-14,17:30,4645927.0,H,Real Oviedo,2497.0,Guillermo Almada,4-2-3-1,8100000.0,28.021653910770954,182.0909090909091,84.0,10.2,3.6,3.6,11.8,1.8,0.0,0.9699200000000001,1.2019984000000001,1.2019984000000001,11.458993271221534,3.0,16880000.0,27.69291269989422,182.85454545454544,72.6,9.436909878220762,3.484171161403695,2.8754834352863794,12.459570666641044,1.915485456551461,0.018943576869385997,0.9434399177391687,1.12236846084027,1.122110448803063,12.35909281862657,3.584390839898153,15837919.288898489,27.70629439163627,182.8563103054931,64.48840899885494,20.0,Valencia,1049.0,Carlos Corberán,4-2-3-1,22000000.0,28.405699707547754,181.63636363636363,222.0,10.6,2.8,5.2,11.8,2.2,0.0,1.4155799999999998,1.4111084,0.9651432,11.484488715394624,6.2,22800000.0,28.46802314728393,181.6,187.8,13.255687324374819,4.008452950406683,6.167731226563288,11.882395666452334,2.2053837375234844,0.019522421934963365,1.7119821325071476,1.7717405133835082,1.1781268341982611,10.472588974743644,7.9291397163119415,23925259.481103987,28.48692540057318,181.614465437843,192.87671858311523,12.0,-0.40000000000000036,0.8000000000000003,-1.6,0.0,-0.40000000000000013,0.0,-0.4456599999999997,-0.2091099999999999,0.23685520000000015,0.025495444173090576,-3.2,-3.8187774461540567,-1.8865038438829256,-0.524281789002988,-3.2922477912769086,0.5771750001887099,-0.2898982809720234,-0.0005788450655773679,-0.7685422147679789,-0.6493720525432383,-0.05601638539519804,-4.344748876413789,-8.0,8.0,0.40000000000000036,0.8000000000000003,1.6,0.0,0.40000000000000013,0.0,0.4456599999999997,0.2091099999999999,0.23685520000000015,0.025495444173090576,3.2,0.6493720525432383,0.7685422147679789,3.8187774461540567,1.8865038438829256,0.05601638539519804,4.344748876413789,3.2922477912769086,0.5771750001887099,0.2898982809720234,0.0005788450655773679,1.0,6.123233995736766e-17,-0.9749279121818236,-0.2225209339563146,-0.9659258262890683,-0.25881904510252063,21,26,25,11,10,10,12,0,2
H,2026-03-15,13:00,4645920.0,A,Mallorca,237.0,Martín Demichelis,4-3-1-2,40500000.0,28.67624914442163,183.27272727272728,181.0,7.6,2.4,3.0,10.6,2.8,0.2,0.46421999999999997,0.70975042,0.70975042,18.145238095238096,3.2,41040000.0,28.252031609731812,183.2909090909091,159.6,7.489064405825651,2.746463471350887,2.310289544231259,10.562464515535895,3.020544707166657,0.3335013079660616,0.6282025892417092,0.9039813178046527,0.8299163704126347,17.74594299723576,3.5476178513707026,41185607.76930924,28.479978520663746,183.34460890922495,165.3587911953645,18.0,Espanyol,714.0,Manolo González,4-2-3-1,24000000.0,27.979092775807352,183.0,57.0,12.6,4.0,4.4,14.4,2.8,0.2,0.7385199999999998,1.066557,1.066557,14.110606060606063,4.4,25320000.0,27.881575508680232,182.16363636363639,36.6,15.713700576935883,5.127966919372107,4.693003512764413,16.263735946120832,3.0802517567330057,0.22482364690897227,0.9987668491224913,1.2035242841874432,1.2014665009458836,12.239817477141571,4.687670998173851,24366837.962202657,27.852288667699526,182.181096189033,32.46715086824198,7.0,-5.0,-1.6,-1.4000000000000004,-3.8000000000000007,0.0,0.0,-0.2742999999999999,-0.35680658,-0.35680658,-4.034632034632033,-1.2000000000000002,-8.224636171110232,-5.506125520094187,-2.38150344802122,-2.382713968533154,-5.701271430584937,-0.05970704956634876,0.10867766105708931,-0.370564259880782,-0.29954296638279043,-0.3715501305332489,-1.1400531468031483,-11.0,11.0,5.0,1.6,1.4000000000000004,3.8000000000000007,0.0,0.0,0.2742999999999999,0.35680658,0.35680658,4.034632034632033,1.2000000000000002,0.29954296638279043,0.370564259880782,8.224636171110232,5.506125520094187,0.3715501305332489,1.1400531468031483,2.382713968533154,5.701271430584937,0.05970704956634876,0.10867766105708931,1.0,6.123233995736766e-17,-0.7818314824680299,0.6234898018587334,-0.2588190451025208,-0.9659258262890683,16,9,53,50,12,10,11,26,2
D,2026-03-15,17:30,4645926.0,A,Real Betis,150.0,Manuel Pellegrini,4-2-3-1,41500000.0,28.987368552050274,180.9090909090909,93.0,12.4,4.4,4.2,9.4,2.6,0.0,1.9532399999999999,1.5514516,1.5514515999999998,33.680976082740784,4.8,55140000.0,28.777400286229852,180.6,230.8,12.963958701875157,4.1594995782213,4.970904226738,10.261893848550857,2.427305316792139,0.00114186449212271,1.8867064043307982,1.575609162442752,1.541071060863738,18.5113451094891,4.616822737554611,53035146.708795704,28.36837270196537,180.45306544967437,189.4677367773705,5.0,Celta Vigo,940.0,Claudio Giráldez,5-4-1,14000000.0,26.491444216290212,180.8181818181818,51.0,13.4,5.0,4.6,8.6,1.2,0.0,1.9816600000000004,1.8792968,1.5819868,20.381387318563792,7.0,20300000.0,26.413938149461767,181.7090909090909,77.0,11.029189180590658,4.731814200004636,3.924921563214522,8.025200492739406,1.329513699571289,0.0002272876044622183,1.6982163385010327,1.4718992377108802,1.2813467376947252,22.31345063838644,5.484488497947737,20966830.756095324,26.426386710764078,181.76413433266472,76.62643489224735,6.0,-1.0,-0.5999999999999996,-0.39999999999999947,0.8000000000000007,1.4000000000000001,0.0,-0.028420000000000556,-0.32784520000000006,-0.030535200000000096,-13.299588764176992,-2.2,1.9347695212844993,3.8021055288973393,-0.5723146217833364,1.045982663523478,2.2366933558114503,1.0977916172208497,0.0009145768876604917,0.18849006582976546,0.1037099247318718,0.2597243231690127,-0.8676657603931259,1.0,1.0,1.0,0.5999999999999996,0.39999999999999947,0.8000000000000007,1.4000000000000001,0.0,0.028420000000000556,0.32784520000000006,0.030535200000000096,13.299588764176992,2.2,0.1037099247318718,0.18849006582976546,1.9347695212844993,3.8021055288973393,0.2597243231690127,0.8676657603931259,1.045982663523478,2.2366933558114503,1.0977916172208497,0.0009145768876604917,1.0,6.123233995736766e-17,-0.7818314824680299,0.6234898018587334,-0.9659258262890683,-0.25881904510252063,19,6,51,12,10,24,7,27,1
H,2026-03-15,20:00,4645923.0,H,Real Sociedad,681.0,Pellegrino Matarazzo,4-1-4-1,105000000.0,27.59006906850849,181.0909090909091,199.0,11.6,3.8,4.6,13.6,1.2,0.0,1.2052600000000002,1.4901148000000002,1.3414848000000001,11.62161306042885,4.0,84760000.0,26.354153444091843,181.43636363636364,174.2,10.62868790120626,3.8407724085024806,4.183260901242764,13.614142008493488,1.420670283906265,0.0926688859051746,1.0444434963094682,1.2214539249145056,1.1254625482779348,11.402088113032278,3.930756296850712,90054765.90270765,26.122349935894178,181.57666934644257,176.84856298729338,8.0,Osasuna,331.0,Alessio Lisci,4-2-3-1,54100000.0,28.532636425860243,181.63636363636363,80.0,11.4,2.2,4.2,15.0,2.6,0.2,1.1099,1.4954184000000001,1.3467624,13.085294117647058,6.6,38340000.0,29.041976230477257,181.8909090909091,67.6,14.005390339877335,2.88364319356918,5.015069907945695,13.945642476531964,2.4699967059119445,0.35403773648607945,1.5154283478555344,1.7985592656399862,1.6836097838950703,12.349805599187556,7.005118520353771,38364154.775046855,29.181693083268964,182.17350232130192,66.02833811813463,11.0,0.1999999999999993,1.5999999999999996,0.39999999999999947,-1.4000000000000004,-1.4000000000000001,-0.2,0.09536000000000011,-0.005303599999999964,-0.005277599999999882,1.4636810572182082,-2.5999999999999996,-3.3767024386710762,0.9477174861552786,0.9571292149333006,-0.8318090067029313,-0.33150046803847566,-1.0493264220056795,-0.26136885058090487,-0.4709848515460662,-0.5771053407254807,-0.5581472356171355,-3.074362223503059,3.0,3.0,0.1999999999999993,1.5999999999999996,0.39999999999999947,1.4000000000000004,1.4000000000000001,0.2,0.09536000000000011,0.005303599999999964,0.005277599999999882,1.4636810572182082,2.5999999999999996,0.5771053407254807,0.4709848515460662,3.3767024386710762,0.9477174861552786,0.5581472356171355,3.074362223503059,0.8318090067029313,0.33150046803847566,1.0493264220056795,0.26136885058090487,1.0,6.123233995736766e-17,-0.7818314824680299,0.6234898018587334,-0.8660254037844386,0.5000000000000001,22,17,61,4,9,10,25,15,2
H,2026-03-15,15:15,4645925.0,H,Barcelona,131.0,Hansi Flick,4-2-3-1,40000000.0,25.695277207392202,182.7,376.0,19.8,6.0,7.8,9.0,1.4,0.0,2.01236,2.7059378,2.5572837999999996,7.134912945111154,10.6,70000000.0,24.935299607989545,182.36363636363635,350.6,17.01140605180068,5.609212702327494,6.534142038433477,9.456885680212338,1.432395712310311,0.0010995529182425995,1.9185414665573102,2.6119095306407645,2.5265843611070244,7.123470885033487,10.196380677343816,70350415.51386961,24.713283565756708,182.5550091247932,332.14546955277166,1.0,Sevilla,368.0,Matías Almeyda,4-2-3-1,43300000.0,27.68365378632319,184.36363636363637,433.0,9.2,2.8,3.2,15.6,2.6,0.4,0.9962,0.6795138,0.6795138,10.743025362318841,4.4,39200000.0,28.38046170120092,184.1818181818182,356.8,10.65019512619663,3.2875143397638937,4.139059697578289,14.635899401027013,2.087937767190542,0.20503271342722454,1.2707465586196296,0.8555456793403033,0.8113415525628929,10.361933734177816,4.043403253742115,39811896.3030272,28.22737339503463,184.32471367372008,374.7068887552805,14.0,10.600000000000001,3.2,4.6,-6.6,-1.2000000000000002,-0.4,1.0161600000000002,2.026424,1.8777699999999995,3.6081124172076873,6.199999999999999,6.36121092560405,3.2384628491443292,2.3216983625636005,2.395082340855188,-5.179013720814675,-0.6555420548802309,-0.20393316050898194,0.6477949079376806,1.7563638513004611,1.7152428085441316,6.152977423601701,13.0,13.0,10.600000000000001,3.2,4.6,6.6,1.2000000000000002,0.4,1.0161600000000002,2.026424,1.8777699999999995,3.6081124172076873,6.199999999999999,1.7563638513004611,0.6477949079376806,6.36121092560405,3.2384628491443292,1.7152428085441316,6.152977423601701,2.395082340855188,5.179013720814675,0.6555420548802309,0.20393316050898194,1.0,6.123233995736766e-17,-0.7818314824680299,0.6234898018587334,-0.7071067811865471,-0.7071067811865479,4,25,27,54,10,10,6,19,2
D,2026-03-16,20:00,4645921.0,A,Rayo Vallecano,367.0,Iñigo Pérez,4-3-3 Attacking,6600000.0,29.61383859125132,180.1818181818182,53.0,13.6,5.6,5.6,11.2,1.8,0.0,1.71844,1.6357566000000001,1.4871006,8.903763244428205,4.8,27320000.0,29.09499097753718,179.61818181818182,87.4,13.14076905752278,4.700443434269333,5.466169324705696,12.284892785108937,2.227490781275194,0.12411808183292529,1.3975322259849383,1.297496966562593,1.1226495983586806,8.10708487074022,4.4104502102817005,28636545.663469106,29.192327500309247,179.62086839314188,84.38640046816353,13.0,Levante,3368.0,Luís Castro,4-3-3 Attacking,6000000.0,25.664862174102424,181.36363636363637,135.0,13.2,3.2,4.8,12.6,2.0,0.4,1.05444,1.28516,1.28516,12.684071773636992,5.4,6400000.0,25.577629270113867,179.7327272727273,147.6,13.89556962706709,3.5899445585716285,4.787978397918967,13.07919192756888,1.7487526815716123,0.44358020059562125,1.003864238748141,1.2955710580244268,1.292260792858807,12.723514335513416,4.8871544656652235,6330668.941678395,25.493811156394262,179.70872460193664,146.24286368332085,19.0,0.40000000000000036,2.3999999999999995,0.7999999999999998,-1.4000000000000004,-0.19999999999999996,-0.4,0.6639999999999999,0.35059660000000004,0.20194059999999991,3.780308529208787,-0.6000000000000005,-0.7548005695443099,4.616429464773196,1.1104988756977048,0.678190926786729,-0.794299142459943,0.4787380997035815,-0.319462118762696,0.3936679872367974,0.00192590853816621,-0.1696111945001264,-0.476704255383523,6.0,6.0,0.40000000000000036,2.3999999999999995,0.7999999999999998,1.4000000000000004,0.19999999999999996,0.4,0.6639999999999999,0.35059660000000004,0.20194059999999991,3.780308529208787,0.6000000000000005,0.00192590853816621,0.3936679872367974,0.7548005695443099,4.616429464773196,0.1696111945001264,0.476704255383523,0.678190926786729,0.794299142459943,0.4787380997035815,0.319462118762696,1.0,6.123233995736766e-17,0.0,1.0,-0.8660254037844386,0.5000000000000001,18,15,30,49,15,15,18,16,1
H,2026-03-20,20:00,4645911.0,H,Villarreal,1050.0,Marcelino,4-4-2,100500000.0,26.543214485719616,184.0,185.0,11.8,4.6,3.0,11.6,1.8,0.0,1.6805799999999997,1.8647331999999999,1.7160792000000005,16.27097744360902,8.8,98300000.0,26.07718250264452,184.47272727272727,190.2,11.076657236248105,4.296254945194624,2.9867466282441897,11.429852713428446,1.5097906562357863,0.011340569299000557,1.6163338112544618,1.5586861986548535,1.4706083919494404,14.481219099499384,8.19160928347614,89582773.40911472,26.181139491324583,184.744809128895,200.6426325840558,4.0,Real Sociedad,681.0,Pellegrino Matarazzo,4-2-3-1,107000000.0,26.73088171240122,180.1818181818182,136.0,12.2,4.4,4.8,14.0,1.8,0.0,1.37926,1.7185928000000001,1.4213068000000004,10.540131578947369,5.0,88200000.0,26.384419140065955,181.43636363636364,180.0,11.752458600804173,4.560514939001654,3.788840600828509,14.409428005662326,1.9471135226041767,0.0617792572701164,1.619895664206312,1.7857326166096703,1.4739783655186232,9.934725408688186,5.620504197900474,95036510.60180509,26.611589646765612,181.41474926126475,184.23237532486223,7.0,-0.3999999999999986,0.1999999999999993,-1.7999999999999998,-2.4000000000000004,0.0,0.0,0.3013199999999998,0.14614039999999973,0.29477240000000005,-5.730845864661651,3.8000000000000007,-0.6758013645560688,-4.546493690811198,-0.2642599938070296,-0.8020939725843195,-2.9795752922338803,-0.43732286636839035,-0.05043868797111584,-0.0035618529518501862,-0.22704641795481684,-0.0033699735691827826,2.571105085575666,3.0,3.0,0.3999999999999986,0.1999999999999993,1.7999999999999998,2.4000000000000004,0.0,0.0,0.3013199999999998,0.14614039999999973,0.29477240000000005,5.730845864661651,3.8000000000000007,0.22704641795481684,0.0035618529518501862,0.6758013645560688,4.546493690811198,0.0033699735691827826,2.571105085575666,0.8020939725843195,2.9795752922338803,0.43732286636839035,0.05043868797111584,1.0,6.123233995736766e-17,-0.433883739117558,-0.9009688679024191,-0.8660254037844386,0.5000000000000001,27,22,52,61,18,10,1,25,2
H,2026-03-21,17:30,4645916.0,D,Levante,3368.0,Luís Castro,4-2-3-1,2000000.0,26.15344409184245,180.36363636363637,140.0,15.2,4.0,5.4,13.0,2.4,0.2,0.8954600000000001,1.2848840000000001,1.2848840000000001,12.991634798847077,6.8,6400000.0,25.566399103976106,180.14545454545456,140.8,15.597046418044727,4.059963039047752,5.191985598612645,13.052794618379252,2.832501787714408,0.29572013373041417,1.0635094924987607,1.3490440386829512,1.3468371952392044,12.756852694263847,7.258102977110148,6220445.961118929,25.550828162296984,180.26036185583655,142.49524245554724,19.0,Real Oviedo,2497.0,Guillermo Almada,4-2-3-1,8100000.0,27.896210565615082,181.54545454545453,85.0,11.0,4.6,4.0,12.6,2.0,0.0,1.25884,1.4027558,1.4027558,12.274144786373046,3.4,14880000.0,27.744135399166204,182.8,68.4,9.957946032633249,4.32279061459949,3.250326688588109,12.30637864687774,2.276994546302236,0.012628977150972418,1.4421991309153637,1.3698485444825386,1.369676537466914,12.37575904434224,3.3895916074982817,13258582.59342208,27.811415464834706,182.60117357353323,70.99234898290004,20.0,4.199999999999999,-0.5999999999999996,1.4000000000000004,0.40000000000000036,0.3999999999999999,0.2,-0.3633799999999998,-0.11787179999999986,-0.11787179999999986,-0.7174900124740304,3.4,5.639100385411478,-0.3810936499216062,-0.2628275755517375,1.9416589100245356,0.7464159715015128,0.555507241412172,0.2830911565794417,-0.37868963841660297,-0.02080450579958737,-0.022839342227709558,3.8685113696118667,1.0,1.0,4.199999999999999,0.5999999999999996,1.4000000000000004,0.40000000000000036,0.3999999999999999,0.2,0.3633799999999998,0.11787179999999986,0.11787179999999986,0.7174900124740304,3.4,0.02080450579958737,0.37868963841660297,5.639100385411478,0.3810936499216062,0.022839342227709558,3.8685113696118667,1.9416589100245356,0.7464159715015128,0.555507241412172,0.2830911565794417,1.0,6.123233995736766e-17,-0.9749279121818236,-0.2225209339563146,-0.9659258262890683,-0.25881904510252063,15,21,49,25,10,10,16,12,2
H,2026-03-21,13:00,4645914.0,D,Elche,1531.0,Eder Sarabia,3-5-2 flat,10800000.0,28.51247588824591,183.0,26.0,12.0,4.6,4.8,14.6,2.2,0.0,1.3415599999999999,1.5864546000000002,1.28914302,7.471338596044478,5.8,11380000.0,27.901437371663242,182.74545454545452,73.4,11.664959380571133,4.025880719925965,4.358492078833019,15.892558129712876,2.4107937314834906,0.0008615908833238764,1.1247870067905341,1.4539921530607216,1.2704167602019407,7.822511555934831,5.404054974204236,11940969.074851424,27.25638381331943,182.7091749725581,71.9567547447537,18.0,Mallorca,237.0,Martín Demichelis,4-2-3-1,35200000.0,27.9487275216228,182.0,173.0,11.0,4.0,3.4,11.0,3.4,0.2,0.7801,0.93751642,0.93751642,15.830952380952379,4.2,41400000.0,28.54861551863605,183.38181818181818,161.8,13.659376270550434,5.830975647567258,3.2068596961541727,10.708309677023928,3.013696471444438,0.22233420531070772,1.0829683928278062,1.3192208785364352,1.2698442469417566,13.751263585458759,4.6984119009138015,40957071.84620616,28.545402061916374,183.32064836372572,170.57252746357634,16.0,1.0,0.5999999999999996,1.4,3.5999999999999996,-1.1999999999999997,-0.2,0.5614599999999998,0.6489381800000001,0.3516266,8.3596137849079,1.5999999999999996,-1.9944168899793002,5.9287520295239275,-1.805094927641293,1.1516323826788466,5.184248452688948,-0.6029027399609475,-0.22147261442738383,0.0418186139627279,0.1347712745242864,0.0005725132601841487,0.7056430732904344,-2.0,2.0,1.0,0.5999999999999996,1.4,3.5999999999999996,1.1999999999999997,0.2,0.5614599999999998,0.6489381800000001,0.3516266,8.3596137849079,1.5999999999999996,0.1347712745242864,0.0418186139627279,1.9944168899793002,5.9287520295239275,0.0005725132601841487,0.7056430732904344,1.1516323826788466,5.184248452688948,0.6029027399609475,0.22147261442738383,1.0,6.123233995736766e-17,-0.9749279121818236,-0.2225209339563146,-0.2588190451025208,-0.9659258262890683,8,16,17,53,7,10,8,11,2
A,2026-03-21,20:00,4645917.0,A,Sevilla,368.0,Matías Almeyda,4-3-3 Attacking,37100000.0,29.602638292576692,181.45454545454547,524.0,8.6,3.0,3.0,15.2,2.2,0.4,0.95068,0.6964724,0.6964724,11.839025362318841,4.4,38620000.0,28.322070810777177,184.41818181818184,392.4,9.766796750797754,3.5250095598425957,4.092706465052193,14.423932934018007,1.7252918447936947,0.1366884756181497,0.8866977057464197,0.9180437862268689,0.8885743683752619,12.734622489451878,5.028935502494743,40974597.53535146,28.046133525464153,184.33768790369217,394.13792583685364,15.0,Valencia,1049.0,Carlos Corberán,4-3-3 Attacking,41000000.0,28.075415344409183,181.0909090909091,213.0,11.8,3.2,5.6,12.0,2.4,0.0,1.3148199999999999,1.394115,0.9481498,10.621988715394625,5.8,24200000.0,28.453885881401284,181.63636363636363,203.0,13.170458216249878,3.3389686336044555,6.445154151042192,11.588263777634888,2.136922491682323,0.013014947956642244,1.2698547550047652,1.3434506755890057,0.9477082227988407,10.919225983162429,6.28609314420796,23283506.32073599,28.459850169564703,181.62176483734984,202.58447905541016,14.0,-3.200000000000001,-0.20000000000000018,-2.5999999999999996,3.1999999999999993,-0.19999999999999973,0.4,-0.3641399999999999,-0.6976426,-0.25167740000000005,-1.2170366469242158,-1.3999999999999995,-3.4036614654521244,-1.8153965062894493,0.18604092623814017,-2.3524476859899988,2.835669156383119,-0.4116306468886284,0.12367352766150747,-0.3831570492583455,-0.4254068893621368,-0.05913385442357877,-1.257157641713217,-1.0,1.0,3.200000000000001,0.20000000000000018,2.5999999999999996,3.1999999999999993,0.19999999999999973,0.4,0.3641399999999999,0.6976426,0.25167740000000005,1.2170366469242158,1.3999999999999995,0.4254068893621368,0.3831570492583455,3.4036614654521244,1.8153965062894493,0.05913385442357877,1.257157641713217,2.3524476859899988,2.835669156383119,0.4116306468886284,0.12367352766150747,1.0,6.123233995736766e-17,-0.9749279121818236,-0.2225209339563146,-0.8660254037844386,0.5000000000000001,25,26,54,11,15,15,19,0,0
H,2026-03-21,17:30,4645910.0,D,Osasuna,331.0,Alessio Lisci,4-2-3-1,55100000.0,28.663804368116484,181.0,68.0,12.4,2.8,4.6,14.4,2.2,0.2,1.01932,1.4179376,1.2692815999999998,12.45893048128342,6.4,39540000.0,29.122269927198055,182.25454545454545,67.8,13.670260226584892,3.589095462379453,5.01004660529713,12.96376165102131,1.646664470607963,0.2360251576573863,1.061485565237023,1.4040815104266573,1.3274485225967136,12.672597672185644,6.336745680235848,43609436.516697906,28.965340864132724,181.99445609298914,70.68555874542308,11.0,Girona,12321.0,Míchel,4-2-3-1,89800000.0,27.277705183249335,181.36363636363637,391.0,14.8,6.4,4.8,8.4,1.4,0.2,1.74584,2.12573,2.12573,15.64648408351195,7.6,83000000.0,27.83224441540663,180.8,379.2,15.107511692978179,5.750329489423595,4.225097434910912,9.068529526899786,1.3775595838700792,0.074780155771486,1.7668603777205043,1.9909185488030878,1.9340740091709552,14.48488659397681,7.334154071265366,78094567.9648151,27.710379981558262,180.52699985799168,370.40604444612944,12.0,-2.4000000000000004,-3.6000000000000005,-0.20000000000000018,6.0,0.8000000000000003,0.0,-0.72652,-0.7077924,-0.8564484000000001,3.1875536022285296,-1.1999999999999993,-1.4372514663932865,1.8122889217911666,-2.161234027044142,0.7849491703862181,3.8952321241215238,0.2691048867378838,0.1612450018859003,-0.7053748124834813,-0.5868370383764305,-0.6066254865742415,-0.9974083910295182,1.0,1.0,2.4000000000000004,3.6000000000000005,0.20000000000000018,6.0,0.8000000000000003,0.0,0.72652,0.7077924,0.8564484000000001,3.1875536022285296,1.1999999999999993,0.5868370383764305,0.7053748124834813,1.4372514663932865,1.8122889217911666,0.6066254865742415,0.9974083910295182,0.7849491703862181,3.8952321241215238,0.2691048867378838,0.1612450018859003,1.0,6.123233995736766e-17,-0.9749279121818236,-0.2225209339563146,-0.9659258262890683,-0.25881904510252063,17,11,4,56,10,10,15,3,2
A,2026-03-21,15:15,4645915.0,A,Espanyol,714.0,Manolo González,4-4-1-1,32000000.0,27.71999253313422,182.36363636363637,25.0,12.8,4.0,4.0,15.0,2.8,0.4,0.7437599999999998,1.1880935999999997,1.1880935999999997,15.368449197860963,4.0,25080000.0,27.863903926326923,182.34545454545454,41.4,13.809133717957257,4.085311279581405,5.1286690085096085,15.509157297413887,3.0535011711553373,0.48321576460598153,0.9148112327483275,1.2531595227916288,1.2517876672972557,14.395172435741438,4.125113998782568,24244558.641468436,27.894556703735464,182.45406412602202,40.644767245494656,8.0,Getafe,3709.0,José Bordalás,5-4-1,35100000.0,30.209196689689506,184.0909090909091,108.0,7.2,3.2,2.6,14.6,3.0,0.6,1.08006,0.9496082000000001,0.8009536,18.115426044786766,3.0,33820000.0,29.49780349698214,184.54545454545453,93.2,8.19430125537505,3.414905122682741,2.920320750418272,14.398858711672686,3.190716405836119,0.5822657301935458,0.9585242711188204,1.0492913583425654,0.9648603837183449,16.269044594825772,3.7992905752310775,33649253.16202258,29.486399128481917,184.3477617537359,97.79734024649083,9.0,5.6000000000000005,0.7999999999999998,1.4,0.40000000000000036,-0.20000000000000018,-0.19999999999999996,-0.33630000000000027,0.23848539999999963,0.3871399999999997,2.7469768469258025,1.0,5.614832462582207,1.8738721590843337,0.6704061568986641,2.2083482580913363,1.1102985857412015,-0.13721523468078178,-0.09904996558756424,-0.043713038370492896,0.20386816444906342,0.28692728357891073,0.3258234235514901,1.0,1.0,5.6000000000000005,0.7999999999999998,1.4,0.40000000000000036,0.20000000000000018,0.19999999999999996,0.33630000000000027,0.23848539999999963,0.3871399999999997,2.7469768469258025,1.0,0.20386816444906342,0.043713038370492896,5.614832462582207,1.8738721590843337,0.28692728357891073,0.3258234235514901,2.2083482580913363,1.1102985857412015,0.13721523468078178,0.09904996558756424,1.0,6.123233995736766e-17,-0.9749279121818236,-0.2225209339563146,-0.7071067811865471,-0.7071067811865479,9,10,50,39,17,24,26,20,0
H,2026-03-22,13:00,4645913.0,H,Barcelona,131.0,Hansi Flick,4-2-3-1,30000000.0,25.229046107896213,183.72727272727272,384.0,17.6,6.2,6.0,8.6,1.4,0.0,2.0947000000000005,2.9823818,2.5364157999999994,7.6089325529542915,10.2,52000000.0,25.062594735859626,182.66727272727272,345.6,15.674270701200454,6.406141801551662,5.356094692288984,7.9712571201415585,0.9549304748735407,0.0007330352788283997,2.2208609777048736,3.029239687093843,2.4768362407380162,8.068425034466769,8.797587118229211,60233610.342579745,25.040614779635206,182.6033394165288,346.7636463685144,1.0,Rayo Vallecano,367.0,Iñigo Pérez,4-2-3-1,39900000.0,29.251695600771576,181.0909090909091,98.0,14.6,4.6,5.8,11.2,2.2,0.2,1.48392,1.4213666000000003,1.2727106,8.289874355539316,5.2,23960000.0,29.275788687698338,179.74545454545455,82.0,14.760512705015188,4.466962289512889,5.310779549803797,11.52326185673929,2.4849938541834624,0.41607872122195017,1.4476548173232924,1.4254446443750621,1.3088797322391204,8.701019543456443,4.940300140187801,21291030.442312736,29.332831197289938,179.807851656034,73.92426697877569,13.0,3.0000000000000018,1.6000000000000005,0.20000000000000018,-2.5999999999999996,-0.8000000000000003,-0.2,0.6107800000000005,1.5610152,1.2637051999999995,0.6809418025850249,4.999999999999999,0.9137579961852662,0.6325945089896745,1.9391795120387734,0.045315142485186755,-3.5520047365977323,-1.5300633793099219,-0.41534568594312177,0.7732061603815812,1.603795042718781,1.1679565084988959,3.8572869780414107,12.0,12.0,3.0000000000000018,1.6000000000000005,0.20000000000000018,2.5999999999999996,0.8000000000000003,0.2,0.6107800000000005,1.5610152,1.2637051999999995,0.6809418025850249,4.999999999999999,1.603795042718781,0.7732061603815812,0.9137579961852662,0.6325945089896745,1.1679565084988959,3.8572869780414107,0.045315142485186755,3.5520047365977323,1.5300633793099219,0.41534568594312177,1.0,6.123233995736766e-17,-0.7818314824680299,0.6234898018587334,-0.2588190451025208,-0.9659258262890683,4,18,27,30,10,10,6,18,2
H,2026-03-22,17:30,4645912.0,H,Athletic Club,621.0,Ernesto Valverde,4-2-3-1,45500000.0,29.965030178582538,184.54545454545453,142.0,13.8,5.2,4.4,16.4,2.6,0.0,1.62006,1.6074654,1.3101796,9.440295425295425,5.6,38400000.0,28.392259349138197,183.5090909090909,150.6,15.184764961445111,5.7705419068205215,5.344806183417217,15.28049148962655,2.419204559053577,0.026816416656448724,1.5069113517501862,1.62295519859693,1.4976632108961618,10.130856519134596,7.494998930397507,41434255.06897966,28.210394741994076,182.99529434761294,150.041351559908,10.0,Real Betis,150.0,Manuel Pellegrini,4-4-2,74000000.0,27.230415033289777,180.0909090909091,163.0,14.6,4.8,4.2,11.0,2.8,0.0,2.10886,1.758988,1.758988,19.680976082740784,5.8,52460000.0,28.71482795096758,180.6,193.0,14.97597246791677,4.7729997188142,4.313936151158667,10.507929232367237,2.284870211194759,0.0007612429947484733,2.026837602887199,1.676246108295168,1.653220707242492,17.3408967396594,5.41121515836974,49190097.8058638,28.57470465199367,180.60507393614657,157.311824518247,5.0,-0.7999999999999989,0.40000000000000036,0.20000000000000018,5.399999999999999,-0.19999999999999973,0.0,-0.4887999999999999,-0.15152260000000006,-0.4488083999999999,10.24068065744536,-0.20000000000000018,0.20879249352834073,7.210040220524803,0.9975421880063218,1.0308700322585498,4.772562257259313,0.1343343478588177,0.02605517366170025,-0.5199262511370126,-0.05329090969823813,-0.1555574963463302,2.0837837720277674,-5.0,5.0,0.7999999999999989,0.40000000000000036,0.20000000000000018,5.399999999999999,0.19999999999999973,0.0,0.4887999999999999,0.15152260000000006,0.4488083999999999,10.24068065744536,0.20000000000000018,0.05329090969823813,0.5199262511370126,0.20879249352834073,7.210040220524803,0.1555574963463302,2.0837837720277674,1.0308700322585498,4.772562257259313,0.1343343478588177,0.02605517366170025,1.0,6.123233995736766e-17,-0.7818314824680299,0.6234898018587334,-0.9659258262890683,-0.25881904510252063,2,19,19,51,10,18,24,7,2
H,2026-03-22,20:00,4645909.0,A,Real Madrid,418.0,Álvaro Arbeloa,4-4-2,135000000.0,26.157675315786197,180.9090909090909,379.0,14.4,5.2,6.4,10.8,2.4,0.2,1.7282,1.8935888000000003,1.5962767999999998,10.781216678058783,6.8,231000000.0,26.604144110509612,183.12727272727275,507.0,14.688642436109632,5.387661824197575,6.432318756693967,10.977288266764575,2.0219946747590405,0.15610108642087647,1.684650571971143,1.6714430969274858,1.521672962860361,11.095378781389757,7.194240059790086,224301854.77931008,26.474015842616648,182.93530358622374,488.25565013966417,2.0,Atletico Madrid,13.0,Diego Simeone,4-4-2,260000000.0,28.71482795096758,181.0909090909091,463.0,15.8,5.4,6.8,8.8,1.8,0.0,1.6946400000000001,2.1232552,2.1232552,9.792886641155318,13.0,129000000.0,27.61219090286852,182.08545454545452,461.6,16.465191760407297,5.582665032235584,7.508530847873371,9.100213041139892,1.969837396075291,0.00013000312088095817,1.8504481004250841,2.146298335793739,2.145974628761833,8.872831324177183,14.598473386869964,140267293.748073,27.678411265868277,181.8188787390479,453.145755830918,3.0,-1.4000000000000004,-0.20000000000000018,-0.39999999999999947,2.0,0.5999999999999999,0.2,0.03355999999999981,-0.22966639999999972,-0.5269784000000002,-0.9883300369034647,-6.2,-1.7765493242976653,-2.222547457212574,-0.19500320803800975,-1.0762120911794044,1.877075225624683,0.05215727868374942,0.1559710832999955,-0.16579752845394102,-0.474855238866253,-0.6243016659014722,-7.4042333270798775,1.0,1.0,1.4000000000000004,0.20000000000000018,0.39999999999999947,2.0,0.5999999999999999,0.2,0.03355999999999981,0.22966639999999972,0.5269784000000002,0.9883300369034647,6.2,0.474855238866253,0.16579752845394102,1.7765493242976653,2.222547457212574,0.6243016659014722,7.4042333270798775,1.0762120911794044,1.877075225624683,0.05215727868374942,0.1559710832999955,1.0,6.123233995736766e-17,-0.7818314824680299,0.6234898018587334,-0.8660254037844386,0.5000000000000001,20,3,83,16,18,18,21,5,2
A,2026-03-22,15:15,4645918.0,H,Celta Vigo,940.0,Claudio Giráldez,5-4-1,29000000.0,25.92495799887997,181.54545454545453,42.0,11.2,4.8,4.0,10.0,1.4,0.0,1.6451,1.6016172000000002,1.4529632000000001,18.69138731856379,6.0,19100000.0,26.44495053201419,181.47272727272727,71.4,9.686126120393771,4.154542800003091,3.949947708809681,10.683466995159606,1.8863424663808595,0.00015152506964147887,1.2941775590006885,1.1968334918072534,1.0697984917964833,19.058967092257628,4.322992331965158,18644553.837396882,26.448072545939453,181.44881682783708,68.08428992816489,6.0,Alaves,1108.0,Quique Sánchez Flores,4-4-2,29500000.0,27.71377014498165,181.63636363636363,36.0,12.8,3.6,4.6,16.6,3.6,0.6,1.0896200000000005,1.3440324000000001,1.1953771999999998,8.016942775923866,5.2,29000000.0,27.579067886254744,180.9090909090909,31.8,11.548652750935977,3.299732397861828,4.527287351894927,17.178396390400774,3.9656365311056816,0.5987117417129811,0.9198338129829216,1.1982871374173791,1.031729018974582,8.44543216910081,3.8369244425571902,29007594.34172721,27.651457521813942,180.91887612272149,31.471781492149628,17.0,-1.6000000000000014,1.1999999999999997,-0.5999999999999996,-6.600000000000001,-2.2,-0.6,0.5554799999999995,0.25758480000000006,0.2575860000000003,-10.674444542639925,0.7999999999999998,-1.862526630542206,-10.613534923156818,0.8548104021412626,-0.5773396430852458,-6.494929395241169,-2.079294064724822,-0.5985602166433397,0.374343746017767,-0.0014536456101257311,0.03806947282190132,0.4860678894079675,11.0,11.0,1.6000000000000014,1.1999999999999997,0.5999999999999996,6.600000000000001,2.2,0.6,0.5554799999999995,0.25758480000000006,0.2575860000000003,10.674444542639925,0.7999999999999998,0.0014536456101257311,0.374343746017767,1.862526630542206,10.613534923156818,0.03806947282190132,0.4860678894079675,0.5773396430852458,6.494929395241169,2.079294064724822,0.5985602166433397,1.0,6.123233995736766e-17,-0.7818314824680299,0.6234898018587334,-0.7071067811865471,-0.7071067811865479,6,0,12,64,24,18,27,2,0
H,2026-04-03,20:00,4645900.0,D,Rayo Vallecano,367.0,Iñigo Pérez,4-2-3-1,36500000.0,30.314479497231037,177.9090909090909,62.0,13.8,4.8,6.6,10.8,2.4,0.2,1.6505800000000002,1.5999386,1.4512826,8.841379372261724,4.4,27260000.0,29.380872378818992,180.05454545454546,85.6,12.507008470010126,4.311308193008593,6.540519699869198,11.348841237826193,2.989995902788975,0.27738581414796676,1.4968365448821948,1.682399762916708,1.604689821492747,9.864782259740194,4.293533426791867,27494020.294875156,29.305785998450485,180.23553746765901,81.9495113191838,14.0,Elche,1531.0,Eder Sarabia,3-4-3,13300000.0,27.965403521871693,183.63636363636363,18.0,11.2,4.4,3.2,14.4,2.2,0.0,1.12296,1.4230006000000004,1.12568902,7.57328664799253,4.8,11080000.0,27.902831186609422,182.83636363636361,62.0,12.109972920380756,4.017253813283976,3.572328052555346,14.595038753141916,2.2738624876556606,0.0005743939222159175,1.2033246711936894,1.474678102040481,1.3522945068012937,7.369769608718459,6.269369982802824,11560646.049900949,27.67508117162826,182.80611664837207,56.637836496502466,17.0,2.6000000000000014,0.39999999999999947,3.3999999999999995,-3.5999999999999996,0.19999999999999973,0.2,0.5276200000000002,0.1769379999999996,0.32559358000000005,-1.2680927242691933,-0.39999999999999947,0.39703554962937027,-2.4950126510217343,0.29405437972461623,2.968191647313852,-3.246197515315723,0.7161334151333145,0.27681142022575084,0.2935118736885054,0.2077216608762269,0.25239531469145327,-1.9758365560109574,3.0,3.0,2.6000000000000014,0.39999999999999947,3.3999999999999995,3.5999999999999996,0.19999999999999973,0.2,0.5276200000000002,0.1769379999999996,0.32559358000000005,1.2680927242691933,0.39999999999999947,0.2077216608762269,0.2935118736885054,0.39703554962937027,2.4950126510217343,0.25239531469145327,1.9758365560109574,2.968191647313852,3.246197515315723,0.7161334151333145,0.27681142022575084,0.8660254037844387,-0.4999999999999998,-0.433883739117558,-0.9009688679024191,-0.8660254037844386,0.5000000000000001,18,8,30,17,10,3,18,8,2
A,2026-04-04,20:00,4645903.0,D,Atletico Madrid,13.0,Diego Simeone,4-4-2,93000000.0,28.270051645821663,178.54545454545453,409.0,16.6,6.2,5.4,9.2,2.0,0.0,1.73186,2.2531524000000003,2.2531524,11.098149799050054,13.4,163600000.0,27.917336817870698,181.77636363636364,464.8,15.310127840271532,6.05511002149039,5.339020565248913,11.066808694093261,2.646558264050194,8.666874725397211e-05,1.3574987336167226,1.8983122238624925,1.8980964191745553,11.915220882784789,11.73231559124664,180178195.83204865,28.023883494234713,181.5762221896683,456.4305038872787,4.0,Barcelona,131.0,Hansi Flick,4-2-3-1,70000000.0,24.88158795345654,182.9090909090909,317.0,15.2,6.2,5.8,9.8,1.6,0.0,2.07432,2.8274818,2.5301698,6.8227536911656745,9.0,52000000.0,25.140150581793296,183.08545454545452,359.2,15.449513800800304,5.604094534367775,5.570729794859322,9.314171413427706,1.6366203165823603,0.0004886901858855997,1.8680073184699157,2.660176458062562,2.291907493825344,6.679763031107927,8.198391412152807,50155740.2283865,25.103425222388875,182.97798385344345,359.17576424567625,1.0,1.4000000000000021,0.0,-0.39999999999999947,-0.6000000000000014,0.3999999999999999,0.0,-0.3424600000000002,-0.5743293999999999,-0.2770174000000001,-4.275396107884379,4.4,-0.13938596052877195,-5.235457851676862,0.4510154871226151,-0.2317092296104093,1.7526372806655548,1.0099379474678336,-0.0004020214386316276,-0.5105085848531932,-0.7618642342000694,-0.3938110746507886,3.533924179093834,-3.0,3.0,1.4000000000000021,0.0,0.39999999999999947,0.6000000000000014,0.3999999999999999,0.0,0.3424600000000002,0.5743293999999999,0.2770174000000001,4.275396107884379,4.4,0.7618642342000694,0.5105085848531932,0.13938596052877195,5.235457851676862,0.3938110746507886,3.533924179093834,0.2317092296104093,1.7526372806655548,1.0099379474678336,0.0004020214386316276,0.8660254037844387,-0.4999999999999998,-0.9749279121818236,-0.2225209339563146,-0.8660254037844386,0.5000000000000001,3,4,16,27,18,10,5,6,0
H,2026-04-04,15:15,4645906.0,H,Mallorca,237.0,Martín Demichelis,4-3-1-2,42500000.0,28.67699583099994,181.36363636363637,203.0,10.4,4.2,2.4,10.0,3.0,0.2,0.9606600000000001,1.09513102,0.94647482,15.811471861471862,3.6,40300000.0,28.59262024765105,182.87272727272727,163.2,12.772917513700287,5.220650431711506,2.804573130769448,10.805539784682617,2.6757976476296257,0.14822280354047182,1.1718455952185376,1.38594391902429,1.1052658312945043,12.182660572124021,3.798941267275868,39038047.89747077,28.346510548485185,182.8804322424838,171.38168497571755,18.0,Real Madrid,418.0,Álvaro Arbeloa,4-4-2,180000000.0,25.311181631510177,182.63636363636363,382.0,15.6,6.2,6.4,9.2,2.4,0.4,1.7576399999999999,1.8749628,1.7263068000000001,11.825971922814029,6.8,198000000.0,26.68752411175409,182.25454545454548,489.4,15.459094957406421,6.925107882798383,5.621545837795978,7.984858844509716,1.6813297831726937,0.43740072428058435,1.947867047980762,2.1029787312849906,1.7553719752402408,14.319996110670095,7.129493373193391,194534569.8528734,26.368569000339832,182.2598993605128,451.8371000931094,2.0,-5.199999999999999,-2.0,-4.0,0.8000000000000007,0.6000000000000001,-0.2,-0.7969799999999998,-0.7798317800000001,-0.7798319800000001,-3.985499938657833,-3.1999999999999997,-2.686177443706134,2.1373355385460737,-1.7044574510868777,-2.8169727070265296,2.8206809401729007,0.994467864456932,-0.2891779207401125,-0.7760214527622245,-0.7170348122607006,-0.6501061439457365,-3.330552105917523,-16.0,16.0,5.199999999999999,2.0,4.0,0.8000000000000007,0.6000000000000001,0.2,0.7969799999999998,0.7798317800000001,0.7798319800000001,3.985499938657833,3.1999999999999997,0.7170348122607006,0.7760214527622245,2.686177443706134,2.1373355385460737,0.6501061439457365,3.330552105917523,2.8169727070265296,2.8206809401729007,0.994467864456932,0.2891779207401125,0.8660254037844387,-0.4999999999999998,-0.9749279121818236,-0.2225209339563146,-0.7071067811865471,-0.7071067811865479,16,20,53,83,12,18,11,21,2
H,2026-04-04,13:00,4645901.0,H,Real Sociedad,681.0,Pellegrino Matarazzo,4-2-3-1,116000000.0,26.30551925829133,181.72727272727272,214.0,11.8,4.6,4.6,14.4,2.0,0.0,1.31094,1.5655474000000003,1.4168914000000001,8.935500000000001,6.0,94600000.0,26.543463381245722,181.2909090909091,176.6,11.501639067202783,4.373676626001102,4.192560400552339,13.272952003774884,1.9647423484027844,0.04118617151341093,1.1336637761375414,1.4888060777397802,1.2809699103457488,9.70315027245879,7.413669465266982,99024340.4012034,26.65135366864415,181.00377223478256,168.1549168832415,7.0,Levante,3368.0,Luís Castro,4-2-3-1,6000000.0,26.287100989359715,180.72727272727272,140.0,16.0,4.8,5.4,13.8,2.2,0.2,1.32044,1.7153542000000002,1.7153542000000002,12.890336097548376,7.2,5000000.0,25.689950843133595,179.7818181818182,141.4,17.064697612029818,5.373308692698501,4.46132373240843,14.368529745586168,2.5550011918096054,0.1971467558202761,1.5330729949991737,1.874926025788634,1.8734547968261364,11.272245230519331,8.172068651406766,4813630.640745953,25.75170013881214,180.29478669176981,141.66349497036484,19.0,-4.199999999999999,-0.20000000000000018,-0.8000000000000007,0.5999999999999996,-0.20000000000000018,-0.2,-0.009500000000000064,-0.1498067999999999,-0.29846280000000003,3.954836097548375,-1.2000000000000002,-5.563058544827035,1.569094958060541,-0.9996320666973988,-0.2687633318560909,-1.095577741811283,-0.590258843406821,-0.15596058430686516,-0.3994092188616323,-0.38611994804885374,-0.5924848864803876,-0.7583991861397843,12.0,12.0,4.199999999999999,0.20000000000000018,0.8000000000000007,0.5999999999999996,0.20000000000000018,0.2,0.009500000000000064,0.1498067999999999,0.29846280000000003,3.954836097548375,1.2000000000000002,0.38611994804885374,0.3994092188616323,5.563058544827035,1.569094958060541,0.5924848864803876,0.7583991861397843,0.2687633318560909,1.095577741811283,0.590258843406821,0.15596058430686516,0.8660254037844387,-0.4999999999999998,-0.9749279121818236,-0.2225209339563146,-0.2588190451025208,-0.9659258262890683,22,15,61,49,10,10,25,16,2
D,2026-04-04,17:30,4645904.0,D,Real Betis,150.0,Manuel Pellegrini,4-3-3 Attacking,51500000.0,28.890797087922348,181.36363636363637,144.0,13.4,3.8,4.6,10.2,2.4,0.0,1.7105600000000003,1.4675463999999998,1.4675463999999998,11.642880844645548,5.4,56280000.0,28.297031920851225,180.43636363636364,169.2,13.650648311944513,4.1819998125427995,4.542624100772445,9.005286154911492,1.8565801407965061,0.0005074953298323156,1.478725068591466,1.3145647388634454,1.2992144714949947,15.116153381995154,5.27414343891316,57460065.203909196,28.126608112425703,180.43368565440073,159.20788301216467,5.0,Espanyol,714.0,Manolo González,4-4-1-1,32000000.0,26.706738846369237,181.9090909090909,35.0,14.0,4.4,6.0,16.0,3.0,0.4,0.84942,1.2582856,1.2582856,13.445721925133691,4.0,25840000.0,27.85504324559766,182.2909090909091,33.4,14.206089145304839,4.390207519720937,7.419112672339739,15.006104864942591,2.7023341141035586,0.32214384307065436,0.8983408218322184,1.3394663485277525,1.3385517781981704,11.01344829049429,4.083409332521712,26829705.760978956,27.836368646868383,182.42392153856017,35.42984483032977,11.0,-0.5999999999999996,-0.6000000000000005,-1.4000000000000004,-5.800000000000001,-0.6000000000000001,-0.4,0.8611400000000003,0.2092607999999998,0.2092607999999998,1.8028410804881432,1.4000000000000004,-0.5554408333603256,-4.102705091500864,-0.2082077071781372,-2.876488571567294,-6.0008187100310995,-0.8457539733070525,-0.32163634774082206,0.5803842467592475,-0.0249016096643071,-0.0393373067031757,1.1907341063914476,6.0,6.0,0.5999999999999996,0.6000000000000005,1.4000000000000004,5.800000000000001,0.6000000000000001,0.4,0.8611400000000003,0.2092607999999998,0.2092607999999998,1.8028410804881432,1.4000000000000004,0.0249016096643071,0.5803842467592475,0.5554408333603256,4.102705091500864,0.0393373067031757,1.1907341063914476,2.876488571567294,6.0008187100310995,0.8457539733070525,0.32163634774082206,0.8660254037844387,-0.4999999999999998,-0.9749279121818236,-0.2225209339563146,-0.9659258262890683,-0.25881904510252063,19,9,51,50,15,17,7,26,1
D,2026-04-05,20:00,4645902.0,D,Alaves,1108.0,Quique Sánchez Flores,4-4-2,29500000.0,27.242113123016612,180.45454545454547,18.0,13.2,4.6,4.2,17.2,4.0,0.6,0.9099600000000004,1.4005084,1.2518532,9.44786065032,5.0,29100000.0,27.63895214983511,181.12727272727273,31.4,12.365768500623986,4.199821598574552,3.3515249012632844,16.785597593600517,3.3104243540704545,0.39914116114198744,1.0626225419886144,1.3562614249449194,1.245222679316388,9.644780866357062,4.224616295038127,29171729.561151475,27.672228396203177,181.15803862726887,32.98118766143309,15.0,Osasuna,331.0,Alessio Lisci,4-2-3-1,57400000.0,30.015058179329227,182.45454545454547,68.0,15.0,4.6,5.2,14.4,1.8,0.2,1.49844,1.7078735999999999,1.5592175999999998,12.893057465410408,6.8,43680000.0,29.061589197934165,181.96363636363634,68.4,15.446840151056596,6.059396974919635,5.340031070198087,14.642507767347539,1.7644429804053086,0.1573501051049242,1.6312903768246823,1.690161006951105,1.639072348397809,12.040991040716357,6.891163786823898,47439624.34446528,28.864828698793975,181.66297072865942,69.79037249694872,10.0,-1.8000000000000007,0.0,-1.0,2.799999999999999,2.2,0.39999999999999997,-0.5884799999999996,-0.3073651999999998,-0.30736439999999976,3.445196815090407,-1.7999999999999998,-3.0810716504326106,2.396210174359295,-1.8595753763450835,-1.9885061689348027,2.1430898262529787,1.545981373665146,0.24179105603706325,-0.5686678348360679,-0.33389958200618564,-0.39384966908142083,-2.6665474917857708,-5.0,5.0,1.8000000000000007,0.0,1.0,2.799999999999999,2.2,0.39999999999999997,0.5884799999999996,0.3073651999999998,0.30736439999999976,3.445196815090407,1.7999999999999998,0.33389958200618564,0.5686678348360679,3.0810716504326106,2.396210174359295,0.39384966908142083,2.6665474917857708,1.9885061689348027,2.1430898262529787,1.545981373665146,0.24179105603706325,0.8660254037844387,-0.4999999999999998,-0.7818314824680299,0.6234898018587334,-0.8660254037844386,0.5000000000000001,0,17,64,4,18,10,2,15,1
H,2026-04-05,17:30,4645907.0,H,Real Oviedo,2497.0,Guillermo Almada,4-2-3-1,8100000.0,28.026631821293016,182.36363636363637,84.0,10.2,3.8,3.0,13.0,2.4,0.0,1.18834,1.3197178,1.1710618,11.290894786373048,4.0,12880000.0,27.798842635803624,182.5818181818182,65.2,9.971964131414074,3.54852101956536,2.5002119245123824,14.204267277756234,2.51799824948732,0.008419285169732555,1.0849299591545416,1.3584622739176342,1.1105856648693182,9.997154089251767,3.5930626633468656,11539041.610926885,27.83968071953715,182.24926447798126,75.6616025145015,20.0,Sevilla,368.0,Luis García,4-2-3-1,50900000.0,26.627341173542405,186.72727272727272,277.0,10.4,3.0,3.2,14.6,1.6,0.0,0.9369999999999999,0.7267034,0.7267034,11.136416666666666,4.6,38620000.0,28.613029680791488,183.8181818181818,434.8,10.844531167198502,3.016673039895064,3.061804310034795,13.94928862267867,1.8168612298624633,0.0911256504120998,0.7349651371642798,0.7804995241512459,0.7608532455835079,11.289748326301252,4.685957001663162,39683065.02356764,28.564968447835,183.37664042064327,437.4252838912357,16.0,-0.20000000000000107,0.7999999999999998,-0.20000000000000018,-1.5999999999999996,0.7999999999999998,0.0,0.25134,0.5930144,0.44435839999999993,-0.1544781197063827,-0.5999999999999996,-0.872567035784428,1.2925942370494852,0.531847979670296,-0.5615923855224128,0.25497865507756323,0.7011370196248567,-0.08270636524236724,0.3499648219902618,0.5779627497663883,0.34973241928581034,-1.0928943383162966,-4.0,4.0,0.20000000000000107,0.7999999999999998,0.20000000000000018,1.5999999999999996,0.7999999999999998,0.0,0.25134,0.5930144,0.44435839999999993,0.1544781197063827,0.5999999999999996,0.5779627497663883,0.3499648219902618,0.872567035784428,1.2925942370494852,0.34973241928581034,1.0928943383162966,0.5615923855224128,0.25497865507756323,0.7011370196248567,0.08270636524236724,0.8660254037844387,-0.4999999999999998,-0.7818314824680299,0.6234898018587334,-0.9659258262890683,-0.25881904510252063,21,25,25,48,10,10,12,19,2
H,2026-04-05,13:00,4645908.0,H,Getafe,3709.0,José Bordalás,5-4-1,33900000.0,27.983075104224998,184.8181818181818,118.0,8.2,3.8,3.8,14.4,4.0,0.6,1.0536600000000003,1.0388542,1.0388542,18.860304093567255,3.4,34060000.0,29.626781158608672,184.45454545454544,92.6,8.7962008369167,3.9432700817884943,4.946880500278848,16.26590580778179,4.460477603890745,0.38817715346236387,1.262282847412547,1.3874742388950434,1.3311869224788966,13.74602972988385,3.5328603834873853,34132835.44134839,29.727331648884444,184.2621441994603,101.19822683099387,8.0,Athletic Club,621.0,Ernesto Valverde,4-2-3-1,43000000.0,28.912948789745506,184.9090909090909,148.0,13.4,5.6,5.0,14.4,2.2,0.0,1.7748600000000003,1.7517634000000002,1.6031074,10.99370201870202,6.6,39000000.0,28.632592869143178,183.85454545454544,149.0,13.789843307630074,5.847027937880348,5.563204122278144,13.520327659751032,1.9461363727023846,0.01787761110429915,1.8190075678334576,1.7243534657312864,1.6408254739307744,11.93339152557691,7.329999286931671,42789503.37931977,28.7952732208569,183.51201441356014,147.36090103993868,9.0,-5.200000000000001,-1.7999999999999998,-1.2000000000000002,0.0,1.7999999999999998,0.6,-0.7212000000000001,-0.7129092000000001,-0.5642532,-7.866602074865234,-3.1999999999999997,-4.9936424707133735,-1.8126382043069391,-1.903757856091854,-0.616323621999296,2.7455781480307593,2.514341231188361,0.3702995423580647,-0.5567247204209107,-0.33687922683624305,-0.3096385514518778,-3.797138903444286,1.0,1.0,5.200000000000001,1.7999999999999998,1.2000000000000002,0.0,1.7999999999999998,0.6,0.7212000000000001,0.7129092000000001,0.5642532,7.866602074865234,3.1999999999999997,0.33687922683624305,0.5567247204209107,4.9936424707133735,1.8126382043069391,0.3096385514518778,3.797138903444286,0.616323621999296,2.7455781480307593,2.514341231188361,0.3702995423580647,0.8660254037844387,-0.4999999999999998,-0.7818314824680299,0.6234898018587334,-0.2588190451025208,-0.9659258262890683,10,2,39,19,24,10,20,24,2
A,2026-04-05,15:15,4645899.0,H,Valencia,1049.0,Carlos Corberán,4-2-3-1,41000000.0,28.116483106216165,181.0909090909091,213.0,12.6,3.6,5.8,11.2,2.2,0.0,1.6412799999999996,1.5880122,1.1420470000000003,11.924251158833538,6.6,27200000.0,28.487237881899073,181.6727272727273,214.6,11.780305477499917,3.55931242240297,5.2967694340281275,9.725509185089924,1.7579483277882153,0.008676631971094828,1.6376031700031766,1.4667337837260037,1.202905481865894,14.253842963133927,6.190728762805307,29189004.213823993,28.331705227846196,181.44481292186958,206.05631937027343,12.0,Celta Vigo,940.0,Claudio Giráldez,5-4-1,29000000.0,26.371227677182503,180.0909090909091,72.0,10.8,4.8,4.4,10.4,1.8,0.0,1.41934,1.3805672000000002,1.2319132,17.105673032849506,5.2,20900000.0,26.29685769398295,181.36363636363635,69.2,10.457417413595847,4.436361866668727,3.9666318058731207,11.455644663439736,1.924228310920573,0.00010101671309431925,1.3268850393337923,1.3677856612048356,1.2830956611976554,15.753597109124135,5.548661554643438,22096369.224931255,26.273701030252962,181.48102940037623,59.38952661877659,6.0,1.799999999999999,-1.1999999999999997,1.3999999999999995,0.7999999999999989,0.40000000000000013,0.0,0.22193999999999958,0.20744499999999988,-0.08986619999999967,5.181421874015967,1.3999999999999995,1.3228880639040703,1.4997541459902077,-0.8770494442657566,1.3301376281550068,-1.730135478349812,-0.1662799831323576,0.00857561525800051,0.31071813066938425,0.09894812252116814,-0.08019017933176142,0.642067208161869,-6.0,6.0,1.799999999999999,1.1999999999999997,1.3999999999999995,0.7999999999999989,0.40000000000000013,0.0,0.22193999999999958,0.20744499999999988,0.08986619999999967,5.181421874015967,1.3999999999999995,0.09894812252116814,0.31071813066938425,1.3228880639040703,1.4997541459902077,0.08019017933176142,0.642067208161869,1.3301376281550068,1.730135478349812,0.1662799831323576,0.00857561525800051,0.8660254037844387,-0.4999999999999998,-0.7818314824680299,0.6234898018587334,-0.7071067811865471,-0.7071067811865479,26,6,11,12,10,24,0,27,0
H,2026-04-06,20:00,4645905.0,H,Girona,12321.0,Míchel,4-2-3-1,94300000.0,28.771327235392945,181.1818181818182,389.0,13.2,4.6,4.6,7.8,1.4,0.0,1.46998,1.594213,1.594213,13.398013495276654,7.2,82000000.0,27.69171800136893,180.78181818181818,382.8,11.738341128652118,3.833552992949063,3.4833982899406077,8.379019684599857,1.2517063892467195,0.04985343718099067,1.2232402518136696,1.4046506992020584,1.3667543394473034,13.536591062651206,6.8894360475102445,81996378.64321007,27.56615504878862,180.8058786932066,377.27069629741965,13.0,Villarreal,1050.0,Marcelino,4-4-2,100500000.0,26.589757949100864,184.0,185.0,13.0,5.4,3.4,9.6,1.0,0.0,1.73108,2.0558571999999997,1.9072032,21.49597744360902,7.6,98200000.0,26.154688569472967,184.45454545454544,192.8,14.384438157498735,6.197503296796416,3.324497752162793,10.95323514228563,1.0065271041571908,0.007560379532667038,1.9982892075029746,2.157744132436569,2.0990255946329603,21.654146066332924,7.46107285565076,93221848.9394098,26.301831156122926,184.4965394192633,195.4284217227039,3.0,0.1999999999999993,-0.8000000000000007,1.1999999999999997,-1.7999999999999998,0.3999999999999999,0.0,-0.2610999999999999,-0.4616441999999996,-0.3129902,8.097963948332367,-0.39999999999999947,-2.646097028846617,8.117555003681717,-2.363950303847353,0.15890053777781477,-2.5742154576857725,0.2451792850895287,0.042293057648323626,-0.775048955689305,-0.7530934332345105,-0.7322712551856569,-0.5716368081405152,-10.0,10.0,0.1999999999999993,0.8000000000000007,1.1999999999999997,1.7999999999999998,0.3999999999999999,0.0,0.2610999999999999,0.4616441999999996,0.3129902,8.097963948332367,0.39999999999999947,0.7530934332345105,0.775048955689305,2.646097028846617,8.117555003681717,0.7322712551856569,0.5716368081405152,0.15890053777781477,2.5742154576857725,0.2451792850895287,0.042293057648323626,0.8660254037844387,-0.4999999999999998,0.0,1.0,-0.8660254037844386,0.5000000000000001,11,27,56,52,10,18,3,1,2
D,2026-04-10,20:00,4645940.0,D,Real Madrid,418.0,Álvaro Arbeloa,4-4-2,345000000.0,26.644266069317403,179.9090909090909,423.0,15.6,6.4,5.8,9.8,2.0,0.4,1.8651399999999998,1.7732568,1.6246008,11.85819414503625,8.4,188000000.0,26.32772073921971,182.3090909090909,446.4,15.306063304937615,6.616738588532255,5.081030558530652,9.656572563006478,1.7875531887817957,0.2916004828537229,1.867211365320508,1.9068324875233271,1.6750946501601607,12.5837011108171,8.752995582128927,189689713.23524895,26.01610654406328,182.38538745246308,428.5580667287397,2.0,Girona,12321.0,Míchel,4-2-3-1,79900000.0,27.58558894903864,180.8181818181818,310.0,13.2,4.0,4.8,8.2,1.4,0.0,1.5084,1.3134776,1.3134776,13.993964912280706,7.6,81900000.0,27.84608300665796,180.72727272727275,386.0,11.158894085768077,3.222368661966042,4.6555988599604055,8.252679789733238,1.5011375928311466,0.03323562478732711,1.3240601678757797,1.154264799468039,1.1290005596315356,13.427902813697296,7.592957365006829,86097585.76214005,27.967879110990065,180.93119185607713,381.1804641982797,12.0,2.4000000000000004,2.4000000000000004,1.0,1.6000000000000014,0.6000000000000001,0.4,0.35673999999999984,0.45977920000000005,0.31112320000000016,2.1357707672444555,0.8000000000000007,4.1471692191695375,0.8442017028801949,3.394369926566213,0.42543169857024665,1.40389277327324,0.28641559595064914,0.2583648580663958,0.5431511974447283,0.7525676880552881,0.5460940905286251,1.1600382171220973,10.0,10.0,2.4000000000000004,2.4000000000000004,1.0,1.6000000000000014,0.6000000000000001,0.4,0.35673999999999984,0.45977920000000005,0.31112320000000016,2.1357707672444555,0.8000000000000007,0.7525676880552881,0.5431511974447283,4.1471692191695375,0.8442017028801949,0.5460940905286251,1.1600382171220973,0.42543169857024665,1.40389277327324,0.28641559595064914,0.2583648580663958,0.8660254037844387,-0.4999999999999998,-0.433883739117558,-0.9009688679024191,-0.8660254037844386,0.5000000000000001,20,11,83,56,18,10,21,3,1
H,2026-04-11,20:00,4645947.0,H,Sevilla,368.0,Luis García,5-4-1,29000000.0,25.842573579739906,185.27272727272728,231.0,11.0,2.8,4.6,13.4,2.0,0.2,0.9571400000000001,0.8382162,0.8382162,13.361714285714289,4.8,42380000.0,28.239288158795347,184.1818181818182,429.6,10.229687444799001,2.011115359930043,5.0412028733565295,13.299525748452448,2.211240819908309,0.3940837669413999,0.9329767581095197,0.800578349434164,0.7874808303890052,12.224911582613535,4.457304667775442,43422043.34904509,27.919092689737468,184.4935178561864,383.95018926082383,17.0,Atletico Madrid,13.0,Diego Simeone,4-2-3-1,40600000.0,24.282607042360635,181.44444444444446,130.0,14.2,4.8,4.6,10.6,3.2,0.2,1.24948,1.7798356000000002,1.7798355999999997,12.44383400957637,11.4,144200000.0,28.03795158982017,180.8490909090909,449.0,12.206751893514356,4.703406680993593,3.8926803768326086,12.37787246272884,3.7643721760334627,0.3333911124981693,1.009932489077815,1.5719701492416618,1.5718262794497033,13.399620939400386,8.82154372749776,151118797.22136578,28.105939544763697,180.5659663082637,440.6203359248525,4.0,-3.1999999999999993,-2.0,0.0,2.8000000000000007,-1.2000000000000002,0.0,-0.2923399999999998,-0.9416194000000002,-0.9416193999999998,-0.9178802761379181,-6.6000000000000005,-1.977064448715355,1.1747093567868507,-2.6922913210635504,1.148522496523921,0.9216532857236075,-1.5531313561251539,0.06069265444323063,-0.07695573096829522,-0.7713917998074978,-0.7843454490606981,-4.364239059722318,-13.0,13.0,3.1999999999999993,2.0,0.0,2.8000000000000007,1.2000000000000002,0.0,0.2923399999999998,0.9416194000000002,0.9416193999999998,0.9178802761379181,6.6000000000000005,0.7713917998074978,0.07695573096829522,1.977064448715355,1.1747093567868507,0.7843454490606981,4.364239059722318,1.148522496523921,0.9216532857236075,1.5531313561251539,0.06069265444323063,0.8660254037844387,-0.4999999999999998,-0.9749279121818236,-0.2225209339563146,-0.8660254037844386,0.5000000000000001,25,3,48,16,24,10,19,5,2
D,2026-04-11,13:00,4645946.0,D,Real Sociedad,681.0,Pellegrino Matarazzo,4-2-3-1,88800000.0,26.743575384232464,182.0,147.0,12.4,4.0,5.4,14.0,2.0,0.0,1.48012,1.6033834000000002,1.4547274000000001,9.5105,7.2,102200000.0,26.58338622363263,181.3090909090909,182.4,13.667759378135187,4.582451084000735,6.461706933701559,12.515301335849921,1.9764948989351894,0.02745744767560729,1.7304091840916944,1.9805507184931868,1.8419932735638325,9.46876684830586,7.942446310177988,104682893.60080226,26.536075531859876,181.2449390656126,183.43661125549434,7.0,Alaves,1108.0,Quique Sánchez Flores,3-4-1-2,26000000.0,27.909153132972435,181.0,16.0,13.4,4.6,4.2,15.0,4.0,0.6,0.9094600000000004,1.3051224000000001,1.0078114,12.651086456771614,4.2,29100000.0,27.645672329039883,181.14545454545456,30.6,14.243845667082658,4.7998810657163675,4.567683267508856,13.523731729067011,2.8736162360469693,0.2660941074279916,1.1668150279924097,1.4573976166299463,1.1356121195442588,14.596520577571374,4.149744196692085,29281153.04076765,27.528856638474323,180.92354090302774,27.987458440955393,15.0,-1.0,-0.5999999999999996,1.2000000000000002,-1.0,-2.0,-0.6,0.5706599999999997,0.2982610000000001,0.4469160000000001,3.1405864567716133,3.0,-0.5760862889474705,5.127753729265514,-0.21742998171563244,1.8940236661927035,-1.0084303932170897,-0.8971213371117799,-0.23863665975238432,0.5635941560992848,0.5231531018632405,0.7063811540195737,3.7927021134859027,8.0,8.0,1.0,0.5999999999999996,1.2000000000000002,1.0,2.0,0.6,0.5706599999999997,0.2982610000000001,0.4469160000000001,3.1405864567716133,3.0,0.5231531018632405,0.5635941560992848,0.5760862889474705,5.127753729265514,0.7063811540195737,3.7927021134859027,1.8940236661927035,1.0084303932170897,0.8971213371117799,0.23863665975238432,0.8660254037844387,-0.4999999999999998,-0.9749279121818236,-0.2225209339563146,-0.2588190451025208,-0.9659258262890683,22,0,61,64,10,1,25,2,1
H,2026-04-11,15:15,4645944.0,D,Elche,1531.0,Eder Sarabia,3-4-1-2,14300000.0,27.799887997013254,183.27272727272728,69.0,12.6,4.8,3.8,14.4,2.4,0.2,1.2344,1.3866788000000003,1.2380228,8.035378151260506,5.2,11280000.0,27.79097753717877,183.05454545454546,49.0,11.073315280253837,4.011502542189318,3.7148853683702305,12.730025835427943,2.849241658437107,0.33371626261481063,1.0162831141291262,1.183776734693654,1.1021876712008625,9.109258170518189,5.51291332186855,12140430.699933967,27.77185528837607,183.08286564436926,43.75855766433498,18.0,Valencia,1049.0,Carlos Corberán,4-4-2,39000000.0,28.513471470350318,181.1818181818182,205.0,13.6,3.8,6.2,10.8,1.6,0.0,1.5808199999999997,1.3496930000000003,1.0523818,13.062466261808368,7.0,30400000.0,28.391164208823348,181.34545454545454,216.0,12.186870318333277,3.7062082816019797,5.531179622685419,11.150339456726618,1.5052988851921434,0.005784421314063219,1.3194021133354512,1.2181438558173359,1.0422583212439294,13.993790045598056,6.460485841870205,33126002.809215993,28.259964520636185,181.3268449782161,208.37087958018228,14.0,-1.0,1.0,-2.4000000000000004,3.5999999999999996,0.7999999999999998,0.2,-0.34641999999999973,0.03698580000000007,0.18564099999999994,5.0270881105478615,-1.7999999999999998,-1.11355503807944,4.884531875079867,0.3052942605873379,-1.816294254315188,1.5796863787013251,1.3439427732449638,0.32793184130074743,-0.303118999206325,-0.03436712112368179,0.05992934995693311,-0.9475725200016551,-4.0,4.0,1.0,1.0,2.4000000000000004,3.5999999999999996,0.7999999999999998,0.2,0.34641999999999973,0.03698580000000007,0.18564099999999994,5.0270881105478615,1.7999999999999998,0.03436712112368179,0.303118999206325,1.11355503807944,4.884531875079867,0.05992934995693311,0.9475725200016551,1.816294254315188,1.5796863787013251,1.3439427732449638,0.32793184130074743,0.8660254037844387,-0.4999999999999998,-0.9749279121818236,-0.2225209339563146,-0.7071067811865471,-0.7071067811865479,8,26,17,11,1,18,8,0,2
H,2026-04-11,17:30,4645942.0,H,Barcelona,131.0,Hansi Flick,4-2-3-1,130000000.0,23.267002675626905,181.63636363636363,223.0,15.2,6.0,5.0,9.6,1.6,0.0,1.9930999999999996,2.5158458,2.2185338,7.536712501234324,8.6,60000000.0,24.778754277891856,182.9581818181818,327.4,17.633009200533536,6.402729689578517,6.713819863239547,9.876114275618471,1.7577468777215735,0.00032579345725706647,2.0926715456466103,2.6687309720417076,2.423218329216896,7.961947283896513,9.798927608101872,56770493.485590994,25.029479466078097,182.95501953865926,345.1171761637841,1.0,Espanyol,714.0,Manolo González,4-2-3-1,32000000.0,28.584655590815757,181.72727272727272,28.0,14.0,4.2,6.0,17.6,3.4,0.4,0.8354799999999998,1.0788757999999998,1.0788758,14.588579067990832,3.6,28240000.0,27.65214361271856,182.27272727272728,34.8,12.137392763536559,3.2601383464806246,5.946075114893159,16.00406990996173,2.8015560760690392,0.2147625620471029,0.6365605478881456,0.9410078990185017,0.940398185465447,16.580394098424765,3.0556062216811415,28553137.17398597,27.459825380035337,182.25231132873708,35.28656322021985,10.0,1.1999999999999993,1.7999999999999998,-1.0,-8.000000000000002,-1.7999999999999998,-0.4,1.1576199999999999,1.4369700000000003,1.1396579999999998,7.051866566756508,5.0,5.495616436996977,8.618446814528252,3.1425913430978922,0.767744748346388,-6.127955634343257,-1.0438091983474658,-0.21443676858984584,1.4561109977584645,1.7277230730232058,1.4828201437514488,6.74332138642073,9.0,9.0,1.1999999999999993,1.7999999999999998,1.0,8.000000000000002,1.7999999999999998,0.4,1.1576199999999999,1.4369700000000003,1.1396579999999998,7.051866566756508,5.0,1.7277230730232058,1.4561109977584645,5.495616436996977,8.618446814528252,1.4828201437514488,6.74332138642073,0.767744748346388,6.127955634343257,1.0438091983474658,0.21443676858984584,0.8660254037844387,-0.4999999999999998,-0.9749279121818236,-0.2225209339563146,-0.9659258262890683,-0.25881904510252063,4,9,27,50,10,10,6,26,2
H,2026-04-12,15:15,4645945.0,H,Mallorca,237.0,Martín Demichelis,4-3-1-2,38600000.0,28.049032418642273,182.0909090909091,188.0,11.4,4.6,3.2,11.2,2.6,0.2,1.1570399999999998,1.2987344,1.1500782,13.72451533973273,4.0,40060000.0,28.550009333582228,182.74545454545455,180.8,10.515278342466859,4.14710028780767,3.8697154205129656,12.537026523121744,2.7838650984197506,0.09881520236031455,1.1169637301456918,1.27021261268286,1.0830938875296694,12.643512845184128,3.199294178183912,40192031.93164718,28.456672309323437,182.3748336162013,181.92112331714506,16.0,Rayo Vallecano,367.0,Iñigo Pérez,4-3-3 Attacking,24600000.0,29.29301225810466,181.27272727272728,70.0,15.0,4.4,7.4,12.6,2.0,0.2,1.62846,1.6310226,1.4823666,8.09600122100122,5.2,29480000.0,29.50746064339494,179.72727272727275,77.6,15.338005646673418,4.540872128672395,7.360346466579465,13.232560825217462,1.9933306018593167,0.1849238760986445,1.69845769658813,1.6265765086111388,1.5747698809951647,7.981283411255368,5.529022284527912,30496013.529916774,29.64201716471067,179.46005528146964,75.2996742127892,13.0,-3.5999999999999996,0.1999999999999993,-4.2,-1.4000000000000004,0.6000000000000001,0.0,-0.47142000000000017,-0.33228820000000003,-0.33228839999999993,-5.628514118731509,-1.2000000000000002,-4.822727304206559,-4.66222943392876,-0.3937718408647246,-3.490631046066499,-0.6955343020957176,0.790534496560434,-0.08610867373832995,-0.5814939664424381,-0.3563638959282789,-0.4916759934654953,-2.3297281063439996,-3.0,3.0,3.5999999999999996,0.1999999999999993,4.2,1.4000000000000004,0.6000000000000001,0.0,0.47142000000000017,0.33228820000000003,0.33228839999999993,5.628514118731509,1.2000000000000002,0.3563638959282789,0.5814939664424381,4.822727304206559,4.66222943392876,0.4916759934654953,2.3297281063439996,3.490631046066499,0.6955343020957176,0.790534496560434,0.08610867373832995,0.8660254037844387,-0.4999999999999998,-0.7818314824680299,0.6234898018587334,-0.7071067811865471,-0.7071067811865479,16,18,53,30,12,15,11,18,2
A,2026-04-12,20:00,4645941.0,A,Athletic Club,621.0,Ernesto Valverde,4-2-3-1,102500000.0,29.34552921411238,183.72727272727272,180.0,10.8,4.0,4.8,13.0,1.8,0.0,1.26414,1.1799351999999999,1.1799351999999999,10.496674991674992,7.0,38500000.0,28.582067077344288,183.78181818181818,150.0,10.859895538420048,3.8980186252535654,4.7088027481854295,12.680218439834022,1.6307575818015898,0.0119184074028661,1.3132050452223052,1.324361977154191,1.268676649287183,9.505594350384607,7.219999524621113,42859668.919546515,28.834498410486436,183.97770657873707,147.57393402662578,11.0,Villarreal,1050.0,Marcelino,4-4-2,50000000.0,26.41777114056375,185.27272727272728,157.0,12.4,4.4,3.2,10.0,1.0,0.0,1.58956,1.6682727999999998,1.6682728,20.14359649122807,8.4,95500000.0,26.26101673822413,184.45454545454544,195.6,12.58962543833249,4.131668864530944,3.549665168108529,10.302156761523753,1.3376847361047937,0.005040253021778025,1.6794594716686497,1.5863354216243792,1.547189729755307,18.658319599777503,7.307381903767173,95647899.29293986,26.397806753782238,184.33102627950885,191.95228114846927,3.0,-1.5999999999999996,-0.40000000000000036,1.5999999999999996,3.0,0.8,0.0,-0.32542000000000004,-0.4883375999999999,-0.48833760000000015,9.646921499553079,-1.4000000000000004,-1.7297298999124422,9.152725249392896,-0.2336502392773787,1.1591375800769006,2.378061678310269,0.29307284569679615,0.006878154381088075,-0.36625442644634454,-0.2619734444701882,-0.27851308046812395,-0.08738237914605929,-8.0,8.0,1.5999999999999996,0.40000000000000036,1.5999999999999996,3.0,0.8,0.0,0.32542000000000004,0.4883375999999999,0.48833760000000015,9.646921499553079,1.4000000000000004,0.2619734444701882,0.36625442644634454,1.7297298999124422,9.152725249392896,0.27851308046812395,0.08738237914605929,1.1591375800769006,2.378061678310269,0.29307284569679615,0.006878154381088075,0.8660254037844387,-0.4999999999999998,-0.7818314824680299,0.6234898018587334,-0.8660254037844386,0.5000000000000001,2,27,19,52,10,18,24,1,0
A,2026-04-12,17:30,4645943.0,A,Celta Vigo,940.0,Claudio Giráldez,5-4-1,6500000.0,27.347570157426425,181.9,116.0,8.6,4.4,3.0,12.4,2.2,0.0,1.2408000000000001,1.0841592,1.0841592,16.776673032849505,5.0,22400000.0,26.214622612158546,181.16363636363639,61.0,9.971611609063897,4.624241244445818,2.644421203915414,14.637096442293156,2.2828188739470487,6.734447539621283e-05,1.570756692889195,1.3975237741365572,1.3410637741317704,13.127398072749424,6.699107703095625,24397579.483287502,26.30620991256281,181.01765596388717,63.59301774585106,6.0,Real Oviedo,2497.0,Guillermo Almada,4-2-3-1,8100000.0,28.04579677680294,182.36363636363637,84.0,8.4,3.4,2.4,12.8,3.0,0.0,1.07238,1.1765608,1.0279048,9.740418595896855,3.8,11180000.0,27.875253562317216,182.4181818181818,71.6,8.981304254557296,3.6990147978829317,3.3334789619083907,13.136172614955633,3.345336480972396,0.0056128421439545695,1.1577870193928552,1.1673421859023312,1.0020915441057265,9.398099602041754,3.395374077933147,10392688.428943785,27.901998078446724,182.28738863868745,78.44108283825508,20.0,0.1999999999999993,1.0000000000000004,0.6000000000000001,-0.40000000000000036,-0.7999999999999998,0.0,0.16842000000000001,-0.09240160000000008,0.05625440000000004,-7.03625443695265,1.2000000000000002,0.9903073545066015,-3.72929847070767,0.9252264465628861,-0.6890577579929769,1.5009238273375232,-1.0625176070253475,-0.005545497668558357,0.41296967349633973,0.23018158823422596,0.3389722300260438,3.303733625162478,14.0,14.0,0.1999999999999993,1.0000000000000004,0.6000000000000001,0.40000000000000036,0.7999999999999998,0.0,0.16842000000000001,0.09240160000000008,0.05625440000000004,7.03625443695265,1.2000000000000002,0.23018158823422596,0.41296967349633973,0.9903073545066015,3.72929847070767,0.3389722300260438,3.303733625162478,0.6890577579929769,1.5009238273375232,1.0625176070253475,0.005545497668558357,0.8660254037844387,-0.4999999999999998,-0.7818314824680299,0.6234898018587334,-0.9659258262890683,-0.25881904510252063,6,21,12,25,24,10,27,12,0
D,2026-04-12,13:00,4645948.0,D,Osasuna,331.0,Alessio Lisci,4-2-3-1,38600000.0,28.77904299670213,181.72727272727272,63.0,14.0,5.2,4.8,14.0,2.4,0.2,1.4461400000000002,1.5676756,1.419021,11.247237031973876,6.4,47280000.0,29.188326799825774,181.92727272727274,69.2,12.964560100704398,5.706264649946424,3.893354046798725,15.428338511565025,2.8429619869368725,0.10490007006994946,1.5299269178831214,1.6639373379674034,1.3821205655985391,11.343116834161782,5.927442524549266,50759749.56297686,29.248238525639056,181.92682897062141,69.19358166463248,9.0,Real Betis,150.0,Manuel Pellegrini,4-2-3-1,68000000.0,27.476323813079457,181.8181818181818,165.0,14.4,4.4,4.8,9.8,1.8,0.0,1.8698000000000001,1.4408804,1.4408804,9.807880844645547,5.4,55600000.0,28.208026880716822,180.52727272727276,141.6,15.433765541296344,4.787999875028533,4.361749400514963,10.003524103274328,1.5710534271976708,0.0003383302198882104,1.920283379060977,1.5437598259089633,1.5335263143299962,11.869102254663437,6.516095625942107,55473376.80260613,28.381337770924585,180.74366922414595,154.13858867477646,5.0,-0.40000000000000036,0.7999999999999998,0.0,4.199999999999999,0.5999999999999999,0.2,-0.4236599999999999,0.1267952000000001,-0.021859399999999862,-1.439356187328329,1.0,-2.4692054405919457,0.5259854205016552,0.9182647749178905,-0.4683953537162382,5.424814408290697,1.2719085597392017,0.10456173985006124,-0.3903564611778556,0.12017751205844007,-0.15140574873145707,-0.5886531013928407,-4.0,4.0,0.40000000000000036,0.7999999999999998,0.0,4.199999999999999,0.5999999999999999,0.2,0.4236599999999999,0.1267952000000001,0.021859399999999862,1.439356187328329,1.0,0.12017751205844007,0.3903564611778556,2.4692054405919457,0.5259854205016552,0.15140574873145707,0.5886531013928407,0.4683953537162382,5.424814408290697,1.2719085597392017,0.10456173985006124,0.8660254037844387,-0.4999999999999998,-0.7818314824680299,0.6234898018587334,-0.2588190451025208,-0.9659258262890683,17,19,4,51,10,10,15,7,1
H,2026-04-13,20:00,4645939.0,D,Levante,3368.0,Luís Castro,4-1-4-1,9000000.0,25.81146163897704,181.72727272727272,138.0,16.6,5.2,5.2,14.8,2.6,0.2,1.32328,1.6588876000000004,1.6588876000000004,10.419224986437264,7.2,5800000.0,25.690100180449257,180.36363636363637,141.0,14.043131741353212,4.915539128465667,4.640882488272287,14.579019830390777,2.7033341278730703,0.13143117054685075,1.0370819966661158,1.3566903505257562,1.355709531217424,11.248163487012889,6.448045767604511,5209087.093830635,25.930167088994665,180.4389487036041,141.1089966469099,19.0,Getafe,3709.0,José Bordalás,5-4-1,23900000.0,28.85893846058117,185.1818181818182,105.0,9.0,4.4,4.2,15.6,4.4,0.4,1.33152,1.3814364000000001,1.3814364000000001,13.870405103668261,3.6,34060000.0,29.306153941882894,184.5090909090909,94.0,9.197467224611133,4.628846721192329,4.631253666852565,14.510603871854528,3.9736517359271635,0.25878476897490926,1.6885552316083647,1.5794661592633623,1.5419412816525977,13.588262244164989,3.0219069223249235,34055223.62756559,29.14591280066463,184.44749007236746,106.79881788732924,8.0,7.600000000000001,0.7999999999999998,1.0,-0.7999999999999989,-1.8000000000000003,-0.2,-0.008240000000000025,0.27745120000000023,0.27745120000000023,3.4511801172309973,3.6,4.8456645167420795,2.3400987571521004,0.2866924072733381,0.009628821419721767,0.06841595853624938,-1.2703176080540932,-0.12735359842805852,-0.651473234942249,-0.22277580873760616,-0.1862317504351736,3.4261388452795876,-11.0,11.0,7.600000000000001,0.7999999999999998,1.0,0.7999999999999989,1.8000000000000003,0.2,0.008240000000000025,0.27745120000000023,0.27745120000000023,3.4511801172309973,3.6,0.22277580873760616,0.651473234942249,4.8456645167420795,2.3400987571521004,0.1862317504351736,3.4261388452795876,0.009628821419721767,0.06841595853624938,1.2703176080540932,0.12735359842805852,0.8660254037844387,-0.4999999999999998,0.0,1.0,-0.8660254037844386,0.5000000000000001,15,10,49,39,9,24,16,20,2
D,2026-04-21,18:00,4645933.0,D,Mallorca,237.0,Martín Demichelis,4-3-1-2,44300000.0,29.38958372223259,181.54545454545453,225.0,12.6,5.2,3.8,12.6,2.8,0.2,1.2832599999999998,1.657216,1.5085598,10.41251533973273,4.2,39460000.0,28.40107025076224,182.4,185.2,11.01018556164457,4.098066858538447,4.579810280341977,12.691351015414497,2.1892433989465006,0.06587680157354303,1.3396091534304613,1.6956717417885734,1.5709259250197796,11.909008563456085,4.132862785455941,39661354.62109812,28.32079234576305,182.28019210777055,183.9474155447634,15.0,Valencia,1049.0,Carlos Corberán,4-4-2,50000000.0,27.714765727086057,181.0909090909091,205.0,15.2,5.2,7.0,11.6,1.2,0.0,1.6008,1.641319,1.4926629999999999,12.813903043417563,6.4,33400000.0,28.35995270985004,181.2909090909091,213.8,15.457913545555519,5.1374721877346525,6.687453081790278,13.433559637817746,1.3368659234614289,0.0038562808760421456,1.7148680755569672,1.7350592372115574,1.6178022141626194,11.984365777525142,4.640323894580137,35084001.87281066,28.344466837207563,181.2785027127501,207.24725305345487,14.0,-2.5999999999999996,0.0,-3.2,1.0,1.5999999999999999,0.2,-0.31754000000000016,0.01589700000000005,0.015896800000000155,2.401387703684833,-2.2,-4.447727983910948,0.07535721406905616,-1.0394053291962058,-2.107642801448301,-0.7422086224032487,0.8523774754850717,0.062020520697500886,-0.3752589221265059,-0.03938749542298403,-0.04687628914283981,-0.5074611091241952,-1.0,1.0,2.5999999999999996,0.0,3.2,1.0,1.5999999999999999,0.2,0.31754000000000016,0.01589700000000005,0.015896800000000155,2.401387703684833,2.2,0.03938749542298403,0.3752589221265059,4.447727983910948,0.07535721406905616,0.04687628914283981,0.5074611091241952,2.107642801448301,0.7422086224032487,0.8523774754850717,0.062020520697500886,0.8660254037844387,-0.4999999999999998,0.7818314824680298,0.6234898018587336,-1.0,-1.8369701987210297e-16,16,26,53,11,12,18,11,0,1
H,2026-04-21,20:30,4645935.0,H,Real Madrid,418.0,Álvaro Arbeloa,4-4-2,410000000.0,25.28454981021716,184.27272727272728,438.0,16.4,6.8,5.8,9.4,1.6,0.2,1.85872,1.7648807999999998,1.6162248,13.104509934509935,9.8,207000000.0,26.352809408250884,181.6,421.6,17.537375536625078,7.411159059021503,6.720687039020436,9.437715042004319,1.858368792521197,0.19440032190248194,2.0658409102136717,1.9315083250155514,1.7770164334401073,11.9224674072114,11.83533038808595,241459808.8234993,26.225493052481323,181.55995527133902,426.7053778191598,2.0,Alaves,1108.0,Quique Sánchez Flores,5-3-2,26500000.0,28.051521373903302,180.0,20.0,12.4,3.6,4.0,15.4,3.6,0.4,1.0618200000000004,1.2866124,0.9893014000000001,13.184419790104949,4.8,28400000.0,27.69734304025885,181.01818181818183,26.6,13.49589711138844,3.866587377144245,4.711788845005904,15.01582115271134,3.2490774906979794,0.17739607161866108,1.1953100186616064,1.3735984110866308,1.1590747463628392,13.56434705171425,6.09982946446139,28187435.36051177,27.65562213664036,180.94902726868517,23.99163896063693,17.0,3.9999999999999982,3.1999999999999997,1.7999999999999998,-6.0,-2.0,-0.2,0.7968999999999995,0.4782683999999997,0.6269233999999998,0.07990985559501418,5.000000000000001,4.0414784252366385,1.6418796445028505,3.5445716818772577,2.008898194014532,-5.5781061107070204,-1.3907086981767824,0.017004250283820854,0.8705308915520653,0.5579099139289205,0.617941687077268,5.73550092362456,15.0,15.0,3.9999999999999982,3.1999999999999997,1.7999999999999998,6.0,2.0,0.2,0.7968999999999995,0.4782683999999997,0.6269233999999998,0.07990985559501418,5.000000000000001,0.5579099139289205,0.8705308915520653,4.0414784252366385,1.6418796445028505,0.617941687077268,5.73550092362456,2.008898194014532,5.5781061107070204,1.3907086981767824,0.017004250283820854,0.8660254037844387,-0.4999999999999998,0.7818314824680298,0.6234898018587336,-0.8660254037844386,0.5000000000000001,20,0,83,64,18,23,21,2,2
A,2026-04-21,20:30,4645937.0,D,Girona,12321.0,Míchel,4-2-3-1,79300000.0,28.44925642461577,180.0909090909091,372.0,12.2,3.0,3.0,9.0,1.2,0.0,1.16196,1.0927396,1.0927396,14.693964912280705,7.2,80120000.0,27.75946736357414,180.83636363636364,373.6,10.772596057178717,2.8149124413106947,3.4370659066402705,9.835119859822159,1.3340917285540979,0.022157083191551408,1.0045401119171864,0.9250665329786928,0.9082237064210238,15.785268542464863,7.061971576671219,84031723.8414267,27.840449057006257,180.89352184344534,357.4536427988531,12.0,Real Betis,150.0,Manuel Pellegrini,4-2-3-1,41500000.0,28.427851409370916,181.54545454545453,221.0,14.2,4.6,4.6,9.8,2.0,0.0,1.52536,1.226235,1.226235,10.684803921568625,5.4,54900000.0,27.977649181755957,180.8181818181818,130.2,12.955843694197563,4.191999916685689,3.907832933676642,10.669016068849553,2.3807022847984474,0.0002255534799254736,1.4139889193739847,1.166234217272642,1.1594118762199974,13.746068169775626,5.344063750628071,59648917.86840409,28.079666451642876,181.10184008882456,157.75905911651765,5.0,-2.0,-1.5999999999999996,-1.5999999999999996,-0.8000000000000007,-0.8,0.0,-0.36339999999999995,-0.13349539999999993,-0.13349539999999993,-4.009160990712081,1.7999999999999998,-2.1832476370188463,-2.039200372689237,-1.3770874753749944,-0.47076702703637174,-0.8338962090273938,-1.0466105562443495,0.021931529711625933,-0.40944880745679835,-0.2411676842939493,-0.2511881697989736,1.717907826043148,-7.0,7.0,2.0,1.5999999999999996,1.5999999999999996,0.8000000000000007,0.8,0.0,0.36339999999999995,0.13349539999999993,0.13349539999999993,4.009160990712081,1.7999999999999998,0.2411676842939493,0.40944880745679835,2.1832476370188463,2.039200372689237,0.2511881697989736,1.717907826043148,0.47076702703637174,0.8338962090273938,1.0466105562443495,0.021931529711625933,0.8660254037844387,-0.4999999999999998,0.7818314824680298,0.6234898018587336,-0.8660254037844386,0.5000000000000001,11,19,56,51,10,10,3,7,0
H,2026-04-21,18:00,4645930.0,H,Athletic Club,621.0,Ernesto Valverde,4-2-3-1,62500000.0,29.915748864414162,181.8181818181818,166.0,12.8,4.8,7.0,12.6,1.6,0.0,1.39406,1.3581138,1.3581138,10.631674991674993,8.6,48500000.0,28.733395557214855,183.7090909090909,155.4,13.2399303589467,4.598679083502376,8.13920183212362,13.453478959889347,1.7538383878677266,0.007945604935244066,1.26923669681487,1.322691318102794,1.2855677661914553,8.659285122478627,8.813333016414076,62739779.27969768,29.004842011695086,183.89422862824895,158.38262268441719,11.0,Osasuna,331.0,Alessio Lisci,4-2-3-1,56600000.0,28.91170431211499,181.72727272727272,73.0,14.8,6.0,5.2,14.2,2.4,0.2,1.8490600000000001,1.8217051999999998,1.5243956,11.380204064940909,7.0,48920000.0,29.08204841017983,181.89090909090908,68.6,12.643040067136264,5.1375097666309495,4.5955693645324835,14.952225674376683,2.8953079912912485,0.06993338004663298,1.8157512785887475,1.6190515586449354,1.1834153770656928,11.164641992005292,6.2849616830328445,46706499.708651245,29.091840015993416,181.8603102228385,67.12905444308832,9.0,-2.0,-1.2000000000000002,1.7999999999999998,-1.5999999999999996,-0.7999999999999998,-0.2,-0.45500000000000007,-0.4635913999999999,-0.16628180000000015,0.7485290732659156,1.5999999999999996,0.5968902918104355,2.505356869526665,-0.5388306831285732,3.543632467591136,-1.4987467144873357,-1.1414696034235219,-0.061987775111388914,-0.5465145817738775,-0.2963602405421415,0.10215238912576252,2.528371333381231,-2.0,2.0,2.0,1.2000000000000002,1.7999999999999998,1.5999999999999996,0.7999999999999998,0.2,0.45500000000000007,0.4635913999999999,0.16628180000000015,0.7485290732659156,1.5999999999999996,0.2963602405421415,0.5465145817738775,0.5968902918104355,2.505356869526665,0.10215238912576252,2.528371333381231,3.543632467591136,1.4987467144873357,1.1414696034235219,0.061987775111388914,0.8660254037844387,-0.4999999999999998,0.7818314824680298,0.6234898018587336,-1.0,-1.8369701987210297e-16,2,17,19,4,10,10,24,15,2
H,2026-04-22,20:30,4645931.0,H,Barcelona,131.0,Hansi Flick,4-2-3-1,70000000.0,24.635181382614647,181.45454545454547,342.0,15.4,6.4,5.8,9.4,1.8,0.0,1.99354,2.4679378000000005,2.1706258,7.623250962772785,7.0,68000000.0,24.669638479248338,182.90363636363637,320.4,18.422006133689024,7.6018197930523455,6.809213242159697,9.917409517078982,2.1718312518143823,0.00021719563817137764,2.2794143637644066,2.8817839813611386,2.7181088861445972,6.90518707815323,8.865951738734582,81180328.990394,24.441987202594365,182.5154675712274,304.41145077585605,1.0,Celta Vigo,940.0,Claudio Giráldez,5-4-1,20000000.0,25.33557339306826,180.54545454545453,56.0,9.0,4.6,2.6,12.6,2.0,0.0,1.2255600000000002,1.176494,1.176494,14.516168831168835,7.4,19700000.0,26.649826395370543,181.3618181818182,71.2,9.647741072709264,5.082827496297212,3.0962808026102757,12.758064294862104,1.855212582631366,4.4896316930808554e-05,1.23710446192613,1.317942516091038,1.280302516087847,10.846836810404378,9.799405135397082,18431719.655525003,26.653329994184016,181.31177064259145,81.06201183056737,6.0,6.4,1.8000000000000007,3.1999999999999997,-3.1999999999999993,-0.19999999999999996,0.0,0.7679799999999999,1.2914438000000006,0.9941317999999999,6.892917868396051,-0.40000000000000036,8.77426506097976,3.9416497322511477,2.5189922967551333,3.7129324395494216,-2.840654777783122,0.3166186691830164,0.00017229932124056908,1.0423099018382767,1.5638414652701005,1.4378063700567503,-0.9334533966625003,5.0,5.0,6.4,1.8000000000000007,3.1999999999999997,3.1999999999999993,0.19999999999999996,0.0,0.7679799999999999,1.2914438000000006,0.9941317999999999,6.892917868396051,0.40000000000000036,1.5638414652701005,1.0423099018382767,8.77426506097976,3.9416497322511477,1.4378063700567503,0.9334533966625003,3.7129324395494216,2.840654777783122,0.3166186691830164,0.00017229932124056908,0.8660254037844387,-0.4999999999999998,0.9749279121818236,-0.22252093395631434,-0.8660254037844386,0.5000000000000001,4,6,27,12,10,24,6,27,2
H,2026-04-22,18:00,4645936.0,D,Elche,1531.0,Eder Sarabia,3-5-2 flat,14300000.0,27.830004355671704,183.27272727272728,69.0,10.8,3.4,4.2,14.6,2.4,0.2,0.8699399999999999,1.2289048000000002,1.2289048,8.196789915966388,5.8,12480000.0,27.531379503453422,183.2181818181818,48.6,10.048876853502557,3.3410016947928782,4.14325691224682,13.486683890285297,2.232827772291405,0.22247750840987376,0.7935887427527507,1.134147823129103,1.0797551141339083,8.459505447012125,5.341942214579032,12860287.133289313,27.781199524588462,183.14615285382195,52.172371776223315,18.0,Atletico Madrid,13.0,Diego Simeone,4-4-2 double 6,37000000.0,25.865023956194385,180.9,239.0,14.4,5.0,5.2,11.8,3.6,0.2,1.21632,1.780302,1.780302,11.498735970360684,11.2,130920000.0,27.396649589668073,180.7979797979798,388.0,12.471167929009573,3.8022711206623954,4.595120251221739,12.251914975152559,3.842914784022309,0.22226074166544618,0.9001883260518767,1.3331380994944413,1.3330421862998023,11.37752507071137,7.881029151665174,114279198.14757718,26.831495377296008,180.85879235365732,337.08022394990167,4.0,-3.5999999999999996,-1.6,-1.0,2.799999999999999,-1.2000000000000002,0.0,-0.34638000000000013,-0.5513971999999998,-0.5513972,3.3019460543942962,-5.3999999999999995,-2.4222910755070153,2.9180196236992444,-0.46126942586951714,-0.4518633389749187,1.2347689151327383,-1.6100870117309038,0.00021676674442758226,-0.106599583299126,-0.1989902763653384,-0.25328707216589397,-2.5390869370861413,-14.0,14.0,3.5999999999999996,1.6,1.0,2.799999999999999,1.2000000000000002,0.0,0.34638000000000013,0.5513971999999998,0.5513972,3.3019460543942962,5.3999999999999995,0.1989902763653384,0.106599583299126,2.4222910755070153,2.9180196236992444,0.25328707216589397,2.5390869370861413,0.4518633389749187,1.2347689151327383,1.6100870117309038,0.00021676674442758226,0.8660254037844387,-0.4999999999999998,0.9749279121818236,-0.22252093395631434,-1.0,-1.8369701987210297e-16,8,3,17,16,7,20,8,5,2
A,2026-04-22,19:00,4645929.0,A,Real Sociedad,681.0,Pellegrino Matarazzo,4-2-3-1,75800000.0,26.686827204281006,182.1818181818182,131.0,12.4,4.4,5.8,11.8,2.0,0.2,1.46334,1.6764430000000001,1.527787,9.574136363636365,8.4,102960000.0,26.54012818119594,181.47272727272724,171.4,13.111839585423459,4.388300722667156,7.307804622467707,12.010200890566614,1.9843299326234594,0.3516382984504049,1.6237394560611296,1.752033812328791,1.6596621823758884,9.585238504931178,8.294964206785325,99388595.73386817,26.605242149317405,181.4966260437417,171.29107417032955,7.0,Getafe,3709.0,José Bordalás,5-3-2,31100000.0,28.56972185924958,182.36363636363637,116.0,8.2,4.0,4.2,17.0,4.6,0.4,1.27042,1.3443682000000001,1.3443682000000001,12.092244184128031,3.6,32140000.0,29.263343911393196,184.63636363636365,110.6,7.798311483074088,3.4192311474615527,3.7541691112350435,17.673735914569686,4.982434490618108,0.5058565126499395,1.1381034877389098,1.1499717728422416,1.1249551877683983,11.484128852431832,3.0146046148832824,30670149.08504373,29.050254687303475,184.69226610885104,106.19921192488614,8.0,4.200000000000001,0.40000000000000036,1.5999999999999996,-5.199999999999999,-2.5999999999999996,-0.2,0.19291999999999998,0.3320748,0.18341879999999988,2.5181078204916663,4.800000000000001,5.313528102349371,1.8988903475006538,0.9690695752056038,3.553635511232663,-5.663535024003073,-2.9981045579946493,-0.15421821419953458,0.4856359683222198,0.6020620394865495,0.53470699460749,5.280359591902043,1.0,1.0,4.200000000000001,0.40000000000000036,1.5999999999999996,5.199999999999999,2.5999999999999996,0.2,0.19291999999999998,0.3320748,0.18341879999999988,2.5181078204916663,4.800000000000001,0.6020620394865495,0.4856359683222198,5.313528102349371,1.8988903475006538,0.53470699460749,5.280359591902043,3.553635511232663,5.663535024003073,2.9981045579946493,0.15421821419953458,0.8660254037844387,-0.4999999999999998,0.9749279121818236,-0.22252093395631434,-0.9659258262890684,0.2588190451025203,22,10,61,39,10,23,25,20,0
H,2026-04-23,19:00,4645938.0,D,Rayo Vallecano,367.0,Iñigo Pérez,4-2-3-1,37000000.0,29.193205152137388,179.0,69.0,14.6,3.6,6.4,12.8,2.8,0.2,1.3328600000000002,1.5149526000000002,1.5149526000000002,8.476556776556777,5.2,26700000.0,29.484164022151703,180.16363636363639,70.8,15.892003764448944,4.027248085781596,7.240230977719643,12.488373883478308,2.6622204012395443,0.12328258406576299,1.45897179772542,1.741221005740759,1.7066832539967765,8.969003755651727,6.352681523018608,28530675.686611187,29.525682195842,180.06427927855552,73.53311614185947,13.0,Espanyol,714.0,Manolo González,4-4-2,20200000.0,29.197934167133347,181.45454545454547,32.0,14.2,3.8,6.8,16.6,3.4,0.2,0.7642599999999998,1.1381721999999999,1.1381722,14.337063916475682,4.0,29600000.0,27.677730072801943,182.23636363636365,34.8,11.424928509024374,2.8400922309870835,5.630716743262106,16.669379939974487,3.8677040507126925,0.14317504136473527,0.5056736985920971,1.0044519326790011,1.0040454569769646,16.225313237333683,3.7037374811207613,29702091.449323982,27.834768783628807,182.07729846158227,32.857708813479896,10.0,0.40000000000000036,-0.19999999999999973,-0.39999999999999947,-3.8000000000000007,-0.6000000000000001,0.0,0.5686000000000003,0.37678040000000035,0.3767804000000001,5.860507139918905,1.2000000000000002,4.46707525542457,7.256309481681956,1.1871558547945127,1.6095142344575377,-4.181006056496178,-1.2054836494731482,-0.01989245729897228,0.9532980991333229,0.736769073061758,0.7026377970198119,2.6489440418978463,-3.0,3.0,0.40000000000000036,0.19999999999999973,0.39999999999999947,3.8000000000000007,0.6000000000000001,0.0,0.5686000000000003,0.37678040000000035,0.3767804000000001,5.860507139918905,1.2000000000000002,0.736769073061758,0.9532980991333229,4.46707525542457,7.256309481681956,0.7026377970198119,2.6489440418978463,1.6095142344575377,4.181006056496178,1.2054836494731482,0.01989245729897228,0.8660254037844387,-0.4999999999999998,0.43388373911755823,-0.900968867902419,-0.9659258262890684,0.2588190451025203,18,9,30,50,10,18,18,26,2
H,2026-04-23,18:00,4645932.0,H,Levante,3368.0,Luís Castro,4-1-4-1,9000000.0,25.838840146848362,181.72727272727272,138.0,16.6,5.0,4.8,14.4,2.8,0.2,1.4413600000000002,1.7699756,1.4726636000000002,9.819224986437263,6.6,5800000.0,25.851085806732623,180.9090909090909,139.2,16.695421160902143,4.6103594189771115,5.760588325514857,13.719346553593851,2.4688894185820467,0.08762078036456716,1.6713879977774109,2.0137835670171707,1.5176096874782827,9.132108991341925,5.965363845069675,6472724.729220423,25.890598605655455,180.86839004482695,140.07266443127327,19.0,Sevilla,368.0,Luis García,5-4-1,29000000.0,25.87542778918549,185.27272727272728,231.0,10.4,2.0,5.2,11.8,2.2,0.2,1.24504,1.0385434,0.8898873999999999,14.17740056022409,4.2,38360000.0,27.62446643021592,184.5090909090909,380.2,10.486458296532668,2.0074102399533618,5.360801915571019,11.19968383230163,2.8074938799388724,0.2627225112942666,1.3097845054063466,1.086318899622776,0.8298272202593369,14.95386262370314,4.971536445183628,38614695.56603006,27.226919653071615,184.7532543283667,332.9667928405492,16.0,6.200000000000001,3.0,-0.40000000000000036,2.5999999999999996,0.5999999999999996,0.0,0.19632000000000027,0.7314322,0.5827762000000003,4.358175573786827,2.3999999999999995,6.208962864369475,5.821753632361215,2.60294917902375,0.39978640994383774,2.519662721292221,-0.33860446135682576,-0.17510173092969944,0.36160349237106426,0.9274646673943947,0.6877824672189459,0.9938273998860465,-3.0,3.0,6.200000000000001,3.0,0.40000000000000036,2.5999999999999996,0.5999999999999996,0.0,0.19632000000000027,0.7314322,0.5827762000000003,4.358175573786827,2.3999999999999995,0.9274646673943947,0.36160349237106426,6.208962864369475,5.821753632361215,0.6877824672189459,0.9938273998860465,0.39978640994383774,2.519662721292221,0.33860446135682576,0.17510173092969944,0.8660254037844387,-0.4999999999999998,0.43388373911755823,-0.900968867902419,-1.0,-1.8369701987210297e-16,15,25,49,48,9,24,16,19,2
D,2026-04-23,20:30,4645934.0,A,Real Oviedo,2497.0,Guillermo Almada,4-2-3-1,8100000.0,28.235206272167257,182.0909090909091,88.0,8.4,4.0,2.2,13.4,3.0,0.0,1.43682,1.4001488000000002,1.2514928,11.531722943722944,2.6,9800000.0,27.92174724659324,182.4181818181818,77.6,8.654201699124252,4.132678039651971,2.5556499369707284,13.090781585491401,2.896889428185594,0.003741888257834812,1.5068925600076215,1.4877159044544832,1.3775490014347027,12.265409703557648,2.2635787836754067,9628456.295600379,27.949931144549126,182.3128046353683,80.29406166781054,20.0,Villarreal,1050.0,Marcelino,4-4-2,54000000.0,26.80779042996702,184.36363636363637,195.0,13.6,5.4,3.4,9.8,1.4,0.0,1.8461199999999998,1.7061967999999996,1.7061968,18.706096491228074,8.0,82700000.0,26.329662124323317,184.7090909090909,192.8,12.393083625554993,4.754445909687296,3.366443445405686,9.534771174349169,1.8917898240698623,0.00336016868118535,1.6290063144457665,1.5747036144162527,1.548606486503538,18.751379733185,6.871587935844782,80431932.8619599,26.404461549376077,184.64492661058168,180.3015207656462,3.0,-5.199999999999999,-1.4000000000000004,-1.1999999999999997,3.5999999999999996,1.6,0.0,-0.4092999999999998,-0.30604799999999943,-0.454704,7.17437354750513,-5.4,-3.738881926430741,6.485970029627353,-0.6217678700353249,-0.8107935084349576,3.556010411142232,1.0050996041157316,0.0003817195766494621,-0.12211375443814498,-0.08698770996176952,-0.17105748506883534,-4.608009152169375,-17.0,17.0,5.199999999999999,1.4000000000000004,1.1999999999999997,3.5999999999999996,1.6,0.0,0.4092999999999998,0.30604799999999943,0.454704,7.17437354750513,5.4,0.08698770996176952,0.12211375443814498,3.738881926430741,6.485970029627353,0.17105748506883534,4.608009152169375,0.8107935084349576,3.556010411142232,1.0050996041157316,0.0003817195766494621,0.8660254037844387,-0.4999999999999998,0.43388373911755823,-0.900968867902419,-0.8660254037844386,0.5000000000000001,21,27,25,52,10,18,12,1,1
D,2026-04-24,20:00,4645971.0,A,Real Betis,150.0,Manuel Pellegrini,4-2-3-1,51400000.0,29.856511729201667,181.0,356.0,12.8,4.2,3.2,11.8,2.2,0.0,1.364,1.226319,1.226319,11.834999999999997,5.4,55300000.0,28.202551179142553,181.14545454545456,157.2,10.970562462798375,3.7946666111237928,2.9385552891177618,13.112677379233034,2.5871348565322982,0.0001503689866169824,1.2511926129159898,1.1940028115150947,1.189454584146665,12.708489890961529,4.562709167085381,53599278.57893606,28.195728104218887,181.2497115743679,178.83937274434507,5.0,Real Madrid,418.0,Álvaro Arbeloa,4-4-2,350000000.0,26.267189347271483,182.8181818181818,439.0,18.4,7.8,6.4,9.8,1.4,0.2,1.9099200000000003,1.938152,1.7894959999999998,12.98458512247986,11.2,251000000.0,26.071209010018045,182.0181818181818,418.6,19.691583691083384,7.607439372681003,7.480458026013625,10.958476694669548,1.5722458616807977,0.12960021460165463,1.801427273475781,1.7890055500103674,1.6860109556267382,11.474627394281285,13.2235535920573,297639872.54899955,25.911845305059938,182.46421260513512,430.4702518794399,2.0,-5.599999999999998,-3.5999999999999996,-3.2,2.0,0.8000000000000003,-0.2,-0.5459200000000002,-0.7118330000000002,-0.5631769999999998,1.1495851224798628,-5.799999999999999,-8.721021228285009,-1.2338624966802438,-3.81277276155721,-4.541902736895863,2.1542006845634862,1.0148889948515005,-0.12944984561503764,-0.5502346605597912,-0.5950027384952727,-0.49655637148007314,-8.66084442497192,-3.0,3.0,5.599999999999998,3.5999999999999996,3.2,2.0,0.8000000000000003,0.2,0.5459200000000002,0.7118330000000002,0.5631769999999998,1.1495851224798628,5.799999999999999,0.5950027384952727,0.5502346605597912,8.721021228285009,1.2338624966802438,0.49655637148007314,8.66084442497192,4.541902736895863,2.1542006845634862,1.0148889948515005,0.12944984561503764,0.8660254037844387,-0.4999999999999998,-0.433883739117558,-0.9009688679024191,-0.8660254037844386,0.5000000000000001,19,20,51,83,10,18,7,21,1
H,2026-04-25,20:00,4645975.0,A,Atletico Madrid,13.0,Diego Simeone,4-4-2,192000000.0,28.43407379752349,182.72727272727272,453.0,10.8,3.8,4.2,13.0,3.8,0.4,0.6536000000000001,1.2337252,1.2337251999999999,11.726065162907268,6.8,98520000.0,27.007138047138046,180.72343434343435,330.6,10.314111952673048,3.53484741377493,4.063413500814493,12.167943316768373,3.2286098560148724,0.48150716111029745,0.6349588840345844,1.1710373996629608,1.1709734575332016,11.775492904283771,6.25401943444345,88519465.43171813,26.5093382369288,180.87252823577157,304.3868159666011,4.0,Athletic Club,621.0,Ernesto Valverde,4-2-3-1,65500000.0,28.305394810528284,183.54545454545453,126.0,12.2,4.6,7.6,12.8,1.8,0.2,1.12044,1.2467438000000002,1.2467438,9.86049272566514,8.4,60400000.0,29.448173729077222,183.34545454545454,159.2,11.159953572631133,3.7324527223349175,7.092801221415747,12.968985973259564,2.1692255919118177,0.33863040329016275,1.0141911312099134,1.045170878735196,1.020421844127637,10.094695828778855,7.208888677609384,62659852.85313179,29.30847762926811,183.20221302489324,160.92174845627812,10.0,-1.3999999999999986,-0.7999999999999998,-3.3999999999999995,0.1999999999999993,1.9999999999999998,0.2,-0.46684000000000003,-0.013018600000000102,-0.013018600000000102,-1.865572437242129,-1.6000000000000005,-0.8458416199580849,-1.6807970755049162,-0.1976053085599876,-3.029387720601254,-0.801042656491191,1.0593842641030546,0.1428767578201347,-0.379232247175329,0.12586652092776474,0.15055161340556467,-0.954869243165934,6.0,6.0,1.3999999999999986,0.7999999999999998,3.3999999999999995,0.1999999999999993,1.9999999999999998,0.2,0.46684000000000003,0.013018600000000102,0.013018600000000102,1.865572437242129,1.6000000000000005,0.12586652092776474,0.379232247175329,0.8458416199580849,1.6807970755049162,0.15055161340556467,0.954869243165934,3.029387720601254,0.801042656491191,1.0593842641030546,0.1428767578201347,0.8660254037844387,-0.4999999999999998,-0.9749279121818236,-0.2225209339563146,-0.8660254037844386,0.5000000000000001,3,2,16,19,18,10,5,24,2
A,2026-04-25,15:15,4645976.0,A,Getafe,3709.0,José Bordalás,5-3-2,29900000.0,27.708543338933485,182.45454545454547,132.0,7.4,3.0,4.2,17.6,5.0,0.4,1.1149200000000001,1.2231972,1.2231972,11.408033657812243,2.8,31580000.0,29.05238006346836,184.2,111.6,6.865540988716059,2.279487431641035,3.502779407490029,19.115823943046458,4.988289660412073,0.33723767509995967,0.8150356584926065,0.8383921818948278,0.8217144585122655,12.533278884077362,2.676403076588855,30813432.723362487,28.890077077952174,183.91605619377947,109.46614128325741,7.0,Barcelona,131.0,Hansi Flick,4-2-3-1,80000000.0,25.629519009395803,180.45454545454547,418.0,16.0,6.6,6.0,10.2,1.8,0.0,2.18998,2.6648380000000005,2.2188696,7.771465248487071,8.8,68000000.0,24.741619065397302,182.48545454545456,328.4,15.614670755792682,6.067879862034897,6.206142161439797,10.944939678052654,1.7812208345429215,0.00014479709211425175,2.1086762425096044,2.436025987574092,2.0791485907630647,7.82964852829263,9.577301159156388,77453552.66026266,24.50638526260113,182.16182686566674,316.94096718390404,1.0,-8.6,-3.5999999999999996,-1.7999999999999998,7.400000000000002,3.2,0.4,-1.0750599999999997,-1.4416408000000005,-0.9956724000000001,-3.6365684093251724,-6.000000000000001,-8.749129767076624,-4.703630355784732,-3.7883924303938623,-2.703362753949768,8.170884264993804,3.2070688258691513,0.33709287800784543,-1.2936405840169978,-1.5976338056792643,-1.2574341322507991,-6.900898082567533,-6.0,6.0,8.6,3.5999999999999996,1.7999999999999998,7.400000000000002,3.2,0.4,1.0750599999999997,1.4416408000000005,0.9956724000000001,3.6365684093251724,6.000000000000001,1.5976338056792643,1.2936405840169978,8.749129767076624,4.703630355784732,1.2574341322507991,6.900898082567533,2.703362753949768,8.170884264993804,3.2070688258691513,0.33709287800784543,0.8660254037844387,-0.4999999999999998,-0.9749279121818236,-0.2225209339563146,-0.7071067811865471,-0.7071067811865479,10,4,39,27,23,10,20,6,0
H,2026-04-25,17:30,4645969.0,D,Valencia,1049.0,Carlos Corberán,4-4-2,34000000.0,28.63020347209259,181.9090909090909,201.0,13.4,4.2,5.8,12.2,1.4,0.0,1.35288,1.416791,1.4167910000000001,13.979400119440953,4.8,38600000.0,28.165167071121893,181.21818181818182,211.6,13.638609030370347,4.424981458489769,5.791635387860185,12.95570642521183,1.5579106156409523,0.0025708539173614304,1.4155453837046448,1.6213494914743716,1.5431781427750797,13.230317925757502,5.426882596386758,40056001.24854044,28.134566467167062,181.21597150546975,206.49816870230325,12.0,Girona,12321.0,Míchel,4-2-3-1,81300000.0,28.753655653039633,180.63636363636363,398.0,9.6,2.4,3.0,9.4,1.0,0.0,1.07708,1.0551216,0.9064664,15.925543859649125,6.4,80620000.0,27.931205276585153,180.8909090909091,374.6,10.181730704785812,2.5432749608737963,3.291377271093514,10.22341323988144,1.2227278190360653,0.014771388794367605,1.2667267412781242,1.1930143553191286,0.9340271376140158,15.593687800239733,6.374647717780813,82454482.56095113,28.04338484620943,180.6259842592666,362.3024285325687,15.0,3.8000000000000007,1.8000000000000003,2.8,2.799999999999999,0.3999999999999999,0.0,0.27580000000000005,0.3616693999999998,0.5103246000000001,1.9461437402081714,-1.6000000000000005,3.456878325584535,2.363369874482231,1.8817064976159723,2.500258116766671,2.7322931853303896,0.33518279660488703,-0.012200534877006175,0.14881864242652054,0.428335136155243,0.6091510051610639,-0.9477651213940552,3.0,3.0,3.8000000000000007,1.8000000000000003,2.8,2.799999999999999,0.3999999999999999,0.0,0.27580000000000005,0.3616693999999998,0.5103246000000001,1.9461437402081714,1.6000000000000005,0.428335136155243,0.14881864242652054,3.456878325584535,2.363369874482231,0.6091510051610639,0.9477651213940552,2.500258116766671,2.7322931853303896,0.33518279660488703,0.012200534877006175,0.8660254037844387,-0.4999999999999998,-0.9749279121818236,-0.2225209339563146,-0.9659258262890683,-0.25881904510252063,26,11,11,56,18,10,0,3,2
H,2026-04-25,13:00,4645970.0,A,Alaves,1108.0,Quique Sánchez Flores,3-5-2 flat,26000000.0,28.026134030240804,180.9090909090909,20.0,14.2,3.8,4.8,14.4,2.6,0.0,1.2114000000000005,1.2909564000000002,1.1423006,13.838680659670166,6.4,28200000.0,27.634870263207016,180.6909090909091,22.4,15.330598074258958,4.24439158476283,5.1411925633372695,14.010547435140893,2.4993849937986528,0.11826404774577405,1.2877733457744043,1.4589556073910872,1.3159398309085595,13.839999483751528,8.066552976307593,27624956.907007843,27.78758854906134,180.63268484579012,22.661092640424624,16.0,Mallorca,237.0,Martín Demichelis,4-3-1-2,40700000.0,27.96714579055441,183.45454545454547,174.0,15.0,6.0,5.2,12.0,1.8,0.0,1.6185800000000001,1.8998220000000003,1.7511658000000003,9.653424430641822,5.4,40220000.0,28.548117727583843,182.05454545454546,194.0,14.006790374429713,5.398711239025631,5.386540186894652,11.460900676942998,1.459495599297667,0.043917867715695356,1.5459727689536409,1.8786744945257154,1.795510616679853,11.09085419381921,6.088575190303961,41207569.74739875,28.677056137919564,182.03527958699854,197.6316103631756,17.0,-0.8000000000000007,-2.2,-0.40000000000000036,2.4000000000000004,0.8,0.0,-0.40717999999999965,-0.6088656000000001,-0.6088652000000003,-4.185256229028344,1.0,1.3238076998292456,-2.7491452899323185,-1.1543196542628005,-0.24534762355738238,2.5496467581978948,1.0398893945009857,0.0743461800300787,-0.2581994231792366,-0.41971888713462824,-0.4795707857712934,1.977977786003632,1.0,1.0,0.8000000000000007,2.2,0.40000000000000036,2.4000000000000004,0.8,0.0,0.40717999999999965,0.6088656000000001,0.6088652000000003,4.185256229028344,1.0,0.41971888713462824,0.2581994231792366,1.3238076998292456,2.7491452899323185,0.4795707857712934,1.977977786003632,0.24534762355738238,2.5496467581978948,1.0398893945009857,0.0743461800300787,0.8660254037844387,-0.4999999999999998,-0.9749279121818236,-0.2225209339563146,-0.2588190451025208,-0.9659258262890683,0,16,64,53,7,12,2,11,2
H,2026-04-26,20:00,4645977.0,H,Villarreal,1050.0,Marcelino,4-4-2,101500000.0,26.65148403957439,184.0909090909091,206.0,11.8,4.6,2.6,9.8,1.4,0.0,1.84836,1.8949748,1.5976648000000002,18.832412280701753,6.8,74500000.0,26.550780909713147,184.6727272727273,186.8,10.59538908370333,4.169630606458197,2.2442956302704573,10.023180782899447,1.5945265493799081,0.0022401124541235667,1.7089708762971778,2.1332057429441686,1.6202909910023588,18.553551401070703,7.914391957229856,71621288.57463993,26.538904509573058,184.55116319493322,185.20101384376412,3.0,Celta Vigo,940.0,Claudio Giráldez,3-4-2-1,29000000.0,26.20620994337627,181.54545454545453,61.0,8.6,4.4,3.0,13.8,2.0,0.0,1.0899000000000003,1.2092184,1.2092184,10.108645320197047,7.4,19700000.0,26.29415468856947,180.98,67.4,8.431827381806176,4.3885516641981415,3.0641872017401837,11.838709529908067,1.5701417217542442,2.993087795387237e-05,1.13900297461742,1.2366016773940254,1.2115083440585648,12.127776264407515,7.199603423598055,18954479.77035,26.214077793812095,181.0563319435458,72.70800788704491,6.0,3.200000000000001,0.1999999999999993,-0.3999999999999999,-4.0,-0.6000000000000001,0.0,0.7584599999999997,0.6857564,0.3884464000000003,-8.723766960504706,-0.6000000000000005,2.1635617018971534,-6.425775136663187,-0.2189210577399443,-0.8198915714697264,-1.8155287470086208,0.024384827625663963,0.0022101815761696943,0.5699679016797579,0.8966040655501433,0.40878264694379407,0.7147885336318005,3.0,3.0,3.200000000000001,0.1999999999999993,0.3999999999999999,4.0,0.6000000000000001,0.0,0.7584599999999997,0.6857564,0.3884464000000003,8.723766960504706,0.6000000000000005,0.8966040655501433,0.5699679016797579,2.1635617018971534,6.425775136663187,0.40878264694379407,0.7147885336318005,0.8198915714697264,1.8155287470086208,0.024384827625663963,0.0022101815761696943,0.8660254037844387,-0.4999999999999998,-0.7818314824680299,0.6234898018587334,-0.8660254037844386,0.5000000000000001,27,6,52,12,18,2,1,27,2
H,2026-04-26,17:30,4645973.0,D,Osasuna,331.0,Alessio Lisci,4-2-3-1,55100000.0,28.76236699645324,181.0,68.0,12.0,5.6,4.4,14.2,2.4,0.0,1.77748,1.4827492,1.0367836,10.700204064940907,6.4,52360000.0,28.980449256424617,181.7090909090909,70.4,11.095360044757507,4.425006511087299,4.397046243021656,13.634817116251122,2.596871994194166,0.04662225336442199,1.9599341857258317,1.544544372429957,1.0063602513771286,10.326427994670196,6.8566411220218955,50004333.13910083,29.03179478136727,181.81596439098325,69.08603629539222,9.0,Sevilla,368.0,Luis García,4-4-2,29000000.0,26.49617323128617,183.0909090909091,227.0,9.6,1.6,5.2,12.4,2.8,0.2,0.90632,0.898293,0.749637,13.99740056022409,4.8,37860000.0,27.126326924273535,184.61818181818182,339.2,9.324305531021778,1.338273493302241,5.5738679437140135,12.79978922153442,3.2049959199592486,0.1751483408628444,1.0695563369375645,0.8723719330818507,0.7013774801728913,13.169241749135425,4.3143576301224185,35409797.04402004,26.77642236510957,184.9264119764869,298.97786189369947,18.0,2.4000000000000004,3.9999999999999996,-0.7999999999999998,1.799999999999999,-0.3999999999999999,-0.2,0.8711599999999999,0.5844562,0.2871465999999999,3.297196495283183,1.6000000000000005,1.771054513735729,2.8428137544652294,3.0867330177850585,-1.1768217006923578,0.8350278947167027,-0.6081239257650828,-0.1285260874984224,0.8903778487882672,0.6721724393481063,0.30498277120423734,2.542283491899477,9.0,9.0,2.4000000000000004,3.9999999999999996,0.7999999999999998,1.799999999999999,0.3999999999999999,0.2,0.8711599999999999,0.5844562,0.2871465999999999,3.297196495283183,1.6000000000000005,0.6721724393481063,0.8903778487882672,1.771054513735729,2.8428137544652294,0.30498277120423734,2.542283491899477,1.1768217006923578,0.8350278947167027,0.6081239257650828,0.1285260874984224,0.8660254037844387,-0.4999999999999998,-0.7818314824680299,0.6234898018587334,-0.9659258262890683,-0.25881904510252063,17,25,4,48,10,18,15,19,2
D,2026-04-26,13:00,4645974.0,D,Rayo Vallecano,367.0,Iñigo Pérez,4-2-3-1,38000000.0,27.883765789309937,180.54545454545453,108.0,16.2,4.4,7.2,12.2,2.6,0.2,1.5688199999999999,1.886572,1.886572,9.947985347985346,6.2,28920000.0,29.533246219899194,179.8909090909091,70.4,16.261335842965963,4.684832057187731,6.8268206518130965,12.32558258898554,2.4414802674930294,0.08218838937717533,1.5124145318169466,1.8507373371605063,1.8277121693311844,10.146002503767818,6.2351210153457375,31353783.791074127,29.414856514607127,179.70951951903703,72.02207742790631,11.0,Real Sociedad,681.0,Pellegrino Matarazzo,4-4-2,142000000.0,25.776118474270426,181.27272727272728,227.0,13.6,4.6,6.8,12.4,2.6,0.2,1.9959000000000002,1.9939706000000001,1.6966586000000003,7.650097902097902,9.4,98520000.0,26.811374525542902,181.43636363636364,165.4,13.074559723615641,4.258867148444771,6.871869748311805,12.34013392704441,2.6562199550823062,0.23442553230026994,1.9868929707074197,1.8018792082191941,1.4925381215839255,7.4542615673900166,8.529976137856883,91525730.48924546,26.632437167638603,181.72502342310054,157.86071611355302,8.0,2.5999999999999996,-0.1999999999999993,0.40000000000000036,-0.20000000000000107,0.0,0.0,-0.42708000000000035,-0.10739860000000023,0.18991339999999957,-2.2978874458874445,-3.2,3.1867761193503217,-2.6917409363778013,0.42596490874296045,-0.04504909649870825,-0.014551338058870655,-0.21473968758927686,-0.1522371429230946,-0.47447843889047303,0.04885812894131214,0.3351740477472589,-2.2948551225111453,-3.0,3.0,2.5999999999999996,0.1999999999999993,0.40000000000000036,0.20000000000000107,0.0,0.0,0.42708000000000035,0.10739860000000023,0.18991339999999957,2.2978874458874445,3.2,0.04885812894131214,0.47447843889047303,3.1867761193503217,2.6917409363778013,0.3351740477472589,2.2948551225111453,0.04504909649870825,0.014551338058870655,0.21473968758927686,0.1522371429230946,0.8660254037844387,-0.4999999999999998,-0.7818314824680299,0.6234898018587334,-0.2588190451025208,-0.9659258262890683,18,22,30,61,10,18,18,25,1
A,2026-04-26,15:15,4645978.0,A,Real Oviedo,2497.0,Guillermo Almada,4-2-3-1,11600000.0,27.731939518387154,182.45454545454547,71.0,10.4,4.2,3.6,12.6,2.8,0.0,1.44972,1.728509,1.579853,10.196845208845208,3.6,8100000.0,28.045099869329853,182.09090909090907,85.0,11.102806808175451,4.0884519239264705,4.037103391722965,11.727184563088453,2.2645914865709003,0.0024945892808753323,1.3145612608824118,1.8346414070805321,1.7611968901832264,10.555314217056585,4.175723621124528,9118969.682835314,28.04502307416115,182.23883928244354,82.86271373221355,20.0,Elche,1531.0,Eder Sarabia,5-3-2,9000000.0,27.561197187480555,182.8181818181818,79.0,11.0,3.4,5.6,13.6,2.4,0.2,1.25412,1.6305108000000004,1.4818548,8.190837535014005,6.8,13040000.0,27.721784580922154,183.16363636363636,56.0,11.365917902335037,4.227334463195252,7.095504608164546,12.6577892601902,2.1552185148609366,0.14831833893991583,1.4765924951685003,1.9656118820860684,1.6815900760892724,7.653559186896973,7.561294809719354,13340191.422192877,27.79746780161621,183.18834432679037,57.78158118414888,14.0,-0.5999999999999996,0.8000000000000003,-1.9999999999999996,-1.0,0.3999999999999999,-0.2,0.1956,0.0979981999999997,0.09799819999999992,-2.0060076738312027,-3.1999999999999997,-0.26311109415958533,-2.9017550301596122,-0.13888253926878136,-3.058401216441581,-0.9306046971017459,0.10937297170996363,-0.1458237496590405,-0.16203123428608857,-0.13097047500553627,0.07960681409395409,-3.3855711885948256,-6.0,6.0,0.5999999999999996,0.8000000000000003,1.9999999999999996,1.0,0.3999999999999999,0.2,0.1956,0.0979981999999997,0.09799819999999992,2.0060076738312027,3.1999999999999997,0.13097047500553627,0.16203123428608857,0.26311109415958533,2.9017550301596122,0.07960681409395409,3.3855711885948256,3.058401216441581,0.9306046971017459,0.10937297170996363,0.1458237496590405,0.8660254037844387,-0.4999999999999998,-0.7818314824680299,0.6234898018587334,-0.7071067811865471,-0.7071067811865479,21,8,25,17,10,23,12,8,0
D,2026-04-27,20:00,4645972.0,D,Espanyol,714.0,Manolo González,4-2-3-1,33200000.0,29.376392259349135,183.0909090909091,22.0,11.6,2.8,6.2,15.8,3.6,0.2,0.6197799999999998,1.1650581999999996,1.0164284000000001,14.482225206798262,4.0,28040000.0,28.037682782651984,182.0909090909091,35.4,12.61661900601625,3.2267281539913895,5.4204778288414035,16.112919959982992,3.9118027004751283,0.09545002757649018,0.7136824657280648,1.231417955119334,0.983430637984643,12.89214430876009,4.802491654080508,26534727.632882655,28.289157244796986,181.86971412590333,32.57180587565326,13.0,Levante,3368.0,Luís Castro,4-1-4-1,9000000.0,25.994150955136583,182.45454545454547,143.0,15.4,4.8,5.0,14.8,3.0,0.0,1.7514800000000001,1.8477937999999998,1.5504818,9.371237868884927,6.8,6400000.0,25.951141808225998,181.1818181818182,138.2,13.796947440601429,4.073572945984741,4.840392217009905,14.812897702395901,2.645926279054698,0.05841385357637811,1.8200253318516075,1.745222378011447,1.4144397916521882,9.297949204104492,5.310242563379783,7315149.819480282,25.87334578605309,181.15468427230886,139.38177628751552,19.0,-3.8000000000000007,-2.0,1.2000000000000002,1.0,0.6000000000000001,0.2,-1.1317000000000004,-0.6827356000000002,-0.5340533999999999,-5.110987337913334,-2.8,-1.1803284345851779,-3.594195104655597,-0.8468447919933513,0.5800856118314988,1.3000222575870914,1.2658764214204306,0.037036174000112075,-1.1063428661235428,-0.513804422892113,-0.4310091536675452,-0.5077509092992756,6.0,6.0,3.8000000000000007,2.0,1.2000000000000002,1.0,0.6000000000000001,0.2,1.1317000000000004,0.6827356000000002,0.5340533999999999,5.110987337913334,2.8,0.513804422892113,1.1063428661235428,1.1803284345851779,3.594195104655597,0.4310091536675452,0.5077509092992756,0.5800856118314988,1.3000222575870914,1.2658764214204306,0.037036174000112075,0.8660254037844387,-0.4999999999999998,0.0,1.0,-0.8660254037844386,0.5000000000000001,9,15,50,49,10,9,26,16,1
A,2026-05-01,20:00,4646006.0,A,Girona,12321.0,Míchel,4-2-3-1,74800000.0,27.07137079211001,180.1818181818182,394.0,8.2,2.0,3.4,9.4,1.4,0.0,0.90518,0.8938355999999998,0.7451804,13.812210526315791,6.0,84920000.0,28.167506689067267,180.8181818181818,372.0,9.121153803190541,3.0288499739158645,3.5275848473956763,9.482275493254294,1.4818185460240436,0.009847592529578402,1.0803511608520828,1.2580062368794191,1.0853480917426772,13.229125200159823,5.583098478520543,82069655.04063408,28.2801417818195,180.62944405163228,374.2016190217125,13.0,Mallorca,237.0,Martín Demichelis,4-3-1-2,42500000.0,28.496546574575323,181.36363636363637,178.0,10.6,4.0,5.0,12.6,1.4,0.0,1.29458,1.5141817999999998,1.3655256,10.85104347826087,4.4,40260000.0,28.4062970568104,182.0909090909091,192.6,10.671193582953142,4.265807492683754,4.924360124596435,12.307267117961999,1.306330399531778,0.029278578477130238,1.1548151793024273,1.3262826630171436,1.2708400777865687,11.310569462546141,4.725716793535974,41038379.83159917,28.440419355464513,182.50836820951417,189.75440690878372,17.0,-2.4000000000000004,-2.0,-1.6,-3.1999999999999993,0.0,0.0,-0.3894000000000001,-0.6203462,-0.6203452,-2.9611670480549215,1.5999999999999996,-1.550039779762601,-1.9185557376136817,-1.2369575187678894,-1.3967752772007582,-2.824991624707705,0.17548814649226552,-0.019430985947551833,-0.07446401845034445,-0.06827642613772444,-0.1854919860438915,0.8573816849845688,4.0,4.0,2.4000000000000004,2.0,1.6,3.1999999999999993,0.0,0.0,0.3894000000000001,0.6203462,0.6203452,2.9611670480549215,1.5999999999999996,0.06827642613772444,0.07446401845034445,1.550039779762601,1.9185557376136817,0.1854919860438915,0.8573816849845688,1.3967752772007582,2.824991624707705,0.17548814649226552,0.019430985947551833,0.49999999999999994,-0.8660254037844387,-0.433883739117558,-0.9009688679024191,-0.8660254037844386,0.5000000000000001,11,16,56,53,10,12,3,11,0
H,2026-05-02,13:00,4645999.0,H,Villarreal,1050.0,Marcelino,4-4-2,94500000.0,27.28965216850227,182.9090909090909,163.0,12.4,4.6,3.6,10.2,1.8,0.0,1.78108,2.2020055999999997,1.7560396,20.5406475748194,7.2,81300000.0,26.602003608985125,184.34545454545454,185.6,11.39692605580222,4.113087070972131,3.829530420180305,11.015453855266296,2.0630176995866054,0.0014934083027490445,1.707447250864785,2.225137161962779,1.6354339940015725,18.01609309090988,7.609594638153237,81580859.04975995,26.576431019573505,184.39774516025852,192.1340092291761,3.0,Levante,3368.0,Luís Castro,4-2-3-1,6000000.0,26.079273225063783,182.45454545454547,176.0,13.2,4.6,4.6,15.2,2.6,0.0,1.89148,1.8337138000000004,1.5364018000000002,8.723198653198653,4.8,7000000.0,26.01699956443283,181.4,139.8,11.864631627067618,4.049048630656494,4.560261478006603,14.8752651349306,2.763950852703132,0.03894256905091874,1.840950221234405,1.6253449186742983,1.4048231944347922,9.393077247180772,4.206828375586523,7876766.546320188,25.913614175747586,181.58797133305438,140.58785085834367,19.0,-0.7999999999999989,0.0,-0.9999999999999996,-5.0,-0.8,0.0,-0.11040000000000005,0.3682917999999993,0.21963779999999988,-11.817448921620747,2.4000000000000004,-0.46770557126539813,-8.623015843729108,0.06403844031563732,-0.730731057826298,-3.8598112796643047,-0.7009331531165266,-0.037449160748169695,-0.13350297036962,0.5997922432884806,0.23061079956678032,3.4027662625667148,16.0,16.0,0.7999999999999989,0.0,0.9999999999999996,5.0,0.8,0.0,0.11040000000000005,0.3682917999999993,0.21963779999999988,11.817448921620747,2.4000000000000004,0.5997922432884806,0.13350297036962,0.46770557126539813,8.623015843729108,0.23061079956678032,3.4027662625667148,0.730731057826298,3.8598112796643047,0.7009331531165266,0.037449160748169695,0.49999999999999994,-0.8660254037844387,-0.9749279121818236,-0.2225209339563146,-0.2588190451025208,-0.9659258262890683,27,15,52,49,18,10,1,16,2
A,2026-05-02,20:00,4646008.0,D,Osasuna,331.0,Alessio Lisci,4-2-3-1,48700000.0,30.24827328728766,181.45454545454547,72.0,12.4,6.0,4.2,14.2,2.8,0.0,2.25476,1.788232,1.3422664000000002,10.079424844161688,6.4,52560000.0,29.026395370543213,181.58181818181816,68.0,12.396906696505004,5.2833376740582,4.264697495347771,12.756544744167414,2.3979146627961105,0.031081502242947992,2.1532894571505543,1.743876248286638,1.385086834251419,10.289047234542034,6.237760748014597,51702888.75940055,28.941985519729258,181.5439762606555,68.72402419692814,8.0,Barcelona,131.0,Hansi Flick,4-2-3-1,80000000.0,25.452305394810526,180.63636363636363,391.0,16.0,5.8,6.0,10.8,2.2,0.0,2.11978,2.3024,2.1537436,6.68646524848707,8.4,76000000.0,24.728467425798023,182.03636363636366,336.8,14.74311383719512,5.378586574689931,5.137428107626532,9.963293118701769,1.8541472230286142,9.65313947428345e-05,2.230617495006403,2.307920658382728,2.070002393842043,6.730876796639531,7.718200772770925,78302368.4401751,24.880763178199356,181.59273306195965,350.627311455936,1.0,-3.5999999999999996,0.20000000000000018,-1.7999999999999998,3.3999999999999986,0.5999999999999996,0.0,0.1349800000000001,-0.514168,-0.8114771999999997,-3.3929595956746175,-2.0,-2.3462071406901153,-3.558170437902503,-0.09524890063173075,-0.8727306122787608,2.793251625465645,0.5437674397674963,0.030984970848205156,-0.07732803785584874,-0.5640444100960902,-0.684915559590624,-1.4804400247563283,-7.0,7.0,3.5999999999999996,0.20000000000000018,1.7999999999999998,3.3999999999999986,0.5999999999999996,0.0,0.1349800000000001,0.514168,0.8114771999999997,3.3929595956746175,2.0,0.5640444100960902,0.07732803785584874,2.3462071406901153,3.558170437902503,0.684915559590624,1.4804400247563283,0.8727306122787608,2.793251625465645,0.5437674397674963,0.030984970848205156,0.49999999999999994,-0.8660254037844387,-0.9749279121818236,-0.2225209339563146,-0.8660254037844386,0.5000000000000001,17,4,4,27,10,10,15,6,0
A,2026-05-02,17:30,4646001.0,H,Alaves,1108.0,Quique Sánchez Flores,3-4-1-2,26000000.0,28.070686329413228,180.72727272727272,17.0,15.6,4.6,5.6,13.6,2.2,0.0,1.5672600000000003,1.515044,1.3663881999999998,14.795289855072463,7.2,27500000.0,27.78853836102296,180.8,22.0,15.220398716172639,4.16292772317522,6.427461708891514,14.340364956760595,2.332923329199102,0.0788426984971827,1.6544822305162696,1.4418604049273913,1.3465165539390398,13.073888544723241,7.0443686508717285,27083304.604671896,27.867103709454494,180.72482020022372,21.774061760283086,15.0,Athletic Club,621.0,Ernesto Valverde,4-2-3-1,63000000.0,28.333520004977913,184.0909090909091,165.0,10.6,3.6,6.6,12.0,1.4,0.2,0.96932,1.0463216000000002,1.0463216,11.337172567562373,7.0,63800000.0,29.288930371476575,183.7090909090909,152.4,11.439969048420755,3.821635148223278,6.061867480943832,12.645990648839708,1.4461503946078784,0.22575360219344184,0.814927420806609,1.020313585823464,1.0038142294184247,12.251536349620686,6.472592451739589,63606568.56875453,28.97411668968817,183.31662686508034,149.28116563751874,12.0,5.0,0.9999999999999996,-1.0,1.5999999999999996,0.8000000000000003,-0.2,0.5979400000000004,0.4687223999999999,0.32006659999999987,-3.45811728751009,0.20000000000000018,3.780429667751884,-0.822352195102555,0.34129257495194176,0.3655942279476818,1.6943743079208868,0.8867729345912234,-0.14691090369625914,0.8395548097096607,0.42154681910392733,0.3427023245206151,0.5717761991321391,-3.0,3.0,5.0,0.9999999999999996,1.0,1.5999999999999996,0.8000000000000003,0.2,0.5979400000000004,0.4687223999999999,0.32006659999999987,3.45811728751009,0.20000000000000018,0.42154681910392733,0.8395548097096607,3.780429667751884,0.822352195102555,0.3427023245206151,0.5717761991321391,0.3655942279476818,1.6943743079208868,0.8867729345912234,0.14691090369625914,0.49999999999999994,-0.8660254037844387,-0.9749279121818236,-0.2225209339563146,-0.9659258262890683,-0.25881904510252063,0,2,64,19,1,10,2,24,0
A,2026-05-02,15:15,4646007.0,D,Valencia,1049.0,Carlos Corberán,4-4-2,34000000.0,28.851969385850285,182.63636363636363,201.0,13.2,4.4,5.2,14.4,1.4,0.0,1.6889599999999998,1.7819428000000002,1.7819428,13.60477890731974,5.6,41000000.0,28.210067824030865,181.27272727272728,207.4,13.092406020246898,3.949987638993179,5.19442359190679,15.97047095014122,1.7052737437606347,0.0017139026115742869,1.6323635891364299,1.851776327649581,1.7996620951833864,12.133343263636315,5.951255064257839,38037334.165693626,28.29977880214224,181.4470113066768,204.6654458015355,11.0,Atletico Madrid,13.0,Diego Simeone,4-3-3 Defending,35600000.0,25.49121606205795,180.22222222222223,137.0,8.8,3.6,2.8,12.4,3.2,0.4,0.7782800000000001,1.3006972,1.3006971999999997,13.876858813700917,4.0,124520000.0,27.11331687857355,180.94161616161617,338.8,8.876074635115366,3.6898982758499534,3.7089423338763283,10.778628877845582,2.1524065706765816,0.3210047740735316,1.229905922689723,1.607208266441974,1.6071656383554676,12.887365639892884,4.836012956295633,123012976.95447874,27.150916757127032,181.49077639960527,353.924543977734,4.0,4.399999999999999,0.8000000000000003,2.4000000000000004,2.0,-1.8000000000000003,-0.4,0.9106799999999997,0.48124560000000005,0.4812456000000003,0.2720799063811761,1.5999999999999996,4.216331385131532,0.7540223762565699,0.2600893631432255,1.4854812580304615,5.191842072295637,-0.4471328269159469,-0.31929087146195734,0.4024576664467068,0.2445680612076071,0.19249645682791883,1.1152421079622057,-7.0,7.0,4.399999999999999,0.8000000000000003,2.4000000000000004,2.0,1.8000000000000003,0.4,0.9106799999999997,0.48124560000000005,0.4812456000000003,0.2720799063811761,1.5999999999999996,0.2445680612076071,0.4024576664467068,4.216331385131532,0.7540223762565699,0.19249645682791883,1.1152421079622057,1.4854812580304615,5.191842072295637,0.4471328269159469,0.31929087146195734,0.49999999999999994,-0.8660254037844387,-0.9749279121818236,-0.2225209339563146,-0.7071067811865471,-0.7071067811865479,26,3,11,16,18,16,0,5,0
A,2026-05-03,20:00,4646004.0,D,Espanyol,714.0,Manolo González,4-2-3-1,24000000.0,27.341920228983884,182.63636363636363,29.0,11.4,3.0,5.8,15.4,3.6,0.2,0.6331199999999997,1.0652171999999998,0.9165874,12.516048736210028,4.4,29880000.0,28.31714267936034,182.1090909090909,28.4,11.411079337344168,3.1511521026609266,4.946985219227602,14.741946639988662,3.607868466983419,0.3969666850509935,0.7469883104853765,1.1053536367462227,0.9400287586564287,11.553096205840058,4.8683277693870055,28756485.088588435,28.65156891631437,182.2767791142386,29.04787058376884,10.0,Real Madrid,418.0,Álvaro Arbeloa,4-2-3-1,350000000.0,26.191525107336194,183.54545454545453,387.0,18.0,8.2,6.6,9.2,1.6,0.2,1.8666399999999999,1.812242,1.663586,13.727647323436798,13.2,284000000.0,25.93297243482048,182.1090909090909,412.2,17.127722460722257,7.738292915120669,6.986972017342417,9.972317796446365,1.714830574453865,0.08640014306776976,1.673384848983854,1.5579237000069117,1.4892606370844923,13.509400718994542,13.1490357280382,315093248.3659997,26.030293319130454,182.58220234281734,433.31350125295995,2.0,-6.6,-5.199999999999999,-0.7999999999999998,6.200000000000001,2.0,0.0,-1.2335200000000002,-0.7470248000000002,-0.7469986,1.2115985872267707,-8.799999999999999,-5.716643123378089,1.9563045131544836,-4.587140812459743,-2.039986798114815,4.769628843542296,1.893037892529554,0.3105665419832237,-0.9263965384984776,-0.45257006326068905,-0.5492318784280636,-8.280707958651195,-8.0,8.0,6.6,5.199999999999999,0.7999999999999998,6.200000000000001,2.0,0.0,1.2335200000000002,0.7470248000000002,0.7469986,1.2115985872267707,8.799999999999999,0.45257006326068905,0.9263965384984776,5.716643123378089,1.9563045131544836,0.5492318784280636,8.280707958651195,2.039986798114815,4.769628843542296,1.893037892529554,0.3105665419832237,0.49999999999999994,-0.8660254037844387,-0.7818314824680299,0.6234898018587334,-0.8660254037844386,0.5000000000000001,9,20,50,83,10,10,26,21,0
H,2026-05-03,13:00,4646003.0,H,Celta Vigo,940.0,Claudio Giráldez,5-4-1,21800000.0,25.755709041129986,179.54545454545453,67.0,9.0,4.4,3.2,13.8,2.6,0.0,1.1995800000000003,1.490472,1.3418160000000001,10.098645320197047,9.8,22700000.0,26.237107833986688,181.12545454545452,69.4,8.621218254537451,3.9257011094654275,3.709458134493456,13.225806353272043,3.046761147836163,1.9953918635914913e-05,1.1041686497449466,1.5087244515960172,1.24423556270571,12.251850842938344,9.466402282398704,22302986.51356667,26.21145517700015,181.21937281084874,68.80533859136328,6.0,Elche,1531.0,Eder Sarabia,3-4-1-2,9800000.0,29.08219774749549,182.63636363636363,72.0,9.6,4.0,5.0,12.2,1.8,0.4,1.27592,1.4806566,1.3320006,9.170837535014005,6.2,12340000.0,27.93379379005662,183.2,52.2,8.910611934890024,4.151556308796835,5.0636697387763645,13.105192840126799,1.4368123432406243,0.4322122259599439,1.3797949967790002,1.5176842547240454,1.3283363840595148,9.635706124597982,5.707529873146235,11893460.948128587,27.71871093023766,183.06495682392085,64.85438745609925,16.0,-0.5999999999999996,0.40000000000000036,-1.7999999999999998,1.6000000000000014,0.8,-0.4,-0.07633999999999963,0.009815399999999919,0.00981540000000014,-0.9278077851830417,3.6000000000000005,-0.28939368035257296,-2.6161447183403617,-0.22585519933140707,-1.3542116042829084,0.12061351314524416,1.6099488045955386,-0.432192272041308,-0.27562634703405364,-0.008959803128028243,-0.08410082135380481,3.7588724092524686,10.0,10.0,0.5999999999999996,0.40000000000000036,1.7999999999999998,1.6000000000000014,0.8,0.4,0.07633999999999963,0.009815399999999919,0.00981540000000014,0.9278077851830417,3.6000000000000005,0.008959803128028243,0.27562634703405364,0.28939368035257296,2.6161447183403617,0.08410082135380481,3.7588724092524686,1.3542116042829084,0.12061351314524416,1.6099488045955386,0.432192272041308,0.49999999999999994,-0.8660254037844387,-0.7818314824680299,0.6234898018587334,-0.2588190451025208,-0.9659258262890683,6,8,12,17,24,1,27,8,2
H,2026-05-03,17:30,4646002.0,H,Real Betis,150.0,Manuel Pellegrini,4-3-3 Attacking,68000000.0,29.007529089664615,180.9090909090909,355.0,12.8,3.8,4.0,11.6,2.0,0.0,1.157,1.0547210000000002,1.0547210000000002,12.334999999999997,6.4,57280000.0,28.376379814572836,181.16363636363636,209.8,13.647041641865584,3.8631110740825285,4.2923701927451745,12.075118252822023,2.0580899043548655,0.00010024599107798827,1.2581617419439932,1.1358452076767298,1.1328130560977767,14.305659927307687,7.041806111390254,52866185.71929071,28.749322645879815,181.16647438291193,237.89291516289668,5.0,Real Oviedo,2497.0,Guillermo Almada,4-2-3-1,6600000.0,28.14684836040072,181.63636363636363,39.0,10.6,3.6,4.0,14.4,2.6,0.0,1.2436,1.5100032,1.3613472000000002,8.774286286286287,3.8,8800000.0,27.987156990853087,182.16363636363639,82.4,11.401871667569313,3.725634055319967,4.691403272181553,14.818127818225744,2.1763941880969573,0.0016630582356906844,1.3460742226158569,1.4805173908565312,1.4315544174208685,8.802305534697407,4.117148990239384,9945981.066465905,27.940661727642603,182.31074145091503,78.90846971132505,20.0,2.200000000000001,0.19999999999999973,0.0,-2.8000000000000007,-0.6000000000000001,0.0,-0.08660000000000001,-0.45528219999999986,-0.30662619999999996,-3.56071371371371,2.6000000000000005,2.245169974296271,-5.50335439261028,0.13747701876256135,-0.39903307943637856,-2.743009565403721,-0.11830428374209179,-0.0015628122446126962,-0.08791248067186364,-0.3446721831798014,-0.2987413613230918,2.9246571211508696,15.0,15.0,2.200000000000001,0.19999999999999973,0.0,2.8000000000000007,0.6000000000000001,0.0,0.08660000000000001,0.45528219999999986,0.30662619999999996,3.56071371371371,2.6000000000000005,0.3446721831798014,0.08791248067186364,2.245169974296271,5.50335439261028,0.2987413613230918,2.9246571211508696,0.39903307943637856,2.743009565403721,0.11830428374209179,0.0015628122446126962,0.49999999999999994,-0.8660254037844387,-0.7818314824680299,0.6234898018587334,-0.9659258262890683,-0.25881904510252063,19,21,51,25,15,10,7,12,2
A,2026-05-03,15:15,4646005.0,A,Getafe,3709.0,José Bordalás,5-3-2,30300000.0,27.860618505382366,184.0,30.0,6.8,2.4,4.8,18.4,4.8,0.2,0.9934400000000002,1.0282339999999999,1.0282339999999999,12.000033657812242,2.8,30780000.0,28.66589509053575,183.78181818181818,115.8,5.91036065914404,1.51965828776069,4.33518627166002,17.743882628697637,3.992193106941382,0.22482511673330643,0.660090438995071,0.7614827879298852,0.7503643056748436,13.728852589384909,3.1176020510592366,30508955.14890833,28.49623249827928,183.42888594736814,116.9774275221716,9.0,Rayo Vallecano,367.0,Iñigo Pérez,4-4-2,5600000.0,29.36295190093958,182.1818181818182,90.0,17.4,5.4,7.4,13.0,3.2,0.2,1.63972,2.187296,2.187296,8.970207570207569,5.2,35200000.0,29.187231659510918,179.96363636363634,81.4,18.840890561977307,6.123221371458487,6.5512137678753986,12.88372172599036,3.6276535116620194,0.3881255929181169,1.6424096878779644,2.295478224773671,2.280128112887456,8.430668335845212,4.490080676897159,33569189.19404942,28.904492939508064,179.98816452784286,84.01471828527087,14.0,-10.599999999999998,-3.0000000000000004,-2.6000000000000005,5.399999999999999,1.5999999999999996,0.0,-0.6462799999999999,-1.159062,-1.159062,-3.0298260876046736,-2.4000000000000004,-12.930529902833268,-5.298184253539697,-4.603563083697797,-2.2160274962153785,4.8601609027072765,0.3645395952793624,-0.16330047618481044,-0.9823192488828933,-1.5339954368437856,-1.5297638072126127,-1.372478625837922,5.0,5.0,10.599999999999998,3.0000000000000004,2.6000000000000005,5.399999999999999,1.5999999999999996,0.0,0.6462799999999999,1.159062,1.159062,3.0298260876046736,2.4000000000000004,1.5339954368437856,0.9823192488828933,12.930529902833268,5.298184253539697,1.5297638072126127,1.372478625837922,2.2160274962153785,4.8601609027072765,0.3645395952793624,0.16330047618481044,0.49999999999999994,-0.8660254037844387,-0.7818314824680299,0.6234898018587334,-0.7071067811865471,-0.7071067811865479,10,18,39,30,23,18,20,18,0
H,2026-05-04,20:00,4646000.0,D,Sevilla,368.0,Luis García,4-4-2,31500000.0,27.494493186484974,182.72727272727272,266.0,9.6,1.2,5.2,12.2,3.0,0.2,0.94282,0.8004481999999999,0.6517922,13.321400560224088,4.0,35000000.0,26.888830813266132,184.36363636363635,298.0,8.88287035401452,1.5588489955348273,5.049245295809342,12.866526147689612,2.8033306133061657,0.11676556057522959,0.8134042246250429,0.7661866220545671,0.6521903201152609,13.479494499423616,3.8762384200816125,33273198.029346693,26.68300598716844,184.31457768129428,274.98524126246633,18.0,Real Sociedad,681.0,Pellegrino Matarazzo,4-2-3-1,100000000.0,25.842822475266008,180.9090909090909,164.0,13.4,5.0,7.0,11.6,2.8,0.2,1.6205000000000003,1.8904806,1.5931686,8.183431235431234,9.0,105920000.0,26.44858440669529,181.47272727272727,171.0,13.049706482410429,5.505911432296514,5.91457983220787,12.226755951362941,3.104146636721538,0.15628368820017996,1.6225286471382798,2.000199472146129,1.5462120810559503,8.191729933815566,8.019984091904588,108350486.99283032,26.346997603182544,181.57425803964279,180.90714407570204,7.0,-3.8000000000000007,-3.8,-1.7999999999999998,0.5999999999999996,0.20000000000000018,0.0,-0.6776800000000003,-1.0900324000000001,-0.9413764,-5.137969324792854,-5.0,-4.166836128395909,-5.28776456560805,-3.947062436761687,-0.8653345363985281,0.6397701963266709,-0.30081602341537206,-0.03951812762495037,-0.8091244225132369,-1.234012850091562,-0.8940217609406894,-4.143745671822975,-11.0,11.0,3.8000000000000007,3.8,1.7999999999999998,0.5999999999999996,0.20000000000000018,0.0,0.6776800000000003,1.0900324000000001,0.9413764,5.137969324792854,5.0,1.234012850091562,0.8091244225132369,4.166836128395909,5.28776456560805,0.8940217609406894,4.143745671822975,0.8653345363985281,0.6397701963266709,0.30081602341537206,0.03951812762495037,0.49999999999999994,-0.8660254037844387,0.0,1.0,-0.8660254037844386,0.5000000000000001,25,22,48,61,18,10,19,25,2
H,2026-05-08,20:00,3607576.0,D,Levante,3368.0,Alessio Lisci,4-3-3 Attacking,49600000.0,28.195631883516896,181.27272727272728,4.0,11.6,3.6,4.6,13.2,2.4,0.0,1.4694200000000002,1.408622,1.1113100000000002,11.150092592592593,4.0,7800000.0,26.002165391077096,181.8181818181818,147.0,11.909754418045077,3.699365753770996,4.040174318671069,12.2501767566204,2.1759672351354213,0.025961712700612493,1.3479334808229366,1.3506402791161989,1.2036257962898615,13.074551498120513,4.804552250391015,7251177.697546792,25.968833858852985,181.87682937355143,152.3919005722291,19.0,Osasuna,331.0,Jagoba Arrasate,5-3-2,61500000.0,27.509426918051147,182.63636363636363,55.0,10.4,4.6,3.6,12.4,2.8,0.0,1.9334399999999998,1.5933939999999998,1.1474284,12.638155002891844,5.2,51280000.0,29.34328915437745,181.6727272727273,68.8,11.26460446433667,4.8555584493721335,3.8431316635651807,11.504363162778276,2.265276441864074,0.020721001495298663,1.8236263047670362,1.591960832191092,1.352767889500946,14.71650768017088,4.825173832009731,50701925.83960036,29.377414775582057,181.51416599195215,69.81601613128542,10.0,1.1999999999999993,-0.9999999999999996,0.9999999999999996,0.7999999999999989,-0.3999999999999999,0.0,-0.46401999999999965,-0.18477199999999971,-0.03611839999999966,1.4880624102992517,-1.2000000000000002,0.6451499537084064,1.6419561820503663,-1.1561926956011375,0.19704265510588792,0.745813593842124,-0.0893092067286525,0.0052407112053138305,-0.4756928239440996,-0.2413205530748932,-0.14914209321108451,-0.02062158161871608,-9.0,9.0,1.1999999999999993,0.9999999999999996,0.9999999999999996,0.7999999999999989,0.3999999999999999,0.0,0.46401999999999965,0.18477199999999971,0.03611839999999966,1.4880624102992517,1.2000000000000002,0.2413205530748932,0.4756928239440996,0.6451499537084064,1.6419561820503663,0.14914209321108451,0.02062158161871608,0.19704265510588792,0.745813593842124,0.0893092067286525,0.0052407112053138305,0.49999999999999994,-0.8660254037844387,-0.433883739117558,-0.9009688679024191,-0.8660254037844386,0.5000000000000001,15,17,4,31,15,23,16,15,2
H,2026-05-09,15:15,4407753.0,D,Sevilla,368.0,Xavier García Pimienta,4-3-3 Attacking,113000000.0,26.939207267749364,184.45454545454547,323.0,10.8,1.8,5.6,13.4,3.2,0.2,1.33046,0.963402,0.8147459999999999,13.557529592482155,4.2,33880000.0,26.467201792047792,184.6181818181818,246.4,12.255246902676348,2.7058993303565515,4.366163530539562,14.911017431793075,2.868887075537444,0.07784370705015306,1.3321694830833621,0.9508510813697114,0.8748535467435072,12.179878053379184,4.250825613387742,32682132.01956446,26.953501720273948,183.78547602995377,271.99016084164424,17.0,Espanyol,714.0,Manolo González,4-4-2,30500000.0,26.168377823408626,182.45454545454547,89.0,11.8,2.6,4.4,16.4,3.8,0.2,0.6697799999999998,0.9808151999999998,0.8321854,16.13973294673634,4.8,28280000.0,28.24152821853027,182.16363636363636,29.2,13.27405289156278,3.1007680684406176,4.964656812818402,16.16129775999244,3.4052456446556127,0.26464445670066233,0.8475588736569177,1.1002590911641486,0.9900425057709524,15.158204488103898,5.245551846258004,27170990.059058953,28.215019353870876,182.3966406216136,29.03191372251256,13.0,-1.0,-0.8,1.1999999999999993,-2.9999999999999982,-0.5999999999999996,0.0,0.6606800000000002,-0.017413199999999796,-0.017439400000000105,2.5822033542541867,-0.5999999999999996,-1.0188059888864327,2.978326434724714,-0.3948687380840661,-0.5984932822788398,-1.2502803281993646,-0.5363585691181689,-0.18680074965050927,0.4846106094264444,-0.14940800979443714,-0.11518895902744519,-0.9947262328702617,-4.0,4.0,1.0,0.8,1.1999999999999993,2.9999999999999982,0.5999999999999996,0.0,0.6606800000000002,0.017413199999999796,0.017439400000000105,2.5822033542541867,0.5999999999999996,0.14940800979443714,0.4846106094264444,1.0188059888864327,2.978326434724714,0.11518895902744519,0.9947262328702617,0.5984932822788398,1.2502803281993646,0.5363585691181689,0.18680074965050927,0.49999999999999994,-0.8660254037844387,-0.9749279121818236,-0.2225209339563146,-0.7071067811865471,-0.7071067811865479,25,9,81,50,15,18,19,26,2
D,2026-05-09,20:00,4407660.0,A,Real Sociedad,681.0,Imanol Alguacil,4-3-3 Attacking,298000000.0,26.026507373529963,180.72727272727272,249.0,12.4,4.2,6.6,11.6,2.6,0.2,1.6641000000000001,1.7448574000000001,1.4475454000000003,8.664843000137116,7.6,104520000.0,26.27097255926825,181.6181818181818,176.6,10.699804321606953,3.6706076215310097,4.943053221471914,11.817837300908627,2.4027644244810253,0.10418912546678664,1.2080857647588532,1.3890786480974195,1.0864203873706335,9.343506230386849,6.679989394603059,105566991.32855356,26.178939227210364,181.35253566279218,175.27142938380135,9.0,Real Betis,150.0,Manuel Pellegrini,4-2-3-1,78300000.0,26.379690125070002,181.0909090909091,169.0,12.6,4.2,4.0,12.2,1.8,0.0,1.4758599999999997,1.3102446,1.3102446,12.180238095238092,7.2,56080000.0,28.731802625847802,181.32727272727274,248.2,12.431361094577056,4.242074049388353,4.52824679516345,11.050078835214682,1.372059936236577,6.683066071865884e-05,1.497707827962662,1.380170138451153,1.3781487040651843,12.834725665824172,7.694537407593503,57910790.47952714,28.83539146047475,181.08067989163825,276.92861010859775,5.0,-0.1999999999999993,0.0,2.5999999999999996,-0.5999999999999996,0.8,0.2,0.1882400000000004,0.4346128,0.13730080000000022,3.515395095100976,0.39999999999999947,-1.7315567729701034,3.4912194354373227,-0.5714664278573429,0.41480642630846365,0.7677584656939445,1.0307044882444483,0.10412229480606798,-0.2896220632038089,0.008908509646266438,-0.2917283166945508,-1.0145480129904447,-4.0,4.0,0.1999999999999993,0.0,2.5999999999999996,0.5999999999999996,0.8,0.2,0.1882400000000004,0.4346128,0.13730080000000022,3.515395095100976,0.39999999999999947,0.008908509646266438,0.2896220632038089,1.7315567729701034,3.4912194354373227,0.2917283166945508,1.0145480129904447,0.41480642630846365,0.7677584656939445,1.0307044882444483,0.10412229480606798,0.49999999999999994,-0.8660254037844387,-0.9749279121818236,-0.2225209339563146,-0.8660254037844386,0.5000000000000001,22,19,28,51,15,10,25,7,1
A,2026-05-09,17:30,4407754.0,D,Atletico Madrid,13.0,Diego Simeone,4-4-2,356000000.0,28.12718561383859,179.36363636363637,520.0,10.2,3.2,4.0,11.8,3.0,0.4,1.1308600000000002,1.3813652,1.3813651999999998,12.476858813700918,4.4,79640000.0,26.468594500791625,180.7678787878788,273.6,12.584049756743577,4.126598850566636,4.805961555917552,11.18575258523039,2.4349377137843877,0.21400318271568775,1.5314372817931485,1.6733655109613161,1.6733370922369784,12.25824375992859,5.890675304197089,93875317.96965249,26.597683192104004,181.06792500714425,281.61636265182267,4.0,Celta Vigo,940.0,Claudio Giráldez,3-4-3,37800000.0,25.875925580237695,181.45454545454547,38.0,7.8,4.2,3.2,14.0,2.6,0.0,1.1614000000000002,1.437394,1.288738,10.511453201970447,9.4,21260000.0,26.203258042436687,180.72545454545454,74.4,7.747478836358301,3.9504674063102847,3.8063054229956372,13.48387090218136,2.6978407652241088,1.3302612423943275e-05,1.1365790998299643,1.4872496343973447,1.3109237084704732,11.903532745866942,8.31093485493247,22135324.34237778,26.05953979837676,180.66140005571734,68.20355906090886,6.0,2.3999999999999995,-1.0,0.7999999999999998,-2.1999999999999993,0.3999999999999999,0.4,-0.03054000000000001,-0.05602879999999999,0.09262719999999991,-1.9654056117304712,-5.0,4.836570920385276,-0.35471101406164784,0.17613144425635152,0.9996561329219147,-2.298118316950971,-0.26290305143972104,0.2139898801032638,0.39485818196318423,0.18611587656397144,0.3624133837665051,-2.4202595507353806,2.0,2.0,2.3999999999999995,1.0,0.7999999999999998,2.1999999999999993,0.3999999999999999,0.4,0.03054000000000001,0.05602879999999999,0.09262719999999991,1.9654056117304712,5.0,0.18611587656397144,0.39485818196318423,4.836570920385276,0.35471101406164784,0.3624133837665051,2.4202595507353806,0.9996561329219147,2.298118316950971,0.26290305143972104,0.2139898801032638,0.49999999999999994,-0.8660254037844387,-0.9749279121818236,-0.2225209339563146,-0.9659258262890683,-0.25881904510252063,3,6,16,12,18,3,5,27,0
D,2026-05-09,13:00,3610329.0,D,Elche,1531.0,Francisco Rodríguez,4-4-2 double 6,22200000.0,29.27409619812084,182.8181818181818,63.0,10.0,4.0,5.0,12.8,1.6,0.4,1.3058599999999998,1.5069806000000001,1.2096684,9.077980392156864,6.0,12140000.0,28.04773816190654,183.12727272727273,61.4,10.940407956593349,4.10103753919789,4.042446492517576,13.736795226751198,1.291208228827083,0.2881414839732959,1.4232299978526666,1.561012836482697,1.18702058937301,8.423804083065322,6.138353248764157,11195640.632085726,28.17320653599027,182.92209242806845,67.23625830406617,14.0,Alaves,1108.0,José Luis Mendilibar,4-4-2,32600000.0,28.917180013689254,182.72727272727272,28.0,14.2,4.2,6.2,12.0,2.6,0.0,1.5052000000000003,1.3032364,1.1545805999999998,14.691857360793287,7.6,26800000.0,27.859921597909278,180.61818181818182,18.2,12.48026581078176,4.108618482116813,5.618307805927675,12.22690997117373,2.888615552799401,0.0525617989981218,1.4489548203441798,1.165630936618261,1.1020683692926931,12.558030959640055,7.029579100581152,26722203.069781262,27.93496458277407,180.72563770924003,20.182707840188723,18.0,-4.199999999999999,-0.20000000000000018,-1.2000000000000002,0.8000000000000007,-1.0,0.4,-0.19934000000000052,0.20374420000000004,0.05508780000000013,5.613876968636424,-1.5999999999999996,-1.5398578541884103,4.134226876574733,-0.007580942918923306,-1.5758613134100994,1.5098852555774673,-1.597407323972318,0.23557968497517412,-0.0257248224915132,0.39538189986443606,0.08495222008031678,-0.8912258518169951,4.0,4.0,4.199999999999999,0.20000000000000018,1.2000000000000002,0.8000000000000007,1.0,0.4,0.19934000000000052,0.20374420000000004,0.05508780000000013,5.613876968636424,1.5999999999999996,0.39538189986443606,0.0257248224915132,1.5398578541884103,4.134226876574733,0.08495222008031678,0.8912258518169951,1.5758613134100994,1.5098852555774673,1.597407323972318,0.23557968497517412,0.49999999999999994,-0.8660254037844387,-0.9749279121818236,-0.2225209339563146,-0.2588190451025208,-0.9659258262890683,8,0,21,40,20,18,8,2,1
H,2026-05-10,20:00,4407595.0,H,Barcelona,131.0,Hansi Flick,4-2-3-1,471000000.0,25.79851907161969,181.9090909090909,407.0,15.6,5.8,6.2,10.4,2.0,0.0,2.19944,2.2315160000000005,2.0828596,6.889977443609022,10.2,86000000.0,24.773119283180883,181.4181818181818,338.2,14.162075891463411,4.919057716459954,5.758285405084354,9.97552874580118,1.9027648153524097,6.435426316188967e-05,2.0072783300042687,2.0611571055884856,1.9025449292280288,6.127251197759687,10.478800515180616,78868245.6267834,25.07127725040308,181.27394325342766,364.08487430395735,1.0,Real Madrid,418.0,Carlo Ancelotti,4-2-3-1,870000000.0,26.27117167568913,181.0909090909091,465.0,17.6,7.2,7.0,12.0,2.2,0.0,1.7059000000000002,1.519492,1.519492,10.796023391812863,13.8,327000000.0,25.939742393130484,182.63636363636363,413.8,16.418481640481506,6.825528610080447,6.657981344894945,11.98154519763091,2.476553716302577,0.057600095378513176,1.672456565989236,1.5393824666712745,1.4936070913896617,11.0433041830334,12.099357152025467,326728832.2439998,26.08403724853237,182.90328641036308,417.8756675019733,2.0,-2.0000000000000018,-1.4000000000000004,-0.7999999999999998,-1.5999999999999996,-0.20000000000000018,0.0,0.49353999999999987,0.7120240000000004,0.5633675999999999,3.9060459482038405,-3.6000000000000014,-2.2564057490180947,4.916052985273712,-1.9064708936204928,-0.8996959398105906,-2.00601645182973,-0.5737889009501671,-0.057535741115351285,0.3348217640150326,0.5217746389172111,0.408937837838367,-1.6205566368448512,1.0,1.0,2.0000000000000018,1.4000000000000004,0.7999999999999998,1.5999999999999996,0.20000000000000018,0.0,0.49353999999999987,0.7120240000000004,0.5633675999999999,3.9060459482038405,3.6000000000000014,0.5217746389172111,0.3348217640150326,2.2564057490180947,4.916052985273712,0.408937837838367,1.6205566368448512,0.8996959398105906,2.00601645182973,0.5737889009501671,0.057535741115351285,0.49999999999999994,-0.8660254037844387,-0.7818314824680299,0.6234898018587334,-0.8660254037844386,0.5000000000000001,4,20,27,9,10,10,6,21,2
A,2026-05-10,15:15,4361563.0,D,Athletic Club,621.0,Ernesto Valverde,4-2-3-1,153300000.0,26.16862671893473,182.9090909090909,61.0,10.2,3.2,6.8,12.6,2.0,0.2,0.79992,0.8400757999999999,0.8400757999999999,9.529480259870065,6.4,67300000.0,28.96262833675565,183.61818181818182,157.0,10.626646032280503,3.8810900988155184,6.3745783206292215,12.763993765893138,2.297433596405252,0.15050240146229457,1.0753516138710726,0.978849390548976,0.9678498196122831,10.334357566413791,5.648394967826394,63404379.04583635,28.76058446145142,183.57472094035657,154.52077709167915,8.0,Valencia,1049.0,Rubén Baraja,4-4-2 double 6,150000000.0,25.040881090162404,184.27272727272728,81.0,13.8,3.6,4.8,15.0,1.4,0.0,1.34226,1.5949769999999999,1.5949769999999996,11.235548138088973,5.6,39600000.0,28.365378632319086,181.58181818181816,205.0,12.728270680164599,2.6333250926621194,3.7962823946045265,13.64698063342748,1.470182495840423,0.0011426017410495245,1.30144239275762,1.4940078850997207,1.459265063455591,11.114536534731903,5.967503376171893,36691556.11046242,28.483842330044922,181.84346208323907,203.443630534357,12.0,-3.6000000000000014,-0.3999999999999999,2.0,-2.4000000000000004,0.6000000000000001,0.2,-0.54234,-0.7549011999999999,-0.7549011999999997,1.7060678782189083,0.8000000000000007,-2.101624647884096,0.7801789683181113,1.247765006153399,2.578295926024695,-0.882986867534342,0.8272511005648291,0.14935979972124505,-0.22609077888654738,-0.5151584945507447,-0.4914152438433079,-0.3191084083454996,4.0,4.0,3.6000000000000014,0.3999999999999999,2.0,2.4000000000000004,0.6000000000000001,0.2,0.54234,0.7549011999999999,0.7549011999999997,1.7060678782189083,0.8000000000000007,0.5151584945507447,0.22609077888654738,2.101624647884096,0.7801789683181113,0.4914152438433079,0.3191084083454996,2.578295926024695,0.882986867534342,0.8272511005648291,0.14935979972124505,0.49999999999999994,-0.8660254037844387,-0.7818314824680299,0.6234898018587334,-0.7071067811865471,-0.7071067811865479,2,26,19,68,10,20,24,0,0
D,2026-05-10,13:00,4405322.0,D,Mallorca,237.0,Jagoba Arrasate,4-2-3-1,48500000.0,27.920104536120963,182.8181818181818,151.0,10.0,4.0,5.0,15.4,1.4,0.0,1.2324800000000002,1.4713778000000002,1.4713778000000002,10.745178375621574,5.6,41720000.0,28.51586086740091,181.96363636363637,193.6,9.780795721968762,4.177204995122502,3.949573416397623,16.538178078641334,1.5375535996878522,0.019519052318086826,1.1162434528682847,1.3193117753447623,1.2823500518577124,10.379089319116781,5.817144529023982,41525586.554399446,28.459128428501447,182.1267909275549,185.83627127252248,15.0,Villarreal,1050.0,Marcelino,4-4-2,101900000.0,27.920104536120963,183.63636363636363,129.0,12.2,4.2,4.2,11.0,2.4,0.0,1.7277999999999998,2.0267396,1.5807736000000001,15.3968975748194,7.4,80100000.0,26.75129114554166,184.12727272727273,181.2,14.264617370534813,5.408724713981421,4.886353613453537,12.01030257017753,2.375345133057737,0.0009956055351660296,1.9702315005765234,2.3099347746418526,1.916799329334382,15.437812060606587,7.406396425435491,85887239.36650664,26.81417140254976,183.90152707653598,182.4226728194507,3.0,-2.1999999999999993,-0.20000000000000018,0.7999999999999998,4.4,-1.0,0.0,-0.49531999999999954,-0.5553617999999998,-0.10939579999999993,4.651719199197826,-1.8000000000000007,-4.483821648566051,5.058722741489806,-1.2315197188589186,-0.9367801970559135,4.527875508463804,-0.8377915333698849,0.018523446782920797,-0.8539880477082387,-0.9906229992970903,-0.6344492774766695,-1.5892518964115094,-12.0,12.0,2.1999999999999993,0.20000000000000018,0.7999999999999998,4.4,1.0,0.0,0.49531999999999954,0.5553617999999998,0.10939579999999993,4.651719199197826,1.8000000000000007,0.9906229992970903,0.8539880477082387,4.483821648566051,5.058722741489806,0.6344492774766695,1.5892518964115094,0.9367801970559135,4.527875508463804,0.8377915333698849,0.018523446782920797,0.49999999999999994,-0.8660254037844387,-0.7818314824680299,0.6234898018587334,-0.2588190451025208,-0.9659258262890683,16,27,31,52,10,18,11,1,1
D,2026-05-11,20:00,4407751.0,D,Rayo Vallecano,367.0,Iñigo Pérez,4-2-3-1,36800000.0,28.843755833488895,179.36363636363637,108.0,17.8,5.8,5.8,15.2,3.4,0.2,1.51226,1.9388682,1.9388682,7.24939309056956,5.0,28340000.0,29.20948291954452,180.1818181818182,79.8,15.893927041318205,6.082147580972325,4.700809178583599,15.922481150660241,4.085102341108013,0.2587503952787446,1.414239791918643,1.8483758165157804,1.8381424085916374,6.8165239886026905,3.6600537845981056,24246126.12936628,29.05731259331857,180.71938241250132,86.00981219018058,11.0,Girona,12321.0,Míchel,4-2-3-1,102400000.0,28.42386908095327,182.63636363636363,206.0,10.0,2.8,4.0,9.6,2.0,0.0,1.21516,1.2027226,1.0540674,14.975119617224882,6.6,81920000.0,28.1262398108394,180.58181818181816,372.6,10.747435868793694,3.352566649277243,4.018389898263784,8.98818366216953,2.321212364016029,0.006565061686385602,1.2822007739013885,1.4308541579196128,1.3157487278284516,14.637598618288365,6.7220656523470295,79646436.69375606,27.877218118583002,180.48023542836094,380.80107934780835,16.0,7.800000000000001,3.0,1.7999999999999998,5.6,1.4,0.2,0.2970999999999999,0.7361456,0.8848007999999998,7.725726526655322,-1.5999999999999996,5.146491172524511,7.821074629685675,2.7295809316950823,0.6824192803198148,6.934297488490712,1.763889977091984,0.252185333592359,0.13203901801725437,0.41752165859616763,0.5223936807631857,-3.062011867748924,5.0,5.0,7.800000000000001,3.0,1.7999999999999998,5.6,1.4,0.2,0.2970999999999999,0.7361456,0.8848007999999998,7.725726526655322,1.5999999999999996,0.41752165859616763,0.13203901801725437,5.146491172524511,7.821074629685675,0.5223936807631857,3.062011867748924,0.6824192803198148,6.934297488490712,1.763889977091984,0.252185333592359,0.49999999999999994,-0.8660254037844387,0.0,1.0,-0.8660254037844386,0.5000000000000001,18,11,30,56,10,10,18,3,1
