,FTR,date,Time,game_id,HTR,team,club_id,shots,shots_target,corners,fouls,yellow_cards,red_cards,xp,xg,np_xg,ppda,deep_completions,position,manager,formation,xi_market_value,xi_average_age,xi_average_height,xi_total_caps,is_home
0,H,2019-08-16,20:00,3208627.0,D,Athletic Club,621.0,11,5,3,14,1,0,0.7887,0.457129,0.457129,15.0,3,6.0,Gaizka Garitano,4-2-3-1,153000000.0,26.781158608674012,180.45454545454547,87.0,1
1,A,2019-08-17,16:00,3208619.0,A,Celta Vigo,940.0,7,4,6,17,5,0,0.9905,1.51166,1.51166,11.36842105263158,5,19.0,Fran Escribá,4-4-2,121000000.0,25.334577810963847,178.36363636363637,175.0,1
2,D,2019-08-17,18:00,3208624.0,D,Valencia,1049.0,14,6,3,13,4,1,1.7859999999999998,2.31396,1.57068,18.3,7,11.0,Marcelino,4-4-2 double 6,263000000.0,28.576193142928254,180.9090909090909,185.0,1
3,H,2019-08-17,19:00,3208620.0,H,Mallorca,237.0,16,4,9,13,2,0,2.076,1.68856,1.68856,15.176470588235292,3,4.0,Vicente Moreno,4-3-1-2,18600000.0,27.42082011075851,180.8181818181818,53.0,1
4,A,2019-08-17,20:00,3208626.0,D,Leganes,1244.0,13,2,8,17,1,1,2.383,1.26802,1.26802,6.423076923076923,7,17.0,Mauricio Pellegrino,5-3-2,59300000.0,27.629145666106652,180.36363636363637,288.0,1
5,D,2019-08-17,20:00,3208628.0,D,Villarreal,1050.0,12,7,2,10,3,0,1.3313,1.93202,1.18874,8.434782608695652,6,9.0,Javier Calleja,4-2-3-1,113000000.0,27.547259038018794,180.36363636363637,308.0,1
6,H,2019-08-18,16:00,3208623.0,D,Alaves,1108.0,9,2,2,18,2,0,1.1599,0.68416,0.68416,13.15,3,7.0,Asier Garitano,4-1-4-1,61000000.0,27.71526351813826,182.45454545454547,80.0,1
7,A,2019-08-18,18:00,3208622.0,A,Espanyol,714.0,7,2,8,11,2,0,0.0532,0.145879,0.145879,11.275862068965518,0,20.0,David Gallego,4-4-2,77500000.0,28.189658390890425,180.0909090909091,9.0,1
8,A,2019-08-18,20:00,3208625.0,D,Real Betis,150.0,13,4,6,11,2,1,1.8218,1.24003,1.24003,23.818181818181817,3,14.0,Rubi,4-2-3-1,187500000.0,28.21230788376579,184.0,138.0,1
9,H,2019-08-18,21:00,3208621.0,H,Atletico Madrid,13.0,5,5,3,19,3,1,2.8418,2.44678,1.7035,6.894736842105263,5,5.0,Diego Simeone,4-4-2 double 6,655000000.0,25.35847178146973,181.0909090909091,643.0,1
10,A,2019-08-23,19:00,3208643.0,D,Granada,16795.0,12,0,6,13,1,0,0.4884,0.428332,0.428332,11.333333333333334,6,14.0,Diego Martínez,4-2-3-1,16900000.0,28.069690747308815,183.1818181818182,5.0,1
11,H,2019-08-23,21:00,3208645.0,A,Levante,3368.0,16,4,7,5,1,0,0.9146,2.07744,0.591143,9.884615384615383,2,10.0,Paco López,4-3-3 Attacking,63500000.0,28.703876547819053,180.0909090909091,85.0,1
12,H,2019-08-24,20:00,3208641.0,H,Celta Vigo,940.0,11,6,6,8,1,0,2.593,2.37702,1.63375,18.916666666666668,8,12.0,Fran Escribá,4-4-2,126000000.0,25.307199303092524,178.0909090909091,191.0,1
13,D,2019-08-24,20:00,3208642.0,D,Getafe,3709.0,6,2,4,15,2,0,0.978,0.265811,0.265811,7.0,4,15.0,Pepe Bordalás,4-4-2,107000000.0,28.023893970505878,182.0909090909091,237.0,1
14,D,2019-08-24,16:00,3208647.0,D,Osasuna,331.0,6,2,6,15,4,0,1.5364000000000002,0.856433,0.856433,4.125,6,8.0,Jagoba Arrasate,4-4-2 double 6,20400000.0,26.60469168066704,180.27272727272728,58.0,1
15,D,2019-08-24,18:00,3208648.0,D,Real Madrid,418.0,22,4,4,12,2,0,1.7207,1.72798,1.72798,7.72,13,3.0,Zinédine Zidane,4-3-3 Attacking,555000000.0,29.117540912202102,183.36363636363637,596.0,1
16,D,2019-08-25,16:00,3208639.0,D,Alaves,1108.0,10,2,3,13,3,0,1.8239,0.675919,0.675919,14.851851851851851,5,7.0,Asier Garitano,4-1-4-1,46800000.0,27.63088793478937,180.36363636363637,21.0,1
17,A,2019-08-25,16:00,3208646.0,D,Mallorca,237.0,12,4,5,16,1,0,0.7412000000000001,0.871995,0.871995,16.714285714285715,6,11.0,Vicente Moreno,4-2-3-1,18600000.0,27.442722917055566,180.8181818181818,53.0,1
18,A,2019-08-25,18:00,3208644.0,D,Leganes,1244.0,10,4,9,12,4,0,0.4832999999999999,0.379878,0.379878,10.851851851851851,10,19.0,Mauricio Pellegrino,5-3-2,59000000.0,27.11567419575633,181.0,353.0,1
19,H,2019-08-25,20:00,3208640.0,D,Barcelona,131.0,20,7,11,14,1,0,2.8905,2.85088,2.85088,4.978260869565218,23,9.0,Ernesto Valverde,4-3-3 Attacking,615000000.0,27.0621616576442,180.45454545454547,558.0,1
20,D,2019-08-30,19:00,3208656.0,D,Sevilla,368.0,19,5,9,16,4,0,2.2086,1.50787,1.50787,5.757575757575758,10,2.0,Julen Lopetegui,4-3-3 Attacking,119500000.0,28.97392819364072,180.63636363636363,234.0,1
21,H,2019-08-30,21:00,3208649.0,H,Athletic Club,621.0,15,5,3,17,2,0,2.254,1.16451,1.16451,9.085714285714284,5,3.0,Gaizka Garitano,4-2-3-1,168000000.0,26.619127621181008,179.72727272727272,107.0,1
22,H,2019-08-31,20:00,3208651.0,D,Real Betis,150.0,17,5,11,14,4,0,2.138,2.52444,2.52444,4.047619047619048,16,15.0,Rubi,4-2-3-1,181500000.0,28.168751166697778,181.9090909090909,426.0,1
23,H,2019-08-31,18:00,3208654.0,D,Levante,3368.0,16,3,6,9,2,0,2.6117,2.77857,2.77857,8.80952380952381,8,4.0,Paco López,4-4-2 double 6,61500000.0,27.985564059486034,181.27272727272728,35.0,1
24,D,2019-08-31,16:00,3208655.0,H,Osasuna,331.0,15,5,3,16,3,0,2.5305,1.7305,0.987222,12.0,5,6.0,Jagoba Arrasate,4-4-2 double 6,22600000.0,27.89845062535001,178.36363636363637,55.0,1
25,D,2019-08-31,18:00,3208653.0,D,Getafe,3709.0,15,1,4,11,3,0,1.1427,0.972134,0.972134,5.583333333333333,7,17.0,Pepe Bordalás,4-4-2,94500000.0,29.010266940451743,182.54545454545453,195.0,1
26,H,2019-09-01,16:00,3208657.0,H,Valencia,1049.0,9,4,7,6,0,0,2.2183,2.09044,0.603888,13.421052631578949,5,9.0,Marcelino,4-4-2 double 6,289000000.0,27.47458154439674,181.27272727272728,248.0,1
27,H,2019-09-01,18:00,3208650.0,A,Atletico Madrid,13.0,7,3,1,9,0,0,2.2272000000000003,1.8114,1.8114,7.428571428571429,7,1.0,Diego Simeone,4-4-2 double 6,600000000.0,25.212370107647313,180.45454545454547,450.0,1
28,A,2019-09-01,18:00,3208652.0,A,Espanyol,714.0,15,3,8,6,2,0,1.1576,1.34324,1.34324,15.77777777777778,10,19.0,David Gallego,4-3-3 Attacking,97000000.0,27.675191338435692,179.63636363636363,13.0,1
29,D,2019-09-01,20:00,3208658.0,D,Villarreal,1050.0,10,5,1,8,1,0,1.6624,2.13825,2.13825,18.31578947368421,4,16.0,Javier Calleja,4-4-2 double 6,107500000.0,27.935287163213243,181.0909090909091,303.0,1
30,D,2019-09-13,20:00,3208665.0,D,Mallorca,237.0,10,1,4,15,4,0,1.9909,2.1905,1.44722,9.421052631578949,5,15.0,Vicente Moreno,4-2-3-1,20200000.0,27.687636114740837,181.1818181818182,105.0,1
31,H,2019-09-14,17:30,3208667.0,D,Real Sociedad,681.0,14,5,5,13,1,0,2.1774,2.08851,2.08851,9.571428571428571,6,7.0,Imanol Alguacil,4-2-3-1,197500000.0,25.807728206085496,181.45454545454547,233.0,1
32,H,2019-09-14,20:00,3208660.0,H,Barcelona,131.0,17,10,2,11,1,0,2.3251,2.61069,2.61069,8.161290322580646,12,5.0,Ernesto Valverde,4-3-3 Attacking,645000000.0,25.823657519756082,180.27272727272728,579.0,1
33,H,2019-09-14,12:00,3208666.0,H,Real Madrid,418.0,25,11,9,13,2,0,2.3041,3.3111,3.3111,6.064516129032258,17,3.0,Zinédine Zidane,4-2-3-1,520000000.0,28.249393317155125,182.1818181818182,613.0,1
34,A,2019-09-14,15:00,3208664.0,A,Leganes,1244.0,10,4,8,14,2,0,0.2919,0.399916,0.399916,18.0,6,20.0,Mauricio Pellegrino,4-4-2 double 6,67000000.0,25.947358596229233,179.9090909090909,229.0,1
35,A,2019-09-15,11:00,3208663.0,D,Eibar,1533.0,11,1,7,14,2,0,0.3604,0.567742,0.567742,8.6,3,19.0,José Luis Mendilibar,4-4-2 double 6,42500000.0,30.415779976354926,179.0,55.0,1
36,A,2019-09-15,13:00,3208659.0,A,Alaves,1108.0,7,0,2,13,5,0,1.0984999999999998,0.773661,0.773661,11.166666666666666,1,11.0,Asier Garitano,4-4-2 double 6,60500000.0,28.044054508120215,181.36363636363637,20.0,1
37,A,2019-09-15,15:00,3208662.0,A,Celta Vigo,940.0,4,0,3,11,4,2,0.4502,0.233721,0.233721,13.933333333333334,2,14.0,Fran Escribá,4-4-2,162500000.0,24.90946425238006,177.54545454545453,131.0,1
38,D,2019-09-15,17:30,3208668.0,D,Real Valladolid,366.0,11,1,10,9,0,0,0.2215,0.790606,0.790606,10.7,3,12.0,Sergio,4-4-2 double 6,47500000.0,26.332151079584346,181.0,72.0,1
39,D,2019-09-15,20:00,3208661.0,A,Real Betis,150.0,7,2,5,11,3,2,0.8828,1.00209,0.258813,6.153846153846154,1,16.0,Rubi,4-2-3-1,174500000.0,28.46145230539481,183.0,240.0,1
40,D,2019-09-20,20:00,3208675.0,D,Osasuna,331.0,12,6,9,15,1,0,2.6990000000000003,2.20072,2.20072,7.774193548387097,4,9.0,Jagoba Arrasate,4-4-2 double 6,32400000.0,28.596353680542588,179.27272727272728,55.0,1
41,D,2019-09-21,15:00,3208674.0,D,Levante,3368.0,13,4,6,9,0,0,1.7383,1.613,1.613,9.916666666666666,9,10.0,Paco López,4-4-2,66000000.0,27.269491630887934,180.9090909090909,35.0,1
42,D,2019-09-21,17:30,3208670.0,D,Atletico Madrid,13.0,20,5,13,14,3,0,2.3054,1.71994,1.71994,9.148148148148149,10,6.0,Diego Simeone,4-4-2 double 6,568000000.0,26.317217348018172,180.9090909090909,528.0,1
43,H,2019-09-21,20:00,3208673.0,H,Granada,16795.0,9,4,4,22,3,0,2.5958999999999994,1.87283,1.12955,14.73076923076923,2,5.0,Diego Martínez,4-2-3-1,18700000.0,27.791674444651857,181.36363636363637,99.0,1
44,H,2019-09-21,12:00,3208678.0,D,Villarreal,1050.0,18,6,4,12,2,0,2.6033,2.03561,1.29233,5.0,6,7.0,Javier Calleja,4-2-3-1,97500000.0,28.567481799514653,181.54545454545453,302.0,1
45,A,2019-09-22,20:00,3208676.0,D,Sevilla,368.0,9,0,9,16,3,0,0.5596000000000001,0.394624,0.394624,8.923076923076923,1,4.0,Julen Lopetegui,4-3-3 Attacking,146500000.0,28.926389148155064,181.8181818181818,238.0,1
46,H,2019-09-22,11:00,3208672.0,H,Getafe,3709.0,14,5,7,15,4,0,2.6895,2.70951,1.96624,6.85,13,11.0,Pepe Bordalás,4-4-2,133000000.0,28.052019164955507,182.8181818181818,204.0,1
47,A,2019-09-22,13:00,3208671.0,A,Espanyol,714.0,17,3,5,7,1,0,0.6866,0.701868,0.701868,9.894736842105264,10,18.0,David Gallego,4-4-2 double 6,80000000.0,27.616700889801507,180.72727272727272,16.0,1
48,D,2019-09-22,15:00,3208677.0,D,Valencia,1049.0,13,4,6,14,3,0,1.4985,1.66574,0.922459,9.0,5,14.0,Albert Celades,4-4-2,313000000.0,27.880530147470598,182.45454545454547,196.0,1
49,H,2019-09-22,17:30,3208669.0,H,Athletic Club,621.0,13,4,3,11,1,0,2.523,1.9352,1.19192,9.136363636363637,5,1.0,Gaizka Garitano,4-2-3-1,187500000.0,27.348889303714767,179.72727272727272,107.0,1
50,H,2019-09-24,20:00,3208679.0,H,Barcelona,131.0,8,4,6,4,4,0,1.3981,0.643865,0.643865,13.727272727272728,15,6.0,Ernesto Valverde,4-3-3 Attacking,695000000.0,28.05600149337316,181.36363636363637,777.0,1
51,H,2019-09-24,19:00,3208680.0,D,Real Betis,150.0,17,5,5,11,2,0,1.9511,2.73836,2.73836,10.545454545454543,14,9.0,Rubi,4-4-2 double 6,149500000.0,29.46450127558957,183.0,410.0,1
52,D,2019-09-24,18:00,3208688.0,D,Real Valladolid,366.0,9,5,6,21,3,0,1.9579,1.26726,1.26726,10.090909090909092,2,15.0,Sergio,4-4-2 double 6,46800000.0,27.560699396428348,179.27272727272728,29.0,1
53,D,2019-09-25,18:00,3208683.0,D,Leganes,1244.0,7,3,4,11,0,0,0.5708,0.496204,0.496204,14.91304347826087,4,20.0,Mauricio Pellegrino,5-3-2,60000000.0,25.527471843693608,180.9090909090909,212.0,1
54,A,2019-09-25,18:00,3208684.0,A,Mallorca,237.0,9,3,8,8,3,0,0.9073,0.673477,0.673477,20.0,3,19.0,Vicente Moreno,4-1-4-1,25100000.0,27.913384356916186,180.27272727272728,101.0,1
55,D,2019-09-25,19:00,3208687.0,H,Valencia,1049.0,8,4,4,14,1,0,0.738,1.67819,1.67819,5.0,4,14.0,Albert Celades,4-4-2,230500000.0,27.045485657395307,180.27272727272728,106.0,1
56,H,2019-09-25,20:00,3208685.0,H,Real Madrid,418.0,15,4,7,13,2,0,2.8131,1.98715,1.98715,7.46875,4,1.0,Zinédine Zidane,4-3-3 Attacking,409000000.0,25.717379130110135,182.0,341.0,1
57,H,2019-09-26,18:00,3208682.0,A,Eibar,1533.0,11,4,3,11,3,0,1.6526,1.69937,0.956094,9.757575757575758,6,18.0,José Luis Mendilibar,4-2-3-1,38100000.0,30.598220396988367,180.0,56.0,1
58,D,2019-09-26,19:00,3208681.0,D,Celta Vigo,940.0,14,3,6,5,2,0,1.0423,1.1247,1.1247,8.703703703703704,9,13.0,Fran Escribá,4-4-2 double 6,131000000.0,25.768900504013438,176.63636363636363,190.0,1
59,H,2019-09-26,20:00,3208686.0,H,Real Sociedad,681.0,21,7,5,7,1,0,2.9697,3.80899,2.32244,9.26086956521739,11,2.0,Imanol Alguacil,4-2-3-1,201000000.0,25.15611971874805,181.0,175.0,1
60,H,2019-09-27,20:00,3208701.0,H,Villarreal,1050.0,17,10,3,13,2,0,2.7459,2.95644,2.21316,9.862068965517242,5,8.0,Javier Calleja,4-3-3 Attacking,112000000.0,28.036836537863234,181.63636363636363,311.0,1
61,A,2019-09-28,12:00,3208693.0,A,Athletic Club,621.0,14,3,7,14,2,0,0.5992,1.04848,1.04848,9.307692307692308,6,7.0,Gaizka Garitano,4-2-3-1,187500000.0,27.365316408437558,179.72727272727272,107.0,1
62,A,2019-09-28,15:00,3208697.0,A,Getafe,3709.0,8,1,4,23,4,0,1.1536,1.0808,1.0808,7.970588235294118,7,16.0,Pepe Bordalás,4-4-2,126500000.0,27.709787816563995,180.72727272727272,204.0,1
63,H,2019-09-28,17:30,3208698.0,H,Granada,16795.0,11,4,8,19,3,0,1.0867,0.718298,0.718298,7.2,6,2.0,Diego Martínez,4-2-3-1,23500000.0,27.810839400161782,181.36363636363637,99.0,1
64,D,2019-09-28,20:00,3208694.0,D,Atletico Madrid,13.0,7,1,5,14,1,0,1.7816,0.819412,0.819412,14.0,4,3.0,Diego Simeone,4-4-2 double 6,588000000.0,26.38616140874868,182.0,529.0,1
65,H,2019-09-29,15:00,3208692.0,D,Alaves,1108.0,11,6,4,16,2,0,2.7487000000000004,1.84115,1.09826,7.818181818181818,6,13.0,Asier Garitano,4-4-2,39500000.0,27.883765789309937,181.36363636363637,51.0,1
66,D,2019-09-29,17:30,3208699.0,H,Levante,3368.0,10,5,7,12,6,1,2.0988,1.55287,1.55287,8.565217391304348,8,15.0,Paco López,4-4-2 double 6,65000000.0,27.922842386908098,181.0,37.0,1
67,A,2019-09-29,11:00,3208696.0,A,Espanyol,714.0,16,2,4,16,2,1,0.5236,0.947178,0.947178,5.866666666666666,9,18.0,David Gallego,4-2-3-1,78500000.0,27.952958745566548,181.0909090909091,25.0,1
68,H,2019-09-29,13:00,3208695.0,D,Eibar,1533.0,7,3,6,17,3,0,1.487,1.02791,1.02791,11.038461538461538,8,14.0,José Luis Mendilibar,4-3-3 Attacking,43800000.0,29.24348204841018,178.8181818181818,56.0,1
69,H,2019-09-29,20:00,3208700.0,D,Sevilla,368.0,21,8,7,9,1,0,2.018,1.60195,1.60195,16.294117647058822,17,4.0,Julen Lopetegui,4-3-3 Attacking,162000000.0,28.19438740588638,179.54545454545453,305.0,1
70,D,2019-10-04,20:00,3208704.0,A,Real Betis,150.0,12,3,4,7,3,0,1.8283,1.74382,1.74382,11.545454545454543,7,15.0,Rubi,4-4-2 double 6,151000000.0,28.073921971252563,182.27272727272728,341.0,1
71,A,2019-10-05,12:00,3208706.0,A,Leganes,1244.0,25,10,9,10,3,0,2.7502,3.28469,2.48489,6.576923076923077,7,20.0,Mauricio Pellegrino,3-4-1-2,57200000.0,25.766909339804617,181.54545454545453,155.0,1
72,H,2019-10-05,15:00,3208709.0,H,Real Madrid,418.0,17,10,6,12,4,0,2.1954,2.7833,2.7833,8.3,6,1.0,Zinédine Zidane,4-3-3 Attacking,564000000.0,27.947980835044493,183.1818181818182,408.0,1
73,H,2019-10-05,17:30,3208711.0,H,Valencia,1049.0,11,3,4,7,1,0,1.5607,1.7079,0.964748,18.1,0,7.0,Albert Celades,4-4-2 double 6,257000000.0,28.46842138012569,181.8181818181818,175.0,1
74,H,2019-10-05,20:00,3208708.0,A,Osasuna,331.0,16,4,8,9,2,0,0.4680999999999999,1.13814,1.13814,13.444444444444445,10,10.0,Jagoba Arrasate,4-4-2 double 6,42500000.0,29.274842884699147,178.63636363636363,55.0,1
75,H,2019-10-06,11:00,3208707.0,H,Mallorca,237.0,9,3,2,11,1,0,1.669,1.02963,1.02963,19.142857142857142,1,18.0,Vicente Moreno,4-2-3-1,20300000.0,28.0171737913011,180.72727272727272,53.0,1
76,H,2019-10-06,13:00,3208705.0,D,Celta Vigo,940.0,13,2,6,8,0,0,2.7122,1.91529,1.91529,14.11111111111111,4,16.0,Fran Escribá,4-4-2 double 6,123500000.0,26.24229979466119,178.9090909090909,236.0,1
77,D,2019-10-06,15:00,3208712.0,D,Real Valladolid,366.0,5,1,3,15,6,0,1.5313,0.969549,0.226787,13.588235294117649,2,13.0,Sergio,4-4-2 double 6,36800000.0,27.915873312177215,180.72727272727272,31.0,1
78,A,2019-10-06,17:30,3208710.0,H,Real Sociedad,681.0,6,3,3,20,2,1,1.2338,0.770489,0.770489,4.476190476190476,2,6.0,Imanol Alguacil,4-3-3 Attacking,205000000.0,26.554912575446455,180.8181818181818,173.0,1
79,H,2019-10-06,20:00,3208703.0,H,Barcelona,131.0,15,8,7,10,5,2,1.0003,2.40324,2.40324,10.521739130434783,5,2.0,Ernesto Valverde,4-3-3 Attacking,644000000.0,27.15649306203721,180.8181818181818,737.0,1
80,H,2019-10-18,20:00,3208719.0,H,Granada,16795.0,6,2,2,12,2,0,0.9553,0.360979,0.360979,8.11111111111111,4,3.0,Diego Martínez,4-4-2 double 6,28500000.0,26.782651981830625,184.54545454545453,47.0,1
81,A,2019-10-19,12:00,3208716.0,A,Eibar,1533.0,5,0,2,16,5,0,0.2344,0.212797,0.212797,16.217391304347824,4,16.0,José Luis Mendilibar,4-4-2 double 6,37600000.0,31.172422375707797,179.72727272727272,20.0,1
82,D,2019-10-19,15:00,3208715.0,H,Atletico Madrid,13.0,15,4,2,18,2,0,2.0463,1.54344,0.800163,9.433333333333334,7,6.0,Diego Simeone,4-4-2 double 6,603000000.0,26.45859000684463,184.1818181818182,536.0,1
83,H,2019-10-19,17:30,3208718.0,D,Getafe,3709.0,5,2,2,17,1,0,2.0715,1.0435,1.0435,4.194444444444445,1,9.0,Pepe Bordalás,4-4-2,130500000.0,28.034347582602205,183.36363636363637,204.0,1
84,H,2019-10-19,20:00,3208720.0,H,Mallorca,237.0,5,1,4,20,2,0,0.736,0.245649,0.245649,13.909090909090908,1,15.0,Vicente Moreno,4-2-3-1,20300000.0,28.05276585153382,180.72727272727272,53.0,1
85,H,2019-10-20,20:00,3208722.0,D,Sevilla,368.0,19,5,9,10,2,0,2.7327,2.58436,2.58436,4.84375,8,5.0,Julen Lopetegui,4-3-3 Attacking,156000000.0,28.48683964905731,179.27272727272728,242.0,1
86,A,2019-10-20,15:00,3208717.0,A,Espanyol,714.0,18,3,7,11,2,0,0.6035999999999999,0.746222,0.746222,7.0,6,19.0,Pablo Machín,3-4-2-1,82300000.0,27.25132225748242,181.0,38.0,1
87,D,2019-10-20,17:30,3208714.0,H,Athletic Club,621.0,19,7,3,12,2,0,2.0229,1.50554,1.50554,9.041666666666666,1,10.0,Gaizka Garitano,4-2-3-1,169500000.0,26.93597162591002,179.36363636363637,107.0,1
88,H,2019-10-20,11:00,3208713.0,D,Alaves,1108.0,12,5,4,20,5,0,2.0955,2.08309,2.08309,9.77777777777778,8,12.0,Asier Garitano,4-4-2 double 6,65800000.0,28.223259286914313,180.8181818181818,22.0,1
89,H,2019-10-20,13:00,3208721.0,H,Real Sociedad,681.0,18,6,11,23,4,0,1.9536,1.32948,1.32948,6.666666666666667,11,4.0,Imanol Alguacil,4-2-3-1,211000000.0,25.02793852280505,181.1818181818182,195.0,1
90,H,2019-10-25,20:00,3208731.0,H,Villarreal,1050.0,19,8,5,12,2,0,2.6623,2.56098,2.56098,7.3,5,7.0,Javier Calleja,4-3-3 Attacking,117000000.0,28.548067948478625,182.0,315.0,1
91,H,2019-10-26,15:00,3208727.0,H,Leganes,1244.0,9,3,4,19,4,0,2.1691000000000003,1.7617,1.7617,8.535714285714286,1,20.0,Luis Cembranos,4-3-3 Attacking,54300000.0,28.192396241677557,180.72727272727272,191.0,1
92,H,2019-10-26,17:30,3208732.0,H,Real Valladolid,366.0,8,4,4,13,1,0,2.691,1.95496,1.95496,14.5,2,8.0,Sergio,4-4-2 double 6,36800000.0,27.803621429904798,181.9090909090909,58.0,1
93,H,2019-10-26,20:00,3208723.0,H,Atletico Madrid,13.0,9,2,7,14,2,0,2.718,1.94897,1.94897,9.333333333333334,4,6.0,Diego Simeone,4-4-2 double 6,515000000.0,26.084997822164144,180.36363636363637,447.0,1
94,H,2019-10-27,17:30,3208730.0,D,Sevilla,368.0,15,8,5,13,2,0,2.5833,2.14059,2.14059,3.857142857142857,4,5.0,Julen Lopetegui,4-3-3 Attacking,156000000.0,28.506004604567234,179.27272727272728,242.0,1
95,A,2019-10-27,11:00,3208725.0,D,Celta Vigo,940.0,9,1,3,20,5,1,1.2128,0.846315,0.846315,11.047619047619047,1,18.0,Fran Escribá,4-4-2 double 6,128500000.0,25.634496919917865,178.9090909090909,193.0,1
96,H,2019-10-27,13:00,3208726.0,D,Granada,16795.0,13,3,4,13,3,0,2.144,1.61831,1.61831,20.72222222222222,5,1.0,Diego Martínez,4-2-3-1,27500000.0,26.594735859622926,182.1818181818182,99.0,1
97,A,2019-10-27,15:00,3208728.0,A,Levante,3368.0,7,3,4,10,2,0,0.7242,0.331551,0.331551,9.3,1,14.0,Paco López,4-3-3 Attacking,63000000.0,28.15282185302719,181.0909090909091,6.0,1
98,H,2019-10-27,20:00,3208729.0,D,Osasuna,331.0,21,13,6,8,1,0,2.7482,3.08572,3.08572,5.366666666666666,13,9.0,Jagoba Arrasate,4-4-2 double 6,42700000.0,29.04486341858005,179.8181818181818,58.0,1
99,D,2019-10-29,18:00,3208742.0,D,Alaves,1108.0,11,3,4,23,3,0,0.3769,0.442747,0.442747,7.230769230769231,2,16.0,Asier Garitano,4-4-2 double 6,65800000.0,28.247899943998508,180.8181818181818,22.0,1
100,H,2019-10-29,20:15,3208744.0,H,Barcelona,131.0,18,9,6,9,0,0,2.7704,3.77856,3.77856,10.521739130434783,12,1.0,Ernesto Valverde,4-3-3 Attacking,609000000.0,28.131416837782343,181.27272727272728,906.0,1
101,H,2019-10-30,20:00,3208745.0,H,Real Betis,150.0,11,7,5,16,6,0,0.9621,1.11761,1.11761,14.31578947368421,0,15.0,Rubi,4-2-3-1,155500000.0,27.49847551490262,182.8181818181818,183.0,1
102,H,2019-10-30,19:00,3208743.0,H,Athletic Club,621.0,7,5,2,13,0,0,1.0924,0.410171,0.410171,9.884615384615383,4,8.0,Gaizka Garitano,4-2-3-1,187500000.0,26.786136519196067,179.72727272727272,107.0,1
103,H,2019-10-30,20:15,3208749.0,H,Real Madrid,418.0,22,11,8,12,1,0,2.9978,5.60648,4.12006,7.533333333333333,24,2.0,Zinédine Zidane,4-3-3 Attacking,613000000.0,27.73492626470039,182.36363636363637,543.0,1
104,A,2019-10-30,18:00,3208750.0,A,Real Sociedad,681.0,17,5,9,15,3,0,1.1888,1.71528,1.71528,5.956521739130435,12,6.0,Imanol Alguacil,4-2-3-1,186500000.0,24.07591313546139,182.27272727272728,259.0,1
105,D,2019-10-30,18:00,3208751.0,A,Valencia,1049.0,10,3,6,12,6,0,1.8797,1.0283,1.0283,21.15384615384616,4,12.0,Albert Celades,4-2-3-1,317000000.0,26.430962603447202,181.1818181818182,258.0,1
106,H,2019-10-31,20:15,3208747.0,H,Getafe,3709.0,8,3,2,22,5,0,0.6429,1.1273,1.1273,7.541666666666667,2,9.0,Pepe Bordalás,4-4-2,135000000.0,27.70331653288532,181.27272727272728,204.0,1
107,H,2019-10-31,18:00,3208746.0,D,Eibar,1533.0,25,8,8,11,0,0,2.3234,2.782,2.782,12.96,4,14.0,José Luis Mendilibar,4-4-2 double 6,42300000.0,30.447140812643894,179.0,56.0,1
108,D,2019-10-31,18:00,3208748.0,H,Mallorca,237.0,11,3,5,9,1,0,2.3777000000000004,2.15631,0.669752,16.5,7,17.0,Vicente Moreno,4-3-3 Attacking,23300000.0,28.149835106713955,180.8181818181818,51.0,1
109,A,2019-11-02,12:00,3208753.0,H,Espanyol,714.0,13,4,5,20,0,0,0.7899999999999999,1.27932,0.536044,8.533333333333333,7,19.0,Pablo Machín,5-3-2,80000000.0,28.01393814946176,181.72727272727272,33.0,1
110,H,2019-11-02,15:00,3208756.0,A,Levante,3368.0,9,3,2,9,1,0,0.4306,0.927053,0.927053,24.466666666666665,3,10.0,Paco López,4-4-2 double 6,71500000.0,27.391948229730573,180.63636363636363,118.0,1
111,D,2019-11-02,17:30,3208759.0,H,Sevilla,368.0,11,4,6,13,4,0,0.3029,0.888419,0.888419,6.333333333333333,3,5.0,Julen Lopetegui,4-3-3 Attacking,182000000.0,27.681164831062162,181.0,380.0,1
112,D,2019-11-02,20:00,3208758.0,D,Real Madrid,418.0,22,7,9,11,2,0,2.8029,2.81646,2.81646,8.96,9,2.0,Zinédine Zidane,4-3-3 Attacking,593000000.0,28.26980275029556,182.0,676.0,1
113,A,2019-11-03,17:30,3208752.0,A,Celta Vigo,940.0,6,2,4,6,3,0,0.8704,0.133684,0.133684,7.75,3,18.0,Fran Escribá,4-4-2 double 6,121500000.0,25.66087984568477,177.9090909090909,194.0,1
114,H,2019-11-03,11:00,3208761.0,H,Real Valladolid,366.0,12,6,2,15,5,0,2.4548,1.96371,1.22043,7.518518518518518,6,13.0,Sergio,4-4-2 double 6,40800000.0,27.417584468919173,183.0909090909091,58.0,1
115,D,2019-11-03,13:00,3208760.0,D,Villarreal,1050.0,11,7,8,10,2,0,1.0751,1.01674,1.01674,8.25,10,9.0,Javier Calleja,4-1-4-1,124000000.0,28.13813701698712,181.63636363636363,311.0,1
116,H,2019-11-03,15:00,3208757.0,H,Osasuna,331.0,19,6,5,13,4,0,2.7372,3.87668,2.39012,6.285714285714286,8,8.0,Jagoba Arrasate,4-4-2 double 6,42700000.0,28.683964905730818,179.1818181818182,55.0,1
117,A,2019-11-03,17:30,3208755.0,D,Leganes,1244.0,12,5,4,16,5,0,1.8198,1.56154,1.56154,6.2,4,20.0,Luis Cembranos,4-3-3 Attacking,54300000.0,28.31186609420696,182.0,281.0,1
118,A,2019-11-03,20:00,3208754.0,D,Granada,16795.0,5,3,4,15,0,0,0.4847,0.163677,0.163677,14.25,1,6.0,Diego Martínez,4-2-3-1,27000000.0,25.932175969136953,182.8181818181818,47.0,1
119,D,2019-11-08,20:00,3208770.0,D,Real Sociedad,681.0,11,5,5,14,2,0,2.2131000000000003,1.19357,1.19357,4.181818181818182,3,5.0,Imanol Alguacil,4-2-3-1,220500000.0,25.784829817684024,182.45454545454547,153.0,1
120,A,2019-11-09,17:30,3208767.0,A,Eibar,1533.0,14,1,6,9,0,0,0.2113,0.88387,0.88387,11.96774193548387,5,15.0,José Luis Mendilibar,4-4-2 double 6,38300000.0,30.62186547196814,178.45454545454547,55.0,1
121,H,2019-11-09,20:00,3208765.0,H,Barcelona,131.0,10,7,2,18,4,0,2.4507,1.49638,0.753104,11.26086956521739,7,1.0,Ernesto Valverde,4-3-3 Attacking,730000000.0,26.090971314790615,179.9090909090909,580.0,1
122,H,2019-11-09,12:00,3208762.0,H,Alaves,1108.0,14,5,6,21,3,0,2.9306,2.8505,2.10722,7.962962962962963,7,14.0,Asier Garitano,4-4-2 double 6,62300000.0,28.864911953207642,181.27272727272728,17.0,1
123,H,2019-11-09,15:00,3208771.0,D,Valencia,1049.0,12,4,7,11,0,0,1.9292,1.04627,1.04627,8.4,7,6.0,Albert Celades,4-4-2 double 6,311000000.0,27.192831808848236,181.8181818181818,211.0,1
124,A,2019-11-10,20:00,3208766.0,D,Real Betis,150.0,18,5,4,12,2,0,1.8611,1.56474,1.56474,10.25,5,17.0,Rubi,3-4-2-1,175500000.0,27.96664799950221,181.9090909090909,359.0,1
125,D,2019-11-10,17:30,3208768.0,D,Getafe,3709.0,14,5,9,15,2,0,2.4371,1.06639,1.06639,4.62962962962963,2,7.0,Pepe Bordalás,4-4-2,135500000.0,27.614709725592682,182.54545454545453,205.0,1
126,H,2019-11-10,11:00,3208769.0,H,Mallorca,237.0,5,3,2,18,2,0,0.4017,1.56727,0.0807154,11.538461538461538,2,16.0,Vicente Moreno,4-2-3-1,39300000.0,26.08873125505569,180.36363636363637,101.0,1
127,H,2019-11-10,13:00,3208763.0,A,Athletic Club,621.0,23,10,10,13,3,0,2.0455,1.79133,1.79133,6.285714285714286,7,8.0,Gaizka Garitano,4-2-3-1,187500000.0,26.816252877854524,179.72727272727272,107.0,1
128,H,2019-11-10,15:00,3208764.0,D,Atletico Madrid,13.0,18,5,9,12,2,0,2.8911,3.05161,3.05161,8.153846153846153,11,3.0,Diego Simeone,4-4-2 double 6,508000000.0,27.398419513409248,182.45454545454547,506.0,1
129,H,2019-11-22,20:00,3208777.0,D,Levante,3368.0,13,6,3,13,2,1,1.7406,1.83517,1.83517,11.95,6,9.0,Paco López,4-4-2 double 6,66500000.0,27.8551428038081,181.27272727272728,37.0,1
130,A,2019-11-23,12:00,3208776.0,H,Leganes,1244.0,9,4,0,11,1,0,0.4237,0.484105,0.484105,12.653846153846152,1,20.0,Javier Aguirre,5-4-1,65800000.0,28.216041316657332,179.8181818181818,357.0,1
131,H,2019-11-23,15:00,3208772.0,D,Real Betis,150.0,25,8,5,9,2,0,1.9174,1.62946,1.62946,5.25,12,15.0,Rubi,4-1-4-1,151500000.0,28.203596540352184,181.72727272727272,345.0,1
132,D,2019-11-23,17:30,3208775.0,D,Granada,16795.0,9,3,2,15,4,0,0.4293,0.669993,0.669993,11.5,1,8.0,Diego Martínez,4-2-3-1,25700000.0,29.23253064526165,182.8181818181818,5.0,1
133,H,2019-11-23,20:00,3208779.0,D,Real Madrid,418.0,18,10,4,13,1,0,1.5895,1.69928,1.69928,10.107142857142858,9,2.0,Zinédine Zidane,4-3-3 Attacking,583000000.0,27.55049467985813,181.9090909090909,749.0,1
134,A,2019-11-24,20:00,3208781.0,A,Real Valladolid,366.0,7,1,8,13,3,0,0.5142,0.363545,0.363545,7.764705882352941,4,14.0,Sergio,4-4-2 double 6,42100000.0,28.1448571961919,179.63636363636363,29.0,1
135,D,2019-11-24,11:00,3208774.0,D,Espanyol,714.0,6,2,3,23,3,0,1.685,1.12432,1.12432,3.129032258064516,0,19.0,Pablo Machín,3-4-1-2,82000000.0,26.868023147283928,180.54545454545453,34.0,1
136,A,2019-11-24,13:00,3208778.0,A,Osasuna,331.0,12,7,6,15,4,0,1.3645,1.27092,1.27092,5.555555555555555,4,11.0,Jagoba Arrasate,4-4-2 double 6,42300000.0,28.12967456909962,178.45454545454547,56.0,1
137,A,2019-11-24,15:00,3208773.0,D,Eibar,1533.0,18,7,10,10,1,0,1.4687,1.61983,1.61983,4.333333333333333,5,16.0,José Luis Mendilibar,4-4-2 double 6,41100000.0,30.651235144048282,180.27272727272728,20.0,1
138,A,2019-11-24,17:30,3208780.0,D,Villarreal,1050.0,15,1,8,12,3,0,0.8503000000000001,1.20262,1.20262,6.371428571428571,7,12.0,Javier Calleja,4-1-4-1,150000000.0,27.249331093273597,181.0,334.0,1
139,D,2019-11-29,20:00,3208785.0,D,Celta Vigo,940.0,13,5,11,11,1,0,2.3681000000000005,1.43181,1.43181,10.210526315789474,9,18.0,Óscar García,4-3-3 Attacking,112500000.0,26.71569908530894,177.0,213.0,1
140,H,2019-11-30,20:00,3208791.0,D,Valencia,1049.0,13,7,6,8,1,0,1.1039,1.58912,1.58912,14.833333333333334,11,8.0,Albert Celades,4-4-2 double 6,350500000.0,27.026320701885382,181.9090909090909,220.0,1
141,A,2019-11-30,17:30,3208788.0,A,Mallorca,237.0,16,7,6,16,3,1,1.4403,2.37108,1.6278,10.25,10,17.0,Vicente Moreno,4-2-3-1,34300000.0,27.28417646692801,180.1818181818182,99.0,1
142,A,2019-11-30,12:00,3208782.0,D,Alaves,1108.0,8,2,9,18,4,0,0.5146999999999999,1.10771,0.36443,17.666666666666668,2,14.0,Asier Garitano,4-4-2,63000000.0,28.53636985875179,180.1818181818182,17.0,1
143,H,2019-11-30,15:00,3208789.0,D,Real Sociedad,681.0,15,4,6,8,1,0,2.0296,1.39065,1.39065,7.470588235294118,8,5.0,Imanol Alguacil,4-2-3-1,263500000.0,25.732561757202415,181.0909090909091,179.0,1
144,H,2019-12-01,11:00,3208790.0,D,Sevilla,368.0,16,8,7,16,3,0,2.3648,2.44081,2.44081,8.714285714285714,3,3.0,Julen Lopetegui,4-3-3 Attacking,170000000.0,28.22425486901873,180.54545454545453,293.0,1
145,H,2019-12-01,13:00,3208783.0,H,Athletic Club,621.0,14,6,4,18,5,0,2.6874,1.82466,1.08138,5.814814814814815,1,4.0,Gaizka Garitano,4-2-3-1,172500000.0,26.205712152324065,181.45454545454547,109.0,1
146,A,2019-12-01,15:00,3208786.0,H,Espanyol,714.0,12,5,2,12,1,0,0.4422,1.55803,0.814756,6.285714285714286,3,19.0,Pablo Machín,3-5-2 flat,80000000.0,27.08530894157178,181.0,21.0,1
147,H,2019-12-01,17:30,3208787.0,D,Getafe,3709.0,13,9,6,22,2,0,2.5875,2.05726,1.31411,6.666666666666667,5,7.0,Pepe Bordalás,4-4-2 double 6,85800000.0,29.29973243730944,183.0909090909091,101.0,1
148,A,2019-12-01,20:00,3208784.0,D,Atletico Madrid,13.0,17,2,9,12,4,0,1.2996,1.16353,1.16353,17.095238095238095,8,6.0,Diego Simeone,4-4-2 double 6,590000000.0,26.54495675440234,182.1818181818182,558.0,1
149,D,2019-12-06,20:00,3208800.0,D,Villarreal,1050.0,23,3,11,11,2,0,1.1504,1.41318,1.41318,8.09375,6,13.0,Javier Calleja,4-3-3 Attacking,144000000.0,27.05768153817435,182.54545454545453,227.0,1
150,H,2019-12-07,12:00,3208799.0,H,Real Madrid,418.0,18,8,5,15,4,1,2.8122000000000003,2.55366,2.55366,9.526315789473683,8,2.0,Zinédine Zidane,4-3-3 Attacking,558000000.0,26.331404393006036,183.0,600.0,1
151,H,2019-12-07,15:00,3208795.0,D,Granada,16795.0,13,3,6,16,1,0,2.8297,2.63161,1.88833,7.0,4,9.0,Diego Martínez,4-2-3-1,30200000.0,27.53008524671769,184.9090909090909,47.0,1
152,A,2019-12-07,17:30,3208797.0,H,Levante,3368.0,17,6,5,14,5,1,0.8097,2.12541,1.38213,17.22222222222222,4,12.0,Paco López,4-4-2 double 6,71300000.0,28.193391823781965,179.8181818181818,87.0,1
153,H,2019-12-07,20:00,3208792.0,H,Barcelona,131.0,25,17,8,15,3,0,2.8565,4.28236,4.28236,5.777777777777778,42,1.0,Ernesto Valverde,4-3-3 Attacking,700000000.0,28.707609980710597,182.8181818181818,877.0,1
154,A,2019-12-08,11:00,3208794.0,D,Eibar,1533.0,6,3,3,16,5,1,0.6201000000000001,0.267821,0.267821,3.5,4,16.0,José Luis Mendilibar,4-4-2 double 6,36400000.0,30.742330906601953,181.1818181818182,20.0,1
155,H,2019-12-08,13:00,3208793.0,H,Real Betis,150.0,10,6,3,12,2,0,2.1976,1.98458,1.98458,11.941176470588236,4,11.0,Rubi,4-1-4-1,118500000.0,27.657270860556284,181.63636363636363,251.0,1
156,D,2019-12-08,15:00,3208801.0,D,Real Valladolid,366.0,4,2,1,10,0,0,0.3756,0.509978,0.509978,13.08,1,14.0,Sergio,4-4-2 double 6,42100000.0,27.82826208698899,179.0,29.0,1
157,H,2019-12-08,17:30,3208796.0,H,Leganes,1244.0,15,8,3,14,3,0,1.8051,0.971054,0.971054,13.625,6,19.0,Javier Aguirre,3-4-1-2,59300000.0,26.630576815381744,180.0909090909091,214.0,1
158,D,2019-12-08,20:00,3208798.0,D,Osasuna,331.0,10,1,2,22,4,1,0.6923,0.661362,0.661362,8.470588235294118,2,10.0,Jagoba Arrasate,4-4-2 double 6,42200000.0,26.636550308008214,180.0909090909091,57.0,1
159,D,2019-12-13,20:00,3208802.0,A,Alaves,1108.0,10,3,2,14,2,0,1.9415,1.56275,1.56275,3.607142857142857,4,14.0,Asier Garitano,4-4-2 double 6,60800000.0,27.79217223570406,182.0909090909091,33.0,1
160,A,2019-12-14,12:00,3208808.0,D,Granada,16795.0,18,4,8,14,4,0,1.5739,1.21053,1.21053,7.0,4,9.0,Diego Martínez,4-4-2 double 6,30500000.0,26.938709476697156,184.54545454545453,47.0,1
161,D,2019-12-14,15:00,3208809.0,D,Real Sociedad,681.0,19,5,8,7,0,0,2.5177,2.87892,2.13564,13.571428571428571,9,6.0,Imanol Alguacil,4-1-4-1,241000000.0,24.76137141434883,181.63636363636363,234.0,1
162,D,2019-12-14,17:30,3208803.0,D,Athletic Club,621.0,8,3,6,7,3,0,1.3064,0.358952,0.358952,7.333333333333333,1,8.0,Gaizka Garitano,4-2-3-1,176000000.0,27.2326550930247,181.36363636363637,105.0,1
163,H,2019-12-14,20:00,3208804.0,D,Atletico Madrid,13.0,19,9,6,16,2,0,2.6826,2.5649,2.5649,7.419354838709677,11,5.0,Diego Simeone,4-4-2 double 6,613000000.0,25.615083068881837,181.1818181818182,556.0,1
164,A,2019-12-15,17:30,3208810.0,A,Sevilla,368.0,24,5,14,12,2,0,1.4414999999999998,1.73952,1.73952,5.52,12,3.0,Julen Lopetegui,4-3-3 Attacking,145500000.0,29.020969448074172,180.8181818181818,261.0,1
165,D,2019-12-15,15:00,3208806.0,H,Espanyol,714.0,16,4,7,26,4,0,2.3419000000000003,1.58859,1.58859,5.3023255813953485,3,20.0,Pablo Machín,3-5-2 flat,73500000.0,27.586086740090845,182.9090909090909,28.0,1
166,D,2019-12-15,20:00,3208811.0,D,Valencia,1049.0,9,6,1,11,1,0,1.6356,2.28638,2.28638,26.071428571428573,2,7.0,Albert Celades,4-4-2,304500000.0,28.086864538609916,180.45454545454547,147.0,1
167,H,2019-12-15,11:00,3208807.0,H,Getafe,3709.0,7,3,4,28,3,0,2.5168,1.88065,1.88065,5.973684210526316,9,4.0,Pepe Bordalás,4-4-2,129000000.0,27.78993217596914,181.63636363636363,221.0,1
168,D,2019-12-15,13:00,3208805.0,D,Celta Vigo,940.0,18,7,3,14,3,0,1.8823,2.18849,1.44521,4.681818181818182,4,18.0,Óscar García,4-2-3-1,109000000.0,26.077779851907163,179.0,262.0,1
169,D,2019-12-18,19:00,3208724.0,D,Barcelona,131.0,9,2,2,5,3,0,1.2364,0.72288,0.72288,16.176470588235293,11,2.0,Ernesto Valverde,4-3-3 Attacking,730000000.0,28.927384730259472,180.45454545454547,860.0,1
170,H,2019-12-20,20:00,3208814.0,H,Eibar,1533.0,21,7,5,17,3,0,1.9325,2.55405,2.55405,5.363636363636363,12,16.0,José Luis Mendilibar,4-4-2 double 6,45800000.0,28.524671769024952,181.27272727272728,56.0,1
171,A,2019-12-21,12:00,3208817.0,A,Mallorca,237.0,8,1,3,15,6,0,0.5305,0.788281,0.788281,7.219512195121951,5,17.0,Vicente Moreno,4-2-3-1,33100000.0,27.787941011760314,180.27272727272728,101.0,1
172,H,2019-12-21,15:00,3208812.0,H,Barcelona,131.0,8,4,3,10,2,0,2.3007,1.43229,0.689009,6.642857142857143,12,1.0,Ernesto Valverde,4-3-3 Attacking,624000000.0,29.578744322070808,180.72727272727272,950.0,1
173,H,2019-12-21,17:30,3208820.0,D,Villarreal,1050.0,11,4,2,8,2,0,2.7373,2.63083,2.63083,7.142857142857143,5,10.0,Javier Calleja,4-2-3-1,144000000.0,27.098749299981332,182.54545454545453,227.0,1
174,D,2019-12-21,20:00,3208821.0,D,Real Valladolid,366.0,14,6,5,10,0,0,1.0979,0.7245,0.7245,11.56,5,14.0,Sergio,4-4-2 double 6,40100000.0,26.719681413726587,180.0,65.0,1
175,D,2019-12-22,20:00,3208819.0,D,Real Madrid,418.0,20,8,6,8,1,0,2.8281,2.95373,2.95373,10.22222222222222,12,2.0,Zinédine Zidane,4-3-3 Attacking,468000000.0,26.529027440731753,181.36363636363637,657.0,1
176,H,2019-12-22,17:30,3208816.0,A,Levante,3368.0,13,7,8,8,3,0,2.2903,2.68998,2.68998,12.941176470588236,8,9.0,Paco López,4-4-2 double 6,71900000.0,28.468919171177898,180.45454545454547,87.0,1
177,A,2019-12-22,15:00,3208813.0,D,Real Betis,150.0,15,2,5,11,4,0,0.8853,0.922514,0.922514,7.2105263157894735,4,13.0,Rubi,4-1-4-1,167500000.0,28.81712401219588,181.63636363636363,359.0,1
178,A,2019-12-22,13:00,3208818.0,A,Osasuna,331.0,19,7,8,11,6,1,1.8971,3.10563,3.10563,11.2,13,12.0,Jagoba Arrasate,4-4-2 double 6,43800000.0,28.583411113185242,180.0909090909091,56.0,1
179,H,2019-12-22,11:00,3208815.0,H,Leganes,1244.0,11,5,1,11,1,0,1.5067,0.84514,0.84514,8.545454545454545,2,19.0,Javier Aguirre,5-3-2,62800000.0,27.351876050028,179.27272727272728,380.0,1
180,D,2020-01-03,18:00,3208831.0,A,Real Valladolid,366.0,14,5,4,16,3,0,0.9285,1.56625,1.56625,4.666666666666667,6,14.0,Sergio,4-4-2 double 6,48300000.0,27.851409370916556,181.8181818181818,58.0,1
181,D,2020-01-03,20:00,3208829.0,A,Sevilla,368.0,9,2,9,16,2,0,2.2107,1.07523,1.07523,9.157894736842104,5,4.0,Julen Lopetegui,4-3-3 Attacking,167500000.0,28.059983821790805,179.9090909090909,271.0,1
182,H,2020-01-04,12:00,3208830.0,H,Valencia,1049.0,9,1,6,13,1,0,1.5973,1.10197,1.10197,10.77777777777778,8,6.0,Albert Celades,4-4-2 double 6,362500000.0,26.450625350009332,182.1818181818182,165.0,1
183,A,2020-01-04,15:00,3208826.0,A,Getafe,3709.0,15,4,7,20,3,0,0.7852,1.26627,1.26627,8.225806451612904,3,7.0,Pepe Bordalás,4-4-2,133000000.0,28.420135648061727,181.36363636363637,255.0,1
184,H,2020-01-04,17:30,3208823.0,H,Atletico Madrid,13.0,17,8,5,9,1,0,2.0112,1.56308,1.56308,11.478260869565217,7,3.0,Diego Simeone,4-4-2 double 6,600000000.0,26.107149523987303,182.0,601.0,1
185,D,2020-01-04,20:00,3208825.0,H,Espanyol,714.0,8,3,4,17,2,0,0.3681999999999999,0.730874,0.730874,14.89655172413793,1,20.0,Abelardo,4-4-1-1,73000000.0,28.3922593491382,182.63636363636363,27.0,1
186,H,2020-01-05,11:00,3208827.0,H,Granada,16795.0,7,4,3,23,5,0,1.95,1.38848,1.38848,6.705882352941177,7,10.0,Diego Martínez,4-2-3-1,25500000.0,27.802376952274287,182.54545454545453,57.0,1
187,A,2020-01-05,13:00,3208828.0,H,Real Sociedad,681.0,10,2,7,16,5,0,1.0517,1.01062,1.01062,8.434782608695652,9,5.0,Imanol Alguacil,4-3-3 Attacking,261000000.0,25.533196440793976,181.0909090909091,178.0,1
188,D,2020-01-05,15:00,3208822.0,H,Alaves,1108.0,6,1,3,18,7,0,0.1770999999999999,0.304027,0.304027,8.432432432432432,1,15.0,Asier Garitano,4-4-2 double 6,58300000.0,28.997075477568288,180.9090909090909,20.0,1
189,D,2020-01-05,20:00,3208824.0,D,Celta Vigo,940.0,20,7,6,14,4,0,2.2233,1.91143,1.91143,6.590909090909091,6,17.0,Óscar García,4-4-2 double 6,99500000.0,25.528218530271918,178.0909090909091,120.0,1
190,A,2020-01-17,20:00,3208836.0,A,Leganes,1244.0,8,2,4,22,6,0,0.1817,0.280841,0.280841,3.5454545454545454,3,19.0,Javier Aguirre,5-3-2,57800000.0,27.72422375707797,178.63636363636363,151.0,1
191,D,2020-01-18,17:30,3208839.0,D,Osasuna,331.0,21,5,9,16,2,0,2.1282,1.59896,1.59896,7.95,10,13.0,Jagoba Arrasate,4-4-2 double 6,38100000.0,28.8442536245411,180.45454545454547,6.0,1
192,H,2020-01-18,20:00,3208835.0,H,Eibar,1533.0,9,4,6,16,1,0,1.334,1.03493,1.03493,12.130434782608695,0,16.0,José Luis Mendilibar,4-2-3-1,37700000.0,29.058552672515713,180.0909090909091,55.0,1
193,A,2020-01-18,12:00,3208837.0,D,Levante,3368.0,20,3,7,12,2,0,0.9584,1.16982,1.16982,6.5,7,12.0,Paco López,4-4-2 double 6,61900000.0,28.32107522867277,181.54545454545453,37.0,1
194,H,2020-01-18,15:00,3208840.0,D,Real Madrid,418.0,13,4,2,17,3,0,2.2525,1.37156,1.37156,9.114285714285714,7,2.0,Zinédine Zidane,4-3-3 Attacking,505000000.0,27.096509240246405,181.1818181818182,668.0,1
195,H,2020-01-19,11:00,3208838.0,H,Mallorca,237.0,13,6,1,18,4,0,2.6071,2.18221,2.18221,13.347826086956522,5,17.0,Vicente Moreno,4-4-2 double 6,27300000.0,28.0769087175658,181.1818181818182,58.0,1
196,H,2020-01-19,13:00,3208834.0,H,Real Betis,150.0,14,6,6,8,3,0,2.7288,2.26225,2.26225,11.22222222222222,9,11.0,Rubi,4-1-4-1,143500000.0,27.912886565863975,182.54545454545453,343.0,1
197,A,2020-01-19,15:00,3208841.0,A,Villarreal,1050.0,21,5,4,15,1,0,1.5042,2.23006,1.48678,4.392857142857143,8,9.0,Javier Calleja,4-5-1 flat,127500000.0,28.92713583473337,181.36363636363637,343.0,1
198,D,2020-01-19,17:30,3208832.0,D,Athletic Club,621.0,22,6,13,18,4,0,2.8415,3.43632,2.69317,5.655172413793103,10,8.0,Gaizka Garitano,4-2-3-1,181000000.0,28.52716072428598,179.45454545454547,50.0,1
199,H,2020-01-19,20:00,3208833.0,D,Barcelona,131.0,18,6,7,11,0,0,2.4142,1.43259,1.43259,3.5,16,1.0,Quique Setién,4-3-3 Attacking,629000000.0,29.117789807728204,180.72727272727272,920.0,1
200,H,2020-01-24,20:00,3208847.0,D,Osasuna,331.0,15,3,5,18,3,0,2.4393,1.94107,1.1978,4.108108108108108,2,10.0,Jagoba Arrasate,4-4-2 double 6,45300000.0,26.862796341235764,180.54545454545453,59.0,1
201,H,2020-01-25,20:00,3208849.0,H,Sevilla,368.0,12,4,3,13,4,0,1.6303,0.807577,0.807577,8.590909090909092,7,3.0,Julen Lopetegui,4-3-3 Attacking,149000000.0,29.060543836724534,181.1818181818182,197.0,1
202,A,2020-01-25,17:30,3208842.0,A,Alaves,1108.0,12,6,7,10,2,0,1.2372,0.975012,0.975012,9.782608695652174,8,14.0,Asier Garitano,4-4-2 double 6,74300000.0,28.130421255677927,182.1818181818182,20.0,1
203,H,2020-01-25,15:00,3208850.0,D,Valencia,1049.0,8,6,2,13,1,0,1.6371,1.43787,0.694587,37.09090909090909,4,7.0,Albert Celades,4-4-2 double 6,291500000.0,27.433762678115862,181.45454545454547,164.0,1
204,D,2020-01-25,12:00,3208845.0,A,Espanyol,714.0,9,3,2,14,3,0,1.1821,0.552668,0.552668,10.38888888888889,7,20.0,Abelardo,4-4-2 double 6,100500000.0,28.54234335137826,183.0909090909091,18.0,1
205,D,2020-01-26,11:00,3208843.0,D,Atletico Madrid,13.0,14,3,7,10,2,0,1.9136,0.990297,0.990297,7.56,4,4.0,Diego Simeone,4-4-2 double 6,542000000.0,25.980212805674817,183.0,444.0,1
206,D,2020-01-26,13:00,3208844.0,D,Celta Vigo,940.0,18,5,6,9,1,0,2.143,1.03102,1.03102,6.823529411764706,7,18.0,Óscar García,4-1-4-1,104500000.0,26.21417460021156,178.54545454545453,169.0,1
207,H,2020-01-26,15:00,3208846.0,D,Getafe,3709.0,7,3,8,19,2,0,1.4684,1.45193,0.708651,10.409090909090908,4,5.0,Pepe Bordalás,4-4-2,120800000.0,28.42486466305768,183.0909090909091,239.0,1
208,H,2020-01-26,17:30,3208848.0,D,Real Sociedad,681.0,14,5,7,15,0,0,2.5945,2.6866,2.6866,4.90625,9,6.0,Imanol Alguacil,4-1-4-1,254500000.0,23.895712774562877,181.9090909090909,261.0,1
209,A,2020-01-26,20:00,3208851.0,D,Real Valladolid,366.0,4,0,3,7,1,0,0.8445,0.190691,0.190691,18.11111111111111,4,16.0,Sergio,4-3-1-2,46500000.0,27.657021965030182,182.36363636363637,58.0,1
210,H,2020-02-01,20:00,3209800.0,D,Valencia,1049.0,9,5,4,14,6,0,1.1399,1.103,1.103,11.904761904761903,3,5.0,Albert Celades,4-4-2,318500000.0,27.45267873809968,181.0,196.0,1
211,H,2020-02-01,15:00,3209798.0,D,Real Madrid,418.0,16,5,5,18,2,0,1.9405,1.08227,1.08227,6.1875,5,1.0,Zinédine Zidane,4-3-2-1,553000000.0,28.626470039201045,182.8181818181818,751.0,1
212,H,2020-02-01,12:00,3209795.0,D,Granada,16795.0,8,2,3,15,3,0,0.2645,0.875651,0.875651,5.548387096774194,4,10.0,Diego Martínez,4-4-2 double 6,38800000.0,27.778731877294504,183.36363636363637,99.0,1
213,A,2020-02-01,17:30,3209797.0,D,Mallorca,237.0,16,4,8,11,4,0,0.8077,0.550096,0.550096,9.05,2,18.0,Vicente Moreno,4-4-2 double 6,32500000.0,27.58882459087798,181.1818181818182,60.0,1
214,H,2020-02-02,11:00,3209796.0,A,Leganes,1244.0,12,5,3,24,4,0,2.5458000000000003,1.42,1.42,7.277777777777778,8,17.0,Javier Aguirre,5-4-1,46500000.0,27.343662497666603,178.8181818181818,279.0,1
215,D,2020-02-02,13:00,3209794.0,D,Eibar,1533.0,8,3,2,15,2,0,2.3868,2.28348,1.5402,8.666666666666666,5,16.0,José Luis Mendilibar,4-2-3-1,38200000.0,29.631261278078526,179.8181818181818,55.0,1
216,A,2020-02-02,15:00,3209792.0,A,Athletic Club,621.0,8,2,5,11,2,0,0.3483,0.734487,0.734487,5.818181818181818,6,9.0,Gaizka Garitano,4-2-3-1,192000000.0,26.883952460954514,180.54545454545453,108.0,1
217,D,2020-02-02,17:30,3209799.0,D,Sevilla,368.0,14,3,6,13,2,0,1.9048,1.64919,0.90604,3.357142857142857,8,3.0,Julen Lopetegui,4-3-3 Attacking,168000000.0,28.65857756206832,180.45454545454547,281.0,1
218,H,2020-02-02,17:30,3209801.0,H,Villarreal,1050.0,9,4,4,19,3,0,2.2292,1.9166,1.17333,7.555555555555555,4,7.0,Javier Calleja,4-1-4-1,125000000.0,29.72733495115425,180.27272727272728,186.0,1
219,H,2020-02-02,20:00,3209793.0,H,Barcelona,131.0,23,9,8,6,2,0,2.595,3.38735,3.38735,10.409090909090908,20,2.0,Quique Setién,4-3-3 Attacking,715000000.0,27.94374961110074,181.0909090909091,859.0,1
220,H,2020-02-07,20:00,3209802.0,D,Alaves,1108.0,9,5,3,16,3,0,2.5245,1.44414,1.44414,12.526315789473683,5,14.0,Asier Garitano,4-2-3-1,69800000.0,28.43830502146724,183.0909090909091,35.0,1
221,H,2020-02-08,12:00,3209808.0,H,Levante,3368.0,9,5,2,18,2,0,1.1118,0.933595,0.933595,9.565217391304348,4,11.0,Paco López,4-4-2 double 6,73400000.0,27.91238877481177,180.45454545454547,116.0,1
222,H,2020-02-08,15:00,3209807.0,D,Getafe,3709.0,22,10,10,12,4,0,2.9334,3.27894,3.27894,7.310344827586207,16,3.0,Pepe Bordalás,4-4-2,141800000.0,28.460456723290402,183.0909090909091,239.0,1
223,D,2020-02-08,17:30,3209811.0,H,Real Valladolid,366.0,8,1,2,14,3,0,0.6444,0.646254,0.646254,10.8,2,15.0,Sergio,4-4-2 double 6,51300000.0,28.166013315910643,180.45454545454547,63.0,1
224,H,2020-02-08,20:00,3209803.0,H,Atletico Madrid,13.0,6,3,2,16,4,0,1.342,0.92576,0.92576,6.366666666666666,6,4.0,Diego Simeone,4-4-2 double 6,485000000.0,26.445149648435066,181.54545454545453,380.0,1
225,H,2020-02-09,17:30,3209805.0,A,Celta Vigo,940.0,13,7,3,16,3,0,1.5457,1.38338,1.38338,9.303030303030305,9,17.0,Óscar García,4-3-3 Attacking,116500000.0,26.766224877107835,180.0,195.0,1
226,A,2020-02-09,15:00,3209809.0,A,Osasuna,331.0,14,4,4,11,2,0,0.2557999999999999,0.68297,0.68297,8.81081081081081,5,12.0,Jagoba Arrasate,4-4-2 double 6,36600000.0,26.535747619936533,180.0,59.0,1
227,A,2020-02-09,20:00,3209804.0,D,Real Betis,150.0,7,3,0,21,5,1,0.7039,1.05905,0.315769,10.311111111111112,4,13.0,Rubi,4-2-3-1,209500000.0,26.647999502208947,183.1818181818182,296.0,1
228,H,2020-02-09,11:00,3209806.0,D,Espanyol,714.0,12,7,1,26,6,0,2.2823,1.81523,1.81523,6.340909090909091,6,20.0,Abelardo,4-4-2 double 6,98000000.0,29.212867898699518,184.1818181818182,18.0,1
229,H,2020-02-09,13:00,3209810.0,D,Real Sociedad,681.0,14,4,4,7,2,0,2.5717,2.27376,2.27376,3.911764705882353,13,6.0,Imanol Alguacil,4-2-3-1,230500000.0,24.641901561819427,179.8181818181818,128.0,1
230,D,2020-02-14,20:00,3209966.0,A,Valencia,1049.0,9,3,11,12,3,0,1.7919,1.56219,1.56219,6.52,12,7.0,Albert Celades,4-4-2 double 6,275500000.0,26.41279323004169,182.45454545454547,202.0,1
231,H,2020-02-15,12:00,3209963.0,D,Mallorca,237.0,14,6,8,16,0,0,2.4381,2.04009,1.29681,9.25,4,18.0,Vicente Moreno,4-2-3-1,31400000.0,26.99943998506627,180.27272727272728,59.0,1
232,H,2020-02-15,15:00,3209959.0,H,Barcelona,131.0,12,5,2,12,3,0,1.8815,1.87978,1.87978,5.357142857142857,5,2.0,Quique Setién,4-3-3 Attacking,604000000.0,27.51913384356916,179.72727272727272,753.0,1
233,H,2020-02-15,17:30,3209967.0,H,Villarreal,1050.0,14,6,5,15,3,0,0.9526,0.835883,0.835883,7.518518518518518,6,8.0,Javier Calleja,4-2-3-1,110000000.0,29.762927011386974,180.27272727272728,186.0,1
234,H,2020-02-15,20:00,3209961.0,D,Granada,16795.0,11,5,10,19,3,0,2.4837,2.13521,2.13521,5.516129032258065,2,9.0,Diego Martínez,5-4-1,32400000.0,26.73088171240122,184.63636363636363,56.0,1
235,D,2020-02-16,20:00,3209964.0,A,Real Madrid,418.0,15,4,9,10,2,0,1.9857,1.90404,1.16076,5.9375,22,1.0,Zinédine Zidane,4-3-3 Attacking,546500000.0,29.077468732499536,183.45454545454547,506.0,1
236,A,2020-02-16,17:30,3209958.0,A,Athletic Club,621.0,12,2,4,14,4,0,1.1798000000000002,0.763109,0.763109,5.909090909090909,8,10.0,Gaizka Garitano,3-5-2,164200000.0,25.940389521498354,183.1818181818182,113.0,1
237,D,2020-02-16,13:00,3209962.0,D,Leganes,1244.0,11,1,4,15,5,0,1.3479,0.563219,0.563219,12.766666666666667,2,19.0,Javier Aguirre,5-4-1,45350000.0,27.18785389832618,180.0909090909091,138.0,1
238,D,2020-02-16,11:00,3209965.0,D,Sevilla,368.0,18,6,9,17,3,0,2.1931,1.65914,1.65914,3.129032258064516,12,4.0,Julen Lopetegui,4-3-3 Attacking,192200000.0,28.439549499097755,181.27272727272728,296.0,1
239,D,2020-02-21,20:00,3209971.0,D,Real Betis,150.0,19,6,7,13,2,0,2.7223,3.09931,1.61288,7.05,13,13.0,Rubi,4-2-3-1,153800000.0,28.776056250388898,181.45454545454547,439.0,1
240,H,2020-02-22,12:00,3209972.0,D,Celta Vigo,940.0,3,1,2,13,3,1,0.8853000000000001,0.128175,0.128175,10.333333333333334,1,17.0,Óscar García,4-4-2 double 6,83400000.0,27.717005786820984,181.1818181818182,191.0,1
241,H,2020-02-22,15:00,3209970.0,H,Barcelona,131.0,13,11,5,8,0,0,2.9739,4.66065,4.66065,7.047619047619048,13,1.0,Quique Setién,4-3-1-2,515000000.0,28.79571899695103,181.72727272727272,876.0,1
242,H,2020-02-22,17:30,3209976.0,H,Real Sociedad,681.0,19,7,6,19,1,0,2.7836,2.3988,2.3988,7.102564102564102,5,4.0,Imanol Alguacil,4-3-3 Attacking,237700000.0,24.71009893597163,183.45454545454547,265.0,1
243,H,2020-02-22,20:00,3209974.0,D,Levante,3368.0,8,2,3,16,1,0,0.4952,0.70752,0.70752,10.892857142857142,6,10.0,Paco López,4-4-2 double 6,60425000.0,28.64040818866281,180.45454545454547,116.0,1
244,A,2020-02-23,17:30,3209973.0,A,Getafe,3709.0,10,2,5,14,7,0,0.0685,0.460518,0.460518,6.074074074074074,4,6.0,Pepe Bordalás,4-4-2 double 6,112200000.0,27.866591998008836,183.36363636363637,271.0,1
245,H,2020-02-23,20:00,3209969.0,D,Atletico Madrid,13.0,16,9,6,14,1,0,2.63,2.17916,2.17916,11.763157894736842,10,5.0,Diego Simeone,4-4-2 double 6,444000000.0,27.24609545143426,182.54545454545453,439.0,1
246,H,2020-02-23,13:00,3209968.0,D,Alaves,1108.0,4,4,2,17,4,0,2.4377000000000004,1.84055,1.09727,10.238095238095235,3,14.0,Asier Garitano,4-4-2 double 6,66100000.0,28.54881463505694,182.1818181818182,20.0,1
247,A,2020-02-23,11:00,3209975.0,A,Osasuna,331.0,14,1,6,19,3,0,0.6388,0.783825,0.783825,3.269230769230769,7,12.0,Jagoba Arrasate,4-1-4-1,29225000.0,28.33600896023894,181.0,58.0,1
248,H,2020-02-23,15:00,3209977.0,D,Real Valladolid,366.0,21,6,4,10,1,0,1.1861,1.14839,1.14839,13.5,3,15.0,Sergio,4-4-2 double 6,47250000.0,28.580922157924213,181.45454545454547,56.0,1
249,H,2020-02-28,20:00,3209985.0,D,Real Sociedad,681.0,13,4,8,15,1,0,2.5536,2.56307,2.56307,6.962962962962963,10,4.0,Imanol Alguacil,4-3-3 Attacking,237700000.0,24.72652604069442,183.45454545454547,265.0,1
250,H,2020-02-29,12:00,3209979.0,H,Eibar,1533.0,13,9,3,15,3,0,2.7995000000000005,3.07099,2.32772,6.705882352941177,10,16.0,José Luis Mendilibar,4-4-2 double 6,23200000.0,31.495488768589382,180.0,2.0,1
251,H,2020-02-29,15:00,3209987.0,D,Valencia,1049.0,10,5,6,13,2,0,1.5861,1.05167,1.05167,13.666666666666666,5,7.0,Albert Celades,4-4-2 double 6,284000000.0,26.93124261091407,182.45454545454547,244.0,1
252,D,2020-02-29,17:30,3209982.0,D,Leganes,1244.0,19,6,6,18,3,0,1.3198,0.982157,0.982157,3.592592592592593,2,19.0,Javier Aguirre,3-4-1-2,44850000.0,28.3327733183996,181.36363636363637,142.0,1
253,D,2020-02-29,20:00,3209981.0,D,Granada,16795.0,14,0,6,14,3,0,1.9555,0.918043,0.918043,13.4,2,9.0,Diego Martínez,3-4-3,34225000.0,26.303528094082505,184.0909090909091,77.0,1
254,H,2020-03-01,11:00,3209986.0,H,Sevilla,368.0,12,5,7,9,2,0,1.2242000000000002,1.64954,1.64954,5.823529411764706,8,3.0,Julen Lopetegui,4-3-3 Attacking,136500000.0,27.672204592122455,181.0,327.0,1
255,H,2020-03-01,13:00,3209978.0,D,Athletic Club,621.0,18,6,5,11,6,0,2.6219,2.72308,1.16845,5.7317073170731705,3,10.0,Gaizka Garitano,4-2-3-1,125100000.0,27.773007280194136,180.9090909090909,80.0,1
256,D,2020-03-01,15:00,3209980.0,H,Espanyol,714.0,9,3,3,20,3,0,1.8307,1.29128,1.29128,9.538461538461538,3,20.0,Abelardo,4-1-4-1,68000000.0,30.329662124323317,182.8181818181818,8.0,1
257,A,2020-03-01,17:30,3209983.0,D,Mallorca,237.0,4,1,4,13,4,1,0.4372999999999999,0.0726554,0.0726554,6.380952380952381,1,18.0,Vicente Moreno,4-4-2 double 6,37800000.0,26.605936158297553,179.45454545454547,71.0,1
258,H,2020-03-01,20:00,3209984.0,D,Real Madrid,418.0,13,5,8,13,2,0,1.0181,1.0617,1.0617,14.074074074074074,14,1.0,Zinédine Zidane,4-2-3-1,499500000.0,27.999751104473898,182.63636363636363,592.0,1
259,D,2020-03-06,20:00,3209997.0,A,Alaves,1108.0,13,2,3,9,5,0,1.3127,0.938792,0.938792,13.296296296296296,6,14.0,Asier Garitano,4-4-2 double 6,63300000.0,28.57221081451061,182.9090909090909,20.0,1
260,D,2020-03-07,20:00,3210002.0,D,Getafe,3709.0,19,6,9,18,6,1,2.2872,1.15002,1.15002,5.138888888888889,4,4.0,Pepe Bordalás,4-4-2,138500000.0,28.716819115176406,182.0909090909091,249.0,1
261,H,2020-03-07,17:30,3209999.0,D,Barcelona,131.0,13,6,4,12,4,0,2.5631,2.2099,1.46662,9.20689655172414,11,1.0,Quique Setién,4-3-3 Attacking,552000000.0,29.073735299607993,181.0,918.0,1
262,A,2020-03-07,12:00,3210001.0,A,Eibar,1533.0,13,2,4,16,5,0,1.3606,0.9664,0.9664,3.9375,8,16.0,José Luis Mendilibar,4-4-2 double 6,31500000.0,31.205027689627276,180.45454545454547,21.0,1
263,D,2020-03-07,15:00,3209998.0,D,Atletico Madrid,13.0,21,3,8,14,2,0,1.6751,2.04826,1.30498,8.96774193548387,4,6.0,Diego Simeone,4-4-2 double 6,496500000.0,26.596478128305645,182.45454545454547,498.0,1
264,H,2020-03-08,11:00,3210004.0,D,Osasuna,331.0,17,6,6,17,3,0,2.8239,2.2865,1.54322,5.333333333333333,6,11.0,Jagoba Arrasate,4-2-3-1,32100000.0,29.44210067824031,180.8181818181818,57.0,1
265,A,2020-03-08,13:00,3210006.0,A,Real Valladolid,366.0,19,2,8,9,1,0,1.6906,2.03703,2.03703,8.35,3,15.0,Sergio,3-4-3,55200000.0,26.8998817746251,181.0,81.0,1
266,D,2020-03-08,15:00,3210003.0,H,Levante,3368.0,11,3,6,21,3,0,1.1864,1.06858,1.06858,9.055555555555555,10,13.0,Paco López,4-4-2 double 6,64900000.0,28.35417833364445,180.63636363636363,87.0,1
267,A,2020-03-08,17:30,3210005.0,H,Villarreal,1050.0,15,5,2,10,4,0,1.8299,2.38355,2.38355,9.555555555555555,9,8.0,Javier Calleja,4-3-3 Attacking,125200000.0,29.142928255864604,179.9090909090909,188.0,1
268,H,2020-03-08,20:00,3210000.0,D,Real Betis,150.0,14,3,6,8,1,0,1.2928,1.33577,1.33577,19.352941176470587,5,12.0,Rubi,4-1-4-1,130600000.0,28.563499471097007,181.54545454545453,243.0,1
269,A,2020-03-10,19:00,3209960.0,A,Eibar,1533.0,13,4,3,12,3,0,1.8946,1.84648,0.359928,10.0,3,16.0,José Luis Mendilibar,4-2-3-1,32575000.0,29.41920228983884,179.63636363636363,55.0,1
270,H,2020-06-11,21:00,3210024.0,D,Sevilla,368.0,13,5,11,13,0,0,2.6253,2.11983,1.37668,12.28,8,3.0,Julen Lopetegui,4-3-3 Attacking,227200000.0,27.541036649866218,180.72727272727272,251.0,1
271,D,2020-06-12,21:00,3210025.0,D,Valencia,1049.0,12,3,0,11,1,0,0.9261,1.00063,1.00063,11.904761904761903,11,7.0,Albert Celades,4-4-2 double 6,256500000.0,26.327919855640594,180.72727272727272,216.0,1
272,H,2020-06-12,18:30,3210019.0,A,Granada,16795.0,10,4,2,17,6,0,2.5455999999999994,2.17942,2.17942,3.869565217391304,1,9.0,Diego Martínez,4-4-2 double 6,53900000.0,28.041565552859186,183.36363636363637,101.0,1
273,A,2020-06-13,18:30,3210020.0,A,Leganes,1244.0,11,2,2,21,2,0,1.2208,1.13073,0.387455,2.727272727272727,4,19.0,Javier Aguirre,4-4-1-1,50250000.0,27.95669217845809,179.36363636363637,214.0,1
274,A,2020-06-13,21:00,3210021.0,A,Mallorca,237.0,13,3,9,16,1,0,0.2296,0.648782,0.648782,21.047619047619047,2,18.0,Vicente Moreno,4-4-2 double 6,64900000.0,27.590317964034593,180.45454545454547,109.0,1
275,H,2020-06-13,13:00,3210018.0,H,Espanyol,714.0,19,9,2,16,4,0,2.809,2.01521,2.01521,4.64,3,20.0,Abelardo,4-4-2 double 6,67600000.0,28.771327235392945,181.8181818181818,10.0,1
276,A,2020-06-13,16:00,3210017.0,D,Celta Vigo,940.0,4,0,2,5,1,0,0.2141,0.129638,0.129638,15.3,3,17.0,Óscar García,4-3-3 Attacking,86550000.0,27.100491568664054,179.8181818181818,98.0,1
277,H,2020-06-14,18:30,3210022.0,H,Real Madrid,418.0,6,5,3,11,1,0,2.2918,1.27218,1.27218,10.8,5,2.0,Zinédine Zidane,4-3-3 Attacking,475500000.0,29.528716321324122,181.45454545454547,666.0,1
278,D,2020-06-14,21:00,3210023.0,A,Real Sociedad,681.0,9,4,1,5,1,0,1.0565,0.89714,0.89714,11.23076923076923,5,4.0,Imanol Alguacil,4-2-3-1,251200000.0,25.977474954887683,181.1818181818182,196.0,1
279,D,2020-06-14,13:00,3210016.0,D,Athletic Club,621.0,10,3,5,10,3,0,0.567,0.362873,0.362873,19.83333333333333,2,10.0,Gaizka Garitano,4-2-3-1,171900000.0,27.410366498662185,179.72727272727272,107.0,1
280,D,2020-06-15,21:00,3210037.0,A,Real Betis,150.0,18,6,11,13,2,0,1.7096,1.49004,0.746888,3.5,6,14.0,Rubi,4-3-3 Attacking,130100000.0,28.47663493248709,182.8181818181818,346.0,1
281,D,2020-06-15,18:30,3210040.0,D,Levante,3368.0,11,5,5,12,1,0,1.0691,0.807331,0.807331,13.0,5,13.0,Paco López,4-4-2 double 6,63225000.0,28.76261589197934,181.54545454545453,35.0,1
282,D,2020-06-16,18:30,3210039.0,D,Getafe,3709.0,21,4,5,15,3,0,2.2688,2.00352,2.00352,5.2,10,5.0,Pepe Bordalás,4-4-2,95300000.0,28.1192209570033,184.0,149.0,1
283,H,2020-06-16,18:30,3210043.0,H,Villarreal,1050.0,10,4,2,16,3,0,1.3422,1.62532,1.62532,9.28,5,7.0,Javier Calleja,4-3-3 Attacking,146600000.0,28.824093086926766,180.0,343.0,1
284,H,2020-06-16,21:00,3210036.0,H,Barcelona,131.0,10,5,3,16,5,0,1.976,1.53086,0.787579,5.111111111111111,4,1.0,Quique Setién,4-3-3 Attacking,562000000.0,27.86783647563935,181.63636363636363,702.0,1
285,D,2020-06-17,18:30,3210038.0,D,Eibar,1533.0,12,6,8,10,3,0,1.4412,1.83348,1.0902,7.92,4,16.0,José Luis Mendilibar,4-4-2 double 6,34575000.0,29.851782714205715,181.45454545454547,20.0,1
286,D,2020-06-17,18:30,3210044.0,D,Real Valladolid,366.0,6,1,5,18,3,0,0.6271,0.436127,0.436127,9.857142857142858,1,15.0,Sergio,4-4-2 double 6,52650000.0,28.202352062721673,181.54545454545453,58.0,1
287,A,2020-06-17,21:00,3210041.0,A,Osasuna,331.0,13,3,3,12,3,0,0.3306,0.860898,0.860898,10.363636363636363,4,11.0,Jagoba Arrasate,4-1-4-1,24525000.0,28.870387654781904,181.45454545454547,9.0,1
288,H,2020-06-18,18:30,3210035.0,D,Alaves,1108.0,15,7,5,21,3,1,2.4368,1.52088,1.52088,7.45945945945946,4,12.0,Asier Garitano,4-4-2 double 6,47900000.0,28.499284425362454,182.0909090909091,19.0,1
289,H,2020-06-18,21:00,3210042.0,D,Real Madrid,418.0,19,14,8,12,0,0,2.7192,2.02374,2.02374,9.551724137931034,12,2.0,Zinédine Zidane,4-1-4-1,508500000.0,29.12127434509365,182.72727272727272,712.0,1
290,A,2020-06-19,18:30,3210059.0,A,Granada,16795.0,14,4,5,17,0,0,1.3594,0.883633,0.883633,10.26923076923077,9,10.0,Diego Martínez,4-2-3-1,52300000.0,27.262522556157055,183.63636363636363,47.0,1
291,D,2020-06-19,18:30,3210060.0,H,Mallorca,237.0,7,3,3,15,3,0,0.7666,0.478364,0.478364,13.22222222222222,3,18.0,Vicente Moreno,4-2-3-1,64400000.0,27.29960798954639,179.63636363636363,109.0,1
292,D,2020-06-19,21:00,3210062.0,D,Sevilla,368.0,8,4,2,17,3,0,1.4342,0.824926,0.824926,24.642857142857142,0,4.0,Julen Lopetegui,4-3-3 Attacking,227200000.0,27.562939456163278,180.72727272727272,251.0,1
293,A,2020-06-20,13:00,3210057.0,D,Espanyol,714.0,10,3,8,11,2,0,0.1833,0.491778,0.491778,9.22222222222222,3,20.0,Abelardo,4-4-2 double 6,65200000.0,29.67257793541161,180.8181818181818,10.0,1
294,H,2020-06-20,16:00,3210054.0,H,Athletic Club,621.0,12,3,11,16,4,0,1.437,2.24762,2.24762,10.423076923076923,6,9.0,Gaizka Garitano,4-2-3-1,163900000.0,27.24335760064713,180.0909090909091,108.0,1
295,D,2020-06-20,18:30,3210058.0,D,Getafe,3709.0,9,2,2,18,3,0,1.3092,0.820376,0.820376,3.85,5,5.0,Pepe Bordalás,4-4-2 double 6,102300000.0,28.16700889801506,179.8181818181818,206.0,1
296,H,2020-06-20,21:00,3210055.0,D,Atletico Madrid,13.0,15,4,10,14,4,0,1.7786,0.768121,0.768121,6.32258064516129,5,3.0,Diego Simeone,4-4-2 double 6,429000000.0,25.718125816688442,181.27272727272728,600.0,1
297,H,2020-06-21,18:30,3210063.0,H,Valencia,1049.0,7,3,1,7,1,0,1.6042999999999998,1.8991,1.8991,11.470588235294118,2,8.0,Albert Celades,4-4-2,224700000.0,27.396677244726526,181.0,190.0,1
298,A,2020-06-21,21:00,3210061.0,D,Real Sociedad,681.0,10,2,4,16,4,0,0.558,0.482127,0.482127,11.20689655172414,1,7.0,Imanol Alguacil,4-2-3-1,251300000.0,24.966959118909838,182.27272727272728,261.0,1
299,H,2020-06-21,13:00,3210056.0,H,Celta Vigo,940.0,15,10,7,14,1,0,2.9272,2.82117,1.33461,3.888888888888889,7,16.0,Óscar García,4-3-3 Attacking,91500000.0,27.244104287225436,179.45454545454547,189.0,1
300,D,2020-06-22,18:30,3210081.0,H,Villarreal,1050.0,7,5,3,16,3,0,1.2049,1.08857,1.08857,14.304347826086955,7,6.0,Javier Calleja,4-4-2 double 6,168200000.0,28.674257980212804,181.0,309.0,1
301,D,2020-06-22,21:00,3210077.0,D,Leganes,1244.0,9,3,4,12,4,0,2.4615,1.11797,0.374821,5.068965517241379,3,19.0,Javier Aguirre,3-5-2,29350000.0,28.868396490573083,179.8181818181818,80.0,1
302,A,2020-06-23,18:30,3210078.0,A,Levante,3368.0,12,0,10,12,4,0,1.0795,0.748438,0.748438,7.068965517241379,8,12.0,Paco López,4-4-2 double 6,57125000.0,29.112811897206146,180.54545454545453,86.0,1
303,D,2020-06-23,18:30,3210082.0,D,Real Valladolid,366.0,6,2,7,12,5,0,1.8251,1.08861,0.345592,11.416666666666666,2,15.0,Sergio,4-4-2,54250000.0,27.434260469168066,181.0,58.0,1
304,H,2020-06-23,21:00,3210074.0,D,Barcelona,131.0,18,4,6,10,2,0,2.3303000000000003,1.8377,1.8377,5.608695652173913,13,2.0,Quique Setién,4-3-3 Attacking,551000000.0,29.90678862547446,180.27272727272728,991.0,1
305,H,2020-06-24,21:00,3210079.0,H,Real Madrid,418.0,14,6,5,18,4,0,2.0335,1.3538,1.3538,7.8076923076923075,8,1.0,Zinédine Zidane,4-2-3-1,469500000.0,28.418393379379005,182.1818181818182,675.0,1
306,A,2020-06-24,18:30,3210073.0,D,Alaves,1108.0,5,0,7,12,2,0,0.6124,0.389684,0.389684,8.6875,3,14.0,Asier Garitano,4-4-2 double 6,58400000.0,27.93678053636986,181.9090909090909,25.0,1
307,A,2020-06-24,18:30,3210080.0,A,Real Sociedad,681.0,13,6,7,18,4,0,0.9755,0.628775,0.628775,6.25,6,7.0,Imanol Alguacil,4-2-3-1,236700000.0,25.8851347147035,182.8181818181818,213.0,1
308,H,2020-06-25,18:30,3210076.0,H,Eibar,1533.0,14,5,10,12,4,0,1.4373,0.555369,0.555369,10.333333333333334,4,17.0,José Luis Mendilibar,4-4-2,33375000.0,30.137016987119658,181.36363636363637,20.0,1
309,H,2020-06-25,21:00,3210075.0,D,Real Betis,150.0,13,6,6,18,4,0,1.232,1.07378,1.07378,4.730769230769231,5,13.0,Alexis Trujillo,3-4-2-1,145700000.0,27.998008835791175,182.63636363636363,396.0,1
310,D,2020-06-26,21:00,3210091.0,A,Sevilla,368.0,15,3,5,16,3,0,2.2542,1.59745,0.854169,5.238095238095238,7,4.0,Julen Lopetegui,4-3-3 Attacking,195500000.0,29.311181631510177,180.63636363636363,289.0,1
311,H,2020-06-27,13:00,3210083.0,H,Athletic Club,621.0,12,6,1,17,1,0,2.5424,2.76806,2.02479,13.4,6,9.0,Gaizka Garitano,4-2-3-1,171000000.0,27.16246655466368,180.63636363636363,111.0,1
312,D,2020-06-27,16:00,3210085.0,A,Celta Vigo,940.0,10,6,3,19,3,0,1.2416,1.93802,1.93802,15.909090909090908,8,17.0,Óscar García,3-5-2,75800000.0,26.559890485968513,182.9090909090909,207.0,1
313,H,2020-06-27,18:30,3210090.0,H,Osasuna,331.0,6,5,2,12,1,0,0.9139,0.896141,0.896141,7.12,2,11.0,Jagoba Arrasate,4-4-2 double 6,42000000.0,28.88955261029183,181.27272727272728,58.0,1
314,H,2020-06-27,21:00,3210084.0,D,Atletico Madrid,13.0,14,4,3,13,3,0,2.0059,1.86903,1.12575,5.125,7,3.0,Diego Simeone,4-4-2 double 6,548500000.0,26.27988301910273,181.0909090909091,644.0,1
315,A,2020-06-28,21:00,3210086.0,A,Espanyol,714.0,8,5,0,18,1,0,0.3801,1.00521,1.00521,14.84,4,20.0,Francisco Rufete,4-4-2 double 6,83300000.0,28.473648186173854,182.72727272727272,28.0,1
316,A,2020-06-28,18:30,3210088.0,A,Granada,16795.0,14,5,8,8,1,0,1.2222,1.49293,1.49293,7.461538461538462,3,10.0,Diego Martínez,4-2-3-1,46500000.0,26.272416153319647,181.45454545454547,94.0,1
317,H,2020-06-28,16:00,3210092.0,H,Villarreal,1050.0,17,4,1,9,0,0,2.8313,2.41493,2.41493,16.333333333333332,6,6.0,Javier Calleja,4-4-2 double 6,166200000.0,28.31485284052019,181.54545454545453,305.0,1
318,H,2020-06-28,13:00,3210089.0,H,Levante,3368.0,9,4,2,13,0,0,1.5408,1.6905,1.6905,22.23076923076923,5,12.0,Paco López,4-4-2 double 6,84100000.0,28.299172422375708,180.54545454545453,118.0,1
319,H,2020-06-29,21:00,3210087.0,H,Getafe,3709.0,11,4,5,22,6,0,1.9838,1.3901,0.647472,6.774193548387097,2,5.0,Pepe Bordalás,4-4-2 double 6,92900000.0,27.237881899072864,183.0909090909091,150.0,1
320,H,2020-06-30,18:30,3210098.0,H,Mallorca,237.0,9,7,2,16,3,0,1.4151,1.6815,0.938224,14.590909090909092,1,18.0,Vicente Moreno,4-4-1-1,66600000.0,26.886690311741646,180.36363636363637,107.0,1
321,A,2020-06-30,20:00,3210097.0,A,Leganes,1244.0,9,3,4,23,4,0,1.3843,0.756658,0.756658,10.12121212121212,2,19.0,Javier Aguirre,4-3-3 Attacking,35350000.0,28.072677493622052,179.27272727272728,174.0,1
322,D,2020-06-30,21:00,3210094.0,D,Barcelona,131.0,12,5,3,11,3,0,1.3327,1.80729,1.06401,8.588235294117647,4,2.0,Quique Setién,4-3-1-2,444000000.0,29.928442536245413,180.72727272727272,942.0,1
323,A,2020-07-01,21:00,3210095.0,A,Real Betis,150.0,9,1,1,10,4,1,0.0955999999999999,0.400169,0.400169,18.80952380952381,4,13.0,Alexis Trujillo,3-4-2-1,149700000.0,28.044801194698525,182.0,396.0,1
324,D,2020-07-01,21:00,3210102.0,D,Real Valladolid,366.0,15,4,8,10,2,0,2.5268,1.37071,0.627435,16.3125,11,14.0,Sergio,4-2-3-1,45850000.0,28.564246157675317,180.54545454545453,56.0,1
325,A,2020-07-01,18:30,3210093.0,A,Alaves,1108.0,11,4,6,18,3,0,1.1321,1.01978,1.01978,4.8,5,15.0,Asier Garitano,4-4-2 double 6,48900000.0,29.580735486279636,182.36363636363637,14.0,1
326,A,2020-07-01,18:30,3210101.0,A,Valencia,1049.0,10,1,3,9,1,0,1.6657,1.27025,1.27025,9.857142857142858,8,9.0,Voro,4-4-2 double 6,239700000.0,27.420322319706305,182.45454545454547,245.0,1
327,A,2020-07-02,18:30,3210096.0,A,Eibar,1533.0,11,4,9,8,1,0,1.227,0.844993,0.844993,7.9411764705882355,3,16.0,José Luis Mendilibar,4-4-2 double 6,31375000.0,29.935411610976292,180.45454545454547,21.0,1
328,H,2020-07-02,18:30,3210100.0,A,Real Sociedad,681.0,12,4,4,11,2,0,2.5077000000000003,1.38838,1.38838,6.666666666666667,3,7.0,Imanol Alguacil,4-2-3-1,216900000.0,27.43127372285483,182.27272727272728,151.0,1
329,H,2020-07-02,21:00,3210099.0,D,Real Madrid,418.0,8,4,6,15,5,0,2.5671,1.75594,1.01267,4.2727272727272725,3,1.0,Zinédine Zidane,4-3-3 Attacking,459500000.0,28.86316968452492,182.27272727272728,725.0,1
330,H,2020-07-03,21:00,3210104.0,H,Atletico Madrid,13.0,15,3,4,14,2,0,2.7053,2.65175,1.9086,9.379310344827584,18,3.0,Diego Simeone,4-4-2 double 6,497000000.0,26.068819612967456,181.72727272727272,652.0,1
331,D,2020-07-04,16:00,3210105.0,H,Celta Vigo,940.0,5,1,2,20,5,0,0.8298,0.238909,0.238909,8.583333333333334,6,16.0,Óscar García,4-1-4-1,83600000.0,27.93678053636986,179.36363636363637,188.0,1
332,H,2020-07-04,18:30,3210112.0,D,Real Valladolid,366.0,5,3,1,13,0,0,1.6034,0.591015,0.591015,11.411764705882351,0,13.0,Sergio,4-4-2 double 6,31850000.0,27.242362018542714,180.63636363636363,7.0,1
333,D,2020-07-04,21:00,3210107.0,D,Granada,16795.0,17,4,7,18,2,0,2.6021,2.67712,1.93385,5.71875,10,10.0,Diego Martínez,5-4-1,53100000.0,27.332462198991973,182.9090909090909,101.0,1
334,A,2020-07-05,21:00,3210111.0,A,Villarreal,1050.0,11,4,2,11,1,0,0.3317,0.961984,0.961984,29.22222222222222,8,5.0,Javier Calleja,4-4-2 double 6,168200000.0,28.70985004044552,181.0,309.0,1
335,D,2020-07-05,18:30,3210109.0,D,Osasuna,331.0,6,2,2,17,5,0,1.7564,0.667423,0.667423,5.625,3,11.0,Jagoba Arrasate,4-4-2 double 6,28425000.0,29.280567481799515,181.72727272727272,56.0,1
336,A,2020-07-05,13:00,3210103.0,D,Athletic Club,621.0,7,1,3,13,4,0,0.0505,0.240102,0.240102,12.5,2,8.0,Gaizka Garitano,4-2-3-1,171900000.0,27.46786136519196,179.72727272727272,107.0,1
337,A,2020-07-05,16:00,3210106.0,D,Espanyol,714.0,7,2,0,14,4,1,1.6286,0.705114,0.705114,5.21875,2,20.0,Francisco Rufete,4-4-2 double 6,87600000.0,28.97168813390579,182.36363636363637,24.0,1
338,D,2020-07-06,18:30,3210108.0,D,Levante,3368.0,9,4,4,17,3,0,1.4879,1.19147,1.19147,10.037037037037036,1,12.0,Paco López,4-4-2 double 6,66500000.0,28.643892726028252,181.9090909090909,37.0,1
339,H,2020-07-06,21:00,3210110.0,D,Sevilla,368.0,8,3,11,11,2,0,1.4676,1.29481,1.29481,6.529411764705882,4,4.0,Julen Lopetegui,4-3-3 Attacking,173500000.0,29.42144234957377,180.0,264.0,1
340,H,2020-07-07,18:30,3210122.0,H,Valencia,1049.0,10,4,5,9,3,0,2.1215,1.14695,1.14695,13.2,3,8.0,Voro,4-4-2,192250000.0,27.034783149772885,181.54545454545453,140.0,1
341,D,2020-07-07,21:00,3210116.0,A,Celta Vigo,940.0,9,4,6,14,3,0,0.4931999999999999,0.281854,0.281854,7.74074074074074,2,16.0,Óscar García,5-3-2,89800000.0,26.46083006657955,180.63636363636363,149.0,1
342,H,2020-07-08,19:30,3210115.0,H,Real Betis,150.0,14,8,5,9,1,0,2.6233,2.12533,2.12533,7.434782608695652,5,13.0,Alexis Trujillo,4-2-3-1,121300000.0,27.953705432144854,182.0909090909091,370.0,1
343,A,2020-07-08,19:30,3210118.0,D,Getafe,3709.0,5,2,1,19,4,0,0.2968,0.580238,0.580238,8.0,2,6.0,Pepe Bordalás,4-5-1 flat,117100000.0,27.630390143737166,183.27272727272728,239.0,1
344,H,2020-07-08,21:00,3210114.0,D,Barcelona,131.0,9,2,6,8,0,1,1.4066,0.897655,0.897655,11.23076923076923,10,2.0,Quique Setién,4-3-1-2,544000000.0,30.285109825150894,181.1818181818182,939.0,1
345,D,2020-07-09,18:30,3210117.0,D,Eibar,1533.0,4,1,8,21,3,0,0.911,0.156567,0.156567,2.857142857142857,0,15.0,José Luis Mendilibar,4-4-2 double 6,28700000.0,30.09370916557775,181.63636363636363,19.0,1
346,H,2020-07-09,18:30,3210119.0,H,Mallorca,237.0,15,5,1,11,3,0,1.7781,1.48983,1.48983,10.043478260869565,4,18.0,Vicente Moreno,4-4-1-1,70100000.0,27.370792110011823,180.27272727272728,107.0,1
347,A,2020-07-09,21:00,3210113.0,H,Athletic Club,621.0,13,4,4,18,3,0,1.2354,1.6153,1.6153,13.041666666666666,1,10.0,Gaizka Garitano,4-2-3-1,153000000.0,26.274407317528468,182.36363636363637,110.0,1
348,H,2020-07-10,21:00,3210120.0,H,Real Madrid,418.0,18,8,3,5,0,0,2.1512,2.35582,1.61255,12.538461538461538,14,1.0,Zinédine Zidane,4-3-3 Attacking,455000000.0,27.474083753344534,182.8181818181818,709.0,1
349,A,2020-07-10,18:30,3210121.0,A,Real Sociedad,681.0,19,5,8,12,2,0,2.1022,1.18927,1.18927,3.230769230769231,4,7.0,Imanol Alguacil,4-2-3-1,204000000.0,25.45653661875428,181.45454545454547,159.0,1
350,H,2020-07-11,21:00,3210124.0,D,Atletico Madrid,13.0,9,4,2,10,1,1,1.0024,0.76357,0.76357,11.814814814814817,4,3.0,Diego Simeone,4-4-2 double 6,489000000.0,26.71545018978284,181.27272727272728,521.0,1
351,H,2020-07-11,16:00,3210129.0,D,Osasuna,331.0,15,5,3,10,2,0,1.5637,1.2561,1.2561,7.5,9,11.0,Jagoba Arrasate,4-4-2 double 6,39100000.0,30.308257109078465,182.1818181818182,55.0,1
352,A,2020-07-11,18:30,3210132.0,A,Real Valladolid,366.0,13,4,4,15,2,0,1.1818,0.849569,0.849569,21.285714285714285,1,14.0,Sergio,4-3-1-2,32550000.0,28.261340302408065,182.36363636363637,5.0,1
353,A,2020-07-12,13:00,3210125.0,A,Espanyol,714.0,14,3,7,13,2,0,0.4396,0.884621,0.884621,5.2,5,20.0,Francisco Rufete,4-4-2 double 6,53300000.0,27.77250948914193,181.63636363636363,24.0,1
354,A,2020-07-12,16:00,3210128.0,A,Levante,3368.0,5,1,2,10,0,0,1.5413,1.10257,1.10257,9.35,2,12.0,Paco López,4-4-2 double 6,81900000.0,28.442038454358784,181.63636363636363,116.0,1
355,H,2020-07-12,18:30,3210127.0,H,Leganes,1244.0,10,1,2,21,4,1,1.3226,1.2593,0.516026,12.666666666666666,1,18.0,Javier Aguirre,5-4-1,30700000.0,28.391761558085992,180.8181818181818,168.0,1
356,H,2020-07-12,21:00,3210130.0,H,Sevilla,368.0,14,5,5,14,3,0,2.6439000000000004,1.91225,1.16897,6.413793103448276,8,4.0,Julen Lopetegui,4-3-3 Attacking,216000000.0,27.638852591624666,180.0,312.0,1
357,D,2020-07-13,18:30,3210123.0,D,Alaves,1108.0,3,1,2,26,4,0,0.7013,0.118514,0.118514,3.607142857142857,2,17.0,Juan Muñiz,4-4-2 double 6,34900000.0,29.306452616514218,185.0909090909091,17.0,1
358,A,2020-07-13,18:30,3210131.0,D,Villarreal,1050.0,9,3,2,12,2,0,0.5710999999999999,0.365973,0.365973,12.0,3,5.0,Javier Calleja,4-2-3-1,103000000.0,27.635368054259228,180.36363636363637,236.0,1
359,A,2020-07-13,21:00,3210126.0,A,Granada,16795.0,13,4,4,18,2,0,1.6979,0.930144,0.930144,13.23076923076923,4,10.0,Diego Martínez,3-4-3,56500000.0,26.93024702880966,182.8181818181818,111.0,1
360,H,2020-07-16,20:00,3210142.0,H,Valencia,1049.0,9,3,4,9,2,1,1.402,1.24164,1.24164,26.55555555555556,4,8.0,Voro,4-2-3-1,172000000.0,25.135710285607615,179.8181818181818,266.0,1
361,H,2020-07-16,20:00,3210140.0,H,Real Madrid,418.0,12,7,4,13,3,0,1.8228,1.69772,0.954572,11.92,8,1.0,Zinédine Zidane,4-3-3 Attacking,479000000.0,28.973430402588516,182.0,676.0,1
362,A,2020-07-16,20:00,3210139.0,D,Mallorca,237.0,18,5,5,14,7,2,1.4535,1.21791,1.21791,9.5,3,19.0,Vicente Moreno,5-4-1,71000000.0,26.930495924335762,180.36363636363637,107.0,1
363,A,2020-07-16,20:00,3210138.0,D,Getafe,3709.0,15,6,4,14,1,1,0.8652,1.13873,1.13873,10.5,3,7.0,Pepe Bordalás,4-4-2 double 6,122800000.0,26.487461887872566,183.0909090909091,240.0,1
364,D,2020-07-16,20:00,3210141.0,D,Real Sociedad,681.0,11,4,3,16,1,0,1.5396,0.835797,0.835797,11.3125,4,6.0,Imanol Alguacil,5-3-2,217000000.0,26.064090597971504,181.45454545454547,161.0,1
365,A,2020-07-16,20:00,3210135.0,D,Real Betis,150.0,14,7,6,14,6,1,0.9905,1.80332,1.80332,6.529411764705882,13,14.0,Alexis Trujillo,4-2-3-1,131500000.0,27.230166137763675,184.0,199.0,1
366,A,2020-07-16,20:00,3210134.0,A,Barcelona,131.0,19,3,10,7,4,0,1.7126,1.14981,1.14981,5.875,16,2.0,Quique Setién,4-3-3 Attacking,406500000.0,27.173169062286107,180.36363636363637,521.0,1
367,A,2020-07-16,20:00,3210133.0,D,Athletic Club,621.0,10,3,3,11,2,1,0.4725,0.62086,0.62086,5.655172413793103,5,10.0,Gaizka Garitano,4-2-3-1,155000000.0,26.69056063717255,182.63636363636363,91.0,1
368,H,2020-07-16,17:30,3210137.0,H,Eibar,1533.0,13,7,3,19,4,0,1.7456,2.6027,1.85942,5.225806451612903,3,13.0,José Luis Mendilibar,4-2-3-1,23500000.0,29.14218156928629,178.0,46.0,1
369,A,2020-07-16,20:00,3210136.0,D,Celta Vigo,940.0,16,6,8,11,3,1,1.5384,1.64845,1.64845,5.294117647058823,9,17.0,Óscar García,4-3-3 Attacking,90600000.0,26.332151079584346,179.1818181818182,145.0,1
370,H,2020-07-19,20:00,3208630.0,D,Sevilla,368.0,16,4,4,11,0,0,1.7063,0.731583,0.731583,8.272727272727273,10,4.0,Julen Lopetegui,4-3-3 Attacking,223000000.0,27.069628523427294,181.63636363636363,358.0,1
371,D,2020-07-19,20:00,3208636.0,D,Osasuna,331.0,12,5,3,17,2,0,1.722,1.00938,1.00938,6.714285714285714,6,10.0,Jagoba Arrasate,4-4-2 double 6,22800000.0,29.18772945056313,178.8181818181818,8.0,1
372,H,2020-07-19,20:00,3208632.0,D,Levante,3368.0,13,4,6,10,2,0,2.0264,2.58924,2.58924,6.176470588235294,3,12.0,Paco López,4-4-2 double 6,28200000.0,29.867214236824097,181.72727272727272,2.0,1
373,D,2020-07-19,20:00,3208629.0,D,Leganes,1244.0,15,7,5,9,4,0,1.4015,1.16055,1.16055,15.423076923076923,7,18.0,Javier Aguirre,5-4-1,30350000.0,27.14056374836662,181.27272727272728,125.0,1
374,H,2020-07-19,20:00,3208635.0,H,Granada,16795.0,11,6,2,10,1,0,2.6562,2.33033,2.33033,14.863636363636363,6,7.0,Diego Martínez,4-2-3-1,54800000.0,27.48627963412358,182.8181818181818,47.0,1
375,D,2020-07-19,20:00,3208631.0,D,Espanyol,714.0,8,1,1,10,2,0,1.1343,0.362807,0.362807,9.958333333333334,1,20.0,Francisco Rufete,4-2-3-1,52500000.0,26.160910957625536,179.27272727272728,11.0,1
376,H,2020-07-19,17:30,3208634.0,D,Villarreal,1050.0,12,5,4,4,0,0,2.7403000000000004,3.00793,3.00793,23.33333333333333,6,5.0,Javier Calleja,4-2-3-1,126075000.0,29.75745130981271,180.54545454545453,309.0,1
377,H,2020-07-19,17:30,3208638.0,H,Real Valladolid,366.0,13,4,3,17,2,0,1.6749,0.915131,0.915131,17.65,9,13.0,Sergio,4-4-2 double 6,28750000.0,28.874369983199554,180.45454545454547,8.0,1
378,A,2020-07-19,16:00,3208633.0,A,Alaves,1108.0,8,0,2,17,0,0,0.0266,0.274487,0.274487,17.46153846153846,4,16.0,Juan Muñiz,4-4-2 double 6,38700000.0,28.730259473585964,184.63636363636363,19.0,1
379,D,2020-07-19,20:00,3208637.0,H,Atletico Madrid,13.0,6,3,2,16,1,0,2.4573,1.50008,1.50008,20.8125,6,3.0,Diego Simeone,4-4-2 double 6,389000000.0,28.76834048907971,183.0909090909091,551.0,1
380,D,2020-09-12,15:00,3431907.0,D,Eibar,1533.0,8,1,3,17,4,1,0.8107,0.344008,0.344008,4.407407407407407,1,12.0,José Luis Mendilibar,4-4-2,32500000.0,30.025760686951653,181.72727272727272,56.0,1
381,H,2020-09-12,17:30,3431909.0,D,Granada,16795.0,4,2,1,8,3,0,1.3898,0.545144,0.545144,17.9375,2,5.0,Diego Martínez,4-2-3-1,63500000.0,28.169497853276088,181.8181818181818,101.0,1
382,A,2020-09-12,20:00,3431908.0,A,Cadiz,2687.0,12,3,6,14,2,0,1.246,0.600934,0.600934,6.666666666666667,4,19.0,Álvaro Cervera,4-1-4-1,12600000.0,28.725779354116113,180.8181818181818,0.0,1
383,H,2020-09-13,20:00,3431911.0,D,Valencia,1049.0,14,8,3,9,1,0,0.9055,1.72531,1.72531,14.5,4,2.0,Javi Gracia,4-4-2,157800000.0,25.48466181320391,181.27272727272728,221.0,1
384,D,2020-09-13,17:30,3431913.0,A,Villarreal,1050.0,15,4,6,10,1,0,2.481,2.01913,1.27586,5.620689655172414,11,8.0,Unai Emery,4-4-2 double 6,164500000.0,27.9315537303217,180.63636363636363,173.0,1
385,D,2020-09-13,15:00,3431912.0,H,Real Valladolid,366.0,8,3,5,15,4,0,1.9495,0.858211,0.858211,10.285714285714286,2,10.0,Sergio,4-2-3-1,25800000.0,29.688507249082196,180.0909090909091,2.0,1
386,A,2020-09-13,13:00,3431904.0,D,Alaves,1108.0,7,2,6,19,3,0,2.3667,1.17642,1.17642,8.56,1,14.0,Pablo Machín,3-1-4-2,51600000.0,29.15288407690872,183.54545454545453,22.0,1
387,H,2020-09-19,15:00,3431923.0,D,Villarreal,1050.0,14,8,4,5,1,0,2.5655,2.99286,2.99286,7.631578947368421,6,6.0,Unai Emery,4-4-2 double 6,164500000.0,28.006720179204777,181.54545454545453,173.0,1
388,H,2020-09-19,17:30,3431917.0,D,Getafe,3709.0,7,1,4,19,4,0,1.5369000000000002,0.702715,0.702715,6.166666666666667,2,9.0,Pepe Bordalás,4-4-2 double 6,128000000.0,27.528840769087175,182.0,246.0,1
389,H,2020-09-19,20:00,3431916.0,H,Celta Vigo,940.0,23,6,6,12,3,0,2.6887000000000003,2.33534,2.33534,9.409090909090908,8,7.0,Óscar García,4-2-3-1,65900000.0,26.87250326675378,176.1818181818182,155.0,1
390,A,2020-09-20,15:00,3431919.0,A,SD Huesca,5358.0,4,0,2,18,3,0,0.1765,0.223846,0.223846,3.678571428571429,0,17.0,Míchel,4-2-3-1,21300000.0,28.809582477754965,181.0909090909091,21.0,1
391,H,2020-09-20,17:30,3431915.0,H,Real Betis,150.0,16,6,5,18,3,0,2.5964,1.76775,1.02448,6.833333333333333,1,3.0,Manuel Pellegrini,4-2-3-1,146500000.0,29.410242050899136,182.36363636363637,292.0,1
392,H,2020-09-20,17:30,3431918.0,D,Granada,16795.0,10,3,4,9,0,0,2.6418,2.45453,2.45453,5.608695652173913,3,2.0,Diego Martínez,4-2-3-1,71500000.0,27.21199676435816,182.1818181818182,101.0,1
393,D,2020-09-20,20:00,3431921.0,D,Real Sociedad,681.0,6,1,1,17,2,0,1.2614999999999998,0.718119,0.718119,13.241379310344827,4,13.0,Imanol Alguacil,4-2-3-1,197000000.0,23.81780847489266,181.0,182.0,1
394,D,2020-09-26,12:00,3431924.0,D,Alaves,1108.0,9,0,1,13,2,0,0.9693,0.867165,0.867165,6.434782608695652,3,19.0,Pablo Machín,4-4-2,49600000.0,28.9634745815444,183.54545454545453,26.0,1
395,D,2020-09-26,15:00,3431931.0,H,Valencia,1049.0,5,2,4,14,0,0,0.6038,0.306092,0.306092,11.63157894736842,3,9.0,Javi Gracia,4-4-2 double 6,145000000.0,25.354987244104283,181.72727272727272,154.0,1
396,A,2020-09-26,17:30,3431933.0,D,Elche,1531.0,5,2,2,11,3,0,0.2266999999999999,1.23661,1.23661,23.63636363636364,2,20.0,Jorge Almirón,3-4-3,11600000.0,27.73965527969635,181.54545454545453,2.0,1
397,A,2020-09-26,20:00,3431927.0,H,Real Betis,150.0,15,5,8,9,5,1,0.1934,1.41465,1.41465,15.681818181818182,5,5.0,Manuel Pellegrini,4-2-3-1,149000000.0,28.489826395370542,182.63636363636363,334.0,1
398,H,2020-09-27,20:00,3431926.0,H,Barcelona,131.0,17,9,8,9,0,0,2.9455,3.50735,2.76408,14.952380952380953,17,1.0,Ronald Koeman,4-2-3-1,530000000.0,28.6224877107834,180.36363636363637,741.0,1
399,D,2020-09-27,17:30,3431932.0,A,Real Valladolid,366.0,10,4,4,26,3,0,1.7297,1.52483,0.781556,4.075,3,16.0,Sergio,4-4-2,21900000.0,28.545827888743702,179.63636363636363,3.0,1
400,A,2020-09-27,17:30,3431929.0,D,Cadiz,2687.0,12,5,6,9,4,0,0.6369999999999999,1.0983,1.0983,31.3125,3,15.0,Álvaro Cervera,4-2-3-1,19700000.0,30.701512040321074,180.54545454545453,5.0,1
401,A,2020-09-27,13:00,3431928.0,A,Eibar,1533.0,7,1,5,15,1,0,1.0496,0.325316,0.325316,5.888888888888889,0,18.0,José Luis Mendilibar,4-3-3 Attacking,34900000.0,29.289776616265325,179.72727272727272,65.0,1
402,A,2020-09-27,11:00,3431930.0,D,Osasuna,331.0,9,4,3,15,2,0,0.1314,0.724471,0.724471,9.869565217391305,1,13.0,Jagoba Arrasate,4-4-2 double 6,36700000.0,28.670026756269056,181.9090909090909,7.0,1
403,H,2020-09-27,15:00,3431925.0,H,Atletico Madrid,13.0,17,10,1,16,3,0,2.7036,3.60448,2.7082,6.928571428571429,14,2.0,Diego Simeone,4-4-2 double 6,493000000.0,27.39518387156991,180.9090909090909,480.0,1
404,A,2020-09-29,18:00,3431941.0,D,Real Sociedad,681.0,11,3,9,16,1,0,1.0125,0.589249,0.589249,7.190476190476191,12,11.0,Imanol Alguacil,4-3-3 Attacking,136000000.0,25.521249455541035,182.1818181818182,168.0,1
405,H,2020-09-29,20:30,3431937.0,H,Getafe,3709.0,8,4,1,15,4,0,1.8108,0.908069,0.908069,13.84375,1,7.0,Pepe Bordalás,4-4-2,126000000.0,27.692365129736796,180.63636363636363,245.0,1
406,H,2020-09-30,20:30,3431940.0,D,Real Madrid,418.0,15,5,4,11,2,0,2.7564,2.64599,2.64599,11.214285714285714,9,2.0,Zinédine Zidane,4-3-1-2,410000000.0,28.850973803745877,182.45454545454547,745.0,1
407,D,2020-09-30,18:00,3431939.0,D,SD Huesca,5358.0,9,3,5,13,1,0,0.4896,0.631932,0.631932,15.428571428571429,3,14.0,Míchel,4-3-3 Attacking,14200000.0,31.253388090349073,178.8181818181818,20.0,1
408,H,2020-09-30,18:00,3431943.0,H,Villarreal,1050.0,10,6,2,11,0,0,2.7923,2.65908,1.9158,7.466666666666667,6,8.0,Unai Emery,4-1-4-1,151500000.0,28.866903117416463,182.45454545454547,159.0,1
409,A,2020-09-30,20:30,3431936.0,A,Eibar,1533.0,12,4,3,9,2,0,2.1293,1.06052,0.317244,4.0,6,19.0,José Luis Mendilibar,4-4-2,33800000.0,29.30321697467488,179.0909090909091,87.0,1
410,A,2020-10-01,18:00,3431934.0,D,Athletic Club,621.0,13,4,5,15,3,0,1.5545,0.545027,0.545027,4.4,5,15.0,Gaizka Garitano,4-2-3-1,159000000.0,27.388214796839023,180.54545454545453,108.0,1
411,H,2020-10-01,18:00,3431942.0,D,Sevilla,368.0,16,2,2,14,5,0,1.9492,1.04729,1.04729,6.5,8,3.0,Julen Lopetegui,4-3-3 Attacking,213000000.0,28.93310932735984,181.9090909090909,362.0,1
412,A,2020-10-01,20:30,3431935.0,A,Celta Vigo,940.0,10,3,3,22,5,0,0.9211,0.568201,0.568201,7.648648648648648,5,12.0,Óscar García,5-3-2,50650000.0,25.393068259598035,178.63636363636363,177.0,1
413,D,2020-10-03,17:30,3441597.0,D,Elche,1531.0,2,0,0,8,0,0,0.238,0.188885,0.188885,10.391304347826088,0,14.0,Jorge Almirón,3-4-2-1,14600000.0,27.188600584904485,180.63636363636363,3.0,1
414,H,2020-10-03,17:30,3441594.0,H,Real Sociedad,681.0,11,6,5,21,3,0,2.7425,2.19684,1.45356,4.352941176470588,1,7.0,Imanol Alguacil,4-1-4-1,191000000.0,26.204467674693547,181.0,206.0,1
415,A,2020-10-03,12:00,3441596.0,D,Real Valladolid,366.0,9,3,3,11,2,0,0.7897,1.09473,0.35145,8.0,3,20.0,Sergio,4-4-2,22400000.0,27.72198369734304,181.0,44.0,1
416,D,2020-10-03,15:00,3441589.0,D,Atletico Madrid,13.0,14,1,9,11,1,0,1.7096,0.610002,0.610002,10.774193548387096,8,5.0,Diego Simeone,4-4-2 double 6,526000000.0,27.587082322195258,180.9090909090909,601.0,1
417,A,2020-10-03,20:00,3441595.0,A,Valencia,1049.0,5,2,4,11,2,0,0.3470999999999999,0.475219,0.475219,9.85,3,9.0,Javi Gracia,4-4-2,139000000.0,26.173604629456783,180.63636363636363,151.0,1
418,D,2020-10-04,20:00,3441590.0,D,Barcelona,131.0,12,5,6,11,1,0,1.1629,1.05717,1.05717,15.833333333333334,3,1.0,Ronald Koeman,4-2-3-1,495000000.0,28.303403646319456,180.9090909090909,752.0,1
419,A,2020-10-04,15:00,3441592.0,A,Levante,3368.0,11,4,4,14,2,0,0.4178,0.577329,0.577329,10.192307692307692,6,17.0,Paco López,4-4-2 double 6,85700000.0,28.82658204218779,180.0909090909091,85.0,1
420,D,2020-10-04,17:30,3441591.0,A,Cadiz,2687.0,14,4,2,16,2,0,1.5995,1.09095,1.09095,9.538461538461538,1,10.0,Álvaro Cervera,4-2-3-1,22600000.0,28.775807354862796,179.63636363636363,69.0,1
421,H,2020-10-04,13:00,3441588.0,D,Alaves,1108.0,8,3,0,20,2,1,1.3192,0.520642,0.520642,9.84,3,18.0,Pablo Machín,3-5-2,49600000.0,29.531454172111253,184.36363636363637,26.0,1
422,H,2020-10-04,11:00,3441593.0,H,Osasuna,331.0,14,5,6,19,3,0,2.1056,1.12188,1.12188,7.142857142857143,6,12.0,Jagoba Arrasate,4-4-2 double 6,28000000.0,29.21809470474768,182.72727272727272,8.0,1
423,H,2020-10-17,12:00,3450965.0,D,Granada,16795.0,13,3,5,16,4,0,1.7098,1.08721,1.08721,8.0,5,3.0,Diego Martínez,4-1-4-1,57500000.0,28.795221205898823,183.36363636363637,9.0,1
424,A,2020-10-17,15:00,3450962.0,A,Celta Vigo,940.0,15,5,8,16,3,0,1.646,1.89737,1.89737,13.833333333333334,12,16.0,Óscar García,5-4-1,63150000.0,26.067824030863047,178.1818181818182,194.0,1
425,A,2020-10-17,17:30,3450968.0,A,Real Madrid,418.0,14,2,4,7,2,0,0.8986000000000001,1.1359,1.1359,6.5,10,2.0,Zinédine Zidane,4-3-3 Attacking,356000000.0,30.037956567730692,181.27272727272728,617.0,1
426,H,2020-10-17,20:00,3450964.0,D,Getafe,3709.0,9,4,7,20,4,0,2.2964,1.70992,0.966769,11.4,4,9.0,Pepe Bordalás,4-4-2,130000000.0,26.92676249144421,181.9090909090909,246.0,1
427,A,2020-10-18,20:00,3450967.0,A,Real Betis,150.0,7,1,6,11,2,0,0.2925,0.304528,0.304528,10.5,0,10.0,Manuel Pellegrini,4-2-3-1,103000000.0,29.999128865658637,180.54545454545453,87.0,1
428,D,2020-10-18,17:30,3450966.0,A,SD Huesca,5358.0,12,7,3,14,1,0,1.6073,1.25439,1.25439,9.909090909090908,2,17.0,Míchel,4-2-3-1,25500000.0,29.032916433327113,179.72727272727272,21.0,1
429,A,2020-10-18,17:30,3450960.0,A,Alaves,1108.0,13,2,2,11,2,0,1.3134,0.90822,0.90822,9.428571428571429,9,19.0,Pablo Machín,3-4-1-2,48300000.0,29.002551179142554,183.8181818181818,21.0,1
430,H,2020-10-18,13:00,3450961.0,D,Athletic Club,621.0,14,5,9,11,3,0,2.7327,2.07013,2.07013,7.12,9,14.0,Gaizka Garitano,4-2-3-1,156000000.0,28.08636674755771,179.0909090909091,107.0,1
431,D,2020-10-18,11:00,3450963.0,D,Eibar,1533.0,10,6,6,14,2,0,0.5313000000000001,0.371361,0.371361,10.384615384615383,3,15.0,José Luis Mendilibar,4-4-2 double 6,35800000.0,28.15083068881837,180.9090909090909,89.0,1
432,H,2020-10-18,15:00,3450969.0,D,Villarreal,1050.0,16,6,3,13,4,1,2.16,1.59975,0.856476,10.35,11,6.0,Unai Emery,4-1-4-1,141500000.0,28.431087051210252,182.54545454545453,148.0,1
433,H,2020-10-23,20:00,3450973.0,H,Elche,1531.0,3,2,0,15,3,0,0.3325,0.165573,0.165573,15.833333333333334,1,11.0,Jorge Almirón,3-4-2-1,18500000.0,28.71557463754589,181.1818181818182,5.0,1
434,A,2020-10-24,15:00,3450971.0,D,Barcelona,131.0,10,4,7,11,3,0,0.43,1.57351,1.57351,11.75,5,5.0,Ronald Koeman,4-2-3-1,465000000.0,26.839897952834296,179.72727272727272,670.0,1
435,H,2020-10-24,17:30,3450976.0,D,Osasuna,331.0,7,2,2,18,3,0,1.8271,0.989319,0.246042,11.038461538461538,3,10.0,Jagoba Arrasate,4-2-3-1,32900000.0,30.112376330035467,182.0909090909091,3.0,1
436,A,2020-10-24,17:30,3450979.0,A,Sevilla,368.0,21,3,13,11,0,0,2.7435,1.98558,1.98558,5.173913043478261,5,8.0,Julen Lopetegui,4-3-3 Attacking,146000000.0,28.187418331155495,180.54545454545453,482.0,1
437,H,2020-10-24,20:00,3450970.0,D,Atletico Madrid,13.0,13,6,8,19,2,0,1.5124,1.24304,1.24304,10.96551724137931,8,3.0,Diego Simeone,4-3-3 Attacking,384000000.0,28.00323564183934,179.27272727272728,550.0,1
438,H,2020-10-25,20:00,3450977.0,H,Real Sociedad,681.0,13,6,4,12,2,0,2.3632,1.79773,1.05446,8.857142857142858,16,4.0,Imanol Alguacil,4-1-4-1,161000000.0,26.053139194822972,179.1818181818182,109.0,1
439,A,2020-10-25,17:30,3450974.0,A,Getafe,3709.0,10,1,6,19,4,0,1.6708,1.33438,1.33438,2.5,4,9.0,Pepe Bordalás,4-4-2,130000000.0,26.948665297741275,181.9090909090909,246.0,1
440,A,2020-10-25,13:00,3450978.0,D,Real Valladolid,366.0,5,1,2,9,1,1,0.1301,0.305213,0.305213,19.384615384615383,5,20.0,Sergio,4-4-2 double 6,33100000.0,28.385041378881215,181.1818181818182,88.0,1
441,D,2020-10-25,15:00,3450972.0,D,Cadiz,2687.0,5,0,0,15,2,0,0.6477999999999999,0.20914,0.20914,24.45,4,7.0,Álvaro Cervera,4-4-2 double 6,21200000.0,29.3818679609234,181.0909090909091,69.0,1
442,D,2020-10-26,20:00,3450975.0,D,Levante,3368.0,10,3,3,11,2,0,1.7157999999999998,1.19249,0.449212,6.0344827586206895,10,18.0,Paco López,4-4-2,62700000.0,29.741521996142122,180.9090909090909,4.0,1
443,A,2020-10-30,20:00,3450983.0,A,Eibar,1533.0,9,3,7,10,1,0,0.8157999999999999,0.466935,0.466935,4.6875,3,16.0,José Luis Mendilibar,4-2-3-1,42200000.0,28.60282496422127,180.0,65.0,1
444,H,2020-10-31,13:00,3450987.0,H,Real Madrid,418.0,13,6,6,16,0,0,2.4055,2.23898,2.23898,9.303030303030305,9,1.0,Zinédine Zidane,4-3-3 Attacking,421000000.0,29.202165391077095,181.63636363636363,642.0,1
445,H,2020-10-31,15:15,3450981.0,A,Athletic Club,621.0,16,5,6,17,5,0,1.5249,1.32876,1.32876,13.5,3,13.0,Gaizka Garitano,4-2-3-1,151800000.0,27.133843569161844,181.1818181818182,103.0,1
446,A,2020-10-31,17:30,3450985.0,A,Osasuna,331.0,8,3,3,12,1,0,0.3480999999999999,1.42768,1.42768,16.55,2,11.0,Jagoba Arrasate,4-4-2 double 6,29400000.0,29.984941820670773,182.1818181818182,2.0,1
447,D,2020-10-31,20:00,3450980.0,H,Alaves,1108.0,4,3,2,16,4,1,0.6778,1.11324,1.11324,21.22222222222222,0,15.0,Pablo Machín,4-1-4-1,45100000.0,29.43513160350943,183.0909090909091,26.0,1
448,H,2020-11-01,13:00,3450986.0,H,Real Betis,150.0,17,10,1,13,2,0,2.849800000000001,3.06462,2.3216,8.763157894736842,13,8.0,Manuel Pellegrini,4-3-3 Attacking,133500000.0,29.30072801941385,180.72727272727272,254.0,1
449,A,2020-11-01,15:00,3450982.0,A,Celta Vigo,940.0,9,2,2,19,2,1,1.2354,2.12312,1.37997,7.615384615384615,5,18.0,Óscar García,4-2-3-1,60650000.0,25.944371849916,178.54545454545453,192.0,1
450,D,2020-11-01,17:30,3450984.0,D,Granada,16795.0,5,2,2,7,2,1,0.6993,0.230886,0.230886,35.166666666666664,4,4.0,Diego Martínez,4-2-3-1,60000000.0,29.046107896210568,182.9090909090909,57.0,1
451,D,2020-11-01,20:00,3450988.0,H,Valencia,1049.0,11,5,0,18,8,1,0.9068,1.75934,1.01619,6.72,4,14.0,Javi Gracia,4-4-2,160000000.0,24.973679298114618,179.36363636363637,187.0,1
452,H,2020-11-02,20:00,3450989.0,H,Villarreal,1050.0,11,5,6,13,1,0,2.2309,1.85014,1.85014,7.125,6,5.0,Unai Emery,4-4-2,171500000.0,28.201605376143366,182.36363636363637,162.0,1
453,D,2020-11-06,20:00,3450992.0,D,Elche,1531.0,8,1,3,18,3,0,0.9876,1.6055,0.862223,12.0,4,10.0,Jorge Almirón,3-4-3,12100000.0,28.700640905979718,182.54545454545453,2.0,1
454,H,2020-11-07,20:00,3450990.0,H,Atletico Madrid,13.0,17,7,2,10,1,0,2.7605,2.62556,2.62556,9.238095238095235,8,1.0,Diego Simeone,3-4-2-1,528000000.0,27.717503577873188,182.45454545454547,730.0,1
455,H,2020-11-07,17:30,3450998.0,D,Sevilla,368.0,9,1,3,11,2,0,2.0554,1.151,0.407718,7.5625,3,8.0,Julen Lopetegui,4-3-3 Attacking,230000000.0,27.551988053014746,181.45454545454547,384.0,1
456,H,2020-11-07,15:15,3450991.0,D,Barcelona,131.0,18,9,9,8,2,0,2.9277,4.44487,2.95831,10.96,19,5.0,Ronald Koeman,4-2-3-1,520000000.0,26.632319084064466,181.0,616.0,1
457,D,2020-11-07,13:00,3450994.0,A,SD Huesca,5358.0,14,6,4,16,2,0,2.4539000000000004,2.23211,2.23211,6.869565217391305,2,20.0,Míchel,4-4-2 double 6,20100000.0,30.55292141123763,180.0909090909091,28.0,1
458,A,2020-11-08,13:00,3450993.0,A,Getafe,3709.0,13,5,3,18,3,0,0.2476,0.55465,0.55465,7.285714285714286,7,12.0,Pepe Bordalás,4-4-2 double 6,125000000.0,26.591251322257484,183.45454545454547,244.0,1
459,H,2020-11-08,15:15,3450996.0,H,Real Sociedad,681.0,22,9,15,8,2,1,2.9187,3.72416,2.23023,6.733333333333333,18,2.0,Imanol Alguacil,4-1-4-1,204000000.0,27.14205712152324,182.1818181818182,163.0,1
460,D,2020-11-08,17:30,3450995.0,A,Levante,3368.0,18,5,12,12,1,0,2.1343,1.99148,1.99148,3.3448275862068964,17,17.0,Paco López,4-4-2 double 6,58400000.0,27.755335697840835,180.27272727272728,92.0,1
461,H,2020-11-08,17:30,3450997.0,H,Real Valladolid,366.0,7,4,2,23,4,0,2.0127,2.28498,1.54183,9.107142857142858,4,19.0,Sergio,4-4-2 double 6,33100000.0,28.844751415593304,179.54545454545453,2.0,1
462,H,2020-11-08,20:00,3450999.0,H,Valencia,1049.0,7,4,1,13,3,0,2.4174,2.34693,0.117097,12.5,2,11.0,Javi Gracia,4-4-2,165000000.0,25.081699956443284,180.9090909090909,190.0,1
463,D,2020-11-20,20:00,3451007.0,A,Osasuna,331.0,18,7,4,14,2,0,1.3508,0.878778,0.878778,8.84,7,14.0,Jagoba Arrasate,4-4-2 double 6,41200000.0,30.01904050774687,181.8181818181818,37.0,1
464,D,2020-11-21,13:00,3451006.0,H,Levante,3368.0,13,5,5,15,1,0,1.3754,0.902091,0.902091,9.742857142857142,11,18.0,Paco López,4-4-2,62900000.0,27.49523987306328,180.0,13.0,1
465,D,2020-11-21,15:15,3451009.0,A,Villarreal,1050.0,13,1,4,16,1,0,2.2596000000000003,1.72712,0.983841,10.055555555555555,5,4.0,Unai Emery,4-3-3 Attacking,133500000.0,29.80573704187667,183.8181818181818,160.0,1
466,H,2020-11-21,17:30,3451008.0,D,Sevilla,368.0,15,10,3,14,2,0,1.4625,2.22603,2.22603,10.454545454545457,5,7.0,Julen Lopetegui,4-1-4-1,225000000.0,28.519196067450686,180.8181818181818,455.0,1
467,H,2020-11-21,20:00,3451002.0,H,Atletico Madrid,13.0,9,2,8,12,4,0,0.9303,0.812108,0.812108,20.4,8,1.0,Diego Simeone,3-4-2-1,565000000.0,26.71047227926078,181.27272727272728,588.0,1
468,D,2020-11-22,13:00,3451004.0,D,Eibar,1533.0,15,5,3,16,3,1,2.362,1.45225,1.45225,5.666666666666667,7,16.0,José Luis Mendilibar,4-4-2,43500000.0,29.27608736232966,181.45454545454547,54.0,1
469,A,2020-11-22,15:15,3451003.0,D,Cadiz,2687.0,2,0,1,14,2,0,0.1343,0.0824748,0.0824748,11.962962962962964,0,8.0,Álvaro Cervera,4-2-3-1,22000000.0,28.47514155933047,178.72727272727272,15.0,1
470,A,2020-11-22,17:30,3451005.0,A,Granada,16795.0,16,6,5,16,4,0,1.3276,1.40253,1.40253,4.8,5,6.0,Diego Martínez,4-2-3-1,52500000.0,29.23302843631386,182.45454545454547,59.0,1
471,D,2020-11-22,20:00,3451000.0,H,Alaves,1108.0,13,3,4,21,1,0,1.3991,1.82668,1.0834,10.413793103448276,2,15.0,Pablo Machín,4-4-2 double 6,48900000.0,29.715885756953522,182.8181818181818,26.0,1
472,H,2020-11-23,20:00,3451001.0,H,Athletic Club,621.0,14,9,6,16,0,0,2.8795,2.75202,2.75202,9.935483870967742,6,11.0,Gaizka Garitano,4-2-3-1,154300000.0,26.267438242797585,180.8181818181818,114.0,1
473,D,2020-11-27,20:00,3451018.0,D,Real Valladolid,366.0,10,4,3,18,0,0,1.4415,1.25969,1.25969,10.076923076923077,2,17.0,Sergio,4-4-2,29600000.0,28.896770580548818,179.54545454545453,2.0,1
474,D,2020-11-28,13:00,3451012.0,H,Elche,1531.0,4,3,1,16,6,1,0.5632,0.0867292,0.0867292,11.227272727272728,2,9.0,Jorge Almirón,4-2-3-1,14800000.0,28.196378570095202,183.36363636363637,4.0,1
475,A,2020-11-28,15:15,3451019.0,D,Valencia,1049.0,5,2,2,12,2,0,0.4786999999999999,0.181436,0.181436,15.954545454545457,1,15.0,Javi Gracia,4-4-2 double 6,148000000.0,24.73573517516023,180.27272727272728,160.0,1
476,A,2020-11-28,17:30,3451014.0,D,SD Huesca,5358.0,5,1,1,14,4,0,0.2045,0.167609,0.167609,19.764705882352946,2,20.0,Míchel,4-4-2,22000000.0,28.564495053201416,180.54545454545453,28.0,1
477,A,2020-11-28,20:00,3451016.0,A,Real Madrid,418.0,20,9,12,8,2,0,0.8876,1.66068,1.66068,10.571428571428571,8,3.0,Zinédine Zidane,4-3-3 Attacking,405000000.0,29.6292701138697,181.36363636363637,559.0,1
478,H,2020-11-29,13:00,3451010.0,H,Barcelona,131.0,20,11,5,8,1,0,2.7127000000000003,3.91416,3.91416,12.923076923076923,17,4.0,Ronald Koeman,4-3-3 Attacking,462000000.0,26.36326302034721,177.27272727272728,770.0,1
479,D,2020-11-29,15:15,3451013.0,A,Getafe,3709.0,11,3,3,16,2,0,1.5135,0.536725,0.536725,4.612903225806452,2,12.0,Pepe Bordalás,4-4-2 double 6,107500000.0,27.90293074481986,180.27272727272728,168.0,1
480,H,2020-11-29,17:30,3451011.0,D,Celta Vigo,940.0,17,8,8,14,4,1,2.872,4.64116,4.64116,4.875,13,18.0,Eduardo Coudet,4-4-2 Diamond,84500000.0,27.952709850040446,180.0909090909091,195.0,1
481,D,2020-11-29,20:00,3451017.0,D,Real Sociedad,681.0,8,4,4,18,5,0,2.0692,1.91705,1.1739,14.071428571428571,6,2.0,Imanol Alguacil,4-2-3-1,240000000.0,23.941260655839713,182.1818181818182,131.0,1
482,A,2020-11-30,20:00,3451015.0,D,Real Betis,150.0,7,3,6,13,2,0,0.0578,0.51761,0.51761,6.1,5,14.0,Manuel Pellegrini,4-2-3-1,102300000.0,29.32287972123701,180.72727272727272,310.0,1
483,A,2020-12-04,20:00,3451021.0,D,Athletic Club,621.0,10,0,4,7,2,0,0.6007,0.454057,0.454057,8.925925925925926,8,16.0,Gaizka Garitano,4-2-3-1,149300000.0,25.77860742953145,181.1818181818182,94.0,1
484,H,2020-12-05,13:00,3451026.0,H,Levante,3368.0,12,8,5,12,2,0,2.703,2.56696,2.56696,5.352941176470588,10,17.0,Paco López,4-4-2 double 6,44500000.0,28.396988364134156,180.72727272727272,12.0,1
485,A,2020-12-05,15:15,3451028.0,D,Sevilla,368.0,12,2,4,15,1,0,0.3974999999999999,0.533909,0.533909,6.151515151515151,6,6.0,Julen Lopetegui,4-3-3 Attacking,226000000.0,29.11405637483666,182.0,362.0,1
486,H,2020-12-05,17:30,3451022.0,D,Atletico Madrid,13.0,15,4,4,10,4,0,2.0688,1.2755,1.2755,15.625,10,1.0,Diego Simeone,3-4-2-1,326000000.0,28.862671893472715,181.54545454545453,541.0,1
487,H,2020-12-05,20:00,3451023.0,H,Cadiz,2687.0,7,3,5,10,0,0,2.0822,2.61118,2.61118,26.63636363636364,1,7.0,Álvaro Cervera,4-3-3 Attacking,22100000.0,28.187418331155495,180.0,5.0,1
488,D,2020-12-06,20:00,3451020.0,D,Alaves,1108.0,5,1,2,3,1,1,0.3372,0.249462,0.249462,15.764705882352942,3,12.0,Pablo Machín,4-4-2 double 6,48900000.0,29.75421566797337,182.8181818181818,26.0,1
489,D,2020-12-06,17:30,3451029.0,D,Villarreal,1050.0,12,3,4,16,3,0,1.7528,0.520422,0.520422,7.771428571428571,9,4.0,Unai Emery,4-3-3 Attacking,149000000.0,27.88675253562317,182.0,229.0,1
490,A,2020-12-06,15:15,3451027.0,D,Osasuna,331.0,10,0,2,16,3,0,0.3685,0.366687,0.366687,8.384615384615385,6,18.0,Jagoba Arrasate,4-4-2 double 6,40400000.0,29.71538796590131,182.9090909090909,41.0,1
491,D,2020-12-06,13:00,3451025.0,D,Granada,16795.0,15,6,4,12,2,0,1.4791999999999998,1.82994,1.82994,7.382352941176471,3,8.0,Diego Martínez,4-2-3-1,65800000.0,27.233401779603014,182.36363636363637,69.0,1
492,D,2020-12-07,20:00,3451024.0,D,Eibar,1533.0,19,3,8,15,3,0,1.7048,1.09317,1.09317,2.740740740740741,11,11.0,José Luis Mendilibar,4-4-2 double 6,42200000.0,28.64687947234148,180.8181818181818,89.0,1
493,H,2020-12-11,20:00,3451038.0,A,Real Valladolid,366.0,11,6,3,14,4,0,1.7944,1.87748,1.1342,11.705882352941176,5,16.0,Sergio,4-4-2,31100000.0,28.974674880219027,178.8181818181818,45.0,1
494,D,2020-12-12,13:00,3451039.0,H,Valencia,1049.0,11,2,0,19,2,0,1.6961,2.17259,1.42931,7.28,4,14.0,Javi Gracia,4-4-2,150500000.0,25.057308194885195,181.54545454545453,175.0,1
495,A,2020-12-12,15:15,3451033.0,D,Getafe,3709.0,8,2,5,14,2,0,1.1107,0.374252,0.374252,21.84210526315789,1,17.0,Pepe Bordalás,4-3-3 Attacking,101800000.0,26.54844129176778,183.8181818181818,189.0,1
496,H,2020-12-12,17:30,3451034.0,D,SD Huesca,5358.0,11,3,5,14,1,0,1.4329,0.380766,0.380766,5.153846153846154,1,19.0,Míchel,4-3-3 Attacking,24000000.0,28.88843258042437,178.45454545454547,21.0,1
497,H,2020-12-12,20:00,3451036.0,H,Real Madrid,418.0,11,3,3,7,1,0,1.1272,0.6517,0.6517,9.294117647058824,6,3.0,Zinédine Zidane,4-3-3 Attacking,449000000.0,29.382863543027813,182.0,695.0,1
498,H,2020-12-13,20:00,3451030.0,D,Barcelona,131.0,24,13,12,4,2,0,2.4939,2.62077,2.62077,15.866666666666667,19,4.0,Ronald Koeman,4-2-3-1,459000000.0,27.723725966025757,179.36363636363637,896.0,1
500,D,2020-12-13,15:15,3451035.0,A,Real Betis,150.0,11,5,4,13,2,0,0.7270000000000001,0.475008,0.475008,14.181818181818182,2,10.0,Manuel Pellegrini,4-2-3-1,114300000.0,28.301661377636734,181.9090909090909,348.0,1
501,D,2020-12-13,13:00,3451037.0,H,Real Sociedad,681.0,8,2,5,14,4,0,1.1647,1.33912,1.33912,9.875,5,2.0,Imanol Alguacil,4-2-3-1,149000000.0,23.411362080766597,182.27272727272728,134.0,1
502,H,2020-12-14,20:00,3451031.0,H,Celta Vigo,940.0,8,5,1,24,2,0,1.9148,1.51712,0.773968,6.88,6,9.0,Eduardo Coudet,4-4-2 double 6,85500000.0,27.690125070001866,180.0,212.0,1
503,H,2020-12-15,21:00,3451096.0,H,Real Madrid,418.0,18,5,6,8,1,0,2.5926,2.58032,2.58032,9.352941176470589,13,2.0,Zinédine Zidane,4-2-3-1,449000000.0,28.80841266878228,181.72727272727272,684.0,1
504,H,2020-12-16,20:00,3451091.0,H,Barcelona,131.0,14,4,2,18,3,0,1.9448,2.58133,2.58133,7.8,9,3.0,Ronald Koeman,4-2-3-1,422000000.0,26.42673137950345,179.36363636363637,856.0,1
505,H,2020-12-18,20:00,3451040.0,D,Athletic Club,621.0,10,3,5,9,0,0,2.6268,1.51945,0.776175,9.173913043478262,6,10.0,Gaizka Garitano,4-2-3-1,156500000.0,27.10522058366001,181.54545454545453,107.0,1
506,D,2020-12-19,20:00,3451049.0,H,Sevilla,368.0,14,3,7,14,3,0,2.0837,1.73966,0.996384,8.0,10,7.0,Julen Lopetegui,4-3-3 Attacking,236000000.0,28.469416962230103,180.63636363636363,495.0,1
507,A,2020-12-19,17:30,3451048.0,A,Osasuna,331.0,6,1,2,17,2,1,0.2405,0.925068,0.181791,13.52,0,20.0,Jagoba Arrasate,4-4-2 double 6,47200000.0,29.311181631510177,182.1818181818182,43.0,1
508,H,2020-12-19,13:00,3451041.0,H,Atletico Madrid,13.0,12,6,2,13,1,0,2.6106,2.10005,1.35677,11.838709677419354,7,1.0,Diego Simeone,4-4-2 double 6,480000000.0,27.144546076784273,180.0,631.0,1
509,D,2020-12-19,15:15,3451042.0,D,Barcelona,131.0,25,9,8,10,4,0,2.2501,3.2847,2.54142,8.294117647058824,18,5.0,Ronald Koeman,4-1-4-1,407000000.0,26.881712401219588,178.54545454545453,860.0,1
510,H,2020-12-19,17:30,3451047.0,D,Levante,3368.0,13,5,3,19,2,0,0.9709,1.52776,1.52776,8.72,5,15.0,Paco López,4-4-2,44700000.0,28.95401655155249,180.9090909090909,11.0,1
511,H,2020-12-20,13:00,3451043.0,H,Celta Vigo,940.0,11,3,3,18,2,0,2.3857,1.62567,1.62567,6.424242424242424,10,8.0,Eduardo Coudet,4-4-2 double 6,86500000.0,27.72297927944745,178.63636363636363,196.0,1
512,H,2020-12-20,15:15,3451046.0,H,Granada,16795.0,8,3,1,21,3,0,1.6612,1.38241,0.639131,10.5,0,6.0,Diego Martínez,4-3-3 Attacking,75000000.0,27.850911579864352,182.27272727272728,111.0,1
513,A,2020-12-20,17:30,3451044.0,A,Cadiz,2687.0,8,1,2,6,1,0,0.4861,0.356498,0.356498,8.5,5,9.0,Álvaro Cervera,4-4-2 double 6,23200000.0,29.603882770207203,179.36363636363637,5.0,1
514,A,2020-12-20,20:00,3451045.0,A,Eibar,1533.0,10,3,4,11,1,0,0.3024,0.642099,0.642099,13.290322580645162,2,14.0,José Luis Mendilibar,4-4-2 double 6,48100000.0,28.434571588575697,177.9090909090909,93.0,1
515,D,2020-12-22,21:00,3451059.0,A,Villarreal,1050.0,17,6,6,10,1,0,1.6774,1.32193,1.32193,7.315789473684211,6,5.0,Unai Emery,4-3-3 Attacking,150500000.0,27.698089726837164,184.45454545454547,130.0,1
516,D,2020-12-22,16:30,3451051.0,A,Elche,1531.0,7,2,4,8,1,0,1.038,1.25398,1.25398,10.76923076923077,6,15.0,Jorge Almirón,4-1-4-1,18400000.0,29.251446705245474,182.9090909090909,4.0,1
517,A,2020-12-22,16:30,3451058.0,D,Valencia,1049.0,10,4,3,11,3,0,0.3722,0.559111,0.559111,13.80952380952381,1,16.0,Javi Gracia,3-4-3,166000000.0,27.277456287723226,182.1818181818182,140.0,1
518,D,2020-12-22,18:45,3451053.0,H,SD Huesca,5358.0,11,2,10,10,2,0,2.108,1.36969,0.626417,8.708333333333334,3,19.0,Míchel,4-3-3 Attacking,21100000.0,30.042984257357972,178.72727272727272,21.0,1
519,A,2020-12-22,18:45,3451056.0,D,Real Sociedad,681.0,6,1,5,20,3,0,0.8769,0.230082,0.230082,7.04,8,4.0,Imanol Alguacil,4-2-3-1,187000000.0,26.43594051396926,180.0,102.0,1
520,A,2020-12-22,21:00,3451057.0,A,Real Valladolid,366.0,12,5,4,12,1,0,0.1217999999999999,0.499141,0.499141,16.347826086956523,3,18.0,Sergio,4-4-2 double 6,38600000.0,27.505195694107396,180.27272727272728,54.0,1
521,H,2020-12-23,21:00,3451050.0,H,Alaves,1108.0,13,3,2,10,4,0,2.2304,1.88686,1.88686,11.555555555555555,5,12.0,Pablo Machín,4-4-2,46400000.0,29.69124509986933,184.27272727272728,26.0,1
522,H,2020-12-23,21:00,3451054.0,D,Real Betis,150.0,6,1,5,18,1,0,1.2763,0.342496,0.342496,3.225806451612903,10,9.0,Manuel Pellegrini,4-2-3-1,74800000.0,29.052579179889243,180.54545454545453,402.0,1
523,D,2020-12-23,16:30,3451052.0,D,Getafe,3709.0,6,3,1,17,3,0,0.5863,0.265652,0.265652,14.590909090909092,0,13.0,Pepe Bordalás,4-1-4-1,112800000.0,27.016862671893474,181.63636363636363,244.0,1
524,H,2020-12-23,18:45,3451055.0,D,Real Madrid,418.0,23,6,8,13,2,0,2.2901,2.04414,2.04414,6.75,5,2.0,Zinédine Zidane,4-3-3 Attacking,514000000.0,28.198369734304027,182.72727272727272,562.0,1
525,H,2020-12-29,16:00,3451069.0,H,Sevilla,368.0,10,3,4,13,1,0,2.8811,2.7317,1.98842,11.814814814814817,5,4.0,Julen Lopetegui,4-3-3 Attacking,248000000.0,28.528405201916495,181.54545454545453,471.0,1
526,D,2020-12-29,18:15,3451062.0,D,Barcelona,131.0,16,5,5,6,0,0,2.473,2.05695,1.31368,12.5,11,5.0,Ronald Koeman,3-4-2-1,399000000.0,24.90647750606683,181.36363636363637,568.0,1
527,D,2020-12-29,20:30,3451064.0,D,Cadiz,2687.0,8,3,1,14,3,0,1.8175,0.786846,0.786846,8.1875,6,11.0,Álvaro Cervera,4-4-2 double 6,17900000.0,29.08219774749549,182.0,69.0,1
528,H,2020-12-29,20:30,3451067.0,H,Levante,3368.0,10,5,3,9,3,1,0.7054,1.67536,1.67536,13.4,5,9.0,Paco López,4-4-2 double 6,38400000.0,28.21230788376579,180.0909090909091,14.0,1
529,H,2020-12-30,16:00,3451066.0,D,Granada,16795.0,24,5,6,16,4,1,2.0468,2.23615,2.23615,6.32,11,6.0,Diego Martínez,4-4-2 double 6,73000000.0,27.844191400659575,184.27272727272728,61.0,1
530,H,2020-12-30,18:15,3451061.0,H,Atletico Madrid,13.0,10,3,5,7,2,0,1.2948,0.919165,0.919165,10.789473684210526,2,1.0,Diego Simeone,3-1-4-2,448000000.0,27.86435193827391,182.27272727272728,558.0,1
531,D,2020-12-30,20:30,3451065.0,A,Elche,1531.0,6,3,2,8,1,0,0.8794000000000001,1.02416,0.280882,35.36363636363637,1,15.0,Jorge Almirón,4-1-4-1,21400000.0,29.101611598531516,180.54545454545453,6.0,1
532,H,2020-12-30,18:15,3451063.0,H,Celta Vigo,940.0,15,6,0,19,2,0,2.4847,2.85208,2.85208,6.828571428571428,12,8.0,Eduardo Coudet,4-4-2 Diamond,86500000.0,28.03758322444154,180.0909090909091,195.0,1
533,A,2020-12-31,13:00,3451060.0,A,Athletic Club,621.0,4,0,2,23,5,0,0.1452,0.172341,0.172341,4.033333333333333,2,13.0,Gaizka Garitano,4-2-3-1,154300000.0,26.188040569970756,181.1818181818182,115.0,1
534,D,2020-12-31,15:15,3451068.0,D,Osasuna,331.0,8,3,5,12,3,1,0.4058,0.318257,0.318257,16.352941176470587,2,19.0,Jagoba Arrasate,4-4-2 double 6,47200000.0,29.34403584095576,182.1818181818182,43.0,1
535,H,2021-01-02,13:00,3451079.0,H,Villarreal,1050.0,12,7,3,12,1,0,2.3526,1.72781,1.72781,13.0,10,6.0,Unai Emery,4-3-3 Attacking,143500000.0,27.23589073486404,182.1818181818182,129.0,1
536,D,2021-01-02,15:15,3451075.0,D,Real Betis,150.0,16,3,2,15,5,0,2.7954,2.03775,0.521309,11.555555555555555,5,10.0,Manuel Pellegrini,4-2-3-1,118000000.0,27.109949598655966,180.27272727272728,226.0,1
537,A,2021-01-02,17:30,3451073.0,A,Getafe,3709.0,11,4,5,13,3,0,0.9465,0.768671,0.768671,6.703703703703703,4,16.0,Pepe Bordalás,4-4-2,109300000.0,28.179453674320204,181.0909090909091,239.0,1
538,H,2021-01-02,20:00,3451076.0,H,Real Madrid,418.0,9,2,1,14,4,0,1.979,1.24672,1.24672,14.225806451612904,4,2.0,Zinédine Zidane,4-3-3 Attacking,440000000.0,29.5010889179267,182.1818181818182,715.0,1
539,D,2021-01-03,17:30,3451077.0,A,Real Sociedad,681.0,8,2,7,15,1,0,1.5332,0.78536,0.78536,6.526315789473684,2,4.0,Imanol Alguacil,4-2-3-1,240000000.0,24.298923526849606,181.72727272727272,133.0,1
540,A,2021-01-03,20:00,3451074.0,A,SD Huesca,5358.0,4,4,2,12,1,0,0.0487999999999999,0.259005,0.259005,21.4375,2,20.0,Míchel,4-3-3 Attacking,28100000.0,27.11094518076038,181.54545454545453,23.0,1
541,A,2021-01-03,15:15,3451070.0,A,Alaves,1108.0,4,1,1,14,0,1,0.0447,0.154899,0.154899,19.0,1,14.0,Pablo Machín,4-3-3 Attacking,41800000.0,27.91836226743824,183.36363636363637,27.0,1
542,H,2021-01-03,13:00,3451071.0,H,Athletic Club,621.0,13,2,5,15,2,0,2.5003,1.38777,1.38777,6.045454545454546,9,9.0,Gaizka Garitano,4-2-3-1,149800000.0,27.47283927571402,182.0,114.0,1
543,H,2021-01-03,17:30,3451072.0,D,Eibar,1533.0,15,7,4,10,2,0,2.1621,1.84192,0.968547,5.9375,3,13.0,José Luis Mendilibar,4-4-2 double 6,48400000.0,28.159542032231972,179.72727272727272,71.0,1
544,D,2021-01-04,20:00,3451078.0,D,Valencia,1049.0,11,4,9,11,2,0,1.7501000000000002,0.942061,0.942061,6.666666666666667,8,18.0,Javi Gracia,4-4-2,153000000.0,25.8507871321013,179.9090909090909,159.0,1
545,A,2021-01-06,20:00,3431914.0,A,Athletic Club,621.0,8,3,3,10,2,0,0.7401,0.638117,0.638117,18.526315789473685,7,19.0,Marcelino,4-4-2 double 6,146800000.0,27.79018107149524,182.0,114.0,1
546,A,2021-01-08,20:00,3451081.0,A,Celta Vigo,940.0,8,3,3,15,1,0,0.0968,0.363035,0.363035,8.933333333333334,2,8.0,Eduardo Coudet,4-4-2 Diamond,83500000.0,25.919233401779604,179.72727272727272,132.0,1
547,H,2021-01-09,13:00,3451089.0,D,Sevilla,368.0,12,7,2,8,0,0,2.5429000000000004,2.9243,2.9243,13.076923076923077,13,4.0,Julen Lopetegui,4-3-3 Attacking,248000000.0,28.55852156057495,181.54545454545453,471.0,1
548,A,2021-01-09,17:30,3451084.0,A,Granada,16795.0,8,4,4,16,2,1,0.4933999999999999,0.490441,0.490441,36.21428571428572,2,7.0,Diego Martínez,4-2-3-1,65200000.0,28.232966212432334,182.45454545454547,101.0,1
549,D,2021-01-09,20:00,3451087.0,D,Osasuna,331.0,8,2,2,9,0,0,1.4723000000000002,0.589148,0.589148,14.785714285714286,5,19.0,Jagoba Arrasate,4-1-4-1,42100000.0,28.873623296621243,181.54545454545453,7.0,1
550,H,2021-01-10,13:00,3451086.0,D,Levante,3368.0,4,2,4,12,2,0,0.9263,0.857988,0.857988,12.545454545454543,5,11.0,Paco López,4-4-2 double 6,38400000.0,28.81637732561757,180.36363636363637,14.0,1
551,H,2021-01-10,15:15,3451082.0,D,Cadiz,2687.0,10,7,4,17,1,0,2.6804,2.59473,2.59473,13.25,2,10.0,Álvaro Cervera,4-4-2,23300000.0,29.490635305830377,182.45454545454547,69.0,1
552,A,2021-01-10,20:00,3451088.0,D,Real Valladolid,366.0,11,4,0,14,2,0,0.8508,0.562807,0.562807,8.696969696969697,4,17.0,Sergio,4-3-3 Attacking,31600000.0,26.93472714827951,177.63636363636363,54.0,1
553,A,2021-01-11,18:00,3451083.0,D,Elche,1531.0,7,4,1,14,4,1,0.254,1.21278,1.21278,16.785714285714285,3,18.0,Jorge Almirón,4-4-2 double 6,19800000.0,28.640159293136705,182.0909090909091,6.0,1
554,A,2021-01-11,20:00,3451085.0,D,SD Huesca,5358.0,10,3,3,12,2,0,0.3255,1.15245,1.15245,7.851851851851852,3,20.0,Míchel,4-4-2,26700000.0,29.078464314603945,180.0909090909091,29.0,1
555,H,2021-01-12,20:30,3431905.0,H,Atletico Madrid,13.0,5,4,3,14,2,0,0.7499,0.577443,0.577443,17.35,6,4.0,Diego Simeone,3-5-2 flat,445000000.0,27.927322506377948,180.1818181818182,687.0,1
556,H,2021-01-12,18:00,3431938.0,H,Granada,16795.0,9,2,4,16,1,0,1.5379999999999998,0.831007,0.831007,12.75,1,4.0,Diego Martínez,4-2-3-1,75100000.0,26.880965714641277,183.36363636363637,111.0,1
557,D,2021-01-19,18:00,3451097.0,A,Real Valladolid,366.0,13,2,4,14,1,1,1.7547,1.02082,1.02082,6.714285714285714,8,16.0,Sergio,4-3-3 Attacking,32300000.0,28.497791052205834,177.27272727272728,37.0,1
558,A,2021-01-19,20:30,3451090.0,A,Alaves,1108.0,12,3,3,15,3,0,1.6522,1.40643,0.663276,14.545454545454543,5,17.0,Abelardo,4-4-2,46100000.0,29.30993715387966,183.45454545454547,26.0,1
559,D,2021-01-19,18:00,3451092.0,D,Cadiz,2687.0,8,2,5,13,3,0,0.3909,0.725743,0.725743,18.1,1,9.0,Álvaro Cervera,4-4-2 double 6,21500000.0,29.701200920913447,181.72727272727272,69.0,1
560,H,2021-01-20,20:00,3451095.0,H,Real Betis,150.0,12,4,5,13,2,0,1.0186,0.646493,0.646493,12.923076923076923,8,8.0,Manuel Pellegrini,4-2-3-1,121000000.0,26.50662684338249,181.1818181818182,227.0,1
561,D,2021-01-20,20:30,3451099.0,D,Villarreal,1050.0,9,3,3,11,2,0,2.8731,2.15885,0.6723,7.333333333333333,6,5.0,Unai Emery,4-3-3 Attacking,120500000.0,28.05873934416029,184.36363636363637,112.0,1
562,H,2021-01-20,18:00,3451094.0,D,Getafe,3709.0,12,5,3,15,2,0,1.2565,0.656624,0.656624,8.357142857142858,2,12.0,Pepe Bordalás,4-4-1-1,130500000.0,27.60848733744011,180.9090909090909,255.0,1
563,D,2021-01-21,18:00,3451098.0,A,Valencia,1049.0,10,3,9,8,1,0,0.3966,0.439791,0.439791,10.470588235294118,7,14.0,Javi Gracia,4-2-3-1,172000000.0,25.90629083442225,182.0,168.0,1
564,A,2021-01-21,20:30,3451093.0,D,Eibar,1533.0,12,2,3,24,2,0,1.3434,1.27041,0.527257,8.973684210526315,4,15.0,José Luis Mendilibar,4-2-3-1,35100000.0,29.541161097629267,180.1818181818182,86.0,1
565,D,2021-01-22,20:00,3451106.0,D,Levante,3368.0,11,3,8,16,0,0,1.7098,1.04736,1.04736,6.548387096774194,7,12.0,Paco López,4-4-2 double 6,45200000.0,28.351938273909525,180.0909090909091,14.0,1
566,D,2021-01-23,13:00,3451105.0,D,SD Huesca,5358.0,5,1,1,9,3,0,0.8393,0.177253,0.177253,14.884615384615383,0,20.0,Pacheta,3-4-3,27800000.0,25.45242984257358,180.27272727272728,21.0,1
567,H,2021-01-23,15:15,3451109.0,H,Sevilla,368.0,15,7,7,12,1,0,2.3040000000000003,2.51675,2.51675,3.111111111111111,9,4.0,Julen Lopetegui,4-3-3 Attacking,189500000.0,28.65285296496796,180.63636363636363,495.0,1
568,D,2021-01-23,17:30,3451108.0,D,Real Sociedad,681.0,12,6,8,14,2,0,2.5421,2.24597,2.24597,7.161290322580645,15,6.0,Imanol Alguacil,4-3-3 Attacking,231800000.0,25.550121336568974,181.8181818181818,184.0,1
569,A,2021-01-23,20:00,3451100.0,A,Alaves,1108.0,14,4,4,16,5,0,0.7601,0.762571,0.762571,13.5,7,18.0,Abelardo,4-4-2,46100000.0,29.320888557028187,183.45454545454547,26.0,1
570,H,2021-01-24,13:00,3451107.0,H,Osasuna,331.0,7,4,1,15,5,1,2.4056,1.88102,1.88102,8.533333333333333,5,17.0,Jagoba Arrasate,4-3-3 Attacking,32400000.0,28.637421442349577,182.54545454545453,50.0,1
571,A,2021-01-24,15:15,3451104.0,A,Elche,1531.0,4,2,0,15,0,0,0.0477,0.477298,0.477298,22.875,2,19.0,Jorge Almirón,4-1-4-1,20600000.0,29.044365627527842,181.1818181818182,47.0,1
572,D,2021-01-24,17:30,3451103.0,H,Celta Vigo,940.0,7,4,0,10,4,0,2.1828,1.53045,1.53045,10.0,2,9.0,Eduardo Coudet,4-1-4-1,79500000.0,26.737352996079895,178.45454545454547,190.0,1
573,H,2021-01-24,20:00,3451102.0,D,Atletico Madrid,13.0,14,5,7,11,2,0,2.6813,2.05311,2.05311,9.25925925925926,9,1.0,Diego Simeone,3-5-2 flat,493000000.0,27.416339991288655,181.8181818181818,657.0,1
574,H,2021-01-25,20:00,3451101.0,D,Athletic Club,621.0,11,8,4,13,4,0,1.819,1.87633,1.87633,7.619047619047619,3,11.0,Marcelino,4-4-2,129000000.0,27.94524298425736,180.63636363636363,93.0,1
575,A,2021-01-29,20:00,3451117.0,A,Real Valladolid,366.0,14,4,6,12,2,0,1.7886,1.74924,1.74924,6.575757575757576,4,16.0,Sergio,4-2-3-1,28000000.0,29.22232592869143,178.9090909090909,37.0,1
576,D,2021-01-30,20:00,3451119.0,H,Villarreal,1050.0,4,2,1,10,1,0,0.427,0.232475,0.232475,27.142857142857142,5,5.0,Unai Emery,4-1-4-1,138500000.0,29.342542467799138,182.0,97.0,1
577,H,2021-01-30,17:30,3451118.0,H,Valencia,1049.0,14,4,4,18,1,0,2.9095,3.00838,2.26523,6.461538461538462,2,14.0,Javi Gracia,4-4-2,172500000.0,25.47371041005538,180.1818181818182,140.0,1
578,A,2021-01-30,13:00,3451112.0,A,Eibar,1533.0,17,6,6,10,4,0,0.7682,1.02238,1.02238,16.27777777777778,5,15.0,José Luis Mendilibar,4-4-2 double 6,48600000.0,28.74270424989111,179.45454545454547,91.0,1
579,A,2021-01-30,15:15,3451116.0,D,Real Madrid,418.0,8,2,3,9,1,1,0.9137,1.23555,1.23555,13.31578947368421,7,2.0,Zinédine Zidane,4-3-3 Attacking,465000000.0,28.537365440856203,183.1818181818182,667.0,1
580,D,2021-01-31,13:00,3451113.0,D,Getafe,3709.0,5,1,5,20,3,0,1.6626999999999998,0.530765,0.530765,2.9642857142857144,2,12.0,Pepe Bordalás,3-4-2-1,105300000.0,27.355858378445646,181.45454545454547,147.0,1
581,A,2021-01-31,15:15,3451111.0,A,Cadiz,2687.0,11,6,2,7,1,0,0.6225,0.861261,0.861261,19.11111111111111,1,13.0,Álvaro Cervera,4-4-2 double 6,18300000.0,29.360960736730757,179.9090909090909,69.0,1
582,D,2021-01-31,17:30,3451114.0,D,Granada,16795.0,10,5,6,16,2,0,1.1858,0.3242,0.3242,14.470588235294118,0,8.0,Diego Martínez,4-2-3-1,80200000.0,26.16563997262149,182.1818181818182,113.0,1
583,H,2021-01-31,20:00,3451110.0,H,Barcelona,131.0,12,6,7,12,2,0,2.8201,2.53148,2.53148,11.333333333333334,5,3.0,Ronald Koeman,4-2-3-1,480000000.0,26.490448634185803,179.54545454545453,811.0,1
584,H,2021-02-01,20:00,3451115.0,D,Real Betis,150.0,8,4,3,12,1,0,1.8108,1.9333,1.9333,6.44,8,7.0,Manuel Pellegrini,4-2-3-1,104000000.0,28.1448571961919,181.45454545454547,186.0,1
585,H,2021-02-05,20:00,3451128.0,D,Alaves,1108.0,20,5,11,11,4,0,2.6447,1.60639,1.60639,5.206896551724138,7,16.0,Abelardo,4-4-2 double 6,41500000.0,29.81345280318586,183.36363636363637,24.0,1
586,D,2021-02-06,13:00,3451133.0,D,Levante,3368.0,11,7,6,12,1,0,1.5391,1.52404,1.52404,5.913043478260869,5,9.0,Paco López,4-4-2 double 6,46900000.0,29.961296745690994,181.0909090909091,5.0,1
587,A,2021-02-06,15:15,3451132.0,D,SD Huesca,5358.0,13,2,3,18,2,0,0.1041,0.920971,0.920971,14.761904761904765,1,20.0,Pacheta,3-5-2,26800000.0,26.851745379876796,181.72727272727272,22.0,1
588,D,2021-02-06,17:30,3451131.0,A,Elche,1531.0,8,2,4,17,1,0,0.9963,1.13518,1.13518,9.763157894736842,2,19.0,Jorge Almirón,4-4-2 double 6,22500000.0,27.91836226743824,181.27272727272728,49.0,1
589,H,2021-02-06,20:00,3451137.0,D,Sevilla,368.0,17,5,3,10,1,0,2.7554,2.03342,2.03342,3.4,8,4.0,Julen Lopetegui,4-3-3 Attacking,241000000.0,27.49175533569784,182.0909090909091,343.0,1
590,H,2021-02-07,13:00,3451136.0,H,Real Sociedad,681.0,17,6,5,7,0,0,2.996,4.7946,4.05133,9.5,12,6.0,Imanol Alguacil,4-3-3 Attacking,222000000.0,26.03596540352187,182.9090909090909,171.0,1
591,D,2021-02-07,15:15,3451129.0,H,Athletic Club,621.0,11,2,6,10,2,0,1.7903000000000002,1.34704,1.34704,9.51851851851852,8,11.0,Marcelino,4-4-2,130000000.0,25.975483790678865,181.63636363636363,116.0,1
592,H,2021-02-07,17:30,3451134.0,D,Osasuna,331.0,12,4,2,10,0,0,2.4678,2.62128,2.62128,9.8125,5,15.0,Jagoba Arrasate,4-4-2 double 6,45800000.0,27.513658141994895,182.45454545454547,56.0,1
593,A,2021-02-07,20:00,3451135.0,H,Real Betis,150.0,8,5,3,21,1,0,1.8145,1.87521,1.87521,18.58333333333333,2,8.0,Manuel Pellegrini,4-2-3-1,83300000.0,27.948229730570596,180.1818181818182,345.0,1
594,D,2021-02-08,20:00,3451130.0,D,Atletico Madrid,13.0,9,2,1,12,2,0,0.8366,1.22973,1.22973,11.615384615384617,4,1.0,Diego Simeone,3-5-2 flat,480000000.0,28.00696907473088,182.54545454545453,582.0,1
595,H,2021-02-09,20:00,3431910.0,D,Real Madrid,418.0,14,4,8,8,1,0,2.7342,1.86359,1.86359,8.266666666666667,6,3.0,Zinédine Zidane,3-4-3,385500000.0,28.163275465123515,182.0,702.0,1
596,H,2021-02-12,20:00,3451147.0,H,Celta Vigo,940.0,9,6,3,11,3,0,2.4691,2.31967,2.31967,10.304347826086955,13,9.0,Eduardo Coudet,4-4-2 double 6,94500000.0,27.907659759815818,180.54545454545453,201.0,1
597,A,2021-02-13,13:00,3451151.0,D,Granada,16795.0,6,1,7,14,0,0,1.2529,0.827088,0.827088,12.142857142857142,5,8.0,Diego Martínez,3-4-3,62500000.0,28.341235766287102,183.36363636363637,61.0,1
598,H,2021-02-13,15:15,3451154.0,D,Sevilla,368.0,14,4,6,14,3,0,1.2264,1.329,1.329,7.105263157894737,11,4.0,Julen Lopetegui,4-3-3 Attacking,143000000.0,29.245473212619004,182.36363636363637,344.0,1
599,D,2021-02-13,17:30,3451149.0,D,Eibar,1533.0,14,2,7,15,2,0,2.1333,1.92231,1.92231,4.666666666666667,7,17.0,José Luis Mendilibar,4-4-2 double 6,52800000.0,28.544583411113184,179.45454545454547,71.0,1
600,H,2021-02-13,20:00,3451146.0,H,Barcelona,131.0,17,9,5,10,0,0,2.7219,2.86032,2.86032,11.0,6,3.0,Ronald Koeman,4-3-3 Attacking,403000000.0,25.57077966523552,181.36363636363637,667.0,1
601,A,2021-02-14,13:00,3451150.0,A,Getafe,3709.0,4,0,2,23,3,1,0.3051,0.263007,0.263007,8.541666666666666,4,13.0,Pepe Bordalás,4-4-2,100100000.0,27.103229419451182,182.8181818181818,156.0,1
602,H,2021-02-14,15:15,3451153.0,H,Real Madrid,418.0,16,7,6,13,0,0,2.0958,0.862855,0.862855,9.153846153846152,10,2.0,Zinédine Zidane,4-3-3 Attacking,475000000.0,28.797710161159852,182.45454545454547,753.0,1
603,A,2021-02-14,17:30,3451152.0,D,Levante,3368.0,13,4,2,13,1,0,2.2928,1.73006,0.986907,5.739130434782608,6,11.0,Paco López,3-1-4-2,35400000.0,28.653599651546266,180.72727272727272,13.0,1
604,A,2021-02-14,20:00,3451155.0,A,Villarreal,1050.0,9,5,7,19,3,0,1.223,1.17957,0.436295,6.454545454545454,5,6.0,Unai Emery,4-3-3 Attacking,165500000.0,27.550245784332027,181.72727272727272,145.0,1
605,A,2021-02-15,20:00,3451148.0,A,Cadiz,2687.0,11,2,5,15,3,0,0.2732,0.567254,0.567254,9.0625,2,15.0,Álvaro Cervera,4-4-2 double 6,19700000.0,30.025760686951653,181.54545454545453,64.0,1
606,D,2021-02-17,18:00,3431920.0,D,Levante,3368.0,7,4,1,10,1,0,0.8441000000000001,0.642423,0.642423,15.0,2,15.0,Paco López,4-4-2 double 6,62600000.0,28.68147595046979,179.45454545454547,87.0,1
607,H,2021-02-19,20:00,3451162.0,D,Real Betis,150.0,12,5,5,17,5,1,2.9135,2.67474,1.05365,4.391304347826087,7,7.0,Manuel Pellegrini,4-2-3-1,126800000.0,27.78171862360774,181.1818181818182,376.0,1
608,H,2021-02-20,13:00,3451159.0,H,Elche,1531.0,6,2,1,16,2,0,0.3809,0.397175,0.397175,11.9375,3,17.0,Fran Escribá,4-4-2 double 6,25300000.0,28.389770393877168,184.45454545454547,47.0,1
609,A,2021-02-20,15:15,3451157.0,A,Atletico Madrid,13.0,28,11,12,10,2,0,2.2884,2.06148,2.06148,8.137931034482758,13,1.0,Diego Simeone,3-4-2-1,510000000.0,27.184369360960737,182.0,542.0,1
610,H,2021-02-20,17:30,3451165.0,D,Valencia,1049.0,10,3,6,9,2,0,1.7914,1.16675,1.16675,12.933333333333334,4,12.0,Javi Gracia,4-4-2,162000000.0,25.120278762989233,180.54545454545453,218.0,1
611,A,2021-02-20,20:00,3451164.0,D,Real Valladolid,366.0,9,5,4,13,4,0,0.9613,0.909714,0.909714,15.714285714285714,3,19.0,Sergio,4-2-3-1,24300000.0,29.20664551054695,179.1818181818182,14.0,1
612,D,2021-02-21,20:00,3451156.0,D,Athletic Club,621.0,18,8,6,12,2,0,2.8646,2.32222,2.32222,10.085714285714284,7,11.0,Marcelino,4-4-2 double 6,165000000.0,28.510484724037088,180.0909090909091,107.0,1
613,H,2021-02-21,17:30,3451160.0,H,SD Huesca,5358.0,15,6,5,13,3,0,2.5901,2.47156,1.72828,10.615384615384617,1,20.0,Pacheta,3-4-2-1,27900000.0,27.48752411175409,180.63636363636363,22.0,1
614,H,2021-02-21,15:15,3451163.0,H,Real Sociedad,681.0,8,4,4,17,3,0,2.8154,2.50353,2.50353,5.653846153846154,5,5.0,Imanol Alguacil,4-3-3 Attacking,244000000.0,27.126874494430965,180.9090909090909,184.0,1
615,D,2021-02-21,13:00,3451158.0,H,Barcelona,131.0,20,4,8,13,0,0,2.1759000000000004,2.39005,1.64677,2.76,21,4.0,Ronald Koeman,4-3-3 Attacking,512000000.0,27.523862858565113,179.8181818181818,830.0,1
616,A,2021-02-22,20:00,3451161.0,A,Osasuna,331.0,6,0,3,14,2,0,0.7769999999999999,0.457508,0.457508,12.555555555555555,3,13.0,Jagoba Arrasate,4-3-3 Attacking,46000000.0,27.13334577810964,182.54545454545453,54.0,1
617,H,2021-02-24,18:00,3431906.0,D,Barcelona,131.0,9,5,6,8,0,0,2.8299000000000003,2.66084,2.66084,11.52,14,1.0,Ronald Koeman,4-3-3 Attacking,424000000.0,27.397921722357044,180.36363636363637,675.0,1
618,D,2021-02-26,20:00,3451180.0,H,Levante,3368.0,10,4,2,11,3,0,0.5811,1.05928,0.316,16.352941176470587,0,9.0,Paco López,5-4-1,44500000.0,29.477941633999126,180.54545454545453,4.0,1
619,D,2021-02-27,13:00,3451177.0,D,Eibar,1533.0,17,3,6,19,2,0,2.4176,1.79661,1.79661,6.545454545454546,5,17.0,José Luis Mendilibar,4-4-2 double 6,43500000.0,29.273847302594735,181.0,7.0,1
620,A,2021-02-27,15:15,3451182.0,A,Sevilla,368.0,4,2,3,20,5,0,0.1422,0.117061,0.117061,10.057142857142855,3,4.0,Julen Lopetegui,4-2-3-1,215000000.0,29.922966834671147,180.9090909090909,350.0,1
621,A,2021-02-27,17:30,3451174.0,D,Alaves,1108.0,4,1,5,18,3,0,0.6879,0.483459,0.483459,7.095238095238095,6,16.0,Abelardo,4-4-2 double 6,39900000.0,30.226370480990603,183.45454545454547,15.0,1
622,H,2021-02-27,20:00,3451178.0,H,Getafe,3709.0,15,4,3,21,5,0,2.0132,0.895893,0.895893,6.535714285714286,4,13.0,Pepe Bordalás,4-4-2,114300000.0,27.46761246966586,182.9090909090909,273.0,1
623,D,2021-02-28,13:00,3451175.0,D,Celta Vigo,940.0,11,2,3,20,3,0,1.3894,0.86079,0.86079,4.103448275862069,3,10.0,Eduardo Coudet,4-4-2 Diamond,97000000.0,27.477070499657767,180.8181818181818,201.0,1
624,A,2021-02-28,15:15,3451176.0,D,Cadiz,2687.0,5,3,3,9,1,0,0.7928,0.227972,0.227972,17.72222222222222,1,15.0,Álvaro Cervera,4-4-2 double 6,24900000.0,29.716134652479624,180.72727272727272,0.0,1
625,H,2021-02-28,17:30,3451179.0,D,Granada,16795.0,13,4,5,14,3,0,1.4726,1.45197,1.45197,6.571428571428571,1,8.0,Diego Martínez,4-2-3-1,69000000.0,26.83940016178209,184.54545454545453,54.0,1
626,A,2021-02-28,20:00,3451183.0,A,Villarreal,1050.0,19,6,10,15,2,0,2.2998,1.941,1.941,5.566666666666666,16,7.0,Unai Emery,4-3-3 Attacking,170500000.0,28.229481675066893,183.54545454545453,188.0,1
627,D,2021-03-01,20:00,3451181.0,D,Real Madrid,418.0,21,2,13,5,0,0,1.9355,1.98534,1.98534,17.615384615384617,17,2.0,Zinédine Zidane,4-3-3 Attacking,415000000.0,29.12401219588078,182.0,608.0,1
628,H,2021-03-05,20:00,3451201.0,A,Valencia,1049.0,25,4,5,12,4,0,1.2851,1.75518,1.0119,11.894736842105264,7,12.0,Javi Gracia,4-4-2,162000000.0,25.155870823221957,180.54545454545453,218.0,1
629,A,2021-03-06,20:00,3451197.0,A,Osasuna,331.0,10,3,3,4,0,0,0.9036,0.756534,0.756534,23.352941176470587,5,13.0,Jagoba Arrasate,4-4-2 double 6,49300000.0,26.71545018978284,181.72727272727272,21.0,1
630,H,2021-03-06,17:30,3451194.0,H,Cadiz,2687.0,6,2,0,7,2,0,1.3785,1.6239,1.6239,23.5,0,14.0,Álvaro Cervera,4-4-2 double 6,23800000.0,30.049903552983633,180.63636363636363,5.0,1
631,H,2021-03-06,15:15,3451195.0,D,Elche,1531.0,6,3,6,16,4,0,1.4249,1.0131,1.0131,15.782608695652174,2,17.0,Fran Escribá,4-4-2,22600000.0,28.38105905046357,184.0,4.0,1
632,H,2021-03-06,13:00,3451200.0,H,Real Valladolid,366.0,4,3,1,16,2,0,1.7307,1.31724,1.31724,5.6,3,16.0,Sergio,4-4-2,33900000.0,29.312177213614586,180.63636363636363,92.0,1
633,A,2021-03-07,13:00,3451196.0,D,SD Huesca,5358.0,19,7,6,12,0,0,2.8115,3.13618,3.13618,13.263157894736842,3,20.0,Pacheta,5-3-2,27900000.0,27.52585402277394,180.63636363636363,22.0,1
634,D,2021-03-07,15:15,3451193.0,H,Atletico Madrid,13.0,11,5,1,19,5,0,1.4437000000000002,1.9832,1.9832,14.541666666666666,10,1.0,Diego Simeone,4-1-4-1,430000000.0,28.591624665546636,180.63636363636363,588.0,1
635,H,2021-03-07,17:30,3451199.0,H,Real Sociedad,681.0,25,8,7,13,0,0,2.9904,4.95179,4.20852,6.181818181818182,13,5.0,Imanol Alguacil,4-3-3 Attacking,246000000.0,25.066517329351004,182.45454545454547,222.0,1
636,H,2021-03-07,20:00,3451192.0,H,Athletic Club,621.0,7,5,6,10,2,0,1.1651,1.28132,0.538039,10.590909090909092,2,10.0,Marcelino,4-2-3-1,79700000.0,26.08698898637297,181.36363636363637,71.0,1
637,H,2021-03-08,20:00,3451198.0,A,Real Betis,150.0,23,8,12,13,0,0,2.3122000000000003,2.01921,1.27593,4.0,13,6.0,Manuel Pellegrini,4-2-3-1,117300000.0,27.88401468483604,180.0,377.0,1
638,H,2021-03-10,18:00,3451080.0,D,Atletico Madrid,13.0,11,5,5,12,2,0,2.1166,1.53875,0.795476,16.7,7,1.0,Diego Simeone,4-1-4-1,470000000.0,28.17497355485035,181.54545454545453,612.0,1
639,H,2021-03-12,20:00,3451210.0,H,Levante,3368.0,11,3,3,17,3,0,1.6921,0.853066,0.853066,11.48,6,9.0,Paco López,4-4-2 double 6,66900000.0,29.284798705743263,179.9090909090909,85.0,1
640,D,2021-03-13,13:00,3451204.0,H,Alaves,1108.0,9,3,2,22,3,1,1.1068,1.48992,0.746643,7.0,2,18.0,Abelardo,4-4-2 double 6,42900000.0,28.846244788749924,183.0,63.0,1
641,H,2021-03-13,15:15,3451212.0,D,Real Madrid,418.0,17,4,6,11,1,0,2.1778,1.72628,1.72628,7.291666666666667,8,3.0,Zinédine Zidane,3-1-4-2,459000000.0,28.433824901997387,182.9090909090909,588.0,1
642,D,2021-03-13,17:30,3451211.0,D,Osasuna,331.0,14,2,7,12,2,0,0.8904,0.467892,0.467892,5.137931034482759,12,13.0,Jagoba Arrasate,4-4-2,50300000.0,26.73984195134092,181.72727272727272,57.0,1
643,D,2021-03-13,20:00,3451208.0,D,Getafe,3709.0,11,2,3,9,1,1,0.3644,0.409679,0.409679,18.58823529411765,1,15.0,Pepe Bordalás,4-4-2,132300000.0,25.81942629581233,182.9090909090909,282.0,1
644,D,2021-03-14,13:00,3451206.0,D,Celta Vigo,940.0,13,3,1,20,3,0,1.7620999999999998,1.18876,1.18876,4.102564102564102,6,10.0,Eduardo Coudet,4-4-2,84300000.0,27.652541845560325,180.27272727272728,196.0,1
645,H,2021-03-14,15:15,3451209.0,D,Granada,16795.0,7,2,4,23,2,0,1.2635,0.331961,0.331961,8.838709677419354,1,8.0,Diego Martínez,4-2-3-1,60400000.0,27.494742082011076,183.0909090909091,51.0,1
646,A,2021-03-14,17:30,3451207.0,A,Eibar,1533.0,16,7,7,12,2,0,0.4201,1.32358,0.580301,8.08695652173913,6,19.0,José Luis Mendilibar,4-2-3-1,51000000.0,29.120278762989233,180.72727272727272,69.0,1
647,H,2021-03-14,20:00,3451213.0,H,Sevilla,368.0,9,3,3,12,3,0,1.4934,0.841992,0.841992,9.208333333333334,2,4.0,Julen Lopetegui,4-3-3 Attacking,281000000.0,28.739717503577875,180.0,365.0,1
648,H,2021-03-15,20:00,3451205.0,H,Barcelona,131.0,12,5,7,8,0,0,0.7961,1.52419,1.52419,9.28,10,2.0,Ronald Koeman,3-4-2-1,510000000.0,26.468296932362644,178.9090909090909,834.0,1
649,H,2021-03-17,18:00,3431922.0,H,Sevilla,368.0,13,8,4,9,2,0,2.4109,1.95263,1.95263,10.090909090909092,6,11.0,Julen Lopetegui,4-3-3 Attacking,186500000.0,28.045547881276832,180.63636363636363,557.0,1
650,H,2021-03-19,20:00,3451378.0,D,Real Betis,150.0,15,6,4,14,2,0,2.7086,2.46001,2.46001,7.896551724137931,13,6.0,Manuel Pellegrini,4-2-3-1,121800000.0,28.86764980399477,179.0909090909091,413.0,1
651,D,2021-03-20,13:00,3451373.0,D,Athletic Club,621.0,18,4,10,5,1,0,2.3040000000000003,1.72731,1.72731,15.23076923076923,6,9.0,Marcelino,4-4-2 double 6,153000000.0,28.323066392881586,181.0909090909091,107.0,1
652,A,2021-03-20,15:15,3451375.0,A,Celta Vigo,940.0,8,3,1,23,3,0,0.1503999999999999,0.686996,0.686996,8.352941176470589,6,11.0,Eduardo Coudet,4-4-2 Diamond,88500000.0,27.82826208698899,180.0909090909091,199.0,1
653,D,2021-03-20,17:30,3451377.0,D,SD Huesca,5358.0,15,3,5,9,1,0,1.4228,0.89442,0.89442,8.105263157894736,1,20.0,Pacheta,3-5-2,29500000.0,28.602078277642956,180.45454545454547,60.0,1
654,D,2021-03-20,20:00,3451380.0,H,Real Valladolid,366.0,3,2,2,17,3,0,1.0292,0.809957,0.0666794,12.258064516129032,4,16.0,Sergio,4-4-2 double 6,33900000.0,29.350507124634433,180.63636363636363,92.0,1
655,A,2021-03-21,20:00,3451379.0,A,Real Sociedad,681.0,10,5,1,11,3,0,0.145,0.917148,0.917148,16.703703703703702,5,5.0,Imanol Alguacil,5-4-1,253000000.0,24.504511231410618,181.72727272727272,209.0,1
656,H,2021-03-21,17:30,3451374.0,D,Atletico Madrid,13.0,8,4,5,17,3,0,0.8046,0.64656,0.64656,4.727272727272728,7,1.0,Diego Simeone,3-1-4-2,475000000.0,28.113496359902932,180.1818181818182,687.0,1
657,H,2021-03-21,15:15,3451382.0,H,Villarreal,1050.0,13,4,5,14,3,0,2.6331,2.50648,1.76321,4.888888888888889,13,7.0,Unai Emery,4-4-2 double 6,120300000.0,29.150892912699895,181.9090909090909,290.0,1
658,H,2021-03-21,15:15,3451381.0,H,Valencia,1049.0,18,9,3,11,0,0,1.7345,1.4357,1.4357,8.909090909090908,5,12.0,Javi Gracia,4-4-2,174000000.0,25.866965341297988,182.36363636363637,220.0,1
659,D,2021-03-21,13:00,3451376.0,A,Getafe,3709.0,12,5,4,17,3,0,1.7426,1.79357,1.0503,4.5,8,14.0,Pepe Bordalás,4-2-3-1,133050000.0,24.725779354116113,182.45454545454547,305.0,1
660,A,2021-04-02,20:00,3451388.0,A,Levante,3368.0,13,3,8,15,2,0,0.897,0.462819,0.462819,4.2727272727272725,8,11.0,Paco López,5-4-1,51100000.0,28.832804430340364,181.0,6.0,1
661,A,2021-04-03,13:00,3451387.0,A,Granada,16795.0,6,2,3,14,2,0,0.1849,1.22939,0.48611,7.0625,3,10.0,Diego Martínez,4-2-3-1,64100000.0,30.0043556717068,184.54545454545453,49.0,1
662,H,2021-04-03,15:15,3451390.0,H,Real Madrid,418.0,21,8,6,6,0,0,2.5725,1.96177,1.96177,18.33333333333333,7,3.0,Zinédine Zidane,3-4-2-1,340500000.0,29.444589633501337,181.1818181818182,647.0,1
663,D,2021-04-03,17:30,3451389.0,D,Osasuna,331.0,4,1,2,23,2,0,1.0535,0.198501,0.198501,3.9,1,14.0,Jagoba Arrasate,4-4-2,40600000.0,28.83977350507125,183.36363636363637,10.0,1
664,H,2021-04-04,20:00,3451392.0,D,Sevilla,368.0,18,5,3,13,2,0,2.4828,1.89943,1.15615,14.0,6,4.0,Julen Lopetegui,4-3-3 Attacking,255000000.0,29.406010826955388,181.54545454545453,418.0,1
665,H,2021-04-04,17:30,3451385.0,D,Cadiz,2687.0,6,2,4,10,2,0,1.5072,1.02818,1.02818,20.0,0,13.0,Álvaro Cervera,4-4-1-1,22900000.0,29.933171551241365,178.36363636363637,5.0,1
666,D,2021-04-04,15:15,3451386.0,D,Elche,1531.0,7,3,7,9,1,0,0.4911,0.797759,0.797759,14.7,1,17.0,Fran Escribá,4-4-2,22600000.0,28.571713023458404,183.54545454545453,49.0,1
667,A,2021-04-04,13:00,3451383.0,A,Alaves,1108.0,17,7,6,9,4,0,0.7971,1.868,1.868,8.428571428571429,9,19.0,Abelardo,4-4-2 double 6,48300000.0,28.873125505569035,182.36363636363637,65.0,1
668,H,2021-04-05,20:00,3451384.0,D,Barcelona,131.0,25,10,4,12,3,0,2.3318,1.68796,1.68796,6.153846153846154,9,2.0,Ronald Koeman,3-4-2-1,494000000.0,26.525791798892417,178.9090909090909,834.0,1
669,D,2021-04-07,20:00,3451391.0,D,Real Sociedad,681.0,12,2,3,18,3,0,1.0254,0.724498,0.724498,7.037037037037037,5,5.0,Imanol Alguacil,4-4-2 double 6,234500000.0,23.701823159728704,182.54545454545453,168.0,1
670,H,2021-04-09,20:00,3451397.0,H,SD Huesca,5358.0,8,5,6,17,2,0,1.5133,1.09388,0.350603,11.333333333333334,4,16.0,Pacheta,3-5-2,26100000.0,29.134465807977104,180.8181818181818,40.0,1
671,A,2021-04-10,13:00,3451396.0,D,Getafe,3709.0,19,4,10,10,3,0,2.7443,2.78378,2.78378,6.090909090909091,6,15.0,Pepe Bordalás,4-2-3-1,133500000.0,26.831933295999008,182.27272727272728,290.0,1
672,D,2021-04-10,15:15,3451393.0,D,Athletic Club,621.0,11,4,6,13,2,0,2.5172,1.81094,1.81094,11.51851851851852,9,11.0,Marcelino,4-4-2 double 6,76900000.0,26.377450065335076,181.8181818181818,65.0,1
673,A,2021-04-10,17:30,3451395.0,A,Eibar,1533.0,10,4,6,9,3,0,1.2583000000000002,0.360623,0.360623,8.678571428571429,3,20.0,José Luis Mendilibar,3-4-1-2,21300000.0,30.263953705432144,179.72727272727272,46.0,1
674,H,2021-04-10,20:00,3451399.0,H,Real Madrid,418.0,14,3,5,16,3,1,1.7673,1.64993,1.64993,12.958333333333334,9,2.0,Zinédine Zidane,4-3-3 Attacking,425000000.0,28.338995706552172,182.0,690.0,1
675,D,2021-04-11,20:00,3451398.0,D,Real Betis,150.0,8,4,5,12,0,0,0.6940999999999999,0.613966,0.613966,10.703703703703704,1,6.0,Manuel Pellegrini,4-2-3-1,124000000.0,29.737041876672265,180.36363636363637,207.0,1
676,A,2021-04-11,17:30,3451400.0,H,Real Valladolid,366.0,7,3,2,14,4,0,1.3248,1.19214,0.448863,9.15,6,17.0,Sergio,4-4-2,27800000.0,29.10808288221019,179.27272727272728,32.0,1
677,A,2021-04-11,13:00,3451402.0,D,Villarreal,1050.0,15,6,6,6,0,0,1.5822000000000005,1.60338,1.60338,8.692307692307692,16,7.0,Unai Emery,3-5-2 flat,91500000.0,28.980648372845497,179.9090909090909,134.0,1
678,D,2021-04-11,15:15,3451401.0,A,Valencia,1049.0,9,2,4,11,6,1,2.3037,2.34115,0.85459,14.5625,2,13.0,Javi Gracia,4-4-2 double 6,181500000.0,26.509364694169623,182.54545454545453,155.0,1
679,A,2021-04-12,20:00,3451394.0,H,Celta Vigo,940.0,12,5,5,18,3,0,1.7447,2.09186,1.34858,9.441176470588236,5,10.0,Eduardo Coudet,4-4-2 Diamond,90500000.0,26.818990728641655,179.45454545454547,153.0,1
680,D,2021-04-18,17:30,3451427.0,D,Cadiz,2687.0,5,2,4,6,0,0,1.1177,0.322965,0.322965,50.285714285714285,3,13.0,Álvaro Cervera,4-4-2 double 6,23900000.0,29.82191525107336,180.54545454545453,15.0,1
681,A,2021-04-18,20:00,3451429.0,A,Levante,3368.0,12,3,4,9,2,0,0.6433,0.844482,0.844482,10.757575757575758,5,12.0,Paco López,4-4-2 double 6,58600000.0,29.726339369049843,179.54545454545453,85.0,1
682,D,2021-04-18,20:00,3451428.0,D,Getafe,3709.0,19,6,6,17,3,0,2.5473,2.19426,2.19426,9.029411764705882,9,15.0,Pepe Bordalás,4-4-2,125500000.0,27.223694854085,183.54545454545453,276.0,1
683,D,2021-04-18,17:30,3451431.0,H,Real Betis,150.0,9,5,6,12,3,0,0.4847,0.62725,0.62725,10.434782608695652,6,6.0,Manuel Pellegrini,4-2-3-1,116700000.0,30.193516271545022,180.0,194.0,1
684,H,2021-04-18,15:15,3451423.0,D,Alaves,1108.0,10,2,7,15,1,0,0.7626999999999999,0.316991,0.316991,11.19047619047619,2,16.0,Javier Calleja,4-4-2,44100000.0,29.603882770207203,182.36363636363637,19.0,1
685,A,2021-04-18,13:00,3451432.0,A,Real Sociedad,681.0,5,2,7,20,3,0,0.0211,0.292775,0.292775,7.035714285714286,2,5.0,Imanol Alguacil,4-1-4-1,230000000.0,24.77456287723228,182.9090909090909,168.0,1
686,H,2021-04-18,13:00,3451430.0,H,Osasuna,331.0,9,3,4,14,2,0,1.0869,0.531975,0.531975,8.0,12,11.0,Jagoba Arrasate,4-1-4-1,56500000.0,26.763984817372908,182.54545454545453,57.0,1
687,H,2021-04-18,15:15,3451425.0,H,Atletico Madrid,13.0,10,7,8,10,0,0,2.9774,2.75029,2.75029,11.217391304347826,13,1.0,Diego Simeone,4-4-2,472000000.0,27.729699458652227,180.45454545454547,655.0,1
688,A,2021-04-21,18:00,3451409.0,D,Levante,3368.0,6,1,2,15,4,0,0.1142,0.310335,0.310335,13.2,7,10.0,Paco López,4-4-1-1,48200000.0,26.64974177089167,179.9090909090909,90.0,1
689,H,2021-04-21,18:00,3451410.0,H,Osasuna,331.0,18,9,5,17,1,0,2.7682,3.63596,2.1494,10.25925925925926,6,11.0,Jagoba Arrasate,4-3-3 Attacking,39400000.0,28.182938211685645,182.54545454545453,22.0,1
690,D,2021-04-21,19:00,3451411.0,D,Real Betis,150.0,6,2,5,10,3,1,0.6895,0.244787,0.244787,18.53846153846154,7,6.0,Manuel Pellegrini,4-4-1-1,133500000.0,28.118225374898884,181.45454545454547,214.0,1
691,H,2021-04-21,20:00,3451403.0,H,Alaves,1108.0,9,4,3,8,2,0,1.3308999999999995,1.40963,1.40963,14.571428571428571,1,19.0,Javier Calleja,4-4-2,46300000.0,30.075539792172233,182.8181818181818,17.0,1
692,D,2021-04-21,20:00,3451407.0,H,Elche,1531.0,9,3,4,23,5,0,1.3755,1.33615,1.33615,6.964285714285714,0,18.0,Fran Escribá,4-4-2,23400000.0,28.39599278202974,184.72727272727272,5.0,1
693,A,2021-04-21,21:00,3451406.0,A,Cadiz,2687.0,14,3,7,13,4,0,0.242,1.31917,1.31917,17.666666666666668,5,13.0,Álvaro Cervera,4-4-2 double 6,23500000.0,29.746002115611972,179.0,5.0,1
694,H,2021-04-22,21:00,3451405.0,H,Barcelona,131.0,9,6,3,8,2,0,2.0017,2.15458,1.41143,5.6,10,3.0,Ronald Koeman,3-5-2 flat,442000000.0,28.30141248211063,180.8181818181818,750.0,1
695,H,2021-04-22,18:00,3451404.0,H,Atletico Madrid,13.0,18,12,8,9,2,0,2.0531,2.32831,2.32831,18.9,8,1.0,Diego Simeone,4-4-2,472000000.0,27.74065086180076,180.45454545454547,655.0,1
696,H,2021-04-22,20:00,3451408.0,H,Granada,16795.0,8,4,4,13,1,0,1.7229,1.76204,1.76204,13.31578947368421,3,8.0,Diego Martínez,4-4-2,58600000.0,30.35455167693361,182.63636363636363,98.0,1
697,H,2021-04-22,20:00,3451412.0,H,Real Sociedad,681.0,7,3,2,17,4,0,2.6828,2.19014,0.703585,10.304347826086955,6,5.0,Imanol Alguacil,4-4-2 double 6,148800000.0,26.27540289963288,181.8181818181818,103.0,1
698,D,2021-04-24,20:00,3451418.0,D,Real Madrid,418.0,17,5,8,17,1,0,1.3633000000000002,0.985387,0.985387,9.333333333333334,9,2.0,Zinédine Zidane,4-3-3 Attacking,403000000.0,28.49530209694481,182.1818181818182,810.0,1
699,D,2021-04-24,17:30,3451421.0,D,Valencia,1049.0,9,2,7,17,4,0,1.4373,1.00912,1.00912,8.666666666666666,4,14.0,Javi Gracia,4-4-2 double 6,187500000.0,26.25325119780972,180.8181818181818,177.0,1
700,D,2021-04-24,15:15,3451419.0,H,Real Valladolid,366.0,13,6,5,11,1,0,2.5213,3.23903,3.23903,6.526315789473684,3,17.0,Sergio,4-4-2,30600000.0,29.098375956692177,180.8181818181818,82.0,1
701,H,2021-04-24,13:00,3451416.0,H,Elche,1531.0,8,3,4,10,3,0,1.4502,0.43368,0.43368,18.42105263157895,1,16.0,Fran Escribá,4-4-2 double 6,24200000.0,27.950220894779417,182.72727272727272,51.0,1
702,A,2021-04-25,13:00,3451417.0,A,SD Huesca,5358.0,8,1,1,16,2,0,0.9982,0.472579,0.472579,3.375,1,19.0,Pacheta,3-5-2 flat,26100000.0,29.178271420571217,180.8181818181818,40.0,1
703,A,2021-04-25,15:15,3451422.0,A,Villarreal,1050.0,10,4,6,16,2,1,0.1881,0.964915,0.964915,12.814814814814817,9,7.0,Unai Emery,4-4-2 double 6,182000000.0,28.798705743264268,182.27272727272728,188.0,1
704,H,2021-04-25,17:30,3451414.0,H,Celta Vigo,940.0,7,2,2,13,1,0,0.6003000000000001,0.601898,0.601898,6.321428571428571,5,10.0,Eduardo Coudet,4-4-2 Diamond,93000000.0,27.300354676124698,179.8181818181818,141.0,1
705,H,2021-04-25,17:30,3451420.0,H,Sevilla,368.0,10,4,5,11,2,0,1.659,1.27314,0.530249,7.222222222222222,6,4.0,Julen Lopetegui,4-2-3-1,234000000.0,30.04417895588327,179.9090909090909,418.0,1
706,H,2021-04-25,20:00,3451413.0,H,Athletic Club,621.0,11,3,4,20,4,0,1.9473,1.42809,1.42809,11.11111111111111,1,9.0,Marcelino,4-4-1-1,103200000.0,25.886876983386227,181.27272727272728,92.0,1
707,A,2021-04-26,20:00,3451415.0,A,Eibar,1533.0,14,5,2,8,5,0,1.285,0.729653,0.729653,9.24,9,20.0,José Luis Mendilibar,4-2-3-1,44900000.0,29.060294941198432,181.9090909090909,26.0,1
708,D,2021-04-28,18:00,3451424.0,H,Athletic Club,621.0,13,7,5,8,1,0,2.2912,1.73076,1.73076,13.352941176470589,6,9.0,Marcelino,4-4-2,106200000.0,26.610167382241308,181.36363636363637,86.0,1
709,A,2021-04-29,18:00,3451426.0,H,Barcelona,131.0,16,4,6,10,0,0,1.8583,1.43667,1.43667,3.125,24,3.0,Ronald Koeman,3-5-2 flat,375000000.0,28.451247588824593,181.45454545454547,750.0,1
710,H,2021-04-30,20:00,3451433.0,D,Celta Vigo,940.0,8,5,1,12,2,0,2.4135000000000004,2.3642,2.3642,9.235294117647058,9,10.0,Eduardo Coudet,4-4-2 Diamond,88800000.0,27.15475079335449,180.0,138.0,1
711,H,2021-05-01,13:00,3451434.0,H,Eibar,1533.0,15,4,10,12,0,0,2.6069,1.64332,1.64332,7.821428571428571,7,20.0,José Luis Mendilibar,4-4-2,54900000.0,28.856698400846245,182.1818181818182,25.0,1
712,A,2021-05-01,15:15,3451435.0,A,Elche,1531.0,6,1,3,20,3,0,1.7285,1.38118,0.637903,7.121212121212121,4,19.0,Fran Escribá,4-4-2,24300000.0,27.308070437433887,184.0,10.0,1
713,H,2021-05-01,17:30,3451437.0,D,SD Huesca,5358.0,10,3,2,14,2,0,1.4023,0.446278,0.446278,13.8125,2,18.0,Pacheta,3-5-2,41800000.0,27.687636114740837,180.45454545454547,61.0,1
714,H,2021-05-01,20:00,3451438.0,D,Real Madrid,418.0,22,6,7,9,0,0,2.6033,1.6256,1.6256,13.142857142857142,16,2.0,Zinédine Zidane,4-2-3-1,398200000.0,27.1213987928567,182.36363636363637,509.0,1
715,A,2021-05-02,20:00,3451441.0,D,Valencia,1049.0,9,4,2,12,2,0,0.0959,1.41404,1.41404,23.642857142857142,4,14.0,Javi Gracia,3-5-2 flat,178000000.0,25.795781220832556,180.72727272727272,210.0,1
716,A,2021-05-02,17:30,3451436.0,A,Granada,16795.0,9,2,6,12,7,1,0.7137,0.924434,0.924434,4.875,5,9.0,Diego Martínez,4-2-3-1,47900000.0,29.574015307074855,182.8181818181818,99.0,1
717,D,2021-05-02,13:00,3451439.0,D,Real Valladolid,366.0,10,2,3,7,2,0,0.489,0.76247,0.76247,17.125,3,17.0,Sergio,4-1-4-1,28400000.0,29.25667351129363,180.45454545454547,83.0,1
718,H,2021-05-02,15:15,3451442.0,D,Villarreal,1050.0,4,3,4,13,1,0,0.8951,0.184151,0.184151,5.785714285714286,7,6.0,Unai Emery,4-2-3-1,140900000.0,27.89496608798457,182.0,167.0,1
719,A,2021-05-03,20:00,3451440.0,D,Sevilla,368.0,18,3,6,13,1,0,1.405,0.792995,0.792995,7.266666666666667,14,4.0,Julen Lopetegui,4-2-3-1,264000000.0,29.451309812706118,179.9090909090909,471.0,1
720,H,2021-05-07,20:00,3451450.0,D,Real Sociedad,681.0,16,3,7,8,1,0,2.8698,2.39443,2.39443,7.533333333333333,13,5.0,Imanol Alguacil,4-2-3-1,204800000.0,26.81202165391077,181.72727272727272,153.0,1
721,D,2021-05-08,13:00,3451443.0,A,Alaves,1108.0,15,5,8,12,2,0,1.6231,1.32991,1.32991,11.736842105263158,3,16.0,Javier Calleja,4-3-3 Attacking,43800000.0,29.768900504013438,182.54545454545453,26.0,1
722,D,2021-05-08,15:15,3451445.0,D,Barcelona,131.0,12,7,5,13,3,0,1.4793,0.853587,0.853587,8.206896551724139,7,3.0,Ronald Koeman,3-5-2 flat,469000000.0,27.55074357538423,180.36363636363637,776.0,1
723,H,2021-05-08,17:30,3451446.0,H,Cadiz,2687.0,11,1,3,14,4,0,1.934,0.990604,0.990604,15.736842105263158,3,11.0,Álvaro Cervera,4-4-2 double 6,22100000.0,28.249393317155125,182.8181818181818,79.0,1
724,D,2021-05-08,20:00,3451444.0,D,Athletic Club,621.0,13,3,10,4,1,0,1.224,1.39303,1.39303,22.307692307692307,8,9.0,Marcelino,4-4-2,98200000.0,25.91749113309688,182.9090909090909,92.0,1
725,A,2021-05-09,13:00,3451447.0,D,Getafe,3709.0,10,2,4,11,1,0,0.9597,0.767031,0.767031,13.916666666666666,1,15.0,Pepe Bordalás,4-4-2,110000000.0,28.1622798830191,182.9090909090909,273.0,1
726,H,2021-05-09,15:15,3451451.0,H,Valencia,1049.0,6,3,1,17,0,0,1.8502,1.26443,1.26443,13.476190476190476,5,13.0,Voro,3-4-2-1,185500000.0,25.63250575570904,180.8181818181818,256.0,1
727,A,2021-05-09,17:30,3451452.0,A,Villarreal,1050.0,16,7,5,11,3,2,1.7642,2.50872,1.76544,10.555555555555555,13,7.0,Unai Emery,4-3-3 Attacking,79500000.0,28.294941198431957,181.72727272727272,164.0,1
728,D,2021-05-09,20:00,3451449.0,A,Real Madrid,418.0,16,6,7,8,1,0,1.2085,0.99637,0.99637,13.19047619047619,13,2.0,Zinédine Zidane,4-3-3 Attacking,377500000.0,28.656337502333397,181.72727272727272,675.0,1
729,H,2021-05-10,20:00,3451448.0,H,Real Betis,150.0,14,6,9,16,2,0,1.1727,1.84702,1.84702,7.0,6,6.0,Manuel Pellegrini,4-2-3-1,115700000.0,29.449567544023395,183.0,152.0,1
730,H,2021-05-11,18:00,3451460.0,H,Osasuna,331.0,14,4,3,15,2,0,1.8488,2.14746,1.40418,4.21875,9,11.0,Jagoba Arrasate,4-4-1-1,51700000.0,26.94343849169311,181.54545454545453,56.0,1
731,A,2021-05-11,19:00,3451456.0,A,Elche,1531.0,11,4,7,21,2,0,0.7050000000000001,0.886211,0.886211,5.739130434782608,2,19.0,Fran Escribá,4-4-2 double 6,19800000.0,28.346213676809157,184.36363636363637,10.0,1
732,D,2021-05-11,21:00,3451459.0,A,Levante,3368.0,16,6,8,12,2,0,0.399,1.27727,1.27727,18.38888888888889,7,13.0,Paco López,4-4-2 double 6,71300000.0,29.11530085246718,179.45454545454547,85.0,1
733,H,2021-05-12,21:00,3451453.0,H,Atletico Madrid,13.0,12,4,1,11,0,0,1.5605,1.7908,1.7908,19.476190476190474,6,1.0,Diego Simeone,3-5-2 flat,437000000.0,28.860929624789993,181.8181818181818,580.0,1
734,H,2021-05-12,19:00,3451458.0,D,SD Huesca,5358.0,18,6,5,9,0,0,2.3386,1.56368,1.56368,10.272727272727272,6,17.0,Pacheta,3-5-2,41800000.0,27.71775247339929,180.45454545454547,61.0,1
735,H,2021-05-12,19:00,3451454.0,H,Celta Vigo,940.0,4,1,1,16,1,0,0.4835,0.209945,0.209945,4.4,2,8.0,Eduardo Coudet,4-4-2,78800000.0,26.330657706427726,178.27272727272728,55.0,1
736,H,2021-05-12,18:00,3451462.0,D,Sevilla,368.0,10,4,3,17,2,0,1.8792,0.865705,0.865705,9.434782608695652,5,4.0,Julen Lopetegui,4-3-3 Attacking,249500000.0,27.73218841391326,181.0909090909091,389.0,1
737,A,2021-05-13,18:00,3451461.0,D,Real Valladolid,366.0,11,2,3,15,3,0,2.0579,1.38976,1.38976,11.48148148148148,5,18.0,Sergio,4-1-4-1,25200000.0,28.731503951216474,180.63636363636363,86.0,1
738,D,2021-05-13,19:00,3451455.0,A,Eibar,1533.0,14,4,5,12,3,0,1.7997999999999998,1.10754,1.10754,5.72,7,20.0,José Luis Mendilibar,4-4-2,54900000.0,28.88955261029183,182.1818181818182,25.0,1
739,A,2021-05-13,21:00,3451457.0,A,Granada,16795.0,10,5,2,15,3,0,1.6246,1.69529,1.69529,13.433333333333334,8,10.0,Diego Martínez,4-2-3-1,50900000.0,29.719619189845062,183.72727272727272,59.0,1
740,H,2021-05-16,17:30,3451472.0,H,Villarreal,1050.0,12,5,3,9,0,0,0.748,1.60717,1.60717,15.954545454545457,3,7.0,Unai Emery,4-4-2 double 6,152800000.0,29.262647003920105,181.63636363636363,210.0,1
741,H,2021-05-16,17:30,3451471.0,H,Valencia,1049.0,9,5,2,5,0,0,0.4947,1.33301,1.33301,26.22222222222222,3,13.0,Voro,3-4-2-1,185500000.0,25.651670711218966,180.8181818181818,256.0,1
742,H,2021-05-16,17:30,3451470.0,H,Real Sociedad,681.0,13,8,2,16,2,0,1.9039,1.67996,0.93668,9.851851851851851,5,5.0,Imanol Alguacil,4-2-3-1,209000000.0,27.289154377450064,181.72727272727272,153.0,1
743,H,2021-05-16,17:30,3451468.0,D,Getafe,3709.0,9,3,3,15,5,1,1.5901,0.769611,0.769611,8.571428571428571,6,16.0,Pepe Bordalás,4-4-2,122000000.0,27.439736170742332,180.72727272727272,257.0,1
744,A,2021-05-16,17:30,3451467.0,H,Cadiz,2687.0,7,3,1,13,3,0,0.3346,1.07259,0.329312,24.6,2,12.0,Álvaro Cervera,4-4-2,18700000.0,27.863605251695603,183.63636363636363,79.0,1
745,H,2021-05-16,17:30,3451469.0,D,Real Betis,150.0,10,2,2,15,1,0,2.3456,1.17298,0.4297,8.107142857142858,8,6.0,Manuel Pellegrini,4-2-3-1,125200000.0,28.9724348204841,181.45454545454547,116.0,1
746,A,2021-05-16,17:30,3451466.0,D,Barcelona,131.0,20,4,7,9,3,1,2.4704,2.10966,2.10966,15.0,20,3.0,Ronald Koeman,3-5-2 flat,434000000.0,27.38771700578682,181.9090909090909,781.0,1
747,H,2021-05-16,17:30,3451465.0,D,Atletico Madrid,13.0,26,9,8,2,1,0,2.7292,2.97525,2.97525,6.176470588235294,18,1.0,Diego Simeone,4-3-3 Attacking,437000000.0,28.871881027938525,181.8181818181818,580.0,1
748,A,2021-05-16,17:30,3451464.0,D,Athletic Club,621.0,8,1,4,10,3,1,0.8546,0.705495,0.705495,15.88888888888889,5,9.0,Marcelino,4-4-2,119700000.0,26.683591562441666,181.9090909090909,115.0,1
749,H,2021-05-16,17:30,3451463.0,H,Alaves,1108.0,14,9,6,7,2,0,2.6452,2.83763,2.83763,13.235294117647058,6,15.0,Javier Calleja,4-4-2,46200000.0,29.469728081637733,182.9090909090909,26.0,1
750,D,2021-05-21,20:00,3451478.0,A,Levante,3368.0,17,4,7,17,0,0,2.266,1.51266,1.51266,4.517241379310345,6,14.0,Paco López,4-4-2 double 6,55200000.0,27.032543090037958,179.63636363636363,90.0,1
751,A,2021-05-22,17:00,3451481.0,H,Real Valladolid,366.0,10,4,4,11,4,0,1.136,0.995635,0.995635,9.65,6,19.0,Sergio,4-4-2,32000000.0,28.12867898699521,179.0,90.0,1
752,H,2021-05-22,17:00,3451480.0,A,Real Madrid,418.0,14,4,6,8,0,0,1.4819,0.804298,0.804298,12.04,9,2.0,Zinédine Zidane,4-3-3 Attacking,430000000.0,26.644763860369608,183.1818181818182,779.0,1
753,A,2021-05-22,17:00,3451479.0,D,Osasuna,331.0,7,1,3,15,1,0,0.2593999999999999,0.41494,0.41494,14.590909090909092,3,11.0,Jagoba Arrasate,4-1-4-1,32100000.0,28.60879845684774,182.36363636363637,16.0,1
754,A,2021-05-22,17:00,3451474.0,D,Eibar,1533.0,17,3,6,11,0,0,2.3991,1.44968,1.44968,18.48,6,20.0,José Luis Mendilibar,4-4-2 double 6,45900000.0,29.450314230601705,180.45454545454547,51.0,1
755,H,2021-05-22,17:00,3451475.0,H,Elche,1531.0,8,3,3,10,3,0,2.3675,1.33082,1.33082,12.208333333333334,2,17.0,Fran Escribá,3-5-2,21400000.0,29.425673573517518,182.27272727272728,2.0,1
756,A,2021-05-22,17:00,3451473.0,H,Celta Vigo,940.0,11,4,8,20,6,0,0.5847,1.21829,0.475141,6.047619047619048,9,8.0,Eduardo Coudet,4-4-2 double 6,79800000.0,26.7293883392446,178.9090909090909,105.0,1
757,D,2021-05-22,17:00,3451477.0,D,SD Huesca,5358.0,23,8,9,17,2,0,1.8408,0.974788,0.974788,6.0,5,18.0,Pacheta,3-5-2,38300000.0,27.218468048036836,180.36363636363637,62.0,1
758,D,2021-05-23,17:30,3451476.0,D,Granada,16795.0,9,3,6,16,4,0,1.2512,0.444987,0.444987,8.526315789473685,1,10.0,Diego Martínez,Unknown,10700000.0,26.773442847364816,184.6,2.0,1
759,H,2021-05-23,20:00,3451482.0,D,Sevilla,368.0,11,2,6,11,1,0,0.8412999999999999,0.35705,0.35705,7.047619047619048,6,4.0,Julen Lopetegui,4-3-3 Attacking,211500000.0,28.328790989981954,182.72727272727272,287.0,1
760,H,2021-08-13,20:00,3605045.0,H,Valencia,1049.0,4,2,1,24,6,1,1.7477,1.57861,0.835327,10.15,1,5.0,Pepe Bordalás,4-4-2 double 6,178500000.0,25.77661626532263,181.9090909090909,199.0,1
761,D,2021-08-14,18:30,3605042.0,A,Cadiz,2687.0,7,2,2,10,1,0,1.433,0.993589,0.993589,17.4375,2,7.0,Álvaro Cervera,4-2-3-1,32400000.0,28.92365129736793,180.45454545454547,161.0,1
762,D,2021-08-14,18:30,3605041.0,H,Mallorca,237.0,6,2,4,12,1,0,1.0585,0.569578,0.569578,18.72222222222222,1,9.0,Luis García,4-3-3 Attacking,21500000.0,29.477443842946922,179.45454545454547,19.0,1
763,A,2021-08-14,21:00,3605038.0,D,Alaves,1108.0,11,4,0,14,1,0,0.8353999999999999,1.41097,0.667695,15.045454545454543,2,19.0,Javier Calleja,4-2-3-1,40200000.0,29.00802688071682,181.9090909090909,25.0,1
764,D,2021-08-14,21:00,3605043.0,D,Osasuna,331.0,14,1,4,18,3,0,1.3115,0.579404,0.579404,5.027027027027027,11,14.0,Jagoba Arrasate,4-1-4-1,53300000.0,27.803372534378695,183.72727272727272,47.0,1
765,H,2021-08-15,21:15,3605044.0,H,Sevilla,368.0,21,8,4,14,1,0,2.942,3.67402,2.93074,5.818181818181818,10,2.0,Julen Lopetegui,3-4-2-1,231000000.0,27.903677431398172,181.0,289.0,1
766,A,2021-08-15,16:30,3605040.0,A,Celta Vigo,940.0,10,2,2,11,4,1,1.1802,1.59399,0.850713,7.333333333333333,4,16.0,Eduardo Coudet,4-4-2 Diamond,89500000.0,28.677493622052143,180.27272727272728,191.0,1
767,H,2021-08-15,19:00,3605039.0,H,Barcelona,131.0,13,8,5,11,2,0,2.8178,3.46484,3.46484,6.857142857142857,7,3.0,Ronald Koeman,4-3-3 Attacking,360500000.0,27.686391637110322,180.36363636363637,711.0,1
768,D,2021-08-16,21:00,3605047.0,D,Elche,1531.0,8,2,6,13,2,0,1.6812,0.933565,0.933565,12.133333333333333,4,15.0,Fran Escribá,3-5-2 Attacking,23600000.0,30.056872627714515,183.27272727272728,78.0,1
769,D,2021-08-16,19:00,3605046.0,D,Villarreal,1050.0,14,4,6,19,5,1,2.2372,1.21791,1.21791,4.297297297297297,7,10.0,Unai Emery,4-4-2 double 6,150000000.0,28.083877792296686,182.36363636363637,285.0,1
770,D,2021-08-20,20:00,3605051.0,D,Real Betis,150.0,16,7,4,12,4,0,1.6435,1.82337,1.82337,3.5217391304347827,10,12.0,Manuel Pellegrini,4-2-3-1,89200000.0,28.00149337315662,179.63636363636363,247.0,1
771,A,2021-08-21,16:00,3605048.0,D,Alaves,1108.0,9,4,1,14,3,1,1.4475,0.920977,0.920977,8.32,3,19.0,Javier Calleja,4-1-4-1,39000000.0,29.599402650737353,181.72727272727272,25.0,1
772,D,2021-08-21,18:30,3605054.0,D,Espanyol,714.0,14,3,9,10,3,0,2.2356000000000003,1.68861,1.68861,14.882352941176473,4,10.0,Vicente Moreno,4-4-2 double 6,51500000.0,28.0769087175658,181.63636363636363,19.0,1
773,D,2021-08-21,18:30,3605053.0,H,Granada,16795.0,9,2,2,14,4,0,0.7015,0.752693,0.752693,8.0,1,13.0,Robert Moreno,3-5-2 flat,46500000.0,28.394499408873127,182.0,114.0,1
774,D,2021-08-21,21:00,3605049.0,D,Athletic Club,621.0,16,7,13,15,1,0,1.5269,1.43436,1.43436,13.214285714285714,7,15.0,Marcelino,4-2-3-1,102700000.0,26.376205587704558,180.36363636363637,78.0,1
775,H,2021-08-22,16:00,3605057.0,D,Real Sociedad,681.0,13,8,5,19,3,0,2.4854,2.26913,1.52585,5.111111111111111,12,7.0,Imanol Alguacil,4-1-4-1,269000000.0,25.173293510049156,181.36363636363637,205.0,1
776,H,2021-08-22,18:30,3605050.0,H,Atletico Madrid,13.0,8,4,2,16,2,0,2.2736,1.04508,1.04508,11.756756756756756,5,2.0,Diego Simeone,3-1-4-2,510000000.0,27.701823159728704,181.36363636363637,610.0,1
777,D,2021-08-22,21:00,3605055.0,A,Levante,3368.0,8,4,4,17,3,1,1.0115,1.63837,1.63837,12.4,2,11.0,Paco López,4-3-3 Attacking,65200000.0,29.044365627527842,180.1818181818182,7.0,1
778,D,2021-08-23,21:00,3605056.0,D,Osasuna,331.0,15,7,1,19,4,0,2.9073,2.58218,1.8389,6.040816326530612,12,14.0,Jagoba Arrasate,4-1-4-1,53800000.0,27.26202476510485,182.1818181818182,21.0,1
779,A,2021-08-23,19:00,3605052.0,D,Getafe,3709.0,12,0,5,18,2,0,0.8192999999999999,0.391853,0.391853,11.709677419354838,5,18.0,Míchel,4-4-2,106500000.0,27.703565428411423,182.36363636363637,277.0,1
780,H,2021-08-27,19:00,3605062.0,H,Mallorca,237.0,12,6,3,16,4,0,2.2529000000000003,1.28733,1.28733,9.346153846153848,9,6.0,Luis García,4-2-3-1,30500000.0,27.29736792981146,181.0,65.0,1
781,H,2021-08-27,21:15,3605065.0,H,Valencia,1049.0,9,4,4,20,1,0,2.7662,2.33998,2.33998,6.733333333333333,10,3.0,Pepe Bordalás,4-4-2 double 6,178500000.0,25.81494617634248,181.9090909090909,199.0,1
782,A,2021-08-28,16:00,3605061.0,A,Celta Vigo,940.0,13,0,5,12,2,0,0.8676999999999999,0.934567,0.934567,4.0606060606060606,8,18.0,Eduardo Coudet,4-4-2 Diamond,93500000.0,29.110322941945117,180.1818181818182,204.0,1
783,D,2021-08-28,18:30,3605067.0,D,Elche,1531.0,7,4,5,6,2,0,0.6987,0.855435,0.855435,33.92307692307692,2,15.0,Fran Escribá,3-5-2 Attacking,26600000.0,29.875925580237695,183.1818181818182,83.0,1
784,H,2021-08-28,18:30,3605064.0,H,Real Sociedad,681.0,7,2,2,17,1,0,1.6335000000000002,0.855875,0.855875,9.928571428571429,5,7.0,Imanol Alguacil,4-1-4-1,269000000.0,25.189720614771947,181.36363636363637,205.0,1
785,A,2021-08-28,21:00,3605060.0,D,Real Betis,150.0,11,6,3,15,5,0,0.8029999999999999,0.420687,0.420687,6.970588235294118,4,14.0,Manuel Pellegrini,4-2-3-1,102700000.0,28.81264389272603,179.0909090909091,294.0,1
786,D,2021-08-29,21:00,3605058.0,D,Atletico Madrid,13.0,24,5,16,11,4,0,2.4272,1.773,1.773,13.954545454545457,14,5.0,Diego Simeone,3-5-2 flat,485000000.0,28.554290336631198,180.1818181818182,687.0,1
787,H,2021-08-29,18:30,3605066.0,H,Rayo Vallecano,367.0,19,6,5,19,1,0,2.5349,2.19631,1.45304,6.612903225806452,5,10.0,Andoni Iraola,4-2-3-1,21100000.0,27.360836288967707,181.45454545454547,154.0,1
788,A,2021-08-29,18:30,3605063.0,H,Cadiz,2687.0,7,3,4,9,4,0,0.6255999999999999,1.36149,0.618211,16.27777777777778,3,12.0,Álvaro Cervera,4-1-4-1,29900000.0,28.93908281998631,179.36363636363637,156.0,1
789,H,2021-08-29,16:00,3605059.0,H,Barcelona,131.0,7,3,3,16,3,0,2.1061,1.05122,1.05122,5.470588235294118,4,4.0,Ronald Koeman,4-3-3 Attacking,356000000.0,28.02439176155809,181.54545454545453,722.0,1
790,D,2021-09-11,17:30,3605199.0,H,Levante,3368.0,7,2,2,14,3,0,0.348,1.10993,0.366653,9.869565217391305,4,14.0,Paco López,4-3-3 Attacking,52900000.0,28.340986870761,180.8181818181818,4.0,1
791,H,2021-09-11,20:00,3605194.0,D,Athletic Club,621.0,19,5,7,7,1,0,2.5978,1.855,1.855,10.043478260869565,9,7.0,Marcelino,4-4-2,121200000.0,28.00945802999191,180.27272727272728,123.0,1
792,A,2021-09-12,13:00,3605198.0,H,Espanyol,714.0,9,3,6,10,1,0,0.9055,0.373891,0.373891,9.592592592592592,3,15.0,Vicente Moreno,4-2-3-1,51000000.0,27.778980772820606,179.27272727272728,19.0,1
793,A,2021-09-12,15:15,3605200.0,D,Osasuna,331.0,11,2,4,20,4,0,0.8266,0.457252,0.457252,4.96,4,12.0,Jagoba Arrasate,4-1-4-1,51300000.0,27.682907099744885,181.8181818181818,20.0,1
794,A,2021-09-12,17:30,3605196.0,D,Cadiz,2687.0,6,1,2,10,4,1,0.2488,0.607763,0.607763,26.133333333333333,3,16.0,Álvaro Cervera,4-4-2 double 6,30600000.0,30.053388090349074,181.0,5.0,1
795,H,2021-09-12,20:00,3605201.0,A,Real Madrid,418.0,15,11,7,8,2,0,2.1004,3.03734,2.29419,11.7,12,1.0,Carlo Ancelotti,4-4-2 double 6,388000000.0,28.065708418891173,181.27272727272728,725.0,1
796,A,2021-09-13,19:00,3605195.0,D,Getafe,3709.0,10,1,8,6,2,0,0.6251,0.3796,0.3796,8.275862068965518,2,19.0,Míchel,4-4-2,117500000.0,26.94318959616701,183.54545454545453,280.0,1
797,A,2021-09-13,21:00,3605197.0,A,Granada,16795.0,11,2,6,7,1,0,0.3619,0.780077,0.780077,17.5,3,17.0,Robert Moreno,4-3-3 Attacking,56000000.0,27.409370916557773,180.54545454545453,135.0,1
798,A,2021-09-17,20:00,3605208.0,A,Celta Vigo,940.0,14,4,7,8,3,0,1.1779,0.993864,0.993864,3.3529411764705883,10,18.0,Eduardo Coudet,4-4-2 Diamond,82000000.0,28.46394126065584,178.36363636363637,124.0,1
799,H,2021-09-18,13:00,3605212.0,H,Rayo Vallecano,367.0,11,5,5,20,6,0,2.0531,1.98661,1.24334,8.733333333333333,5,10.0,Andoni Iraola,4-2-3-1,18400000.0,27.66573330844378,182.9090909090909,154.0,1
800,D,2021-09-18,15:15,3605205.0,D,Atletico Madrid,13.0,14,2,5,10,6,1,1.3155,1.10053,1.10053,12.095238095238097,11,2.0,Diego Simeone,3-5-2 flat,438000000.0,27.84717814697281,180.8181818181818,631.0,1
801,D,2021-09-18,17:30,3605213.0,H,Elche,1531.0,9,2,4,10,2,0,0.8063,0.536512,0.536512,22.454545454545453,2,13.0,Fran Escribá,3-5-2 Attacking,25600000.0,29.403521871694355,183.54545454545453,100.0,1
802,A,2021-09-18,20:00,3605204.0,A,Alaves,1108.0,8,3,2,11,4,0,0.3344,0.251601,0.251601,5.423076923076923,4,20.0,Javier Calleja,4-4-2,26600000.0,27.966896895028313,182.72727272727272,49.0,1
803,A,2021-09-19,20:00,3605211.0,D,Valencia,1049.0,12,4,2,14,1,0,0.7351,0.647432,0.647432,11.37037037037037,4,3.0,Pepe Bordalás,4-4-2 double 6,151500000.0,25.268620496546575,182.72727272727272,180.0,1
804,D,2021-09-19,17:30,3605207.0,H,Real Betis,150.0,23,9,10,13,4,1,2.1509,2.36891,2.36891,6.96,12,12.0,Manuel Pellegrini,4-2-3-1,138200000.0,29.35672951278701,181.36363636363637,211.0,1
805,D,2021-09-19,13:00,3605209.0,D,Mallorca,237.0,10,1,3,11,2,0,0.4439000000000001,0.529054,0.529054,11.961538461538462,3,9.0,Luis García,4-4-2 double 6,34200000.0,28.202849853773877,178.72727272727272,69.0,1
806,D,2021-09-19,15:15,3605210.0,D,Real Sociedad,681.0,11,4,5,16,2,0,1.7649,1.17723,0.430526,8.961538461538462,7,4.0,Imanol Alguacil,4-4-2 double 6,285000000.0,25.222325928691433,182.9090909090909,276.0,1
807,D,2021-09-20,20:00,3605206.0,A,Barcelona,131.0,17,6,12,15,3,0,2.3954000000000004,1.88236,1.88236,3.24,10,5.0,Ronald Koeman,4-3-3 Attacking,302000000.0,24.88756144608301,179.9090909090909,532.0,1
808,A,2021-09-21,18:30,3605215.0,H,Getafe,3709.0,7,2,2,15,4,1,0.4139,0.330581,0.330581,12.125,3,19.0,Míchel,5-3-2,81000000.0,25.985688507249083,184.54545454545453,242.0,1
809,A,2021-09-21,21:00,3605214.0,D,Athletic Club,621.0,8,1,2,16,3,0,1.2073,0.956027,0.956027,7.0,2,10.0,Marcelino,4-4-2 double 6,94800000.0,27.12563001680045,182.0,112.0,1
810,A,2021-09-21,21:00,3605219.0,D,Levante,3368.0,6,2,2,16,3,0,2.0346,1.40702,0.663738,6.439024390243903,2,17.0,Paco López,3-5-2 flat,33500000.0,27.72571713023458,181.54545454545453,2.0,1
811,H,2021-09-22,18:30,3605218.0,D,Espanyol,714.0,10,2,4,14,2,0,2.4203,1.61796,0.874681,7.4,3,13.0,Vicente Moreno,4-2-3-1,49500000.0,27.061912762118098,179.63636363636363,19.0,1
812,H,2021-09-22,18:30,3605222.0,H,Sevilla,368.0,11,5,1,25,5,0,2.06,1.20708,1.20708,3.971428571428572,2,4.0,Julen Lopetegui,4-3-3 Attacking,247000000.0,28.12494555410366,182.63636363636363,214.0,1
813,H,2021-09-22,21:00,3605221.0,H,Real Madrid,418.0,18,12,3,18,2,0,2.1648,2.3746,2.3746,5.571428571428571,19,1.0,Carlo Ancelotti,4-3-3 Attacking,473000000.0,25.226059361582976,182.45454545454547,609.0,1
814,H,2021-09-22,21:00,3605223.0,H,Villarreal,1050.0,14,9,8,16,1,0,2.5466,2.77855,2.77855,6.0285714285714285,8,5.0,Unai Emery,4-3-3 Attacking,174500000.0,28.210316719556968,182.27272727272728,172.0,1
815,A,2021-09-23,18:30,3605217.0,H,Granada,16795.0,10,2,4,11,5,0,1.1206999999999998,1.25019,0.50691,13.789473684210526,5,18.0,Robert Moreno,4-3-3 Attacking,52300000.0,28.609047352373842,181.54545454545453,133.0,1
816,A,2021-09-23,18:30,3605220.0,D,Osasuna,331.0,11,3,4,18,2,0,0.4505,0.820269,0.820269,11.217391304347826,4,11.0,Jagoba Arrasate,4-3-3 Attacking,56800000.0,28.08039325493124,182.0909090909091,20.0,1
817,D,2021-09-23,21:00,3605216.0,D,Cadiz,2687.0,13,3,4,16,3,0,2.2734,1.40061,1.40061,16.57894736842105,3,14.0,Álvaro Cervera,4-4-2 double 6,24500000.0,27.5736419637857,179.45454545454547,122.0,1
818,D,2021-09-25,20:00,3605281.0,D,Real Madrid,418.0,15,2,6,10,1,0,2.1452,1.53636,1.53636,9.942857142857145,9,1.0,Carlo Ancelotti,4-3-3 Attacking,478000000.0,27.65179515898202,182.0,858.0,1
819,H,2021-09-25,17:30,3605283.0,H,Sevilla,368.0,12,5,4,10,4,1,2.4594,1.57528,1.57528,9.238095238095235,9,3.0,Julen Lopetegui,4-3-3 Attacking,275000000.0,28.894032729761683,181.45454545454547,549.0,1
820,D,2021-09-25,15:15,3605284.0,D,Valencia,1049.0,13,6,4,14,5,1,1.5974,1.08633,1.08633,4.75,5,8.0,Pepe Bordalás,4-4-2 double 6,111000000.0,25.905793043370046,181.1818181818182,235.0,1
821,H,2021-09-25,13:00,3605276.0,H,Alaves,1108.0,7,1,3,18,2,0,1.9947,1.19699,1.19699,22.73333333333333,5,19.0,Javier Calleja,5-4-1,28100000.0,26.92676249144421,182.36363636363637,52.0,1
822,A,2021-09-26,13:00,3605280.0,H,Mallorca,237.0,17,8,5,8,2,0,2.1348000000000003,2.74158,2.74158,8.866666666666667,5,12.0,Luis García,4-2-3-1,34000000.0,27.17416464439052,179.9090909090909,74.0,1
823,H,2021-09-26,15:15,3605277.0,H,Barcelona,131.0,20,12,11,11,1,0,2.7681,3.11328,2.37,7.818181818181818,5,6.0,Ronald Koeman,4-3-3 Attacking,222000000.0,26.008338000124446,182.54545454545453,501.0,1
824,H,2021-09-26,17:30,3605282.0,D,Real Sociedad,681.0,17,5,6,12,1,0,2.6048,2.11835,2.11835,7.380952380952381,4,2.0,Imanol Alguacil,4-2-3-1,241000000.0,24.071681911517643,182.0909090909091,195.0,1
825,H,2021-09-26,17:30,3605285.0,H,Rayo Vallecano,367.0,13,6,4,11,2,0,2.068,1.89007,1.89007,4.884615384615385,6,5.0,Andoni Iraola,4-2-3-1,29400000.0,28.59934042685583,177.27272727272728,221.0,1
826,H,2021-09-26,20:00,3605278.0,H,Real Betis,150.0,20,5,3,12,1,0,2.628,2.4642,2.4642,9.875,11,7.0,Manuel Pellegrini,4-2-3-1,146900000.0,28.666293323377513,182.36363636363637,194.0,1
827,H,2021-09-27,20:00,3605279.0,D,Celta Vigo,940.0,14,5,5,9,2,0,2.0735,1.26658,0.523433,4.086956521739131,12,13.0,Eduardo Coudet,4-4-2 double 6,88200000.0,29.034658702009832,179.27272727272728,187.0,1
828,H,2021-10-01,20:00,3605294.0,H,Athletic Club,621.0,16,5,13,16,3,0,2.5442,2.49402,1.75074,6.827586206896552,8,9.0,Marcelino,4-4-2 double 6,123200000.0,28.064215045734553,180.27272727272728,123.0,1
829,H,2021-10-02,13:00,3605301.0,D,Osasuna,331.0,7,3,6,19,3,0,1.8775,0.657174,0.657174,5.222222222222222,5,6.0,Jagoba Arrasate,4-3-3 Attacking,56500000.0,27.844440296185677,181.9090909090909,20.0,1
830,H,2021-10-02,15:15,3605296.0,D,Mallorca,237.0,9,7,8,18,4,0,0.4282,0.442135,0.442135,7.44,2,12.0,Luis García,4-2-3-1,35200000.0,27.359840706863295,179.45454545454547,67.0,1
831,D,2021-10-02,17:30,3605298.0,D,Cadiz,2687.0,2,1,1,16,3,0,0.2892,0.156791,0.156791,10.5,2,15.0,Álvaro Cervera,4-4-2 double 6,30800000.0,28.479372783274222,179.9090909090909,97.0,1
832,H,2021-10-02,20:00,3605295.0,H,Atletico Madrid,13.0,6,3,2,13,2,0,1.9174,1.37412,1.37412,28.285714285714285,4,2.0,Diego Simeone,3-1-4-2,460000000.0,27.88824590877979,181.72727272727272,742.0,1
833,D,2021-10-03,17:30,3605297.0,H,Getafe,3709.0,9,2,2,16,4,0,1.0201,0.523662,0.523662,7.5,1,20.0,Míchel,4-3-3 Attacking,92000000.0,26.83940016178209,182.36363636363637,220.0,1
834,H,2021-10-03,17:30,3605302.0,H,Villarreal,1050.0,11,5,4,14,2,0,2.7002,2.58641,2.58641,6.657894736842105,7,5.0,Unai Emery,4-1-4-1,175500000.0,27.37552112500778,182.27272727272728,259.0,1
835,H,2021-10-03,13:00,3605303.0,D,Elche,1531.0,12,5,7,14,4,0,1.9524,1.39817,1.39817,8.74074074074074,4,14.0,Fran Escribá,3-5-2,24500000.0,31.104225001555598,182.8181818181818,95.0,1
836,H,2021-10-03,15:15,3605300.0,H,Espanyol,714.0,8,4,2,12,2,0,1.1305,1.29119,1.29119,20.0,8,13.0,Vicente Moreno,4-1-4-1,48000000.0,28.276274033974236,179.0,18.0,1
837,H,2021-10-03,20:00,3605299.0,H,Granada,16795.0,3,1,2,13,3,0,0.2366,0.0843984,0.0843984,16.304347826086957,1,17.0,Robert Moreno,4-2-3-1,40600000.0,28.068446269678304,180.27272727272728,61.0,1
838,D,2021-10-16,17:30,3605309.0,D,Levante,3368.0,6,2,3,14,3,0,1.6228,0.83295,0.83295,7.3,5,18.0,Javier Pereira,4-1-4-1,43800000.0,29.531951963163465,180.72727272727272,6.0,1
839,H,2021-10-16,20:00,3605311.0,D,Real Sociedad,681.0,10,2,2,11,3,1,1.307,0.404506,0.404506,7.434782608695652,4,2.0,Imanol Alguacil,4-2-3-1,202500000.0,25.43637608113994,181.72727272727272,154.0,1
840,H,2021-10-17,20:00,3605305.0,H,Barcelona,131.0,12,5,9,16,2,0,2.7688,2.37862,1.63534,12.125,14,6.0,Ronald Koeman,4-1-4-1,337500000.0,26.33464003484537,180.27272727272728,557.0,1
841,A,2021-10-17,17:30,3605313.0,A,Villarreal,1050.0,11,6,4,6,1,0,1.0592,0.713142,0.713142,5.3125,10,9.0,Unai Emery,4-3-3 Attacking,200500000.0,27.835977848298175,182.1818181818182,222.0,1
842,A,2021-10-17,15:15,3605306.0,D,Celta Vigo,940.0,14,3,5,13,2,0,1.3395,0.888941,0.888941,16.4,3,17.0,Eduardo Coudet,4-4-2 double 6,80200000.0,28.85943625163338,177.8181818181818,46.0,1
843,H,2021-10-17,13:00,3605312.0,D,Rayo Vallecano,367.0,10,4,6,16,2,0,2.122,1.10651,1.10651,7.16,6,7.0,Andoni Iraola,4-4-1-1,25600000.0,27.448198618629828,180.0909090909091,90.0,1
844,A,2021-10-18,18:00,3605304.0,D,Alaves,1108.0,14,2,7,8,1,0,1.2776,1.35769,1.35769,22.53846153846154,2,19.0,Javier Calleja,4-4-2 double 6,31800000.0,27.67892477132723,182.8181818181818,88.0,1
845,H,2021-10-18,20:00,3605308.0,H,Espanyol,714.0,14,6,7,8,1,0,2.3447,1.73503,1.73503,20.181818181818183,4,12.0,Vicente Moreno,4-2-3-1,50000000.0,28.63791923340178,180.72727272727272,18.0,1
846,D,2021-10-22,20:00,3605328.0,H,Osasuna,331.0,17,6,4,15,1,1,2.0841,1.24456,1.24456,9.23076923076923,6,6.0,Jagoba Arrasate,4-1-4-1,48000000.0,29.60238939705059,181.27272727272728,9.0,1
847,D,2021-10-23,13:00,3605330.0,A,Valencia,1049.0,20,6,5,15,4,0,1.9102,1.47094,1.47094,3.75,15,11.0,Pepe Bordalás,4-4-2 double 6,144000000.0,27.188600584904485,183.0909090909091,209.0,1
848,A,2021-10-23,15:15,3605327.0,A,Cadiz,2687.0,23,4,14,11,0,0,1.4442,2.00294,2.00294,5.4,4,17.0,Álvaro Cervera,4-4-2 double 6,23900000.0,28.702383174662433,179.72727272727272,98.0,1
849,D,2021-10-23,17:30,3605331.0,H,Elche,1531.0,12,7,3,15,3,0,1.3129,0.998945,0.998945,8.92,6,15.0,Fran Escribá,4-4-2 double 6,24100000.0,30.879472341484664,183.54545454545453,58.0,1
850,H,2021-10-23,20:00,3605322.0,D,Athletic Club,621.0,14,7,9,7,0,0,2.7476,2.64328,1.15673,9.928571428571429,9,9.0,Marcelino,4-4-2 double 6,123200000.0,28.124447763051457,180.27272727272728,123.0,1
851,D,2021-10-24,20:00,3605323.0,A,Atletico Madrid,13.0,17,4,4,14,1,0,2.1587,1.75286,1.00958,9.92,9,5.0,Diego Simeone,4-3-3 Attacking,387000000.0,28.4263580362143,179.45454545454547,674.0,1
852,H,2021-10-24,17:30,3605325.0,H,Real Betis,150.0,11,5,4,12,1,0,1.6087,1.43375,0.690476,12.666666666666666,6,4.0,Manuel Pellegrini,4-2-3-1,142900000.0,28.647875054445898,180.27272727272728,104.0,1
853,H,2021-10-24,13:00,3605329.0,H,Sevilla,368.0,18,11,10,13,1,0,1.7802,1.82952,1.82952,9.28,5,2.0,Julen Lopetegui,4-2-3-1,185500000.0,28.59212245659884,180.9090909090909,302.0,1
854,A,2021-10-24,15:15,3605324.0,A,Barcelona,131.0,12,2,7,17,1,0,1.3876000000000002,1.58789,1.58789,6.975609756097561,12,8.0,Ronald Koeman,4-3-3 Attacking,331500000.0,25.69373405513036,180.8181818181818,550.0,1
855,A,2021-10-25,20:00,3605326.0,D,Getafe,3709.0,11,2,2,15,2,2,0.2022999999999999,0.461119,0.461119,14.214285714285714,1,20.0,Quique Sánchez Flores,4-2-3-1,90200000.0,26.810528280754156,182.27272727272728,219.0,1
856,H,2021-10-26,18:00,3607521.0,D,Alaves,1108.0,16,5,4,13,1,0,2.6327000000000003,1.81349,1.81349,11.2,7,17.0,Javier Calleja,4-2-3-1,36500000.0,28.784020907224193,182.36363636363637,66.0,1
857,D,2021-10-26,20:00,3607526.0,H,Espanyol,714.0,14,3,8,7,1,1,0.1853,1.23306,0.489779,14.8125,4,11.0,Vicente Moreno,4-2-3-1,52000000.0,27.94524298425736,179.1818181818182,18.0,1
858,D,2021-10-26,20:30,3607530.0,A,Villarreal,1050.0,14,5,8,13,3,0,1.6557000000000002,1.95102,1.95102,4.368421052631579,16,10.0,Unai Emery,4-3-3 Attacking,174000000.0,28.347458154439675,182.36363636363637,172.0,1
859,D,2021-10-27,20:30,3607528.0,D,Real Madrid,418.0,17,3,11,12,1,0,1.2169,0.655438,0.655438,7.8,16,1.0,Carlo Ancelotti,4-3-3 Attacking,515000000.0,27.283678675875798,182.9090909090909,614.0,1
860,H,2021-10-27,19:00,3607522.0,H,Real Betis,150.0,14,9,4,14,2,0,1.6493,2.58067,1.8374,3.952380952380953,4,4.0,Manuel Pellegrini,4-2-3-1,121900000.0,30.34857818430714,180.9090909090909,195.0,1
861,H,2021-10-27,18:00,3607529.0,H,Rayo Vallecano,367.0,13,3,3,17,2,0,0.2087999999999999,0.786282,0.786282,11.0,5,6.0,Andoni Iraola,4-2-3-1,25300000.0,28.59934042685583,178.9090909090909,219.0,1
862,D,2021-10-27,18:00,3607524.0,H,Mallorca,237.0,11,4,4,16,3,1,2.0149,2.27366,2.27366,13.64516129032258,9,13.0,Luis García,4-4-2,22500000.0,28.454732126190034,178.54545454545453,23.0,1
863,A,2021-10-28,18:00,3607523.0,D,Celta Vigo,940.0,14,6,7,12,1,0,0.9422,0.995591,0.995591,6.709677419354839,3,16.0,Eduardo Coudet,4-4-2 double 6,80200000.0,28.88955261029183,177.8181818181818,46.0,1
864,D,2021-10-28,19:00,3607525.0,A,Granada,16795.0,18,3,5,10,1,0,2.615,2.26351,1.52023,3.761904761904762,8,14.0,Robert Moreno,4-3-3 Attacking,44600000.0,28.350196005226806,179.0,111.0,1
865,D,2021-10-28,20:30,3607527.0,D,Levante,3368.0,10,3,5,15,3,1,2.0362,2.12426,0.637703,15.304347826086955,1,19.0,Javier Pereira,5-3-2,40600000.0,27.494990977537178,180.0,92.0,1
866,A,2021-10-30,13:00,3607540.0,A,Elche,1531.0,13,4,5,11,2,1,1.0067,1.15068,1.15068,17.6,6,17.0,Fran Escribá,4-4-1-1,25500000.0,30.00609794038952,183.45454545454547,96.0,1
867,H,2021-10-30,15:15,3607537.0,H,Sevilla,368.0,16,4,4,17,2,0,2.5014,2.43378,2.43378,6.5,5,2.0,Julen Lopetegui,4-3-3 Attacking,267000000.0,28.13091904673013,182.8181818181818,460.0,1
868,H,2021-10-30,17:30,3607538.0,H,Valencia,1049.0,9,3,7,19,2,0,2.1474,1.66395,0.920672,12.043478260869565,0,10.0,Pepe Bordalás,4-1-4-1,133000000.0,27.168937838342355,182.72727272727272,228.0,1
869,D,2021-10-30,20:00,3607532.0,D,Barcelona,131.0,16,5,9,11,0,0,2.1792,1.56007,1.56007,6.0625,10,9.0,Sergi Barjuan,4-3-3 Attacking,224500000.0,26.597971501462265,181.0,487.0,1
870,D,2021-10-31,20:00,3607536.0,D,Real Sociedad,681.0,8,3,2,21,4,0,1.4061,1.05807,0.314794,7.111111111111111,5,3.0,Imanol Alguacil,4-3-3 Defending,218000000.0,26.523551739157487,184.36363636363637,237.0,1
871,H,2021-10-31,17:30,3607533.0,D,Getafe,3709.0,12,7,6,18,7,0,1.6576000000000002,0.951784,0.951784,8.107142857142858,2,20.0,Quique Sánchez Flores,5-3-2,71300000.0,27.50594238068571,183.9,257.0,1
872,D,2021-10-31,13:00,3607534.0,A,Cadiz,2687.0,13,2,6,14,3,0,2.0418,1.80233,1.05905,8.066666666666666,5,18.0,Álvaro Cervera,4-4-2 double 6,30650000.0,28.754402339617947,181.0,69.0,1
873,H,2021-10-31,15:15,3607531.0,H,Atletico Madrid,13.0,18,9,13,11,0,0,2.6601,2.5506,2.5506,13.818181818181818,6,4.0,Diego Simeone,3-4-2-1,398000000.0,29.211623421069007,180.27272727272728,859.0,1
874,D,2021-11-01,17:30,3607539.0,D,Rayo Vallecano,367.0,11,5,4,13,2,0,1.2895,0.467972,0.467972,8.625,4,6.0,Andoni Iraola,4-2-3-1,34700000.0,27.513658141994895,178.1818181818182,221.0,1
875,A,2021-11-01,20:00,3607535.0,A,Levante,3368.0,12,3,3,14,4,0,1.2578,1.33088,1.33088,10.869565217391305,6,19.0,Javier Pereira,3-1-4-2,51600000.0,28.75415344409184,179.27272727272728,85.0,1
876,A,2021-11-05,20:00,3607542.0,A,Athletic Club,621.0,15,5,5,14,2,0,1.3808,0.584754,0.584754,2.7777777777777777,7,8.0,Marcelino,4-2-3-1,117700000.0,27.482795096758135,182.1818181818182,89.0,1
877,H,2021-11-06,20:00,3607548.0,H,Real Madrid,418.0,15,7,4,8,1,0,1.9771,2.72626,2.72626,17.285714285714285,8,1.0,Carlo Ancelotti,4-3-3 Attacking,515000000.0,27.31105718374712,182.9090909090909,614.0,1
878,H,2021-11-06,17:30,3607541.0,A,Alaves,1108.0,10,3,1,21,3,0,2.0631,1.53471,0.791437,5.04,2,15.0,Javier Calleja,4-3-3 Attacking,39000000.0,27.29363449691992,182.54545454545453,66.0,1
879,D,2021-11-06,15:15,3607544.0,A,Celta Vigo,940.0,18,4,3,18,3,0,1.8737,1.77068,1.77068,6.833333333333333,5,17.0,Eduardo Coudet,4-4-2 Diamond,62200000.0,30.27017609358472,179.27272727272728,133.0,1
880,H,2021-11-06,13:00,3607546.0,H,Espanyol,714.0,17,6,5,12,1,0,1.1485,1.76367,1.76367,17.533333333333335,4,12.0,Vicente Moreno,4-1-4-1,66000000.0,28.328044303403647,180.72727272727272,60.0,1
881,H,2021-11-07,13:00,3607550.0,H,Villarreal,1050.0,10,4,6,12,1,0,2.4894000000000003,1.49263,1.49263,4.878787878787879,11,10.0,Unai Emery,4-4-2 double 6,157000000.0,29.31864849729326,181.9090909090909,158.0,1
882,D,2021-11-07,15:15,3607549.0,A,Valencia,1049.0,11,5,9,12,2,0,0.5852,1.57167,1.57167,11.72,5,11.0,Pepe Bordalás,4-1-4-1,172000000.0,26.621118785389832,182.9090909090909,261.0,1
883,D,2021-11-07,17:30,3607545.0,D,Mallorca,237.0,18,6,3,11,2,0,2.4226,2.04894,1.30567,6.709677419354839,7,13.0,Luis García,4-2-3-1,27800000.0,29.468981395059426,178.45454545454547,61.0,1
884,A,2021-11-07,17:30,3607547.0,D,Osasuna,331.0,6,2,5,11,0,0,0.467,0.495749,0.495749,11.576923076923077,3,7.0,Jagoba Arrasate,4-2-3-1,56500000.0,27.209507809097133,182.0,21.0,1
885,A,2021-11-07,20:00,3607543.0,D,Real Betis,150.0,8,1,2,12,3,1,0.4738,0.389163,0.389163,22.0,1,5.0,Manuel Pellegrini,4-2-3-1,140400000.0,29.24945554103665,180.0909090909091,313.0,1
886,D,2021-11-19,20:00,3607556.0,D,Levante,3368.0,15,2,6,16,2,0,1.4557,0.630763,0.630763,9.392857142857142,4,20.0,Javier Pereira,4-3-3 Attacking,67000000.0,28.19115176404704,179.36363636363637,83.0,1
887,D,2021-11-20,13:00,3607553.0,A,Celta Vigo,940.0,12,3,3,14,1,0,0.2845,0.90981,0.90981,5.3,3,16.0,Eduardo Coudet,4-4-2 double 6,77200000.0,28.793230041690002,178.0,43.0,1
888,D,2021-11-20,15:15,3607558.0,A,Sevilla,368.0,16,6,5,14,4,0,1.2452,1.37509,1.37509,4.333333333333333,11,2.0,Julen Lopetegui,4-3-3 Attacking,240500000.0,27.36830315475079,182.45454545454547,278.0,1
889,H,2021-11-20,17:30,3607551.0,D,Atletico Madrid,13.0,15,2,7,7,2,0,2.3814999999999995,1.61044,1.61044,12.0,9,4.0,Diego Simeone,4-4-2 double 6,394000000.0,28.8014435940514,180.8181818181818,528.0,1
890,H,2021-11-20,20:00,3607552.0,D,Barcelona,131.0,16,6,4,17,4,0,1.4364,1.51262,0.769337,6.258064516129032,17,7.0,Xavi,4-3-3 Attacking,264500000.0,25.528965216850228,181.9090909090909,527.0,1
891,H,2021-11-21,13:00,3607554.0,H,Getafe,3709.0,17,8,3,14,2,0,2.2985,1.54295,1.54295,10.538461538461538,9,19.0,Quique Sánchez Flores,5-3-2,90500000.0,27.037272105033914,182.9090909090909,277.0,1
892,A,2021-11-21,15:15,3607555.0,A,Granada,16795.0,11,3,9,10,1,1,0.0648,0.56422,0.56422,15.5,3,14.0,Robert Moreno,4-2-3-1,36700000.0,28.258851347147036,181.0,14.0,1
893,A,2021-11-21,17:30,3607560.0,A,Elche,1531.0,14,4,10,12,1,0,0.7075,0.824849,0.824849,16.692307692307693,7,18.0,Fran Escribá,3-5-2,21500000.0,30.299794661190962,183.54545454545453,91.0,1
894,D,2021-11-21,20:00,3607557.0,D,Real Sociedad,681.0,9,2,2,11,4,1,1.0735,0.405372,0.405372,6.5,8,3.0,Imanol Alguacil,4-2-3-1,203500000.0,26.17310683840458,182.45454545454547,143.0,1
895,H,2021-11-22,20:00,3607559.0,H,Rayo Vallecano,367.0,15,6,6,14,3,0,2.2325,1.94957,1.20629,5.655172413793103,10,6.0,Andoni Iraola,4-2-3-1,29300000.0,28.189160599838218,179.63636363636363,114.0,1
896,D,2021-11-26,20:00,3607562.0,A,Athletic Club,621.0,17,5,8,12,1,1,1.622,1.33935,1.33935,6.166666666666667,7,9.0,Marcelino,4-4-2,109700000.0,27.450189782838653,180.8181818181818,122.0,1
897,A,2021-11-27,13:00,3607561.0,D,Alaves,1108.0,13,5,5,12,3,0,0.5103,0.677245,0.677245,19.5625,3,16.0,Javier Calleja,4-3-3 Attacking,35700000.0,28.438802812519445,183.63636363636363,27.0,1
898,D,2021-11-27,15:15,3607569.0,H,Valencia,1049.0,8,4,3,18,6,0,0.9651,1.58132,0.838044,7.28,8,11.0,Pepe Bordalás,4-4-2 double 6,173000000.0,26.525791798892417,181.45454545454547,249.0,1
899,D,2021-11-27,17:30,3607564.0,D,Mallorca,237.0,12,2,2,8,3,0,0.9989,0.472696,0.472696,11.666666666666666,2,14.0,Luis García,4-2-3-1,31100000.0,28.498039947731936,178.54545454545453,63.0,1
900,A,2021-11-27,20:00,3607570.0,D,Villarreal,1050.0,14,2,4,19,2,0,0.3618,1.55977,1.55977,6.176470588235294,8,12.0,Unai Emery,4-4-2 double 6,197000000.0,27.96266567108456,183.36363636363637,146.0,1
901,H,2021-11-28,13:00,3607563.0,A,Real Betis,150.0,26,8,5,16,2,0,2.5424,2.3097,2.3097,4.666666666666667,11,5.0,Manuel Pellegrini,4-2-3-1,141500000.0,29.650924024640656,179.27272727272728,265.0,1
902,H,2021-11-28,15:15,3607566.0,D,Espanyol,714.0,8,2,2,15,1,0,0.4367,0.378098,0.378098,17.05,2,8.0,Vicente Moreno,4-2-3-1,72000000.0,28.388277020720555,180.72727272727272,60.0,1
903,A,2021-11-28,17:30,3607565.0,D,Cadiz,2687.0,8,0,4,13,2,0,0.1442,0.766477,0.766477,17.0,2,18.0,Álvaro Cervera,4-4-2 double 6,31100000.0,29.659137577002056,179.9090909090909,161.0,1
904,H,2021-11-28,20:00,3607568.0,D,Real Madrid,418.0,14,4,0,10,3,0,1.3024999999999998,1.2476,1.2476,21.33333333333333,13,1.0,Carlo Ancelotti,4-3-3 Attacking,510000000.0,28.932113745255432,182.0,781.0,1
905,D,2021-11-29,20:00,3607567.0,D,Osasuna,331.0,17,4,5,16,1,0,2.1791,2.13729,1.39401,6.666666666666667,8,10.0,Jagoba Arrasate,4-4-2 double 6,52000000.0,29.058801568041815,183.0,41.0,1
906,H,2021-12-01,20:00,3605310.0,H,Real Madrid,418.0,17,7,7,12,2,0,0.6918,1.60531,1.60531,11.61111111111111,7,1.0,Carlo Ancelotti,4-3-3 Attacking,502000000.0,28.988613029680792,182.0,738.0,1
907,H,2021-12-03,20:00,3607575.0,H,Granada,16795.0,9,2,3,17,2,0,1.095,1.08266,1.08266,7.4375,4,14.0,Robert Moreno,4-4-2 double 6,42800000.0,28.374089975732684,182.27272727272728,60.0,1
908,H,2021-12-04,13:00,3607578.0,H,Sevilla,368.0,8,3,5,9,2,0,0.2613999999999999,0.46965,0.46965,9.833333333333334,2,2.0,Julen Lopetegui,4-3-3 Attacking,245000000.0,28.968452492066454,181.36363636363637,357.0,1
909,A,2021-12-04,15:15,3607572.0,D,Barcelona,131.0,12,3,6,17,1,0,1.8632,1.20871,1.20871,5.294117647058823,8,7.0,Xavi,4-3-3 Attacking,264000000.0,25.49835106713957,180.45454545454547,610.0,1
910,A,2021-12-04,17:30,3607571.0,D,Atletico Madrid,13.0,14,6,8,13,2,0,2.3749,2.07045,2.07045,4.0,5,4.0,Diego Simeone,4-4-2 double 6,383000000.0,28.097815941758448,181.45454545454547,564.0,1
911,A,2021-12-04,20:00,3607577.0,D,Real Sociedad,681.0,11,0,5,12,2,0,0.305,0.585154,0.585154,9.851851851851851,7,5.0,Imanol Alguacil,4-4-2 double 6,244000000.0,25.223072615269743,184.63636363636363,251.0,1
912,A,2021-12-05,20:00,3607573.0,D,Celta Vigo,940.0,11,5,6,10,3,0,0.9639,0.645079,0.645079,3.36,2,15.0,Eduardo Coudet,4-4-2 double 6,80000000.0,28.21006782403086,177.72727272727272,114.0,1
913,D,2021-12-05,17:30,3607576.0,D,Levante,3368.0,11,3,7,12,2,0,1.5444,0.510046,0.510046,9.210526315789474,4,20.0,Alessio Lisci,4-3-3 Attacking,49600000.0,28.195631883516896,181.27272727272728,4.0,1
914,H,2021-12-05,15:15,3607580.0,H,Elche,1531.0,8,3,3,16,7,0,2.0352,2.33084,1.58756,6.666666666666667,8,16.0,Francisco Rodríguez,4-4-2 double 6,25700000.0,29.109078464314607,183.0909090909091,97.0,1
915,H,2021-12-05,13:00,3607579.0,D,Rayo Vallecano,367.0,7,0,6,18,3,0,1.5137,0.649198,0.649198,5.815789473684211,2,6.0,Andoni Iraola,4-2-3-1,37800000.0,28.309626034472032,178.0,116.0,1
916,D,2021-12-06,20:00,3607574.0,D,Getafe,3709.0,17,5,5,14,2,0,2.1584,1.35736,1.35736,12.9,0,19.0,Quique Sánchez Flores,3-5-2 flat,90500000.0,27.078339866840896,182.9090909090909,277.0,1
917,D,2021-12-10,20:00,3607592.0,D,Mallorca,237.0,12,1,7,14,3,0,0.9258,0.898098,0.898098,3.4857142857142858,4,13.0,Luis García,4-4-2,29900000.0,28.60730508369112,179.54545454545453,65.0,1
918,H,2021-12-11,13:00,3607594.0,A,Espanyol,714.0,17,8,4,9,4,0,0.6169,2.1352,2.1352,14.72222222222222,8,9.0,Vicente Moreno,4-2-3-1,74000000.0,28.298923526849606,181.0909090909091,61.0,1
919,D,2021-12-11,15:15,3607589.0,A,Alaves,1108.0,9,1,1,18,4,1,1.2906,0.989074,0.989074,4.785714285714286,2,16.0,Javier Calleja,4-1-4-1,40500000.0,27.408624229979466,181.0909090909091,67.0,1
920,H,2021-12-11,17:30,3607597.0,H,Valencia,1049.0,21,8,8,15,3,0,1.7592,1.67544,1.67544,6.205128205128205,7,8.0,Pepe Bordalás,4-4-2,148500000.0,26.3707298861303,181.1818181818182,197.0,1
921,A,2021-12-11,20:00,3607590.0,A,Athletic Club,621.0,13,2,9,17,4,0,2.8372,2.35659,2.35659,9.20689655172414,5,12.0,Marcelino,4-4-2 double 6,129700000.0,28.024142866031983,180.63636363636363,143.0,1
922,H,2021-12-12,13:00,3607598.0,H,Villarreal,1050.0,13,5,5,16,1,0,1.9108,2.10964,1.36649,6.096774193548387,5,11.0,Unai Emery,4-4-2,189000000.0,28.358907348640404,183.0,229.0,1
923,D,2021-12-12,15:15,3607595.0,D,Osasuna,331.0,8,3,6,16,5,0,0.428,0.367626,0.367626,9.6,2,10.0,Jagoba Arrasate,4-1-4-1,58000000.0,27.263767033787566,182.36363636363637,18.0,1
924,H,2021-12-12,17:30,3607591.0,H,Real Betis,150.0,11,5,4,12,3,0,1.4462000000000002,1.21698,1.21698,10.2,6,3.0,Manuel Pellegrini,4-2-3-1,158500000.0,29.78109638479248,179.45454545454547,269.0,1
925,H,2021-12-12,20:00,3607596.0,H,Real Madrid,418.0,7,3,3,17,2,0,1.1418,0.587828,0.587828,9.863636363636363,5,1.0,Carlo Ancelotti,4-3-3 Attacking,510000000.0,28.97044365627528,182.0,781.0,1
926,D,2021-12-13,20:00,3607593.0,H,Cadiz,2687.0,13,3,8,14,5,1,0.9121,0.6189,0.6189,13.545454545454543,1,18.0,Álvaro Cervera,4-4-1-1,34000000.0,27.99751104473897,180.72727272727272,93.0,1
927,H,2021-12-17,20:00,3607601.0,H,Celta Vigo,940.0,12,5,3,13,2,0,2.4586,1.6562,1.6562,7.135135135135135,12,14.0,Eduardo Coudet,4-4-2 double 6,88000000.0,28.260842511355857,178.36363636363637,208.0,1
928,H,2021-12-18,17:30,3607600.0,H,Barcelona,131.0,19,8,5,13,1,0,2.462,2.96397,2.96397,4.419354838709677,12,7.0,Xavi,4-3-3 Attacking,282000000.0,25.043370045423433,180.9090909090909,527.0,1
929,H,2021-12-18,20:00,3607607.0,D,Sevilla,368.0,6,2,4,15,2,0,0.5698,0.373147,0.373147,10.285714285714286,5,2.0,Julen Lopetegui,4-3-3 Attacking,222500000.0,28.005226806048164,180.9090909090909,372.0,1
930,H,2021-12-18,13:00,3607608.0,H,Rayo Vallecano,367.0,20,5,5,12,1,0,2.6632,1.87281,1.87281,4.454545454545454,11,4.0,Andoni Iraola,4-2-3-1,29300000.0,28.26034472030365,179.63636363636363,114.0,1
931,A,2021-12-18,15:15,3607606.0,D,Real Sociedad,681.0,8,4,5,9,2,1,0.4063,1.34561,1.34561,9.869565217391305,4,6.0,Imanol Alguacil,4-2-3-1,261000000.0,26.49219090286852,181.8181818181818,323.0,1
932,H,2021-12-19,13:00,3607603.0,D,Granada,16795.0,15,6,4,12,3,0,2.5161,2.71538,2.71538,7.44,4,12.0,Robert Moreno,4-4-2 double 6,42100000.0,28.943065148403956,182.45454545454547,65.0,1
933,H,2021-12-19,15:15,3607599.0,D,Athletic Club,621.0,9,6,5,7,1,0,0.6804000000000001,1.1909,1.1909,10.333333333333334,3,10.0,Marcelino,4-4-2 double 6,95700000.0,26.943687387219214,181.72727272727272,74.0,1
934,H,2021-12-19,17:30,3607602.0,D,Getafe,3709.0,18,4,4,14,3,0,1.6432,1.09096,1.09096,9.318181818181818,3,18.0,Quique Sánchez Flores,5-3-2,90500000.0,27.11393192707361,182.9090909090909,277.0,1
935,D,2021-12-19,20:00,3607605.0,D,Real Madrid,418.0,36,9,13,9,1,0,2.8248,2.79615,2.79615,3.6,24,1.0,Carlo Ancelotti,4-3-3 Attacking,535000000.0,28.326302034720925,182.27272727272728,577.0,1
936,A,2021-12-20,20:00,3607604.0,H,Levante,3368.0,15,9,6,21,3,0,1.8367,2.73541,1.85919,4.866666666666666,5,20.0,Alessio Lisci,4-4-2 double 6,47600000.0,27.16147097255927,181.8181818181818,19.0,1
937,H,2021-12-21,18:00,3605203.0,H,Villarreal,1050.0,24,10,6,16,0,0,2.9708,3.87986,3.87986,8.173913043478262,18,9.0,Unai Emery,4-4-2 double 6,191000000.0,28.396241677555846,183.0909090909091,281.0,1
938,D,2021-12-21,20:30,3605202.0,D,Sevilla,368.0,5,1,4,15,2,1,0.2304999999999999,0.299426,0.299426,12.571428571428571,0,6.0,Julen Lopetegui,4-3-3 Attacking,225000000.0,29.21809470474768,183.27272727272728,338.0,1
939,A,2021-12-22,20:30,3610270.0,A,Athletic Club,621.0,15,2,7,17,2,0,0.9579,1.0933,1.0933,9.727272727272728,12,10.0,Marcelino,4-2-3-1,92500000.0,26.647999502208947,180.72727272727272,48.0,1
940,H,2021-12-22,18:00,3605307.0,D,Granada,16795.0,6,4,2,17,4,0,0.6798,0.911053,0.911053,9.692307692307692,2,15.0,Robert Moreno,4-4-2 double 6,44100000.0,27.657021965030182,181.8181818181818,131.0,1
941,A,2021-12-31,15:15,3607616.0,D,Valencia,1049.0,12,2,7,19,7,1,0.4721,0.864078,0.864078,14.285714285714286,5,8.0,Pepe Bordalás,4-4-2,151500000.0,25.416962230103913,181.1818181818182,225.0,1
942,H,2022-01-02,13:00,3607613.0,H,Getafe,3709.0,6,3,2,20,3,0,1.3436,0.900039,0.900039,17.0,2,16.0,Quique Sánchez Flores,5-3-2,80500000.0,26.852342729139444,183.54545454545453,187.0,1
943,H,2022-01-02,15:15,3607610.0,H,Atletico Madrid,13.0,15,5,8,14,3,0,2.7663,1.98103,1.98103,9.225806451612904,10,4.0,Diego Simeone,4-4-2 double 6,363000000.0,28.202352062721673,179.63636363636363,641.0,1
944,D,2022-01-02,15:15,3607618.0,D,Elche,1531.0,18,2,6,18,3,1,1.7294,1.44824,1.44824,11.136363636363637,4,18.0,Francisco Rodríguez,4-2-3-1,18700000.0,29.340551303590317,183.54545454545453,62.0,1
945,D,2022-01-02,17:30,3607609.0,A,Alaves,1108.0,19,5,2,22,3,0,1.469,1.5407,0.79742,7.871794871794871,6,17.0,José Luis Mendilibar,4-4-2 double 6,28800000.0,26.315972870387654,183.1818181818182,68.0,1
946,A,2022-01-02,17:30,3607611.0,A,Real Betis,150.0,18,7,3,15,1,0,0.5927,0.889436,0.889436,6.25,10,3.0,Manuel Pellegrini,4-2-3-1,122500000.0,29.394810528280754,179.27272727272728,327.0,1
947,A,2022-01-02,20:00,3607612.0,A,Mallorca,237.0,13,3,4,22,5,0,0.8523000000000001,0.988536,0.988536,10.620689655172416,3,15.0,Luis García,4-2-3-1,30400000.0,28.95725219339182,179.27272727272728,63.0,1
948,A,2022-01-03,20:15,3607614.0,D,Cadiz,2687.0,9,2,2,5,0,0,0.4575,0.238594,0.238594,30.2,3,19.0,Álvaro Cervera,4-2-3-1,21700000.0,26.828199863107464,181.54545454545453,103.0,1
949,A,2022-01-03,20:00,3607615.0,A,Osasuna,331.0,15,4,4,12,5,1,0.2301,0.521945,0.521945,8.722222222222221,5,14.0,Jagoba Arrasate,5-3-2,54500000.0,28.838777922966834,184.36363636363637,43.0,1
950,H,2022-01-03,18:00,3607617.0,H,Villarreal,1050.0,17,7,6,12,3,0,2.9599,4.19047,4.19047,14.333333333333334,18,9.0,Unai Emery,4-4-2,181500000.0,28.463692365129738,181.63636363636363,258.0,1
951,H,2022-01-08,13:00,3607622.0,D,Levante,3368.0,16,8,5,20,3,1,1.4426,1.32485,1.32485,7.793103448275862,4,20.0,Alessio Lisci,5-3-2,43100000.0,29.22979279447452,179.8181818181818,85.0,1
952,H,2022-01-08,15:15,3607625.0,H,Real Sociedad,681.0,12,3,6,10,3,0,2.7745,2.32107,2.32107,13.833333333333334,5,5.0,Imanol Alguacil,4-3-3 Attacking,277500000.0,25.678302532511978,182.63636363636363,194.0,1
953,D,2022-01-08,17:30,3607620.0,D,Granada,16795.0,14,4,3,9,2,0,1.1076,0.747757,0.747757,13.91304347826087,4,13.0,Robert Moreno,4-4-2 double 6,42000000.0,28.861427415842197,182.0909090909091,65.0,1
954,H,2022-01-08,20:00,3607624.0,H,Real Madrid,418.0,23,8,3,15,3,0,2.9146,4.1129,3.36962,8.235294117647058,16,1.0,Carlo Ancelotti,4-3-3 Attacking,502000000.0,29.092651359591812,182.0,738.0,1
955,D,2022-01-09,13:00,3607627.0,A,Rayo Vallecano,367.0,17,7,6,18,1,0,1.5192,1.47922,1.47922,3.260869565217391,9,7.0,Andoni Iraola,4-2-3-1,26800000.0,27.93926949163089,180.45454545454547,148.0,1
956,H,2022-01-09,15:15,3607626.0,H,Sevilla,368.0,10,1,5,8,1,0,1.7688,0.592329,0.592329,7.75,0,2.0,Julen Lopetegui,4-3-3 Attacking,238000000.0,28.387530334142244,180.0,205.0,1
957,D,2022-01-09,17:30,3607619.0,D,Alaves,1108.0,12,1,7,15,2,0,1.4049,0.585505,0.585505,8.758620689655173,5,18.0,José Luis Mendilibar,4-4-2 double 6,34300000.0,26.94318959616701,182.45454545454547,57.0,1
958,H,2022-01-09,17:30,3607623.0,H,Osasuna,331.0,15,5,5,13,2,0,2.9502,3.13396,3.13396,6.730769230769231,7,12.0,Jagoba Arrasate,4-4-2 double 6,56000000.0,28.38628585651173,183.72727272727272,44.0,1
959,D,2022-01-09,20:00,3607628.0,D,Villarreal,1050.0,13,3,7,13,0,0,2.5413,2.56125,1.81797,6.827586206896552,6,8.0,Unai Emery,4-4-2 double 6,170000000.0,29.291767780474142,182.63636363636363,192.0,1
960,A,2022-01-10,20:00,3607621.0,A,Espanyol,714.0,8,3,13,13,4,0,1.9432,1.30222,0.558944,8.5,8,11.0,Vicente Moreno,4-4-2,56900000.0,26.63928815879535,180.45454545454547,16.0,1
961,H,2022-01-16,13:00,3610279.0,D,Elche,1531.0,5,2,3,12,4,0,0.6593,0.204155,0.204155,10.55,0,15.0,Francisco Rodríguez,4-4-2 double 6,19100000.0,29.872441042872254,184.0,57.0,1
962,H,2022-01-18,19:00,3610273.0,H,Real Betis,150.0,18,5,8,14,2,0,2.6636,2.10165,2.10165,6.523809523809524,10,3.0,Manuel Pellegrini,4-2-3-1,135400000.0,29.37589446829693,180.45454545454547,302.0,1
963,D,2022-01-18,20:30,3610277.0,A,Cadiz,2687.0,10,4,3,14,5,0,0.5774,0.801983,0.801983,16.733333333333334,2,19.0,Sergio,4-4-2,30100000.0,29.947607491755335,179.54545454545453,64.0,1
964,H,2022-01-19,18:00,3610274.0,H,Celta Vigo,940.0,5,3,0,14,1,0,2.4235,1.52433,1.52433,12.35,9,12.0,Eduardo Coudet,4-4-2 Diamond,83000000.0,28.492564246157677,177.54545454545453,117.0,1
965,D,2022-01-19,20:30,3610278.0,D,Valencia,1049.0,10,2,4,22,3,1,0.7917000000000001,0.573449,0.573449,9.717948717948715,10,8.0,Pepe Bordalás,5-4-1,133000000.0,24.29519009395806,181.9090909090909,238.0,1
966,H,2022-01-20,18:00,3610276.0,D,Getafe,3709.0,12,4,4,15,3,0,1.6259,1.18065,1.18065,6.903225806451613,10,16.0,Quique Sánchez Flores,5-3-2,90500000.0,27.20154315226184,182.9090909090909,277.0,1
967,A,2022-01-21,20:00,3610293.0,A,Espanyol,714.0,12,4,6,15,3,1,0.5856,1.57092,1.57092,19.0,9,13.0,Vicente Moreno,4-2-3-1,54500000.0,27.516893783834234,179.1818181818182,20.0,1
968,A,2022-01-22,13:00,3610294.0,A,Levante,3368.0,15,8,8,15,4,0,1.4623,1.08487,1.08487,7.368421052631579,4,20.0,Alessio Lisci,4-4-2 double 6,43600000.0,30.41105096135897,180.45454545454547,84.0,1
969,H,2022-01-22,15:15,3610299.0,H,Villarreal,1050.0,12,6,10,13,1,0,1.841,2.19824,1.45496,7.333333333333333,9,8.0,Unai Emery,4-4-2,144500000.0,29.224565988426356,182.1818181818182,122.0,1
970,D,2022-01-22,17:30,3610297.0,A,Sevilla,368.0,16,5,7,11,1,0,1.707,0.885077,0.885077,7.0,5,2.0,Julen Lopetegui,4-3-3 Attacking,196000000.0,28.94331404393006,182.0,312.0,1
971,H,2022-01-22,20:00,3610291.0,A,Atletico Madrid,13.0,16,6,5,13,5,0,2.5104,2.25966,2.25966,4.5,6,5.0,Diego Simeone,4-4-2 double 6,395000000.0,27.813826146475016,180.1818181818182,660.0,1
972,A,2022-01-23,20:00,3610290.0,D,Alaves,1108.0,6,2,1,16,0,0,0.9322,0.733223,0.733223,19.727272727272727,4,19.0,José Luis Mendilibar,4-4-2 double 6,31100000.0,28.890548192396242,182.72727272727272,20.0,1
973,D,2022-01-23,17:30,3610296.0,D,Real Sociedad,681.0,9,3,7,17,1,0,2.1855,1.21342,1.21342,5.428571428571429,6,4.0,Imanol Alguacil,4-3-3 Attacking,188200000.0,26.691307323750856,182.8181818181818,170.0,1
974,A,2022-01-23,17:30,3610298.0,A,Rayo Vallecano,367.0,29,3,9,8,1,0,2.1713,1.45337,1.45337,6.666666666666667,6,7.0,Andoni Iraola,4-2-3-1,26000000.0,28.48111505195694,179.27272727272728,166.0,1
975,A,2022-01-23,13:00,3610292.0,D,Granada,16795.0,6,2,4,12,0,0,0.3068,0.582823,0.582823,4.333333333333333,1,14.0,Robert Moreno,4-4-2,35100000.0,29.272105033912013,183.0,14.0,1
976,D,2022-01-23,15:15,3610295.0,A,Real Madrid,418.0,23,8,10,11,3,0,2.9088,3.82847,2.34191,10.263157894736842,18,1.0,Carlo Ancelotti,4-3-3 Attacking,480000000.0,29.59168688942816,181.36363636363637,700.0,1
977,H,2022-02-04,20:00,3610325.0,H,Getafe,3709.0,14,8,2,12,4,0,1.9194,1.1718,1.1718,14.08695652173913,3,15.0,Quique Sánchez Flores,5-3-2,90500000.0,27.242610914068823,182.9090909090909,277.0,1
978,H,2022-02-05,13:00,3610329.0,A,Elche,1531.0,14,4,7,15,1,0,1.8463,1.77379,1.77379,7.066666666666666,6,14.0,Francisco Rodríguez,4-4-2 double 6,22200000.0,29.27409619812084,182.8181818181818,63.0,1
979,H,2022-02-05,15:15,3610324.0,D,Mallorca,237.0,17,5,6,14,2,0,2.416,2.23498,0.748428,13.529411764705882,8,17.0,Luis García,4-4-2,38000000.0,29.14815506191276,180.54545454545453,135.0,1
980,H,2022-02-05,17:30,3610323.0,H,Celta Vigo,940.0,13,3,7,17,0,0,1.2778,0.65442,0.65442,7.709677419354839,3,11.0,Eduardo Coudet,4-4-2 Diamond,79000000.0,27.679422562379443,177.45454545454547,50.0,1
981,D,2022-02-05,20:00,3610326.0,D,Osasuna,331.0,9,3,1,13,1,0,0.4301,0.397154,0.397154,15.272727272727272,5,12.0,Jagoba Arrasate,4-1-4-1,65300000.0,26.981270611660758,182.0909090909091,55.0,1
982,H,2022-02-06,20:00,3610327.0,D,Real Madrid,418.0,24,11,9,9,2,0,2.2286,1.47173,1.47173,12.625,10,1.0,Carlo Ancelotti,4-3-3 Attacking,382000000.0,28.353182751540043,180.1818181818182,648.0,1
983,A,2022-02-06,17:30,3610322.0,A,Real Betis,150.0,9,3,6,19,2,0,0.7895,0.737524,0.737524,5.514285714285714,5,3.0,Manuel Pellegrini,4-2-3-1,157500000.0,29.113309688258354,180.27272727272728,312.0,1
984,D,2022-02-06,13:00,3610328.0,D,Valencia,1049.0,14,3,9,17,4,0,1.9542,1.19065,1.19065,7.615384615384615,5,10.0,Pepe Bordalás,5-4-1,136300000.0,22.563126127807852,182.1818181818182,173.0,1
985,H,2022-02-06,15:15,3610321.0,H,Barcelona,131.0,9,4,3,15,2,1,0.779,0.926663,0.926663,10.714285714285714,6,4.0,Xavi,4-3-3 Attacking,370000000.0,27.483790678862547,181.0909090909091,502.0,1
986,H,2022-02-07,20:00,3610320.0,H,Athletic Club,621.0,7,4,5,17,3,0,1.8245,1.07545,1.07545,11.12,6,8.0,Marcelino,4-2-3-1,87700000.0,27.126127807852654,181.0,101.0,1
987,H,2022-02-11,20:00,3610347.0,D,Sevilla,368.0,14,6,5,13,1,0,1.7831,0.767939,0.767939,7.833333333333333,3,2.0,Julen Lopetegui,3-4-2-1,263000000.0,28.72777051832493,181.8181818181818,496.0,1
988,D,2022-02-12,13:00,3610343.0,D,Cadiz,2687.0,8,2,3,12,3,0,1.2291,0.880656,0.880656,18.666666666666668,3,19.0,Sergio,4-4-2 double 6,31250000.0,28.979403895214986,179.45454545454547,79.0,1
989,D,2022-02-12,15:15,3610349.0,D,Villarreal,1050.0,9,2,3,11,2,0,0.2977,0.460031,0.460031,22.73333333333333,7,7.0,Unai Emery,4-4-2,203500000.0,28.299421317901814,182.9090909090909,249.0,1
990,A,2022-02-12,17:30,3610348.0,A,Rayo Vallecano,367.0,10,3,4,11,2,0,0.3477,0.590034,0.590034,7.666666666666667,3,9.0,Andoni Iraola,4-2-3-1,30300000.0,28.51596042561135,179.8181818181818,231.0,1
991,H,2022-02-12,20:00,3610341.0,D,Atletico Madrid,13.0,11,7,5,18,3,1,2.0666,3.20819,2.46491,9.36,4,6.0,Diego Simeone,4-4-2 double 6,337000000.0,28.916184431584842,181.8181818181818,541.0,1
992,H,2022-02-13,13:00,3610340.0,H,Alaves,1108.0,9,5,5,15,4,0,2.0873,2.03492,1.29164,8.5,4,18.0,José Luis Mendilibar,4-2-3-1,37300000.0,29.201916495550993,183.54545454545453,27.0,1
993,A,2022-02-13,15:15,3610345.0,A,Levante,3368.0,12,4,5,13,1,1,1.0315,1.66764,1.66764,11.346153846153848,5,20.0,Alessio Lisci,5-4-1,35300000.0,28.941820670773442,180.0,9.0,1
994,H,2022-02-13,17:30,3610346.0,H,Real Sociedad,681.0,18,8,6,13,0,0,2.8173,3.43761,2.69433,8.36,9,4.0,Imanol Alguacil,4-2-3-1,287000000.0,26.27888743699832,182.36363636363637,219.0,1
995,D,2022-02-13,20:00,3610344.0,D,Espanyol,714.0,10,4,3,14,5,1,0.5529,0.624266,0.624266,21.615384615384617,8,13.0,Vicente Moreno,4-5-1 flat,84500000.0,28.35741397548379,180.9090909090909,75.0,1
996,H,2022-02-14,20:00,3610342.0,H,Mallorca,237.0,16,5,6,22,6,0,1.5521000000000005,1.81722,1.07394,8.16,5,15.0,Luis García,4-4-2 double 6,38000000.0,29.17279571899695,180.54545454545453,135.0,1
997,A,2022-02-16,18:00,3610271.0,D,Atletico Madrid,13.0,10,1,5,9,3,0,1.6185,1.10602,1.10602,11.391304347826088,10,6.0,Diego Simeone,4-4-2 double 6,410000000.0,27.744384294692303,181.1818181818182,582.0,1
998,H,2022-02-18,20:00,3610369.0,D,Elche,1531.0,9,5,2,18,2,0,2.7387,2.95715,2.95715,9.551724137931034,5,13.0,Francisco Rodríguez,4-4-2 double 6,23600000.0,29.75595793665609,183.0909090909091,90.0,1
999,D,2022-02-19,17:30,3610363.0,D,Cadiz,2687.0,9,2,7,17,3,0,0.9893,0.653762,0.653762,8.705882352941176,8,19.0,Sergio,3-4-1-2,26250000.0,29.6290212183436,181.0,70.0,1
1000,H,2022-02-19,20:00,3610367.0,D,Real Madrid,418.0,22,9,7,6,1,0,2.7918,3.02281,2.27954,6.333333333333333,16,1.0,Carlo Ancelotti,4-3-3 Attacking,538000000.0,28.382552423620186,181.9090909090909,854.0,1
1001,A,2022-02-19,15:15,3610366.0,A,Osasuna,331.0,14,4,4,12,1,0,1.0525,0.689493,0.689493,8.36,4,11.0,Jagoba Arrasate,4-1-4-1,78000000.0,27.586335635616948,181.36363636363637,56.0,1
1002,A,2022-02-19,13:00,3610364.0,A,Granada,16795.0,20,5,9,15,3,0,0.1056,2.12749,1.38421,11.72,4,17.0,Robert Moreno,4-3-3 Attacking,40600000.0,30.737352996079895,182.36363636363637,12.0,1
1003,D,2022-02-20,13:00,3610365.0,A,Espanyol,714.0,11,4,3,14,4,0,1.8974,1.60205,1.60205,12.541666666666666,5,14.0,Vicente Moreno,4-1-4-1,85500000.0,27.587580113247466,180.72727272727272,76.0,1
1004,A,2022-02-20,15:15,3610368.0,A,Valencia,1049.0,11,5,8,22,3,0,0.237,0.774868,0.774868,7.588235294117647,5,12.0,Pepe Bordalás,4-4-2 double 6,205000000.0,23.834982266193766,182.36363636363637,196.0,1
1005,H,2022-02-20,17:30,3610361.0,H,Real Betis,150.0,14,5,4,13,3,0,2.4193,1.47285,0.729572,7.9714285714285715,9,3.0,Manuel Pellegrini,4-2-3-1,172000000.0,29.365689751726713,181.54545454545453,173.0,1
1006,H,2022-02-20,20:00,3610360.0,D,Athletic Club,621.0,18,8,6,9,4,0,2.8641,3.08821,2.34493,11.565217391304348,5,8.0,Marcelino,4-4-2 double 6,127300000.0,29.33582228859436,182.1818181818182,115.0,1
1007,D,2022-02-21,20:00,3610362.0,D,Celta Vigo,940.0,8,4,2,15,3,0,1.2298999999999998,1.40465,1.40465,6.0,7,10.0,Eduardo Coudet,4-4-2 Diamond,92000000.0,28.582913322133034,177.54545454545453,117.0,1
1008,H,2022-02-25,20:00,3610375.0,H,Levante,3368.0,11,4,3,17,1,0,2.2615000000000003,2.13075,2.13075,14.210526315789474,7,20.0,Alessio Lisci,4-3-3 Attacking,33500000.0,29.170306763735923,180.36363636363637,1.0,1
1009,A,2022-02-26,13:00,3610372.0,A,Mallorca,237.0,23,3,14,14,4,0,1.8693,1.38849,1.38849,3.363636363636364,8,16.0,Luis García,4-2-3-1,37300000.0,29.417211125630015,180.54545454545453,131.0,1
1010,D,2022-02-26,15:15,3610373.0,A,Getafe,3709.0,12,3,6,7,2,1,1.247,1.2384,1.2384,11.8,2,15.0,Quique Sánchez Flores,5-3-2,104500000.0,27.302843631385723,182.9090909090909,277.0,1
1011,A,2022-02-26,17:30,3610378.0,D,Rayo Vallecano,367.0,19,5,5,20,5,0,0.8382999999999999,1.19813,1.19813,12.0,5,9.0,Andoni Iraola,4-2-3-1,31100000.0,28.844004729014998,181.27272727272728,32.0,1
1012,H,2022-02-26,20:00,3610370.0,H,Atletico Madrid,13.0,13,6,5,10,4,0,1.3738,0.771653,0.771653,13.821428571428571,6,5.0,Diego Simeone,3-5-2 flat,370000000.0,27.883516893783835,181.9090909090909,555.0,1
1013,H,2022-02-27,13:00,3610379.0,H,Villarreal,1050.0,19,11,10,11,2,0,2.9809,4.80545,4.80545,8.136363636363637,20,7.0,Unai Emery,4-4-2 double 6,221500000.0,28.34820484101798,181.63636363636363,237.0,1
1014,H,2022-02-27,15:15,3610377.0,H,Sevilla,368.0,12,3,4,13,6,0,2.2243,1.73411,0.990829,7.4411764705882355,4,2.0,Julen Lopetegui,4-1-4-1,186000000.0,31.006657955323252,180.45454545454547,560.0,1
1015,H,2022-02-27,17:30,3610376.0,D,Real Sociedad,681.0,11,5,6,10,0,0,2.3581,1.52268,1.52268,9.38095238095238,6,6.0,Imanol Alguacil,4-2-3-1,178300000.0,26.05712152324062,181.36363636363637,143.0,1
1016,H,2022-02-27,20:00,3610371.0,H,Barcelona,131.0,17,7,5,8,2,0,2.9107000000000003,3.24274,3.24274,6.269230769230769,8,4.0,Xavi,4-3-3 Attacking,346000000.0,27.202787629892352,181.9090909090909,465.0,1
1017,D,2022-02-28,20:00,3610374.0,D,Granada,16795.0,6,1,0,12,3,1,0.6464000000000001,0.240876,0.240876,21.785714285714285,0,17.0,Robert Moreno,3-4-3,53900000.0,25.80125692240682,182.72727272727272,64.0,1
1018,A,2022-03-02,20:00,3610275.0,A,Mallorca,237.0,13,1,3,12,0,0,0.5518,0.455768,0.455768,12.96,7,17.0,Luis García,4-2-3-1,36800000.0,28.04081886628088,181.0909090909091,137.0,1
1019,D,2022-03-04,20:00,3610400.0,D,Alaves,1108.0,14,2,5,16,3,0,2.1123,2.03396,2.03396,9.314285714285717,4,19.0,José Luis Mendilibar,4-4-1-1,35200000.0,29.0660195382988,183.36363636363637,24.0,1
1020,H,2022-03-05,13:00,3610406.0,D,Osasuna,331.0,12,3,6,12,1,0,2.1881,1.52659,1.52659,15.384615384615383,4,11.0,Jagoba Arrasate,4-4-2 double 6,75000000.0,27.060668284487587,181.27272727272728,21.0,1
1021,H,2022-03-05,15:15,3610405.0,H,Espanyol,714.0,4,1,1,17,6,0,0.7874999999999999,0.12167,0.12167,6.65625,0,13.0,Vicente Moreno,4-2-3-1,84500000.0,27.30831933295999,180.63636363636363,76.0,1
1022,H,2022-03-05,17:30,3610408.0,D,Valencia,1049.0,12,4,3,14,3,0,2.695,1.83454,1.09126,5.666666666666667,7,9.0,Pepe Bordalás,4-3-3 Attacking,154300000.0,25.02943189596167,181.9090909090909,138.0,1
1023,H,2022-03-05,20:00,3610407.0,H,Real Madrid,418.0,18,8,7,12,0,0,2.4971,2.08769,1.34441,9.51851851851852,17,1.0,Carlo Ancelotti,4-3-3 Attacking,528000000.0,27.57787318772945,181.1818181818182,809.0,1
1024,H,2022-03-06,13:00,3610404.0,D,Cadiz,2687.0,13,7,5,23,5,0,1.5577,1.1663,1.1663,7.321428571428571,5,18.0,Sergio,4-4-2,29050000.0,28.855702818741836,180.9090909090909,79.0,1
1025,A,2022-03-06,15:15,3610409.0,H,Elche,1531.0,13,3,5,10,2,1,0.0745,0.850008,0.850008,21.666666666666668,7,14.0,Francisco Rodríguez,4-4-2 double 6,37600000.0,28.93883392446021,183.0909090909091,91.0,1
1026,H,2022-03-06,17:30,3610403.0,H,Celta Vigo,940.0,16,8,4,17,5,1,2.2443,2.80024,2.05696,7.413793103448276,14,10.0,Eduardo Coudet,4-4-2 Diamond,79000000.0,29.198680853711654,177.72727272727272,117.0,1
1027,A,2022-03-06,20:00,3610402.0,D,Real Betis,150.0,18,6,10,16,5,0,0.5279,1.31499,1.31499,6.214285714285714,4,5.0,Manuel Pellegrini,4-2-3-1,83900000.0,31.45840333520005,179.9090909090909,343.0,1
1028,H,2022-03-07,20:00,3610401.0,D,Athletic Club,621.0,17,9,4,6,1,0,2.8932,3.4866,2.74332,14.61904761904762,9,8.0,Marcelino,4-4-2 double 6,149800000.0,27.574388650364014,182.0,117.0,1
1029,H,2022-03-11,20:00,3610430.0,D,Atletico Madrid,13.0,6,5,0,23,4,1,1.1781,0.659742,0.659742,8.433333333333334,5,4.0,Diego Simeone,3-5-2 flat,445000000.0,28.582415531080827,181.9090909090909,857.0,1
1030,D,2022-03-12,13:00,3610436.0,D,Levante,3368.0,14,3,8,17,4,0,2.097,1.25649,1.25649,7.2592592592592595,11,20.0,Alessio Lisci,5-4-1,38500000.0,27.373529960798955,181.36363636363637,91.0,1
1031,A,2022-03-12,15:15,3610435.0,A,Granada,16795.0,15,4,3,15,3,0,1.3822,1.34208,1.34208,7.0,6,17.0,Rubén Torrecilla,3-5-2,51700000.0,26.196751913384357,182.72727272727272,65.0,1
1032,H,2022-03-12,17:30,3610439.0,D,Villarreal,1050.0,10,3,5,12,1,0,1.5611,1.16993,1.16993,16.714285714285715,6,7.0,Unai Emery,4-2-3-1,202500000.0,28.900504013440358,182.54545454545453,223.0,1
1033,D,2022-03-12,20:00,3610434.0,D,Getafe,3709.0,16,6,5,18,6,0,2.2348,1.20664,1.20664,5.961538461538462,5,15.0,Quique Sánchez Flores,5-3-2,104500000.0,27.341173542405578,182.9090909090909,277.0,1
1034,H,2022-03-13,20:00,3610431.0,H,Barcelona,131.0,24,9,5,7,0,0,2.9852,3.90343,3.16016,6.393939393939394,17,3.0,Xavi,4-3-3 Attacking,320000000.0,28.011449194200736,180.72727272727272,563.0,1
1035,H,2022-03-13,17:30,3610437.0,D,Real Sociedad,681.0,15,6,6,15,1,0,2.7514000000000003,3.04773,3.04773,9.466666666666669,8,6.0,Imanol Alguacil,4-1-4-1,190100000.0,26.757264638168127,182.36363636363637,159.0,1
1036,D,2022-03-13,13:00,3610438.0,D,Rayo Vallecano,367.0,10,2,5,16,0,0,1.4901,0.626895,0.626895,10.875,1,12.0,Andoni Iraola,4-2-3-1,30600000.0,28.818866280878602,183.72727272727272,125.0,1
1037,H,2022-03-13,15:15,3610432.0,H,Real Betis,150.0,8,5,5,17,4,1,1.4743,0.846393,0.846393,12.4,5,5.0,Manuel Pellegrini,4-2-3-1,143000000.0,28.268807168191152,181.1818181818182,168.0,1
1038,A,2022-03-14,20:00,3610433.0,D,Mallorca,237.0,14,3,1,13,3,0,0.8455,1.17685,1.17685,12.384615384615383,7,16.0,Luis García,4-4-2,39000000.0,27.835231161719868,181.27272727272728,133.0,1
1039,D,2022-03-18,20:00,3610559.0,D,Athletic Club,621.0,22,11,8,15,4,0,2.6863,2.64347,2.64347,4.695652173913044,3,8.0,Marcelino,4-4-2 double 6,144800000.0,26.86503640097069,182.1818181818182,106.0,1
1040,A,2022-03-19,13:00,3610558.0,D,Alaves,1108.0,11,6,6,12,4,0,1.3286,2.13094,1.38766,7.368421052631579,5,19.0,José Luis Mendilibar,4-4-2 double 6,37200000.0,28.855702818741836,182.72727272727272,27.0,1
1041,A,2022-03-19,15:15,3610567.0,D,Elche,1531.0,8,2,4,19,3,1,0.8709,0.509372,0.509372,5.16,6,14.0,Francisco Rodríguez,4-4-2 double 6,42600000.0,29.13073237508556,183.72727272727272,97.0,1
1042,H,2022-03-19,17:30,3610563.0,H,Osasuna,331.0,20,7,6,9,0,0,2.3052,2.67397,2.67397,12.666666666666666,3,10.0,Jagoba Arrasate,4-1-4-1,79000000.0,27.662995457656645,181.36363636363637,56.0,1
1043,A,2022-03-19,20:00,3610566.0,D,Rayo Vallecano,367.0,15,3,3,15,0,0,1.8986,1.88474,1.88474,8.37037037037037,6,13.0,Andoni Iraola,4-2-3-1,32600000.0,29.29973243730944,181.72727272727272,114.0,1
1044,A,2022-03-20,20:00,3610564.0,A,Real Madrid,418.0,14,4,4,9,4,0,0.0495,0.627785,0.627785,24.666666666666668,6,1.0,Carlo Ancelotti,4-3-3 Attacking,510000000.0,28.31385725841578,181.0,775.0,1
1045,H,2022-03-20,13:00,3610562.0,H,Espanyol,714.0,12,3,6,14,3,0,2.444,1.54033,1.54033,10.105263157894736,2,12.0,Vicente Moreno,4-2-3-1,75300000.0,27.89919731192832,180.27272727272728,75.0,1
1046,H,2022-03-20,15:15,3610561.0,D,Cadiz,2687.0,16,7,6,11,3,0,2.5167,1.4273,1.4273,14.136363636363637,3,17.0,Sergio,4-4-2,31200000.0,28.894032729761683,180.9090909090909,79.0,1
1047,D,2022-03-20,15:15,3610560.0,D,Celta Vigo,940.0,9,3,2,12,1,0,2.1288,1.26157,1.26157,7.2105263157894735,4,11.0,Eduardo Coudet,4-4-2 Diamond,82200000.0,28.873374401095138,179.27272727272728,117.0,1
1048,D,2022-03-20,17:30,3610565.0,D,Sevilla,368.0,10,0,7,12,0,0,0.5478000000000001,0.355365,0.355365,6.517241379310345,7,2.0,Julen Lopetegui,4-4-2 double 6,171000000.0,28.70088980150582,179.72727272727272,481.0,1
1049,A,2022-04-02,17:30,3610572.0,A,Celta Vigo,940.0,10,4,9,16,3,0,0.2382,1.07389,1.07389,9.22222222222222,9,11.0,Eduardo Coudet,4-4-2 Diamond,75200000.0,29.73753966772447,178.1818181818182,43.0,1
1050,H,2022-04-02,20:00,3610569.0,H,Atletico Madrid,13.0,14,8,8,10,1,0,2.8617,2.86429,2.12102,15.375,3,4.0,Diego Simeone,4-4-2 double 6,366000000.0,27.83398668408935,181.27272727272728,586.0,1
1051,H,2022-04-02,13:00,3610573.0,D,Getafe,3709.0,16,3,5,15,5,0,2.6109,1.69452,0.826319,3.769230769230769,4,15.0,Quique Sánchez Flores,3-5-2 flat,98800000.0,27.916122207703314,182.9090909090909,324.0,1
1052,H,2022-04-02,15:15,3610575.0,D,Levante,3368.0,13,4,1,16,4,0,1.9087,1.71737,1.71737,9.521739130434783,2,20.0,Alessio Lisci,5-3-2,25200000.0,29.584966710223384,181.54545454545453,2.0,1
1053,H,2022-04-03,20:00,3610570.0,D,Barcelona,131.0,19,6,9,12,3,0,2.4443,1.93362,1.93362,9.0625,11,2.0,Xavi,4-3-3 Attacking,324000000.0,28.894281625287785,182.36363636363637,607.0,1
1054,D,2022-04-03,17:30,3610577.0,D,Valencia,1049.0,5,1,4,11,3,0,1.0142,0.107859,0.107859,7.818181818181818,3,9.0,Pepe Bordalás,3-4-3,188000000.0,24.115238628585654,183.45454545454547,164.0,1
1055,H,2022-04-03,13:00,3610568.0,H,Athletic Club,621.0,16,6,7,14,2,0,2.5135,2.08095,2.08095,12.115384615384617,5,8.0,Marcelino,4-4-2 double 6,140800000.0,26.725406010826955,182.54545454545453,107.0,1
1056,H,2022-04-03,15:15,3610571.0,H,Real Betis,150.0,24,8,11,11,1,0,2.9973,4.85779,4.85779,6.464285714285714,12,5.0,Manuel Pellegrini,4-2-3-1,113000000.0,31.196316346213678,181.63636363636363,129.0,1
1057,D,2022-04-03,17:30,3610574.0,A,Granada,16795.0,17,9,5,14,4,0,2.2638000000000003,2.26365,1.52037,3.257142857142857,3,16.0,Rubén Torrecilla,4-4-2 double 6,48500000.0,28.93310932735984,182.9090909090909,17.0,1
1058,H,2022-04-04,20:00,3610576.0,D,Real Sociedad,681.0,17,6,6,17,2,0,2.3548,1.95778,1.2145,6.115384615384615,17,6.0,Imanol Alguacil,4-2-3-1,176000000.0,27.226183809346026,181.36363636363637,186.0,1
1059,H,2022-04-08,20:00,3611445.0,D,Sevilla,368.0,16,8,14,7,2,0,2.7806,3.30823,3.30823,5.166666666666667,19,3.0,Julen Lopetegui,4-4-2 double 6,261000000.0,28.894530520813888,182.1818181818182,558.0,1
1060,A,2022-04-09,13:00,3611440.0,D,Cadiz,2687.0,10,4,8,18,1,0,1.2254,1.15546,1.15546,9.84,3,18.0,Sergio,4-4-2,29700000.0,29.36892539356605,180.63636363636363,15.0,1
1061,H,2022-04-09,15:15,3611439.0,D,Mallorca,237.0,10,3,1,14,1,0,1.8920000000000003,1.08047,0.337197,21.73684210526316,4,17.0,Javier Aguirre,3-4-2-1,40900000.0,27.851160475390454,181.27272727272728,131.0,1
1062,D,2022-04-09,17:30,3611447.0,A,Villarreal,1050.0,11,5,7,17,2,0,0.5238,0.919935,0.919935,8.681818181818182,2,7.0,Unai Emery,4-4-2 double 6,134000000.0,28.487835231161718,179.8181818181818,199.0,1
1063,H,2022-04-09,20:00,3611444.0,H,Real Madrid,418.0,26,8,10,13,2,0,2.387,1.62196,1.62196,8.818181818181818,7,1.0,Carlo Ancelotti,4-3-3 Attacking,555000000.0,27.19532076410927,181.54545454545453,633.0,1
1064,H,2022-04-10,13:00,3611443.0,D,Osasuna,331.0,15,4,7,12,3,0,2.6937,2.67295,1.92967,5.7727272727272725,6,10.0,Jagoba Arrasate,4-3-3 Attacking,68600000.0,29.39456163275465,182.9090909090909,43.0,1
1065,H,2022-04-10,15:15,3611441.0,D,Espanyol,714.0,11,2,2,12,4,0,2.1122,1.55824,1.55824,13.5,6,11.0,Vicente Moreno,4-2-3-1,78300000.0,27.64855951714268,180.45454545454547,61.0,1
1066,A,2022-04-10,17:30,3611448.0,A,Elche,1531.0,10,1,8,15,3,0,0.6066,1.0483,1.0483,11.625,2,14.0,Francisco Rodríguez,4-4-2 double 6,27700000.0,29.107336195631884,183.9090909090909,95.0,1
1067,A,2022-04-10,20:00,3611442.0,D,Levante,3368.0,11,6,4,8,1,0,2.5159,2.98698,0.757149,22.5625,5,20.0,Alessio Lisci,5-3-2,33000000.0,29.28454981021716,181.63636363636363,3.0,1
1068,D,2022-04-11,20:00,3611446.0,D,Rayo Vallecano,367.0,11,4,5,13,3,0,1.2695,0.556213,0.556213,7.0,6,12.0,Andoni Iraola,4-2-3-1,33500000.0,28.735486279634127,178.27272727272728,117.0,1
1069,D,2022-04-15,20:00,3611455.0,D,Real Sociedad,681.0,9,2,8,17,4,1,1.816,0.86796,0.86796,7.384615384615385,8,6.0,Imanol Alguacil,4-3-1-2,214000000.0,26.88469914753282,183.36363636363637,225.0,1
1070,A,2022-04-16,20:00,3611453.0,A,Getafe,3709.0,12,5,6,17,2,0,0.2507,0.939154,0.939154,9.58974358974359,6,15.0,Quique Sánchez Flores,5-3-2,95600000.0,27.137079211001183,183.54545454545453,187.0,1
1071,A,2022-04-16,17:30,3611457.0,D,Valencia,1049.0,11,4,9,11,1,0,1.4287,1.20904,0.465759,8.6875,3,10.0,Pepe Bordalás,4-4-2 double 6,173000000.0,24.1448571961919,182.72727272727272,170.0,1
1072,H,2022-04-16,15:15,3611449.0,D,Alaves,1108.0,11,5,2,10,2,0,0.7467999999999999,0.531373,0.531373,13.263157894736842,1,19.0,Julio Velázquez,4-4-2 double 6,33900000.0,29.69099620434323,183.54545454545453,18.0,1
1073,H,2022-04-16,13:00,3611458.0,H,Elche,1531.0,6,2,2,17,2,0,1.7633,1.49995,1.49995,11.61111111111111,5,14.0,Francisco Rodríguez,5-4-1,28200000.0,29.494119843195822,182.36363636363637,98.0,1
1074,A,2022-04-17,13:00,3611454.0,A,Granada,16795.0,16,4,13,10,5,1,0.0766999999999999,1.15642,1.15642,8.789473684210526,6,17.0,Rubén Torrecilla,5-4-1,42200000.0,30.3963661253189,182.54545454545453,58.0,1
1075,H,2022-04-17,15:15,3611451.0,D,Atletico Madrid,13.0,10,3,6,18,5,1,2.0538,1.58913,0.84585,14.15,9,4.0,Diego Simeone,4-4-2 double 6,353000000.0,28.216041316657332,180.9090909090909,400.0,1
1076,A,2022-04-17,17:30,3611450.0,A,Athletic Club,621.0,10,2,5,13,2,0,1.3073,0.910556,0.910556,12.347826086956522,9,8.0,Marcelino,4-4-2 double 6,144000000.0,26.23657519756082,182.0,106.0,1
1077,A,2022-04-17,20:00,3611456.0,H,Sevilla,368.0,7,2,0,11,3,0,1.0638,1.17236,1.17236,12.384615384615383,2,3.0,Julen Lopetegui,4-2-3-1,236000000.0,30.203223197063036,180.0,485.0,1
1078,A,2022-04-18,20:00,3611452.0,D,Barcelona,131.0,18,6,8,16,4,0,0.8562000000000001,1.35403,1.35403,2.6923076923076925,10,2.0,Xavi,4-3-3 Attacking,326000000.0,25.838591251322256,179.9090909090909,665.0,1
1079,H,2022-04-19,18:00,3611462.0,H,Mallorca,237.0,5,3,0,25,2,0,1.7036,0.91373,0.91373,9.321428571428571,5,16.0,Javier Aguirre,4-4-1-1,41000000.0,28.613527471843692,182.0909090909091,133.0,1
1080,A,2022-04-19,20:00,3611460.0,D,Real Betis,150.0,18,3,2,9,2,1,1.749,1.34387,1.34387,5.785714285714286,6,5.0,Manuel Pellegrini,4-2-3-1,122500000.0,29.160102047165704,179.45454545454547,314.0,1
1081,H,2022-04-19,20:30,3611468.0,H,Villarreal,1050.0,12,5,3,14,2,0,2.8516,2.79507,2.05179,10.5,3,7.0,Unai Emery,4-4-2 double 6,198000000.0,28.50476012693672,182.0909090909091,351.0,1
1082,A,2022-04-20,20:30,3611466.0,A,Osasuna,331.0,12,3,3,13,1,0,0.0219,0.872915,0.872915,19.85,7,9.0,Jagoba Arrasate,4-1-4-1,67500000.0,28.558770456101055,182.0909090909091,47.0,1
1083,D,2022-04-20,18:00,3611459.0,D,Atletico Madrid,13.0,22,1,11,9,4,0,2.2402,1.14761,1.14761,9.19047619047619,11,4.0,Diego Simeone,3-5-2 flat,341700000.0,27.921100118225375,180.45454545454547,640.0,1
1084,A,2022-04-20,19:00,3611461.0,A,Celta Vigo,940.0,9,2,2,13,2,0,0.4152,0.326278,0.326278,4.761904761904762,8,12.0,Eduardo Coudet,4-4-2 Diamond,92000000.0,28.582415531080827,177.72727272727272,114.0,1
1085,A,2022-04-21,20:30,3611467.0,A,Real Sociedad,681.0,8,5,5,12,1,0,0.6532,1.0324,1.0324,7.166666666666667,7,6.0,Imanol Alguacil,4-1-3-2,216000000.0,26.449878663431026,184.8181818181818,240.0,1
1086,A,2022-04-21,19:00,3611463.0,A,Cadiz,2687.0,27,8,4,9,3,0,2.0718,3.42624,3.42624,10.866666666666667,13,17.0,Sergio,4-4-2,31200000.0,28.981643954949906,180.9090909090909,79.0,1
1087,A,2022-04-21,18:00,3611464.0,A,Espanyol,714.0,6,2,3,14,4,0,0.7877000000000001,0.454741,0.454741,8.95,5,13.0,Vicente Moreno,4-3-3 Attacking,77300000.0,28.225997137701448,180.8181818181818,75.0,1
1088,A,2022-04-21,18:00,3611465.0,A,Levante,3368.0,15,6,10,9,1,0,1.4957,2.62106,1.1345,12.8,3,20.0,Alessio Lisci,5-3-2,27000000.0,28.572708605562813,181.9090909090909,10.0,1
1089,A,2022-04-24,20:00,3610272.0,A,Barcelona,131.0,18,5,9,10,4,0,2.1121000000000003,1.10806,1.10806,6.476190476190476,13,7.0,Xavi,4-3-3 Attacking,334000000.0,25.940140625972244,181.27272727272728,651.0,1
1090,D,2022-04-29,20:00,3611475.0,H,Sevilla,368.0,11,6,5,15,2,0,1.3305,0.873458,0.873458,9.24,4,3.0,Julen Lopetegui,4-2-3-1,240000000.0,29.96353680542592,180.72727272727272,488.0,1
1091,H,2022-04-30,13:00,3611469.0,H,Alaves,1108.0,11,5,5,14,5,0,1.9663,1.85307,1.85307,14.476190476190476,5,19.0,Julio Velázquez,4-2-3-1,31900000.0,29.443096260344717,182.45454545454547,28.0,1
1092,H,2022-04-30,15:15,3611474.0,H,Real Madrid,418.0,11,5,6,11,2,0,1.8674,2.31704,2.31704,15.133333333333333,15,1.0,Carlo Ancelotti,4-3-3 Attacking,303000000.0,28.037832119967643,180.45454545454547,516.0,1
1093,D,2022-04-30,17:30,3611476.0,H,Valencia,1049.0,6,1,1,11,4,1,0.6398,0.737326,0.737326,16.6,4,10.0,Pepe Bordalás,5-3-2,209000000.0,24.850724908219775,183.36363636363637,187.0,1
1094,H,2022-04-30,20:00,3611470.0,H,Athletic Club,621.0,11,4,5,18,3,0,2.1277,1.24712,0.503837,9.15625,3,8.0,Marcelino,4-4-2 double 6,129300000.0,29.29027440731753,182.54545454545453,135.0,1
1095,D,2022-05-01,13:00,3611478.0,D,Elche,1531.0,11,4,7,13,4,0,0.9832,0.80936,0.80936,9.5625,6,13.0,Francisco Rodríguez,5-4-1,29200000.0,29.535187605002804,182.36363636363637,98.0,1
1096,D,2022-05-01,15:15,3611473.0,D,Granada,16795.0,15,6,5,11,1,0,1.0937,0.999398,0.999398,6.774193548387097,4,18.0,Aitor Karanka,4-2-3-1,43850000.0,27.403397423931303,181.63636363636363,61.0,1
1097,D,2022-05-01,17:30,3611477.0,A,Rayo Vallecano,367.0,13,7,8,15,2,0,1.6674,1.19946,1.19946,10.74074074074074,4,11.0,Andoni Iraola,4-2-3-1,38500000.0,26.924522431709292,180.1818181818182,121.0,1
1098,H,2022-05-01,20:00,3611471.0,H,Barcelona,131.0,17,5,5,13,2,0,1.6446,1.64114,1.64114,5.607142857142857,11,2.0,Xavi,4-3-3 Attacking,319000000.0,29.112314106153942,182.27272727272728,645.0,1
1099,D,2022-05-02,20:00,3611472.0,D,Getafe,3709.0,13,2,2,13,1,0,1.6683,0.851757,0.851757,15.608695652173912,2,15.0,Quique Sánchez Flores,3-5-2,111300000.0,27.79665235517392,183.0909090909091,347.0,1
1100,H,2022-05-06,20:00,3611487.0,D,Levante,3368.0,16,7,7,10,2,0,1.3434,2.22217,1.47889,11.037037037037036,6,19.0,Alessio Lisci,5-3-2,28100000.0,28.615020845000313,181.63636363636363,11.0,1
1101,A,2022-05-07,20:00,3611481.0,D,Real Betis,150.0,14,5,4,16,1,0,0.8318999999999999,0.627814,0.627814,12.708333333333334,7,5.0,Manuel Pellegrini,4-2-3-1,149500000.0,31.025325119780973,178.72727272727272,343.0,1
1102,H,2022-05-07,17:30,3611482.0,H,Celta Vigo,940.0,15,7,7,7,1,0,2.9312,2.99933,2.99933,8.347826086956522,17,11.0,Eduardo Coudet,4-4-2 Diamond,83000000.0,29.209134465807974,177.9090909090909,114.0,1
1103,H,2022-05-07,17:30,3611485.0,D,Cadiz,2687.0,17,7,8,18,1,0,2.8019,2.02383,2.02383,6.612903225806452,6,16.0,Sergio,4-4-2 double 6,32600000.0,30.752784518698274,181.63636363636363,9.0,1
1104,A,2022-05-07,13:00,3611483.0,D,Mallorca,237.0,18,8,5,11,3,0,0.7577,1.77941,1.77941,10.916666666666666,9,18.0,Javier Aguirre,4-3-3 Attacking,37200000.0,29.211623421069007,181.72727272727272,131.0,1
1105,D,2022-05-07,15:15,3611479.0,D,Athletic Club,621.0,10,5,4,13,4,0,2.5537,1.54495,1.54495,4.071428571428571,5,8.0,Marcelino,4-4-2 double 6,129300000.0,29.30943936282745,182.54545454545453,135.0,1
1106,D,2022-05-08,13:00,3611484.0,D,Getafe,3709.0,12,6,4,20,3,0,1.1425999999999998,0.629264,0.629264,8.486486486486486,7,15.0,Quique Sánchez Flores,3-5-2,117500000.0,26.950407566423994,183.1818181818182,311.0,1
1107,D,2022-05-08,15:15,3611488.0,D,Villarreal,1050.0,14,6,4,14,3,0,2.5312,2.70051,2.70051,11.842105263157896,10,7.0,Unai Emery,4-4-1-1,175000000.0,28.449007529089666,182.72727272727272,335.0,1
1108,D,2022-05-08,17:30,3611486.0,A,Espanyol,714.0,12,3,6,6,1,0,0.8151999999999999,0.56923,0.56923,23.27272727272728,2,13.0,Vicente Moreno,3-5-2 flat,59800000.0,28.968950283118662,181.8181818181818,63.0,1
1109,H,2022-05-08,20:00,3611480.0,H,Atletico Madrid,13.0,16,2,4,17,2,0,2.2657,2.45366,1.71038,12.107142857142858,14,4.0,Diego Simeone,4-4-2 double 6,343000000.0,28.380312363885256,182.1818181818182,548.0,1
1110,A,2022-05-10,18:00,3611496.0,D,Valencia,1049.0,19,5,7,17,1,0,0.7265999999999999,1.11931,1.11931,9.357142857142858,12,10.0,Pepe Bordalás,3-4-2-1,138000000.0,23.32350196005227,184.36363636363637,169.0,1
1111,H,2022-05-10,19:00,3611491.0,H,Granada,16795.0,12,2,2,20,4,0,2.0119,1.01967,1.01967,5.515151515151516,4,16.0,Aitor Karanka,4-2-3-1,42700000.0,30.06732623981084,182.45454545454547,53.0,1
1112,H,2022-05-10,20:30,3611490.0,H,Barcelona,131.0,10,4,2,18,3,0,1.6636,1.23358,1.23358,7.184210526315789,8,2.0,Xavi,4-2-3-1,353000000.0,27.067388463692364,180.1818181818182,579.0,1
1113,H,2022-05-11,18:00,3611489.0,D,Alaves,1108.0,27,9,12,11,3,0,2.4821,2.4573,2.4573,12.333333333333334,5,19.0,Julio Velázquez,4-2-3-1,33500000.0,28.359405139692615,183.27272727272728,31.0,1
1114,D,2022-05-11,18:00,3611492.0,D,Osasuna,331.0,12,1,7,10,2,0,1.2761,0.608205,0.608205,6.066666666666666,2,9.0,Jagoba Arrasate,4-2-3-1,55400000.0,29.8082259971377,181.9090909090909,6.0,1
1115,D,2022-05-11,19:30,3611495.0,D,Sevilla,368.0,18,4,6,11,4,0,2.2022,1.65199,1.65199,6.0,2,4.0,Julen Lopetegui,4-3-3 Attacking,221000000.0,29.794287847675935,180.9090909090909,425.0,1
1116,A,2022-05-11,20:30,3611498.0,A,Elche,1531.0,9,0,6,16,2,0,0.0542,0.169168,0.169168,10.307692307692308,1,14.0,Francisco Rodríguez,4-2-3-1,42200000.0,29.186982763984815,183.1818181818182,96.0,1
1117,A,2022-05-12,19:00,3611497.0,A,Rayo Vallecano,367.0,17,3,9,13,5,0,0.6953999999999999,1.8933,1.8933,6.258064516129032,6,12.0,Andoni Iraola,4-2-3-1,38500000.0,27.963412357662868,180.8181818181818,116.0,1
1118,H,2022-05-12,18:00,3611494.0,H,Real Sociedad,681.0,13,7,2,13,4,0,2.691,2.65814,1.17159,9.458333333333334,12,6.0,Imanol Alguacil,4-3-1-2,185000000.0,27.617696471905916,182.1818181818182,158.0,1
1119,H,2022-05-12,20:30,3611493.0,H,Real Madrid,418.0,27,16,6,8,2,0,2.9723,4.89552,4.89552,17.0625,21,1.0,Carlo Ancelotti,4-3-3 Attacking,447000000.0,27.54477008275776,180.72727272727272,634.0,1
1121,H,2022-05-15,18:30,3611503.0,H,Mallorca,237.0,12,5,5,13,1,0,0.6077,0.945419,0.945419,14.058823529411764,2,17.0,Javier Aguirre,5-3-2,27500000.0,30.76697156368614,180.63636363636363,87.0,1
1122,H,2022-05-15,18:30,3611507.0,A,Levante,3368.0,15,5,3,19,8,0,2.5593000000000004,2.14717,2.14717,4.217391304347826,10,19.0,Alessio Lisci,4-2-3-1,35400000.0,27.414099931553732,179.8181818181818,93.0,1
1123,A,2022-05-15,18:30,3611508.0,H,Villarreal,1050.0,10,4,4,12,4,0,0.2891,1.01013,1.01013,11.61111111111111,6,7.0,Unai Emery,4-4-2 double 6,175000000.0,28.468172484599588,182.72727272727272,335.0,1
1124,D,2022-05-15,18:30,3611504.0,D,Getafe,3709.0,9,3,5,9,1,0,1.1974999999999998,0.237476,0.237476,32.89473684210526,3,15.0,Quique Sánchez Flores,5-3-2,117500000.0,27.01288034347583,183.72727272727272,312.0,1
1125,D,2022-05-15,18:30,3611505.0,D,Cadiz,2687.0,21,7,10,13,7,0,1.8876,2.66633,1.92305,15.12,15,18.0,Sergio,4-4-2 double 6,35500000.0,30.71047227926078,181.36363636363637,9.0,1
1126,H,2022-05-15,18:30,3611502.0,H,Celta Vigo,940.0,14,5,7,11,2,0,2.2922,1.5573,1.5573,7.272727272727272,4,10.0,Eduardo Coudet,4-4-2 Diamond,80500000.0,29.448571961918983,179.0,110.0,1
1127,H,2022-05-15,18:30,3611501.0,H,Real Betis,150.0,11,4,4,11,0,0,1.7848,1.70154,1.70154,8.875,6,5.0,Manuel Pellegrini,4-2-3-1,195000000.0,28.81139941509551,182.54545454545453,201.0,1
1128,D,2022-05-15,18:30,3611500.0,H,Atletico Madrid,13.0,12,3,4,14,2,0,1.4051999999999998,0.892826,0.892826,11.11111111111111,6,3.0,Diego Simeone,3-5-2 flat,346000000.0,29.666355547259037,182.45454545454547,864.0,1
1129,H,2022-05-15,18:30,3611499.0,H,Athletic Club,621.0,14,8,10,6,0,0,1.944,1.47829,1.47829,19.3125,11,8.0,Marcelino,4-4-2,146300000.0,28.639910397610603,181.1818181818182,143.0,1
1130,D,2022-05-20,20:00,3611513.0,D,Real Madrid,418.0,17,3,8,7,0,0,1.6322,1.8155,1.8155,13.956521739130435,8,1.0,Carlo Ancelotti,4-3-3 Attacking,445000000.0,29.17503577873188,181.27272727272728,697.0,1
1131,A,2022-05-20,20:00,3611517.0,A,Rayo Vallecano,367.0,19,8,7,8,0,0,1.0321,2.7327,1.98942,6.884615384615385,5,12.0,Andoni Iraola,4-2-3-1,30900000.0,28.777051832493314,180.54545454545453,46.0,1
1132,H,2022-05-21,16:30,3611516.0,H,Valencia,1049.0,10,3,3,22,3,0,1.4236,1.47889,1.47889,6.111111111111111,6,9.0,Pepe Bordalás,4-4-2,162000000.0,25.920477879410114,182.1818181818182,97.0,1
1133,H,2022-05-22,16:30,3611518.0,D,Elche,1531.0,19,9,8,11,2,0,2.605,3.02536,3.02536,10.791666666666666,9,13.0,Francisco Rodríguez,3-4-2-1,22000000.0,29.333084437807234,184.0909090909091,53.0,1
1134,A,2022-05-22,19:00,3611509.0,D,Alaves,1108.0,9,2,4,11,0,0,0.3287,0.391505,0.391505,11.736842105263158,1,20.0,Julio Velázquez,4-2-3-1,26200000.0,27.054197000808912,180.1818181818182,34.0,1
1135,D,2022-05-22,19:00,3611511.0,D,Granada,16795.0,15,5,7,9,1,0,2.6450000000000005,2.0332,1.28993,17.0,7,18.0,Aitor Karanka,4-2-3-1,49400000.0,28.930869267624914,182.54545454545453,17.0,1
1136,A,2022-05-22,19:00,3611512.0,D,Osasuna,331.0,11,1,5,8,2,0,1.0108,0.897014,0.897014,7.166666666666667,3,10.0,Jagoba Arrasate,4-3-3 Attacking,61300000.0,30.114616389770394,182.8181818181818,43.0,1
1137,A,2022-05-22,21:00,3611510.0,A,Barcelona,131.0,14,3,12,12,3,0,1.1925,0.628178,0.628178,7.28,10,2.0,Xavi,4-3-3 Attacking,311000000.0,28.23197063032792,181.54545454545453,561.0,1
1138,H,2022-05-22,21:00,3611515.0,D,Sevilla,368.0,13,3,5,13,3,0,2.1382,1.41239,1.41239,16.636363636363637,6,4.0,Julen Lopetegui,4-3-3 Attacking,222000000.0,29.161595420322318,180.36363636363637,476.0,1
1139,A,2022-05-22,21:00,3611514.0,D,Real Sociedad,681.0,12,3,3,16,4,0,2.6204,2.21737,2.21737,5.375,4,6.0,Imanol Alguacil,4-3-1-2,217000000.0,26.880965714641277,184.0909090909091,222.0,1
1140,H,2022-08-12,20:00,3844093.0,D,Osasuna,331.0,12,5,5,16,5,0,1.7187,1.35571,0.612433,15.772727272727272,4,5.0,Jagoba Arrasate,4-2-3-1,75000000.0,27.6672266816004,181.0909090909091,18.0,1
1141,D,2022-08-13,20:00,3844089.0,D,Barcelona,131.0,21,6,8,16,3,1,1.811,1.37129,1.37129,4.424242424242424,11,10.0,Xavi,4-3-3 Attacking,466000000.0,26.522307261526976,181.27272727272728,734.0,1
1142,A,2022-08-13,18:00,3844096.0,D,Real Valladolid,366.0,12,6,4,6,1,0,0.8992000000000001,0.859075,0.859075,8.423076923076923,2,20.0,Pacheta,4-1-4-1,29000000.0,28.691182875987806,178.8181818181818,92.0,1
1143,D,2022-08-13,16:00,3844091.0,H,Celta Vigo,940.0,8,3,3,17,5,0,0.5542,0.347363,0.347363,7.928571428571429,7,8.0,Eduardo Coudet,4-4-2 Diamond,77500000.0,28.65733308443781,176.63636363636363,58.0,1
1144,A,2022-08-14,16:30,3844092.0,A,Cadiz,2687.0,7,2,3,9,4,0,0.1079999999999999,0.294358,0.294358,12.105263157894736,1,16.0,Sergio,4-4-2 double 6,29500000.0,29.897081699956445,179.8181818181818,94.0,1
1145,H,2022-08-14,18:30,3844097.0,H,Valencia,1049.0,17,2,4,18,2,1,2.7705,1.87878,1.1355,9.26086956521739,5,7.0,Gennaro Gattuso,4-3-3 Attacking,165000000.0,23.26550930247029,182.0,160.0,1
1146,A,2022-08-14,21:00,3844094.0,H,Almeria,3302.0,10,6,2,11,3,0,0.2272,0.80073,0.80073,32.2,2,15.0,Rubi,5-3-2,61000000.0,25.318897392819363,181.72727272727272,41.0,1
1147,D,2022-08-15,16:30,3844088.0,D,Athletic Club,621.0,23,6,7,13,0,0,2.3017,1.60559,1.60559,6.947368421052632,8,11.0,Ernesto Valverde,4-2-3-1,139800000.0,27.55995270985004,182.72727272727272,99.0,1
1148,A,2022-08-15,18:30,3844095.0,A,Getafe,3709.0,10,0,3,14,2,0,1.0688,1.14045,1.14045,14.833333333333334,1,19.0,Quique Sánchez Flores,3-5-2,101300000.0,27.44073175284674,185.0909090909091,269.0,1
1149,H,2022-08-15,20:30,3844090.0,H,Real Betis,150.0,17,8,8,10,3,0,2.9887,3.99664,3.99664,7.625,7,2.0,Manuel Pellegrini,4-2-3-1,172000000.0,28.13091904673013,182.36363636363637,205.0,1
1150,D,2022-08-19,21:00,3844597.0,D,Sevilla,368.0,18,2,12,20,3,1,2.4412000000000003,1.95115,1.95115,4.96875,4,12.0,Julen Lopetegui,4-3-3 Attacking,132000000.0,28.801941385103603,182.1818181818182,245.0,1
1151,A,2022-08-19,19:00,3844596.0,A,Espanyol,714.0,13,1,9,12,2,1,0.706,0.904012,0.904012,16.125,4,15.0,Diego Martínez,4-3-3 Attacking,55500000.0,27.158733121772137,182.27272727272728,7.0,1
1152,H,2022-08-20,16:30,3844601.0,H,Osasuna,331.0,16,3,2,11,2,0,2.6559000000000004,2.92362,1.43707,6.379310344827586,6,4.0,Jagoba Arrasate,4-2-3-1,78000000.0,28.206832182191523,182.0909090909091,53.0,1
1153,A,2022-08-20,18:30,3844599.0,A,Mallorca,237.0,13,7,5,22,7,0,0.7758999999999999,1.46761,1.46761,9.08,2,14.0,Javier Aguirre,5-4-1,45400000.0,28.50003111194076,183.27272727272728,175.0,1
1154,A,2022-08-20,21:00,3844595.0,A,Celta Vigo,940.0,15,2,2,12,2,0,0.1709,1.31973,0.576454,12.48,9,16.0,Eduardo Coudet,4-4-2 Diamond,84000000.0,28.35243606496173,177.27272727272728,150.0,1
1155,H,2022-08-21,16:30,3844593.0,H,Athletic Club,621.0,12,2,6,11,5,0,1.3922,0.761587,0.761587,15.833333333333334,10,7.0,Ernesto Valverde,4-2-3-1,159800000.0,27.14180822599714,182.63636363636363,128.0,1
1156,A,2022-08-21,18:30,3844594.0,D,Atletico Madrid,13.0,13,5,5,8,2,1,1.0995,1.5852,1.5852,20.352941176470587,8,8.0,Diego Simeone,3-1-4-2,304000000.0,28.573455292141123,181.63636363636363,739.0,1
1157,A,2022-08-21,21:00,3844598.0,D,Real Sociedad,681.0,10,5,3,16,2,0,0.5098,0.79913,0.79913,12.178571428571429,4,11.0,Imanol Alguacil,4-3-1-2,265000000.0,26.187791674444654,182.0909090909091,208.0,1
1158,D,2022-08-22,19:00,3844602.0,D,Elche,1531.0,13,3,6,12,1,0,1.2579,0.899007,0.899007,11.63157894736842,9,17.0,Francisco Rodríguez,4-4-2 double 6,40000000.0,28.285732063966147,182.8181818181818,99.0,1
1159,H,2022-08-22,21:00,3844600.0,H,Girona,12321.0,12,6,5,16,3,0,2.0728,1.52171,1.52171,6.045454545454546,8,9.0,Míchel,5-3-2,48300000.0,26.88594362516334,181.36363636363637,118.0,1
1160,H,2022-08-26,21:00,3885843.0,H,Real Betis,150.0,7,1,2,9,0,1,0.906,0.507146,0.507146,9.882352941176473,3,2.0,Manuel Pellegrini,4-2-3-1,179000000.0,28.16103540538859,182.36363636363637,205.0,1
1161,A,2022-08-26,19:00,3885842.0,D,Girona,12321.0,11,3,2,16,2,0,1.2284000000000002,0.566228,0.566228,11.8,5,13.0,Míchel,4-4-2 double 6,44500000.0,26.609669591189096,181.0909090909091,118.0,1
1162,A,2022-08-27,16:30,3885844.0,A,Elche,1531.0,12,5,4,13,3,0,0.8952,1.23504,1.23504,15.72222222222222,4,17.0,Francisco Rodríguez,4-4-2 double 6,40000000.0,28.299421317901814,182.8181818181818,99.0,1
1163,A,2022-08-27,18:30,3885845.0,A,Rayo Vallecano,367.0,15,0,7,11,1,0,1.296,0.864794,0.864794,5.714285714285714,6,11.0,Andoni Iraola,4-2-3-1,47800000.0,29.600398232841766,177.27272727272728,250.0,1
1164,H,2022-08-27,21:00,3885846.0,D,Almeria,3302.0,11,5,5,18,5,0,1.9479,2.15407,2.15407,13.681818181818182,2,10.0,Rubi,5-3-2,63000000.0,25.356480617260903,180.72727272727272,42.0,1
1165,D,2022-08-28,16:30,3885847.0,D,Getafe,3709.0,8,2,1,11,1,0,0.5319,0.273957,0.273957,13.85,0,18.0,Quique Sánchez Flores,4-4-2 double 6,101500000.0,26.565863978594983,181.9090909090909,175.0,1
1166,H,2022-08-28,18:30,3885848.0,H,Barcelona,131.0,24,9,14,9,0,0,2.7808,3.28674,3.28674,7.583333333333333,21,3.0,Xavi,4-3-3 Attacking,486000000.0,25.002800074668656,181.27272727272728,614.0,1
1167,A,2022-08-28,21:00,3885849.0,D,Espanyol,714.0,15,4,7,15,0,1,1.1110000000000002,1.63359,1.63359,25.07692307692308,11,16.0,Diego Martínez,4-2-3-1,56000000.0,27.130359031796402,182.54545454545453,8.0,1
1168,A,2022-08-29,19:00,3885850.0,A,Cadiz,2687.0,9,3,0,18,2,0,0.0376,0.239303,0.239303,15.4,2,20.0,Sergio,4-4-2 double 6,33300000.0,29.80449256424616,180.1818181818182,89.0,1
1169,A,2022-08-29,21:00,3885851.0,D,Valencia,1049.0,12,2,6,15,4,0,0.4670999999999999,0.65396,0.65396,8.055555555555555,6,14.0,Gennaro Gattuso,4-2-3-1,156500000.0,24.04928131416838,181.72727272727272,156.0,1
1170,H,2022-09-02,20:00,3885853.0,D,Celta Vigo,940.0,9,5,2,13,1,0,2.5321,1.50986,1.50986,12.733333333333333,5,8.0,Eduardo Coudet,4-4-2 Diamond,79500000.0,28.065708418891173,176.27272727272728,150.0,1
1171,D,2022-09-03,13:00,3885854.0,D,Mallorca,237.0,10,4,6,23,4,0,1.0968,0.895835,0.895835,7.7,6,11.0,Javier Aguirre,5-3-2,48400000.0,27.96664799950221,182.63636363636363,175.0,1
1172,H,2022-09-03,15:15,3885855.0,D,Real Madrid,418.0,22,4,9,8,0,0,2.9052,3.20593,3.20593,10.266666666666667,17,1.0,Carlo Ancelotti,4-3-3 Attacking,598000000.0,27.355609482919544,181.45454545454547,769.0,1
1173,D,2022-09-03,17:30,3885856.0,A,Real Sociedad,681.0,12,5,7,18,5,0,1.0323,1.75154,1.75154,6.793103448275862,8,9.0,Imanol Alguacil,4-3-1-2,227000000.0,26.115611971874806,182.63636363636363,181.0,1
1174,A,2022-09-03,20:00,3885857.0,A,Sevilla,368.0,9,4,4,15,2,0,0.0228,0.829157,0.829157,7.645161290322581,8,17.0,Julen Lopetegui,4-3-3 Attacking,123000000.0,29.35025822910833,183.63636363636363,532.0,1
1175,H,2022-09-04,20:00,3885861.0,H,Valencia,1049.0,24,9,9,11,3,1,2.7627,2.92757,2.92757,8.133333333333333,10,10.0,Gennaro Gattuso,4-3-3 Attacking,130500000.0,23.61097629270114,182.45454545454547,152.0,1
1176,H,2022-09-04,17:30,3885860.0,H,Villarreal,1050.0,18,10,6,10,1,0,2.968,3.5829,3.5829,9.208333333333334,8,3.0,Unai Emery,4-4-2,198500000.0,28.758384668035593,183.27272727272728,229.0,1
1177,H,2022-09-04,13:00,3885858.0,D,Osasuna,331.0,13,6,4,14,2,0,2.9433,3.1751,3.1751,8.68,7,5.0,Jagoba Arrasate,4-2-3-1,84000000.0,27.927820297430152,183.0,55.0,1
1178,A,2022-09-04,15:15,3885859.0,D,Athletic Club,621.0,17,2,4,12,3,0,1.4682,1.24661,1.24661,6.722222222222222,11,6.0,Ernesto Valverde,4-2-3-1,160800000.0,26.886690311741646,182.54545454545453,128.0,1
1179,H,2022-09-05,20:00,3885862.0,D,Real Valladolid,366.0,14,6,2,11,1,0,2.527,2.12493,2.12493,6.0,5,16.0,Pacheta,4-1-4-1,25600000.0,29.405015244850976,180.0909090909091,5.0,1
1180,H,2022-09-09,20:00,3886294.0,D,Girona,12321.0,14,5,3,11,0,0,2.7257,2.59252,2.59252,9.12,10,8.0,Míchel,5-4-1,46300000.0,26.05985937402775,183.27272727272728,49.0,1
1181,H,2022-09-10,13:00,3886295.0,H,Rayo Vallecano,367.0,14,6,7,22,5,0,1.2635,2.01158,2.01158,4.971428571428572,4,9.0,Andoni Iraola,4-2-3-1,52000000.0,28.106278389645947,179.63636363636363,135.0,1
1182,A,2022-09-10,15:15,3886296.0,A,Espanyol,714.0,19,5,9,11,3,0,1.4331,2.37055,1.62728,6.043478260869565,7,16.0,Diego Martínez,4-3-3 Attacking,61500000.0,27.726712712338998,181.8181818181818,78.0,1
1183,A,2022-09-10,17:30,3886297.0,D,Cadiz,2687.0,6,0,5,12,1,0,0.0786,0.24818,0.24818,11.88,1,20.0,Sergio,4-2-3-1,33100000.0,28.957252193391824,180.45454545454547,0.0,1
1184,H,2022-09-10,20:00,3886301.0,H,Atletico Madrid,13.0,10,4,4,11,2,0,1.0113,0.92341,0.92341,17.55,6,7.0,Diego Simeone,3-5-2 flat,254500000.0,28.33600896023894,181.8181818181818,575.0,1
1185,H,2022-09-11,13:00,3886298.0,D,Real Madrid,418.0,22,7,4,7,3,0,2.2598,2.21791,2.21791,10.647058823529411,16,1.0,Carlo Ancelotti,4-3-3 Attacking,510500000.0,27.905917491133096,181.0909090909091,490.0,1
1186,A,2022-09-11,15:15,3886299.0,A,Elche,1531.0,9,2,5,15,3,0,0.1248999999999999,0.748083,0.748083,9.25,6,19.0,Francisco Rodríguez,4-2-3-1,43800000.0,27.341920228983884,180.9090909090909,51.0,1
1187,H,2022-09-11,17:30,3921205.0,H,Getafe,3709.0,8,3,3,9,4,0,1.1722,1.06907,0.325796,13.318181818181818,1,18.0,Quique Sánchez Flores,3-5-2,85000000.0,27.353120527658515,185.54545454545453,167.0,1
1188,H,2022-09-11,20:00,3886302.0,D,Real Betis,150.0,16,5,9,11,1,0,0.8246,1.61505,1.61505,8.608695652173912,5,3.0,Manuel Pellegrini,4-2-3-1,168000000.0,28.011200298674627,182.72727272727272,236.0,1
1189,A,2022-09-12,20:00,3886303.0,A,Almeria,3302.0,7,2,5,4,0,0,0.13,0.166505,0.166505,12.75,5,14.0,Rubi,4-2-3-1,42000000.0,27.133843569161844,179.72727272727272,32.0,1
1190,A,2022-09-16,20:00,3858324.0,D,Real Valladolid,366.0,18,6,8,12,1,0,2.4169,1.98829,1.98829,6.56,3,18.0,Pacheta,4-1-4-1,35000000.0,26.64252380063468,180.36363636363637,97.0,1
1191,H,2022-09-17,15:15,3858321.0,H,Barcelona,131.0,25,9,6,11,2,0,2.9984,5.17903,5.17903,3.774193548387097,18,2.0,Xavi,4-3-3 Attacking,471000000.0,25.20664551054695,181.63636363636363,677.0,1
1192,H,2022-09-17,17:30,3858323.0,H,Valencia,1049.0,14,7,5,18,3,0,2.4015000000000004,1.91153,1.91153,4.909090909090909,4,9.0,Gennaro Gattuso,4-3-3 Attacking,140000000.0,24.885819177400286,182.0,287.0,1
1193,H,2022-09-17,13:00,3858327.0,H,Mallorca,237.0,5,2,5,15,3,0,2.0475000000000003,0.968715,0.968715,14.571428571428571,4,10.0,Javier Aguirre,5-3-2,48600000.0,27.581606620620995,182.27272727272728,175.0,1
1194,H,2022-09-17,20:00,3858319.0,H,Athletic Club,621.0,14,7,2,13,1,0,2.4606,2.17305,2.17305,13.047619047619047,4,4.0,Ernesto Valverde,4-2-3-1,162800000.0,27.9230912824342,181.36363636363637,139.0,1
1195,A,2022-09-18,20:00,3858320.0,A,Atletico Madrid,13.0,12,5,8,15,4,1,1.3244000000000002,1.10431,1.10431,13.535714285714286,7,7.0,Diego Simeone,3-5-2 flat,293000000.0,29.545392321573022,182.72727272727272,732.0,1
1196,H,2022-09-18,17:30,3858325.0,H,Real Sociedad,681.0,14,6,4,18,3,0,2.156,2.35791,2.35791,6.181818181818182,11,8.0,Imanol Alguacil,4-3-1-2,191000000.0,26.290585526725156,181.45454545454547,207.0,1
1197,D,2022-09-18,15:15,3858326.0,A,Villarreal,1050.0,17,7,6,15,1,0,2.6351,2.10358,2.10358,11.416666666666666,9,6.0,Unai Emery,4-2-3-1,150500000.0,29.189222823719742,183.0,255.0,1
1198,H,2022-09-18,17:30,3858322.0,D,Real Betis,150.0,9,3,2,9,0,0,1.4876,1.49153,0.74825,14.083333333333334,2,3.0,Manuel Pellegrini,4-2-3-1,165500000.0,28.202352062721673,182.9090909090909,204.0,1
1199,A,2022-09-18,13:00,3858328.0,A,Osasuna,331.0,12,4,8,15,7,1,1.0459,1.1323,1.1323,11.6,7,5.0,Jagoba Arrasate,4-2-3-1,77000000.0,29.295252317839587,182.1818181818182,48.0,1
1200,H,2022-09-30,20:00,3886293.0,H,Athletic Club,621.0,17,4,11,17,1,0,2.7903,2.55531,1.81204,7.2592592592592595,9,3.0,Ernesto Valverde,4-2-3-1,162800000.0,27.958683342666916,181.36363636363637,139.0,1
1201,D,2022-10-01,13:00,3886285.0,D,Cadiz,2687.0,10,2,6,13,2,1,1.0551,1.06071,1.06071,8.7,0,19.0,Sergio,4-4-2,34900000.0,29.523489515275966,179.9090909090909,43.0,1
1202,A,2022-10-01,15:15,3886284.0,D,Getafe,3709.0,14,6,4,23,2,0,2.2769,2.50588,1.7626,9.071428571428571,5,14.0,Quique Sánchez Flores,5-3-2,93500000.0,26.809034907597535,183.45454545454547,173.0,1
1203,A,2022-10-01,17:30,3886288.0,A,Sevilla,368.0,14,3,5,9,3,0,0.281,0.362804,0.362804,7.25,6,17.0,Julen Lopetegui,4-2-3-1,87000000.0,26.963599029307446,185.0,399.0,1
1204,A,2022-10-01,20:00,3886289.0,A,Mallorca,237.0,13,3,5,9,2,0,1.6089,0.925106,0.925106,39.90909090909091,6,12.0,Javier Aguirre,5-4-1,50700000.0,27.16171986808537,181.9090909090909,175.0,1
1205,D,2022-10-02,13:00,3886286.0,D,Espanyol,714.0,10,5,6,16,2,1,0.8432,0.738099,0.738099,12.5,3,16.0,Diego Martínez,4-2-3-1,60500000.0,28.02464065708419,182.63636363636363,77.0,1
1206,H,2022-10-02,15:15,3886290.0,H,Celta Vigo,940.0,11,4,5,26,4,0,1.147,0.892987,0.892987,6.5,1,11.0,Eduardo Coudet,4-4-2 Diamond,77000000.0,26.60643394934976,178.9090909090909,79.0,1
1207,A,2022-10-02,17:30,3886287.0,D,Girona,12321.0,16,8,2,9,3,0,0.5049,0.932579,0.932579,14.157894736842104,12,13.0,Míchel,5-4-1,45300000.0,26.570841889117045,181.63636363636363,39.0,1
1208,D,2022-10-02,20:00,3886292.0,H,Real Madrid,418.0,22,4,10,9,1,0,2.7138,2.56301,1.81973,8.857142857142858,6,2.0,Carlo Ancelotti,4-3-3 Attacking,491000000.0,27.44073175284674,181.72727272727272,510.0,1
1209,H,2022-10-03,20:00,3886291.0,D,Rayo Vallecano,367.0,15,6,13,5,1,0,1.0091,0.651238,0.651238,3.727272727272727,8,10.0,Andoni Iraola,4-2-3-1,52000000.0,28.169248957749986,179.63636363636363,135.0,1
1210,A,2022-10-07,20:00,3886309.0,A,Osasuna,331.0,11,2,7,11,3,2,0.8409,1.96282,1.21954,16.166666666666668,4,8.0,Jagoba Arrasate,4-2-3-1,58800000.0,27.89919731192832,183.27272727272728,54.0,1
1211,D,2022-10-08,17:30,3886312.0,H,Sevilla,368.0,10,3,5,19,4,0,0.9981,1.35598,1.35598,12.705882352941176,8,18.0,Jorge Sampaoli,4-2-3-1,108000000.0,28.194138510360276,181.63636363636363,266.0,1
1212,A,2022-10-08,20:00,3886307.0,A,Getafe,3709.0,9,2,4,10,0,0,0.396,0.262283,0.262283,33.76923076923077,3,16.0,Quique Sánchez Flores,5-3-2,81000000.0,28.202849853773877,183.72727272727272,197.0,1
1213,H,2022-10-08,13:00,3886311.0,H,Almeria,3302.0,10,4,7,22,4,1,1.5081,1.05684,1.05684,9.148148148148149,5,15.0,Rubi,4-2-3-1,41000000.0,27.57762429220335,181.54545454545453,53.0,1
1214,H,2022-10-08,15:15,3886304.0,H,Atletico Madrid,13.0,13,7,8,12,3,0,2.4477,2.19801,2.19801,15.88,9,4.0,Diego Simeone,4-1-4-1,282000000.0,28.9555099247091,180.72727272727272,835.0,1
1215,D,2022-10-09,13:00,3886313.0,D,Real Valladolid,366.0,12,3,3,12,1,0,1.395,0.662444,0.662444,9.764705882352942,7,13.0,Pacheta,4-1-4-1,23100000.0,28.882085744508743,179.36363636363637,9.0,1
1216,D,2022-10-09,15:15,3886308.0,H,Cadiz,2687.0,8,3,8,13,4,0,1.26,1.33811,1.33811,11.117647058823527,5,19.0,Sergio,4-4-2,35900000.0,29.620807665982202,180.27272727272728,43.0,1
1217,H,2022-10-09,17:30,3886310.0,H,Real Sociedad,681.0,17,5,9,21,5,0,2.8398,2.37138,2.37138,6.714285714285714,3,6.0,Imanol Alguacil,4-3-1-2,182500000.0,26.089477941634,181.8181818181818,208.0,1
1218,H,2022-10-09,20:00,3886305.0,H,Barcelona,131.0,13,5,6,16,2,0,1.8856,1.98459,1.98459,8.62962962962963,1,1.0,Xavi,4-3-3 Attacking,355000000.0,27.752100056001495,181.45454545454547,621.0,1
1219,D,2022-10-10,20:00,3886306.0,H,Elche,1531.0,7,2,5,12,4,1,0.0778,0.334856,0.334856,18.571428571428573,3,20.0,Alberto Gallego,3-5-2 flat,27400000.0,30.0382054632568,181.27272727272728,25.0,1
1220,D,2022-10-14,20:00,3886325.0,D,Rayo Vallecano,367.0,16,3,4,13,2,0,2.1427,1.11946,0.376186,7.6521739130434785,6,10.0,Andoni Iraola,4-2-3-1,52000000.0,28.199365316408436,179.63636363636363,135.0,1
1221,A,2022-10-15,20:00,3886319.0,D,Athletic Club,621.0,13,3,6,14,0,0,2.1209,1.33263,1.33263,7.137931034482759,9,6.0,Ernesto Valverde,4-2-3-1,165800000.0,27.738410802065832,182.36363636363637,139.0,1
1222,A,2022-10-15,17:30,3886321.0,D,Mallorca,237.0,9,5,1,17,2,0,2.5045,1.41043,1.41043,19.785714285714285,4,12.0,Javier Aguirre,5-4-1,42900000.0,26.530271918362267,181.45454545454547,107.0,1
1223,D,2022-10-15,13:00,3886326.0,D,Girona,12321.0,23,6,6,16,5,0,2.1067,2.36044,1.61717,5.4,5,15.0,Míchel,3-4-2-1,52300000.0,25.888121461016738,182.0909090909091,81.0,1
1224,D,2022-10-15,15:15,3886324.0,H,Valencia,1049.0,20,8,6,14,3,0,2.4875000000000003,3.04132,2.29804,6.892857142857143,14,8.0,Gennaro Gattuso,4-3-3 Attacking,152000000.0,24.96123452180947,180.72727272727272,310.0,1
1225,A,2022-10-16,13:00,3886320.0,D,Celta Vigo,940.0,10,3,1,14,5,1,0.6769000000000001,0.482536,0.482536,7.1,2,11.0,Eduardo Coudet,4-4-2 Diamond,87500000.0,27.385974737104103,178.0909090909091,101.0,1
1226,H,2022-10-16,15:15,3886323.0,H,Real Madrid,418.0,8,4,2,11,2,0,1.2025,1.46965,0.726368,16.75,7,1.0,Carlo Ancelotti,4-3-3 Attacking,542000000.0,28.251882272416154,181.45454545454547,685.0,1
1227,H,2022-10-16,17:30,3886322.0,D,Espanyol,714.0,15,3,6,13,1,0,2.2731,1.63127,1.63127,7.34375,9,13.0,Diego Martínez,4-2-3-1,59300000.0,28.30614149710659,181.8181818181818,8.0,1
1228,H,2022-10-16,20:00,3886328.0,H,Real Betis,150.0,15,6,9,6,1,0,2.6016,3.19417,3.19417,17.0,15,4.0,Manuel Pellegrini,4-2-3-1,166500000.0,28.32679982577313,182.45454545454547,194.0,1
1229,H,2022-10-17,20:00,3886327.0,H,Villarreal,1050.0,12,9,8,14,2,0,2.7377,2.15273,1.40945,7.681818181818182,9,7.0,Unai Emery,4-4-2 double 6,199000000.0,26.937962790118846,182.9090909090909,284.0,1
1230,D,2022-10-18,20:00,3886329.0,H,Atletico Madrid,13.0,12,4,3,11,3,0,0.6701999999999999,0.817771,0.817771,12.19047619047619,3,4.0,Diego Simeone,4-4-2 double 6,235500000.0,29.07921100118225,182.9090909090909,778.0,1
1231,D,2022-10-18,19:00,3886334.0,D,Getafe,3709.0,11,4,7,14,7,0,1.0081,0.753077,0.753077,13.863636363636363,7,17.0,Quique Sánchez Flores,5-3-2,90000000.0,28.23968639163711,184.0,257.0,1
1232,D,2022-10-18,18:00,3886332.0,A,Sevilla,368.0,18,5,11,11,4,1,0.9481,1.19743,1.19743,10.5,6,12.0,Jorge Sampaoli,3-4-2-1,107000000.0,28.05276585153382,181.27272727272728,346.0,1
1233,D,2022-10-19,18:00,3886335.0,D,Cadiz,2687.0,13,3,4,15,1,0,0.9136,0.74688,0.74688,15.444444444444445,8,19.0,Sergio,4-4-2,35000000.0,27.943002924522432,179.63636363636363,125.0,1
1234,H,2022-10-19,18:00,3886336.0,D,Real Valladolid,366.0,9,7,3,12,1,0,1.0484,1.63342,0.89014,13.5,1,11.0,Pacheta,5-3-2,29300000.0,28.451247588824593,180.9090909090909,45.0,1
1235,H,2022-10-19,19:00,3886337.0,H,Real Sociedad,681.0,14,7,10,18,1,0,2.1712,2.16436,2.16436,7.384615384615385,4,3.0,Imanol Alguacil,4-3-1-2,169000000.0,26.9255180138137,182.0909090909091,182.0,1
1236,A,2022-10-19,20:00,3886331.0,A,Elche,1531.0,10,3,8,14,1,0,0.9021,1.04972,1.04972,28.785714285714285,5,20.0,Jorge Almirón,4-1-4-1,31400000.0,28.90747308817124,180.8181818181818,20.0,1
1237,H,2022-10-20,18:00,3886333.0,H,Almeria,3302.0,13,7,4,14,1,0,0.9474,2.08595,2.08595,20.285714285714285,2,13.0,Rubi,4-2-3-1,44000000.0,27.610478501648934,181.54545454545453,53.0,1
1238,H,2022-10-20,19:00,3886338.0,D,Osasuna,331.0,17,5,9,17,1,0,0.9678,1.02851,1.02851,5.9523809523809526,7,7.0,Jagoba Arrasate,4-1-4-1,81000000.0,27.234397361707423,180.63636363636363,103.0,1
1239,H,2022-10-20,20:00,3886330.0,H,Barcelona,131.0,16,5,8,18,0,0,2.965,3.61604,3.61604,5.684210526315789,17,2.0,Xavi,4-3-3 Attacking,480000000.0,26.43842946923029,179.72727272727272,565.0,1
1240,H,2022-10-22,13:00,3886367.0,H,Rayo Vallecano,367.0,28,11,10,13,1,1,2.9344,3.88516,3.14188,5.923076923076923,14,10.0,Andoni Iraola,4-2-3-1,57500000.0,28.221268122705496,179.63636363636363,135.0,1
1241,H,2022-10-22,15:15,3886368.0,H,Real Valladolid,366.0,9,2,4,19,2,0,1.2733,0.785666,0.785666,11.037037037037036,6,11.0,Pacheta,3-5-2,26800000.0,28.862422997946613,179.63636363636363,78.0,1
1242,A,2022-10-22,17:30,3886366.0,D,Valencia,1049.0,13,3,5,14,3,0,1.1276,1.07022,0.326942,5.75,6,9.0,Gennaro Gattuso,4-3-3 Attacking,174000000.0,25.082944434073795,181.54545454545453,308.0,1
1243,H,2022-10-22,20:00,3886361.0,H,Real Madrid,418.0,18,6,4,9,1,0,2.5831,2.17678,2.17678,14.173913043478262,4,1.0,Carlo Ancelotti,4-3-3 Attacking,643000000.0,27.695102980523924,181.27272727272728,716.0,1
1244,H,2022-10-23,17:30,3886369.0,A,Villarreal,1050.0,11,5,10,7,4,1,0.9956,0.852495,0.852495,12.473684210526317,8,7.0,Unai Emery,4-2-3-1,127000000.0,29.97274593989173,181.63636363636363,336.0,1
1245,D,2022-10-23,17:30,3886362.0,D,Girona,12321.0,7,1,3,11,2,0,1.2907000000000002,0.666875,0.666875,11.32,4,18.0,Míchel,4-4-1-1,55500000.0,26.48970194760749,179.54545454545453,70.0,1
1246,H,2022-10-23,20:00,3886363.0,H,Barcelona,131.0,10,7,1,7,2,0,2.7415000000000003,2.13539,2.13539,12.285714285714286,7,2.0,Xavi,4-3-3 Attacking,479000000.0,25.762429220334763,180.45454545454547,625.0,1
1247,D,2022-10-23,13:00,3886365.0,D,Espanyol,714.0,13,5,5,13,2,0,2.7529,2.18547,2.18547,13.074074074074074,7,14.0,Diego Martínez,4-3-3 Attacking,62500000.0,28.4776305145915,181.9090909090909,77.0,1
1248,A,2022-10-23,15:15,3886364.0,D,Real Betis,150.0,17,4,7,10,2,0,1.9793,1.33076,1.33076,12.304347826086955,6,5.0,Manuel Pellegrini,4-2-3-1,151500000.0,28.524920664551054,182.0,407.0,1
1249,D,2022-10-24,20:00,3886360.0,A,Celta Vigo,940.0,17,5,10,10,1,0,1.9438,0.821869,0.821869,4.615384615384615,4,13.0,Eduardo Coudet,4-4-2 Diamond,87500000.0,27.40787754340116,178.0909090909091,101.0,1
1250,D,2022-10-28,20:00,3886391.0,D,Mallorca,237.0,12,5,4,15,4,0,2.4282,1.19,1.19,11.285714285714286,8,12.0,Javier Aguirre,5-4-1,54900000.0,28.042561134963595,181.8181818181818,175.0,1
1251,H,2022-10-29,13:00,3886387.0,A,Almeria,3302.0,19,5,6,10,4,0,2.753,2.30529,2.30529,8.181818181818182,7,13.0,Rubi,4-1-4-1,44000000.0,27.635119158733122,181.54545454545453,53.0,1
1252,H,2022-10-29,15:15,3886388.0,H,Cadiz,2687.0,10,7,5,15,2,0,1.1926,1.58908,1.58908,18.125,5,19.0,Sergio,4-4-2 double 6,36000000.0,28.49779105220584,180.8181818181818,101.0,1
1253,A,2022-10-29,17:30,3886392.0,D,Sevilla,368.0,10,4,6,9,6,0,1.5688,0.978055,0.978055,10.0,7,18.0,Jorge Sampaoli,4-2-3-1,104000000.0,29.420695662995456,182.45454545454547,353.0,1
1254,A,2022-10-29,20:00,3886389.0,D,Valencia,1049.0,3,2,3,13,4,0,0.1004,0.187414,0.187414,14.25,2,10.0,Gennaro Gattuso,4-3-3 Attacking,164000000.0,26.055130359031796,180.27272727272728,257.0,1
1255,A,2022-10-30,20:00,3886390.0,D,Real Sociedad,681.0,14,7,5,22,4,0,1.2324000000000002,1.28165,1.28165,5.344827586206897,7,5.0,Imanol Alguacil,4-3-1-2,213400000.0,25.44234957376641,184.63636363636363,187.0,1
1256,H,2022-10-30,17:30,3886384.0,D,Athletic Club,621.0,19,7,6,12,2,0,2.6751,2.05689,2.05689,10.903225806451612,7,6.0,Ernesto Valverde,4-2-3-1,154300000.0,28.65857756206832,183.8181818181818,137.0,1
1257,H,2022-10-30,13:00,3886386.0,H,Osasuna,331.0,20,10,1,14,1,0,2.5982000000000003,1.90028,1.157,9.275862068965518,11,7.0,Jagoba Arrasate,4-3-3 Attacking,77500000.0,27.958683342666916,179.9090909090909,66.0,1
1258,D,2022-10-30,15:15,3886393.0,D,Real Madrid,418.0,19,6,7,16,3,1,1.8977,2.65755,2.65755,11.444444444444445,13,1.0,Carlo Ancelotti,4-3-3 Attacking,593000000.0,27.907161968763614,181.0909090909091,745.0,1
1259,A,2022-10-31,20:00,3886385.0,D,Elche,1531.0,12,5,6,12,0,0,2.2728,1.22713,0.483849,14.6,3,20.0,Jorge Almirón,5-4-1,32700000.0,29.418953394312737,183.72727272727272,50.0,1
1260,H,2022-11-04,20:00,3886413.0,D,Girona,12321.0,19,10,7,11,1,0,1.5491,1.06554,1.06554,20.615384615384617,6,14.0,Míchel,4-3-3 Attacking,62500000.0,25.895339431273722,182.1818181818182,80.0,1
1261,A,2022-11-05,17:30,3886410.0,A,Celta Vigo,940.0,13,5,2,12,1,0,1.7584,0.824768,0.824768,6.758620689655173,7,18.0,Carlos Carvalhal,4-4-2,81000000.0,27.111940762864787,178.0,85.0,1
1262,D,2022-11-05,13:00,3886416.0,D,Getafe,3709.0,13,2,5,15,5,2,0.7047,0.517067,0.517067,9.347826086956522,3,13.0,Quique Sánchez Flores,3-5-2 flat,93500000.0,27.919357849542653,183.45454545454547,259.0,1
1263,H,2022-11-05,15:15,3886414.0,H,Real Valladolid,366.0,16,11,8,9,2,0,2.8816,2.81292,2.81292,10.826086956521738,8,10.0,Pacheta,4-1-4-1,26100000.0,29.02644514964844,178.27272727272728,53.0,1
1264,H,2022-11-05,20:00,3886417.0,D,Barcelona,131.0,27,13,9,14,2,0,2.9651,4.33587,3.59259,6.592592592592593,19,1.0,Xavi,4-3-3 Attacking,357000000.0,28.445771887250327,182.36363636363637,678.0,1
1265,D,2022-11-06,20:00,3886409.0,H,Real Betis,150.0,9,4,1,6,4,2,1.0962,1.13067,1.13067,32.625,7,4.0,Manuel Pellegrini,4-2-3-1,174000000.0,30.20148092838031,181.8181818181818,226.0,1
1266,A,2022-11-06,17:30,3886415.0,A,Villarreal,1050.0,9,2,5,17,4,0,0.9418,0.429852,0.429852,6.333333333333333,5,9.0,Quique Setién,4-2-3-1,155500000.0,29.544894530520818,180.8181818181818,176.0,1
1267,D,2022-11-06,15:15,3886411.0,D,Real Sociedad,681.0,9,4,1,11,2,1,1.9593,1.45821,1.45821,16.142857142857142,6,6.0,Imanol Alguacil,4-3-1-2,228000000.0,27.22991724223757,185.0,174.0,1
1268,D,2022-11-06,13:00,3886408.0,D,Atletico Madrid,13.0,27,7,12,13,3,0,2.1708,2.02314,2.02314,6.130434782608695,15,3.0,Diego Simeone,4-4-2 double 6,302000000.0,29.055565926202476,183.0,796.0,1
1269,H,2022-11-07,20:00,3886412.0,D,Rayo Vallecano,367.0,15,7,4,22,4,0,0.9487,1.65854,0.915264,8.580645161290322,8,8.0,Andoni Iraola,4-2-3-1,57500000.0,28.26507373529961,179.63636363636363,135.0,1
1270,A,2022-11-08,18:00,3886447.0,D,Elche,1531.0,11,2,2,16,3,0,0.5168999999999999,0.914455,0.914455,13.88888888888889,7,20.0,Sergio Mantecón,4-2-3-1,36000000.0,28.510235828510982,181.45454545454547,51.0,1
1271,H,2022-11-08,19:00,3886446.0,H,Athletic Club,621.0,19,6,10,20,3,0,2.7446,2.65727,2.65727,7.645161290322581,13,4.0,Ernesto Valverde,4-1-4-1,139800000.0,27.26053139194823,184.9090909090909,128.0,1
1272,A,2022-11-08,20:30,3886451.0,H,Osasuna,331.0,15,3,2,15,4,0,1.544,1.23564,1.23564,15.842105263157896,5,7.0,Jagoba Arrasate,4-4-1-1,81500000.0,28.11598531516396,180.45454545454547,23.0,1
1273,H,2022-11-09,18:00,3886449.0,H,Almeria,3302.0,8,3,7,17,8,1,1.1266,0.346293,0.346293,10.11111111111111,6,14.0,Rubi,4-3-3 Attacking,44000000.0,27.592060232717316,180.36363636363637,48.0,1
1274,A,2022-11-09,18:00,3886455.0,A,Sevilla,368.0,6,3,2,9,2,2,0.3838,0.69755,0.69755,19.473684210526315,5,18.0,Jorge Sampaoli,4-2-3-1,98000000.0,29.73629519009396,183.63636363636363,430.0,1
1275,A,2022-11-09,19:00,3886448.0,D,Espanyol,714.0,14,6,4,11,1,0,1.4162,0.841866,0.841866,15.19047619047619,3,16.0,Diego Martínez,4-2-3-1,58500000.0,28.04081886628088,181.0,77.0,1
1276,H,2022-11-09,20:30,3886450.0,H,Mallorca,237.0,9,3,2,14,5,0,1.3402999999999998,1.46593,1.46593,17.823529411764707,9,11.0,Javier Aguirre,5-4-1,51500000.0,27.523862858565113,182.0,192.0,1
1277,D,2022-11-10,18:00,3886453.0,D,Rayo Vallecano,367.0,10,3,5,19,7,0,1.0509,0.442488,0.442488,4.885714285714286,2,8.0,Andoni Iraola,4-2-3-1,53000000.0,28.95426544707859,178.27272727272728,228.0,1
1278,H,2022-11-10,19:00,3886452.0,D,Valencia,1049.0,15,7,5,12,1,0,2.7390000000000003,2.2469,1.50362,9.35,3,10.0,Gennaro Gattuso,4-3-3 Attacking,163800000.0,23.36830315475079,181.45454545454547,173.0,1
1279,H,2022-11-10,20:30,3886454.0,H,Real Madrid,418.0,18,5,7,12,3,0,1.85,1.73107,1.73107,5.515151515151516,7,2.0,Carlo Ancelotti,4-3-3 Attacking,634000000.0,27.7954078775434,181.27272727272728,673.0,1
1280,D,2022-12-29,16:00,3886467.0,D,Girona,12321.0,16,7,2,14,3,0,2.1139,2.26829,0.781734,7.636363636363637,3,12.0,Míchel,4-1-4-1,64000000.0,25.239997511044738,180.54545454545453,46.0,1
1281,D,2022-12-29,18:15,3886468.0,D,Real Betis,150.0,9,5,2,8,1,1,1.4607,0.541791,0.541791,11.058823529411764,5,6.0,Manuel Pellegrini,4-2-3-1,171550000.0,28.450252006720177,180.54545454545453,352.0,1
1282,H,2022-12-29,20:30,3605050.0,D,Atletico Madrid,13.0,18,4,3,14,3,1,2.3018,1.74436,1.74436,8.583333333333334,6,2.0,Diego Simeone,3-1-4-2,510000000.0,27.701823159728704,181.36363636363637,610.0,1
1283,A,2022-12-30,20:30,3886470.0,D,Real Valladolid,366.0,14,4,5,7,2,1,0.198,0.535068,0.535068,39.25,4,15.0,Pacheta,4-1-4-1,26100000.0,28.87237881899073,178.36363636363637,7.0,1
1284,D,2022-12-30,18:15,3886465.0,H,Celta Vigo,940.0,17,5,5,11,2,0,2.2099,1.66459,1.66459,17.38888888888889,9,17.0,Carlos Carvalhal,5-4-1,80500000.0,27.51191587331218,179.0,103.0,1
1285,H,2022-12-30,16:00,3886466.0,D,Getafe,3709.0,14,6,4,10,0,0,2.2169000000000003,1.32751,1.32751,11.80952380952381,7,14.0,Quique Sánchez Flores,3-5-2 flat,85000000.0,27.995270985004048,182.0,198.0,1
1286,D,2022-12-30,18:15,3886472.0,A,Cadiz,2687.0,12,6,3,7,2,0,0.9584,1.57833,1.57833,14.526315789473683,3,19.0,Sergio,4-4-2,35200000.0,30.3707298861303,179.45454545454547,37.0,1
1287,D,2022-12-31,13:00,3886464.0,H,Barcelona,131.0,21,6,10,11,6,1,2.6094,2.74555,2.74555,5.533333333333333,8,1.0,Xavi,4-3-3 Attacking,465000000.0,27.162715450189783,179.8181818181818,581.0,1
1288,H,2022-12-31,15:15,3886469.0,H,Real Sociedad,681.0,9,2,3,10,1,0,2.5084,1.54314,1.54314,8.08695652173913,5,3.0,Imanol Alguacil,4-1-3-2,203000000.0,26.61240744197623,182.45454545454547,189.0,1
1289,H,2022-12-31,15:15,3886471.0,D,Villarreal,1050.0,14,8,5,12,1,0,2.2592000000000003,2.37349,2.37349,9.5,9,7.0,Quique Setién,4-3-3 Attacking,178200000.0,30.01630265695974,180.36363636363637,238.0,1
1290,A,2023-01-06,17:30,3886486.0,A,Elche,1531.0,13,5,8,15,3,1,0.7305,1.14494,1.14494,9.083333333333334,2,20.0,Pablo Machín,3-4-3,32200000.0,29.558832679982576,182.0909090909091,20.0,1
1291,A,2023-01-06,20:00,3886488.0,A,Valencia,1049.0,11,2,13,14,5,0,1.3135,0.495475,0.495475,3.2413793103448274,2,11.0,Gennaro Gattuso,4-3-3 Attacking,177000000.0,24.962478999439984,182.1818181818182,319.0,1
1292,H,2023-01-07,17:30,3886482.0,D,Mallorca,237.0,13,4,6,14,2,0,2.2736,1.52838,1.52838,11.6,4,10.0,Javier Aguirre,3-4-2-1,40900000.0,28.91021093895837,181.9090909090909,150.0,1
1293,H,2023-01-07,15:15,3886489.0,D,Villarreal,1050.0,17,5,6,13,4,0,1.5662,2.41742,1.67414,14.526315789473683,14,6.0,Quique Setién,4-3-3 Attacking,202700000.0,29.146412793230038,180.45454545454547,267.0,1
1294,D,2023-01-07,20:00,3886483.0,A,Espanyol,714.0,12,6,5,13,3,0,1.0360999999999998,1.26728,1.26728,10.833333333333334,7,19.0,Diego Martínez,4-3-3 Attacking,55500000.0,28.13216352436065,181.1818181818182,77.0,1
1295,A,2023-01-08,13:00,3886484.0,D,Almeria,3302.0,6,1,4,13,1,0,0.1830999999999999,0.30978,0.30978,13.38095238095238,0,14.0,Rubi,4-3-3 Attacking,57200000.0,26.549685769398295,180.9090909090909,71.0,1
1296,A,2023-01-08,15:15,3886485.0,A,Rayo Vallecano,367.0,15,3,5,10,3,0,1.942,1.38976,1.38976,7.272727272727272,3,9.0,Andoni Iraola,4-4-1-1,57500000.0,28.51969385850289,178.0,137.0,1
1297,H,2023-01-08,17:30,3886487.0,H,Sevilla,368.0,11,5,4,13,3,0,1.3962,1.21643,1.21643,15.666666666666666,6,17.0,Jorge Sampaoli,3-1-4-2,105000000.0,30.47601269367183,183.0909090909091,535.0,1
1298,A,2023-01-08,20:00,3886481.0,A,Atletico Madrid,13.0,20,5,7,8,2,1,1.8958,1.93573,1.93573,12.205882352941176,14,5.0,Diego Simeone,4-4-2,294500000.0,27.86435193827391,181.27272727272728,729.0,1
1299,D,2023-01-09,20:00,3886480.0,D,Athletic Club,621.0,17,3,14,8,0,0,2.009,1.17556,1.17556,7.7,7,7.0,Ernesto Valverde,4-2-3-1,137800000.0,26.870014311492753,184.36363636363637,126.0,1
1300,D,2023-01-13,20:00,3886490.0,A,Celta Vigo,940.0,21,8,14,11,0,0,2.837,2.45811,2.45811,15.333333333333334,10,16.0,Carlos Carvalhal,3-4-2-1,79500000.0,27.696596353680544,177.27272727272728,79.0,1
1301,H,2023-01-14,20:00,3886495.0,H,Real Sociedad,681.0,11,5,4,20,5,0,2.6762,1.88839,1.14511,5.870967741935484,5,3.0,Imanol Alguacil,4-3-1-2,238000000.0,27.339431273722855,183.0909090909091,222.0,1
1302,H,2023-01-14,17:30,3886497.0,D,Osasuna,331.0,15,4,3,15,2,0,1.9603,1.19142,1.19142,6.6923076923076925,7,7.0,Jagoba Arrasate,4-3-3 Attacking,78750000.0,27.096509240246405,180.54545454545453,100.0,1
1303,A,2023-01-14,13:00,3886499.0,D,Real Valladolid,366.0,9,2,4,17,2,0,0.7459,0.611009,0.611009,7.1923076923076925,0,17.0,Pacheta,4-3-3 Attacking,29300000.0,26.17161346524796,181.1818181818182,61.0,1
1304,H,2023-01-14,15:15,3886494.0,A,Girona,12321.0,19,7,5,11,3,0,2.6370000000000005,2.8461,2.8461,12.833333333333334,6,11.0,Míchel,4-2-3-1,53500000.0,27.045485657395307,181.45454545454547,90.0,1
1305,A,2023-01-15,13:00,3886498.0,D,Getafe,3709.0,10,2,5,20,2,0,1.3097,0.496479,0.496479,5.090909090909091,10,15.0,Quique Sánchez Flores,3-5-2 flat,84000000.0,28.039076597598157,182.0,198.0,1
1306,D,2023-01-15,15:15,3886493.0,D,Almeria,3302.0,14,3,3,14,4,0,0.6837,1.08212,1.08212,12.80952380952381,4,13.0,Rubi,4-1-4-1,49800000.0,26.72814386161409,179.9090909090909,42.0,1
1307,D,2023-01-16,20:00,3886491.0,H,Cadiz,2687.0,16,3,3,11,3,0,2.0246,1.40204,1.40204,12.764705882352942,0,18.0,Sergio,4-2-3-1,34800000.0,29.59915375521125,179.27272727272728,64.0,1
1308,H,2023-01-20,20:00,3886506.0,D,Mallorca,237.0,8,3,4,15,2,0,1.225,0.403993,0.403993,21.375,3,10.0,Javier Aguirre,5-4-1,51900000.0,29.28454981021716,181.54545454545453,167.0,1
1309,H,2023-01-21,20:00,3886507.0,D,Sevilla,368.0,17,9,8,15,1,0,2.7393,1.66028,0.916998,3.931034482758621,12,15.0,Jorge Sampaoli,3-4-2-1,86000000.0,30.425984692925145,184.36363636363637,471.0,1
1310,A,2023-01-21,13:00,3886504.0,A,Rayo Vallecano,367.0,14,2,3,11,0,0,0.6612,0.64183,0.64183,10.0,7,9.0,Andoni Iraola,4-4-2,67000000.0,28.59436251633377,178.8181818181818,166.0,1
1311,H,2023-01-21,15:15,3886505.0,H,Espanyol,714.0,8,2,7,18,3,0,2.4349,2.16171,2.16171,14.652173913043478,3,13.0,Diego Martínez,4-4-2 double 6,67300000.0,28.27577624292203,182.63636363636363,144.0,1
1312,H,2023-01-21,17:30,3886501.0,H,Atletico Madrid,13.0,18,8,4,12,1,0,2.9759,4.11414,4.11414,17.85,17,4.0,Diego Simeone,4-1-4-1,271000000.0,29.237010764731505,180.0,701.0,1
1313,H,2023-01-22,13:00,3886509.0,D,Villarreal,1050.0,19,9,3,21,5,0,2.7578,2.79546,1.30891,3.7777777777777777,12,5.0,Quique Setién,4-3-3 Attacking,177700000.0,28.70860556281501,182.72727272727272,335.0,1
1314,D,2023-01-22,15:15,3886503.0,A,Elche,1531.0,13,4,7,19,2,0,2.5558,2.36237,2.36237,9.523809523809524,3,20.0,Pablo Machín,3-4-3,32000000.0,28.828822101922718,182.36363636363637,56.0,1
1315,H,2023-01-22,17:30,3886502.0,H,Barcelona,131.0,8,4,4,11,1,0,0.8679999999999999,0.712066,0.712066,8.037037037037036,7,1.0,Xavi,4-3-3 Attacking,506000000.0,25.190218405824155,179.72727272727272,504.0,1
1316,A,2023-01-22,20:00,3886500.0,A,Athletic Club,621.0,18,3,12,17,3,0,1.4966999999999997,1.15604,1.15604,9.266666666666667,8,8.0,Ernesto Valverde,4-2-3-1,146200000.0,26.535747619936533,183.45454545454547,127.0,1
1317,D,2023-01-23,20:00,3886508.0,D,Valencia,1049.0,16,6,6,8,2,0,2.1057,2.70702,2.70702,7.6,6,12.0,Gennaro Gattuso,4-4-2,142300000.0,25.90853089415718,180.45454545454547,285.0,1
1318,H,2023-01-27,20:00,3886512.0,H,Almeria,3302.0,19,7,2,16,3,0,2.3885,2.17998,2.17998,6.52,6,11.0,Rubi,4-3-3 Attacking,46500000.0,28.15705307697094,180.0,28.0,1
1319,A,2023-01-28,20:00,3886516.0,D,Getafe,3709.0,6,1,6,25,4,0,0.1426,0.206383,0.206383,9.529411764705882,4,19.0,Quique Sánchez Flores,5-3-2,83000000.0,27.518636052516957,183.8181818181818,196.0,1
1320,H,2023-01-28,17:30,3886517.0,H,Sevilla,368.0,22,8,5,7,1,0,2.8878,3.27297,3.27297,4.333333333333333,17,13.0,Jorge Sampaoli,4-3-3 Attacking,91000000.0,30.293074481986185,181.72727272727272,450.0,1
1321,H,2023-01-28,13:00,3886510.0,H,Cadiz,2687.0,11,4,6,13,2,0,2.6533,1.8313,1.08802,11.16,6,18.0,Sergio,4-4-2,34200000.0,29.925206894406074,179.8181818181818,101.0,1
1322,A,2023-01-28,15:15,3886515.0,D,Girona,12321.0,8,2,4,10,2,1,1.1902,0.893789,0.893789,16.444444444444443,3,12.0,Míchel,4-2-3-1,77500000.0,26.129301225810465,181.9090909090909,78.0,1
1323,H,2023-01-29,13:00,3886518.0,D,Real Valladolid,366.0,13,6,4,14,3,0,1.7076,1.47049,1.47049,5.382352941176471,0,17.0,Pacheta,4-3-3 Attacking,29500000.0,29.11878538983262,178.72727272727272,64.0,1
1324,A,2023-01-29,15:15,3886514.0,D,Osasuna,331.0,14,4,5,13,1,0,0.8795,0.741393,0.741393,13.045454545454543,4,8.0,Jagoba Arrasate,4-3-3 Attacking,76250000.0,27.247339929064776,179.0909090909091,55.0,1
1325,H,2023-01-29,17:30,3886513.0,D,Celta Vigo,940.0,9,3,2,17,3,0,1.7158,0.614646,0.614646,10.0,8,16.0,Carlos Carvalhal,4-4-2 Diamond,94500000.0,27.09252691182876,180.0909090909091,197.0,1
1326,D,2023-01-29,20:00,3886511.0,D,Real Madrid,418.0,20,7,10,8,1,0,2.2285,1.40476,1.40476,11.875,16,2.0,Carlo Ancelotti,4-3-3 Attacking,601000000.0,27.517142679360344,183.36363636363637,552.0,1
1327,A,2023-01-30,20:00,3886519.0,D,Villarreal,1050.0,12,3,5,11,2,0,1.6246,1.19676,1.19676,6.791666666666667,10,5.0,Quique Setién,4-1-4-1,156500000.0,27.42554912575446,181.72727272727272,201.0,1
1328,A,2023-02-01,20:00,3886496.0,D,Real Betis,150.0,5,1,1,17,3,1,0.2423,0.760581,0.760581,15.541666666666666,7,6.0,Manuel Pellegrini,4-2-3-1,182000000.0,28.112998568850728,183.0,214.0,1
1329,H,2023-02-02,20:00,3886492.0,D,Real Madrid,418.0,19,7,6,12,3,0,2.8421000000000003,2.60454,2.60454,5.444444444444445,11,2.0,Carlo Ancelotti,4-3-3 Attacking,456000000.0,29.14939953954328,183.1818181818182,676.0,1
1330,H,2023-02-03,20:00,3886520.0,H,Athletic Club,621.0,17,9,0,14,2,1,1.9531000000000005,2.30209,2.30209,16.944444444444443,3,8.0,Ernesto Valverde,4-3-3 Attacking,145300000.0,28.317092900255115,182.45454545454547,103.0,1
1331,D,2023-02-04,17:30,3886521.0,D,Atletico Madrid,13.0,12,4,8,11,3,0,1.1701,1.01341,1.01341,7.391304347826087,9,4.0,Diego Simeone,4-1-4-1,278500000.0,29.157115300852467,179.72727272727272,705.0,1
1332,A,2023-02-04,20:00,3886523.0,D,Real Betis,150.0,15,7,5,11,2,1,2.1738,3.54117,2.7979,7.52,11,7.0,Manuel Pellegrini,4-2-3-1,164500000.0,29.625536680978158,180.1818181818182,333.0,1
1333,D,2023-02-04,13:00,3886526.0,A,Espanyol,714.0,9,4,4,9,3,1,1.9988,1.56394,1.56394,17.875,6,15.0,Diego Martínez,4-4-2 double 6,63800000.0,27.639848173729078,180.9090909090909,144.0,1
1334,H,2023-02-04,15:15,3886524.0,H,Elche,1531.0,18,7,6,19,4,0,2.3192,2.88986,1.4033,9.285714285714286,8,20.0,Pablo Machín,3-4-3,33300000.0,28.519444962976788,183.27272727272728,67.0,1
1335,H,2023-02-05,20:00,3886522.0,D,Barcelona,131.0,16,7,8,8,0,0,2.9733,3.09763,3.09763,11.130434782608695,14,1.0,Xavi,4-3-3 Attacking,550000000.0,27.201294256735732,181.36363636363637,767.0,1
1336,A,2023-02-05,17:30,3886527.0,D,Real Sociedad,681.0,15,4,0,17,4,0,1.7343,1.21593,1.21593,7.846153846153846,3,3.0,Imanol Alguacil,4-3-2-1,157400000.0,25.19967643581607,181.9090909090909,189.0,1
1337,H,2023-02-05,13:00,3886525.0,H,Mallorca,237.0,4,1,1,29,5,0,0.3248,0.241595,0.241595,11.724137931034482,1,10.0,Javier Aguirre,5-4-1,62400000.0,29.02171613465248,180.27272727272728,211.0,1
1338,H,2023-02-05,15:15,3886528.0,D,Girona,12321.0,20,8,8,11,1,0,2.5011,2.57015,2.57015,15.705882352941176,8,11.0,Míchel,4-4-2 double 6,52000000.0,27.206272167257794,181.63636363636363,28.0,1
1339,H,2023-02-06,20:00,3886529.0,D,Rayo Vallecano,367.0,15,11,3,16,3,0,1.3775,1.38079,1.38079,7.758620689655173,4,5.0,Andoni Iraola,4-2-3-1,63000000.0,27.904921909028687,180.63636363636363,135.0,1
1340,H,2023-02-10,20:00,3886531.0,H,Cadiz,2687.0,12,3,5,17,4,0,1.7993,0.717862,0.717862,7.837837837837838,4,16.0,Sergio,4-4-2,34000000.0,30.04865907535312,178.72727272727272,37.0,1
1341,A,2023-02-11,15:15,3886533.0,A,Almeria,3302.0,16,9,8,12,2,0,0.603,2.00937,2.00937,11.4,7,15.0,Rubi,4-2-3-1,44200000.0,28.068197374152202,180.36363636363637,29.0,1
1342,H,2023-02-11,17:30,3886538.0,H,Sevilla,368.0,15,6,8,9,5,0,2.8295,2.16804,2.16804,15.583333333333334,7,12.0,Jorge Sampaoli,3-4-2-1,94000000.0,28.05600149337316,183.72727272727272,393.0,1
1343,A,2023-02-11,20:00,3886534.0,D,Valencia,1049.0,18,8,7,11,2,0,1.6288,1.6755,1.6755,8.310344827586206,8,18.0,Voro,4-3-3 Attacking,146000000.0,25.57301972497044,182.63636363636363,323.0,1
1344,D,2023-02-12,13:00,3886530.0,A,Getafe,3709.0,13,4,5,21,4,1,0.9793,1.23739,0.494117,7.933333333333334,3,19.0,Quique Sánchez Flores,4-4-2,98000000.0,26.806297056810408,182.0909090909091,121.0,1
1345,A,2023-02-12,15:15,3886535.0,D,Celta Vigo,940.0,14,3,7,10,2,0,1.4395,1.057,1.057,11.96,5,14.0,Carlos Carvalhal,4-4-2,102700000.0,25.95507435753842,179.45454545454547,213.0,1
1346,D,2023-02-12,17:30,3886539.0,D,Real Valladolid,366.0,18,5,10,13,1,0,2.0756,1.96448,1.96448,7.035714285714286,6,13.0,Pacheta,4-2-3-1,35000000.0,28.120714330159913,178.0,145.0,1
1347,A,2023-02-12,20:00,3886536.0,A,Villarreal,1050.0,11,2,6,22,4,0,1.0795,1.05151,1.05151,6.685714285714286,5,8.0,Quique Setién,4-4-2,154700000.0,30.660444278514092,182.0,191.0,1
1348,A,2023-02-13,20:00,3886532.0,A,Espanyol,714.0,10,6,4,9,4,1,1.3869,1.25733,1.25733,12.727272727272728,2,17.0,Diego Martínez,4-4-2 double 6,61300000.0,27.466616887561443,180.0,78.0,1
1349,H,2023-02-15,20:00,3886537.0,H,Real Madrid,418.0,26,13,6,5,1,0,2.9228,4.04364,2.55708,8.428571428571429,19,2.0,Carlo Ancelotti,4-3-3 Attacking,458000000.0,27.235641839337937,181.27272727272728,534.0,1
1350,H,2023-02-17,20:00,3886558.0,H,Girona,12321.0,14,8,1,10,1,0,2.5682,3.22586,3.22586,17.571428571428573,9,11.0,Míchel,4-2-3-1,87500000.0,26.696285234272917,181.8181818181818,103.0,1
1351,A,2023-02-18,20:00,3886554.0,D,Osasuna,331.0,11,4,5,17,3,0,0.3209,0.400542,0.400542,10.692307692307692,3,10.0,Jagoba Arrasate,4-2-3-1,91500000.0,27.965652417397795,181.8181818181818,92.0,1
1352,H,2023-02-18,17:30,3886552.0,H,Mallorca,237.0,13,5,4,19,5,0,2.4894,2.74393,2.74393,8.53125,5,9.0,Javier Aguirre,5-4-1,65900000.0,28.46742579802128,180.63636363636363,198.0,1
1353,D,2023-02-18,13:00,3886557.0,H,Real Sociedad,681.0,9,3,3,14,3,0,1.5372,1.52902,1.52902,10.352941176470589,4,3.0,Imanol Alguacil,4-3-3 Attacking,233000000.0,26.276896272789497,182.72727272727272,233.0,1
1354,H,2023-02-18,15:15,3886550.0,H,Real Betis,150.0,16,10,4,18,3,0,2.2716000000000003,2.21822,1.47494,6.852941176470588,8,5.0,Manuel Pellegrini,4-2-3-1,145500000.0,30.285109825150894,180.0909090909091,189.0,1
1355,A,2023-02-19,13:00,3886551.0,D,Elche,1531.0,19,5,10,11,2,1,1.5328000000000002,1.60154,1.60154,8.444444444444445,8,20.0,Pablo Machín,3-4-3,31300000.0,28.824839773505072,183.27272727272728,67.0,1
1356,D,2023-02-19,15:15,3886555.0,A,Rayo Vallecano,367.0,18,5,7,15,4,0,2.1509,1.37468,1.37468,6.923076923076923,1,6.0,Andoni Iraola,4-2-3-1,68000000.0,28.549810217161347,179.63636363636363,135.0,1
1357,H,2023-02-19,17:30,3886556.0,D,Atletico Madrid,13.0,17,5,6,7,2,0,1.3741,1.06493,1.06493,13.157894736842104,8,4.0,Diego Simeone,4-4-2,318000000.0,28.824093086926766,180.0,713.0,1
1358,H,2023-02-19,20:00,3886549.0,H,Barcelona,131.0,16,5,5,15,2,0,1.999,2.28935,2.28935,7.956521739130435,20,1.0,Xavi,4-3-3 Attacking,433000000.0,25.137452554290338,181.0,529.0,1
1359,H,2023-02-20,20:00,3886553.0,D,Getafe,3709.0,15,6,4,11,6,0,2.1468,2.13388,2.13388,18.6,4,16.0,Quique Sánchez Flores,4-4-2,93000000.0,27.29313670586771,182.0909090909091,219.0,1
1360,A,2023-02-24,20:00,3886565.0,H,Elche,1531.0,4,2,3,16,4,2,0.037,0.883935,0.140657,23.08333333333333,0,20.0,Pablo Machín,3-4-2-1,29800000.0,29.306950407566422,183.27272727272728,64.0,1
1361,H,2023-02-25,13:00,3886562.0,D,Espanyol,714.0,9,3,0,15,2,0,2.4636000000000005,1.99389,1.99389,7.9,2,12.0,Diego Martínez,4-3-3 Attacking,64000000.0,28.493559828262086,181.0,152.0,1
1362,H,2023-02-25,15:15,3886561.0,D,Cadiz,2687.0,5,3,4,19,3,0,1.7551,0.816453,0.816453,6.709677419354839,0,16.0,Sergio,4-4-2,30500000.0,30.731877294505633,179.9090909090909,37.0,1
1363,D,2023-02-25,17:30,3886564.0,D,Real Madrid,418.0,18,7,7,10,3,0,2.4690000000000003,1.56317,1.56317,9.909090909090908,4,2.0,Carlo Ancelotti,4-3-3 Attacking,498000000.0,29.027440731752847,183.27272727272728,576.0,1
1364,H,2023-02-25,20:00,3886568.0,H,Valencia,1049.0,8,3,7,13,6,0,1.1019,0.636111,0.636111,10.043478260869565,4,18.0,Rubén Baraja,4-3-3 Attacking,125000000.0,25.15039512164769,181.45454545454547,129.0,1
1365,H,2023-02-26,17:30,3886563.0,H,Almeria,3302.0,7,4,4,13,3,0,1.0784,0.828027,0.828027,20.0,1,15.0,Rubi,4-4-2 double 6,50700000.0,27.547756829070998,181.9090909090909,57.0,1
1366,A,2023-02-26,20:00,3886567.0,A,Sevilla,368.0,22,8,10,10,4,1,2.1531,2.38177,2.38177,10.615384615384617,8,14.0,Jorge Sampaoli,3-4-2-1,92500000.0,29.351502706738845,183.72727272727272,518.0,1
1367,A,2023-02-26,13:00,3886559.0,A,Athletic Club,621.0,17,3,11,17,5,0,1.3442,1.34464,1.34464,5.617647058823529,3,9.0,Ernesto Valverde,4-2-3-1,132200000.0,28.114740837533443,183.36363636363637,89.0,1
1368,H,2023-02-26,15:15,3886560.0,H,Celta Vigo,940.0,18,4,5,6,1,0,2.6661,2.97597,2.97597,8.296296296296296,9,13.0,Carlos Carvalhal,4-4-2,94000000.0,27.296621243233155,178.1818181818182,95.0,1
1369,H,2023-02-27,20:00,3886566.0,D,Villarreal,1050.0,11,5,6,9,0,0,2.5246,1.9115,1.9115,8.882352941176471,12,7.0,Quique Setién,4-3-3 Attacking,157200000.0,30.04044552299172,182.1818181818182,227.0,1
1370,D,2023-03-03,20:00,3886577.0,D,Real Sociedad,681.0,15,3,4,18,0,0,1.4858,1.07575,1.07575,2.7666666666666666,4,4.0,Imanol Alguacil,4-3-1-2,270000000.0,26.189036152075165,182.63636363636363,203.0,1
1371,H,2023-03-04,20:00,3886569.0,H,Atletico Madrid,13.0,18,8,7,12,1,0,2.3269,3.05182,3.05182,18.09523809523809,11,3.0,Diego Simeone,3-5-2,242500000.0,29.93790056623732,181.45454545454547,843.0,1
1372,A,2023-03-04,17:30,3886576.0,D,Mallorca,237.0,14,3,6,17,3,0,1.3528,0.96231,0.96231,8.545454545454545,7,10.0,Javier Aguirre,3-5-2 Attacking,68400000.0,28.394499408873127,181.9090909090909,196.0,1
1373,H,2023-03-04,13:00,3886572.0,H,Getafe,3709.0,10,6,3,24,5,0,2.2255,1.86918,1.1259,7.911764705882353,6,16.0,Quique Sánchez Flores,3-4-3,74500000.0,28.356169497853276,183.0,266.0,1
1374,A,2023-03-04,15:15,3886573.0,D,Almeria,3302.0,6,0,2,11,2,0,0.2077999999999999,0.371041,0.371041,16.5,3,18.0,Rubi,4-4-2,52000000.0,27.54900130670151,181.1818181818182,57.0,1
1375,H,2023-03-05,13:00,3886578.0,H,Real Valladolid,366.0,15,5,9,4,3,0,1.7324000000000002,1.38048,1.38048,13.235294117647058,5,14.0,Pacheta,4-3-3 Attacking,40300000.0,28.620496546574575,181.72727272727272,218.0,1
1376,H,2023-03-05,15:15,3886570.0,H,Barcelona,131.0,13,4,5,11,0,1,2.483,2.09199,1.34871,8.826086956521738,8,1.0,Xavi,4-3-3 Attacking,435000000.0,26.0471657021965,182.45454545454547,524.0,1
1377,D,2023-03-05,17:30,3886574.0,D,Rayo Vallecano,367.0,18,2,7,9,1,0,0.979,0.853959,0.853959,9.88888888888889,2,7.0,Andoni Iraola,4-2-3-1,62500000.0,28.26034472030365,179.0909090909091,139.0,1
1378,D,2023-03-05,20:00,3886571.0,D,Real Betis,150.0,8,4,5,12,3,0,0.8476999999999999,0.59294,0.59294,17.47826086956522,3,5.0,Manuel Pellegrini,4-2-3-1,114000000.0,29.085184493808722,182.36363636363637,216.0,1
1379,D,2023-03-06,20:00,3886575.0,D,Osasuna,331.0,10,5,6,12,0,0,1.7539,1.16313,1.16313,5.620689655172414,3,8.0,Jagoba Arrasate,4-3-3 Attacking,109000000.0,27.518636052516957,181.0,101.0,1
1380,D,2023-03-10,20:00,3886584.0,H,Cadiz,2687.0,11,4,2,13,4,1,0.6193,1.73207,0.988797,8.933333333333334,5,16.0,Sergio,4-4-2,30500000.0,30.76746935473835,179.9090909090909,37.0,1
1381,H,2023-03-11,13:00,3886587.0,H,Real Madrid,418.0,22,7,7,12,3,0,1.8798,1.78234,1.78234,8.473684210526315,7,2.0,Carlo Ancelotti,4-3-3 Attacking,664000000.0,27.624416651110696,181.45454545454547,652.0,1
1382,D,2023-03-11,15:15,3886582.0,A,Elche,1531.0,24,10,10,19,4,0,2.8459,2.80287,2.80287,5.0,6,20.0,Pablo Machín,5-3-2,29300000.0,28.816875116669777,184.0,72.0,1
1383,H,2023-03-11,17:30,3886581.0,D,Celta Vigo,940.0,15,6,3,13,2,0,2.4392,2.13766,2.13766,9.666666666666666,3,11.0,Carlos Carvalhal,4-4-2,92000000.0,27.172920166760004,178.36363636363637,92.0,1
1384,H,2023-03-11,20:00,3886588.0,D,Valencia,1049.0,8,4,12,8,2,0,2.669,1.84171,1.09843,9.625,6,17.0,Rubén Baraja,4-3-3 Attacking,155500000.0,24.57669093398046,181.54545454545453,165.0,1
1385,D,2023-03-12,17:30,3886586.0,A,Villarreal,1050.0,15,4,2,8,3,0,1.5392,1.33264,1.33264,10.45,6,6.0,Quique Setién,4-3-3 Attacking,197200000.0,29.009022462821232,182.36363636363637,242.0,1
1386,D,2023-03-12,13:00,3886583.0,A,Mallorca,237.0,8,2,3,19,2,0,2.1387,1.4638,1.4638,11.958333333333334,5,10.0,Javier Aguirre,5-3-2,52400000.0,28.962976790492192,179.27272727272728,164.0,1
1387,H,2023-03-12,15:15,3886589.0,D,Sevilla,368.0,27,5,6,8,4,0,2.3959,3.15875,2.41548,8.076923076923077,18,13.0,Jorge Sampaoli,3-4-2-1,99500000.0,29.264389272602827,184.27272727272728,451.0,1
1388,A,2023-03-12,20:00,3886580.0,A,Athletic Club,621.0,15,5,5,13,2,0,1.7057,1.13701,1.13701,11.838709677419354,7,9.0,Ernesto Valverde,4-2-3-1,111800000.0,29.37589446829693,182.63636363636363,94.0,1
1389,A,2023-03-13,20:00,3886585.0,D,Girona,12321.0,6,4,1,6,2,0,0.1835,0.301909,0.301909,17.8125,4,12.0,Míchel,4-1-4-1,95000000.0,26.60917180013689,181.1818181818182,105.0,1
1390,A,2023-03-17,20:00,3886596.0,A,Real Valladolid,366.0,15,3,2,9,2,0,0.5133,1.08382,1.08382,9.333333333333334,3,16.0,Pacheta,4-2-3-1,44300000.0,27.74687324995333,181.9090909090909,184.0,1
1391,D,2023-03-18,13:00,3886595.0,D,Almeria,3302.0,17,5,5,12,1,0,2.4047,2.69365,1.95038,5.2,6,19.0,Rubi,4-2-3-1,34700000.0,28.304897019476073,180.72727272727272,27.0,1
1392,D,2023-03-18,15:15,3886599.0,H,Rayo Vallecano,367.0,15,3,3,15,2,0,1.5336999999999998,1.71981,0.98238,8.444444444444445,7,8.0,Andoni Iraola,4-2-3-1,65600000.0,27.98133283554228,180.0909090909091,111.0,1
1393,A,2023-03-18,17:30,3886597.0,A,Espanyol,714.0,11,3,4,11,2,0,1.3977,1.7106,1.7106,9.318181818181818,3,17.0,Diego Martínez,4-2-3-1,57700000.0,28.505009022462822,184.36363636363637,149.0,1
1394,H,2023-03-18,20:00,3886590.0,H,Atletico Madrid,13.0,14,6,4,12,2,0,2.8269,3.36294,3.36294,10.565217391304348,9,3.0,Diego Simeone,5-3-2,276500000.0,29.2708605562815,181.27272727272728,823.0,1
1395,H,2023-03-19,13:00,3886592.0,D,Real Betis,150.0,10,3,4,8,1,0,1.7988000000000002,0.606846,0.606846,7.68,6,5.0,Manuel Pellegrini,4-2-3-1,119500000.0,29.10260718063593,181.36363636363637,330.0,1
1396,A,2023-03-19,15:15,3886594.0,A,Osasuna,331.0,10,2,7,15,3,0,0.9531,1.15562,1.15562,7.433333333333334,5,10.0,Jagoba Arrasate,4-3-3 Attacking,97000000.0,27.658515338186795,180.27272727272728,58.0,1
1397,H,2023-03-19,15:15,3886598.0,D,Real Sociedad,681.0,17,4,5,16,2,0,2.9144,2.69405,2.69405,4.625,7,4.0,Imanol Alguacil,4-3-1-2,188000000.0,27.465621305457034,180.9090909090909,180.0,1
1398,H,2023-03-19,17:30,3886593.0,D,Getafe,3709.0,15,4,4,22,4,0,2.3193,2.0733,2.0733,8.026315789473685,6,13.0,Quique Sánchez Flores,3-4-3,75000000.0,28.966959118909838,181.1818181818182,264.0,1
1399,H,2023-03-19,20:00,3886591.0,D,Barcelona,131.0,17,7,8,12,4,0,2.2727,1.66532,1.66532,10.48148148148148,9,1.0,Xavi,4-3-3 Attacking,500000000.0,26.972808163773255,182.36363636363637,652.0,1
1400,D,2023-03-31,20:00,3886602.0,D,Mallorca,237.0,10,1,2,19,7,1,1.1868,0.433196,0.433196,8.782608695652174,5,12.0,Javier Aguirre,5-4-1,64900000.0,28.575446456349948,180.54545454545453,177.0,1
1401,D,2023-04-01,15:15,3886600.0,D,Athletic Club,621.0,17,3,13,8,0,0,1.3241,0.751393,0.751393,5.894736842105263,13,7.0,Ernesto Valverde,4-3-3 Attacking,94800000.0,28.340240184182687,180.8181818181818,45.0,1
1402,A,2023-04-01,17:30,3886603.0,D,Cadiz,2687.0,14,3,8,9,3,0,0.5858,0.691241,0.691241,7.944444444444445,3,15.0,Sergio,4-4-2,18200000.0,30.34360027378508,182.8181818181818,0.0,1
1403,H,2023-04-01,13:00,3886606.0,D,Girona,12321.0,14,4,5,12,4,0,1.7805,1.45036,0.707082,8.733333333333333,8,11.0,Míchel,4-1-4-1,74000000.0,27.28293198929749,181.45454545454547,95.0,1
1404,A,2023-04-01,20:00,3886605.0,A,Elche,1531.0,15,2,11,11,0,0,0.476,0.508304,0.508304,11.866666666666667,4,20.0,Sebastián Beccacece,5-4-1,27500000.0,28.992097567046233,181.45454545454547,22.0,1
1405,H,2023-04-02,20:00,3886601.0,D,Atletico Madrid,13.0,13,7,5,20,1,0,2.4513000000000003,1.70131,1.70131,8.457142857142857,6,3.0,Diego Simeone,5-3-2,265500000.0,29.29724348204841,181.45454545454547,744.0,1
1406,H,2023-04-02,17:30,3886607.0,D,Villarreal,1050.0,16,4,4,12,5,1,2.5684,2.80501,2.06173,7.130434782608695,9,6.0,Quique Setién,4-3-3 Attacking,186700000.0,28.05027689627279,181.63636363636363,297.0,1
1407,D,2023-04-02,13:00,3886609.0,D,Celta Vigo,940.0,21,5,4,13,3,0,2.0289,2.13933,2.13933,10.115384615384617,16,9.0,Carlos Carvalhal,4-4-2,94000000.0,27.392446020782778,178.1818181818182,95.0,1
1408,H,2023-04-02,15:15,3886604.0,H,Real Madrid,418.0,30,17,9,17,0,0,2.9511000000000003,4.82721,4.82721,8.75,21,2.0,Carlo Ancelotti,4-2-3-1,636000000.0,27.532325306452616,182.63636363636363,558.0,1
1409,D,2023-04-03,20:00,3886608.0,A,Valencia,1049.0,18,4,13,15,2,0,2.7189,2.71116,1.96814,7.15,9,17.0,Rubén Baraja,4-3-3 Attacking,162000000.0,24.889801505817932,182.0,273.0,1
1410,D,2023-04-07,20:00,3886616.0,H,Sevilla,368.0,7,2,8,11,6,2,1.1352,0.475247,0.475247,16.055555555555557,0,13.0,José Luis Mendilibar,4-2-3-1,99000000.0,29.342044676746934,182.27272727272728,383.0,1
1411,H,2023-04-08,13:00,3886617.0,A,Osasuna,331.0,22,6,9,15,1,0,2.1833,1.68972,1.68972,4.125,6,8.0,Jagoba Arrasate,4-3-3 Attacking,78500000.0,27.87281438616141,180.36363636363637,93.0,1
1412,A,2023-04-08,15:15,3886614.0,A,Espanyol,714.0,9,2,8,14,6,1,0.2835999999999999,1.16752,1.16752,14.411764705882351,3,19.0,Luis García,4-2-3-1,59200000.0,27.686640532636428,183.72727272727272,154.0,1
1413,H,2023-04-08,17:30,3886619.0,H,Real Sociedad,681.0,11,6,3,11,2,0,2.8036,2.1178,1.37452,9.529411764705882,6,4.0,Imanol Alguacil,4-3-1-2,227500000.0,26.622861054072555,180.72727272727272,190.0,1
1414,A,2023-04-08,20:00,3886612.0,D,Real Madrid,418.0,18,4,6,8,0,0,2.0741,2.23296,2.23296,20.0,13,2.0,Carlo Ancelotti,4-3-3 Attacking,538000000.0,28.55777487399664,182.45454545454547,615.0,1
1415,D,2023-04-09,13:00,3886618.0,H,Real Valladolid,366.0,10,6,1,13,3,0,0.6093,0.948859,0.948859,7.235294117647059,6,17.0,Paulo Pezzolano,4-3-3 Attacking,44000000.0,26.940451745379878,182.0,181.0,1
1416,A,2023-04-09,15:15,3886611.0,D,Real Betis,150.0,9,3,5,18,3,2,0.5067999999999999,1.58835,1.58835,18.166666666666668,4,6.0,Manuel Pellegrini,4-2-3-1,138000000.0,28.383299110198493,183.1818181818182,197.0,1
1417,H,2023-04-09,17:30,3886613.0,D,Almeria,3302.0,10,4,3,11,3,0,1.7174999999999998,1.49927,1.49927,17.23076923076923,3,16.0,Rubi,4-3-1-2,39800000.0,26.62086988986373,182.45454545454547,30.0,1
1418,A,2023-04-09,20:00,3886615.0,A,Rayo Vallecano,367.0,15,3,8,8,0,1,0.2825,0.564426,0.564426,15.478260869565217,10,9.0,Andoni Iraola,4-2-3-1,68000000.0,28.57569535187605,178.54545454545453,127.0,1
1419,D,2023-04-10,20:00,3886610.0,D,Barcelona,131.0,18,3,12,14,0,0,1.8226,1.05077,1.05077,6.71875,10,1.0,Xavi,4-3-3 Attacking,447000000.0,26.103913882147967,181.63636363636363,537.0,1
1420,H,2023-04-14,20:00,3886627.0,H,Rayo Vallecano,367.0,12,3,2,18,2,0,2.0217,1.08431,1.08431,7.484848484848484,6,8.0,Andoni Iraola,4-2-3-1,66500000.0,28.056997075477568,179.45454545454547,132.0,1
1421,H,2023-04-15,17:30,3886621.0,H,Real Betis,150.0,15,8,4,9,2,0,2.4372000000000003,1.965,1.965,11.736842105263158,9,5.0,Manuel Pellegrini,4-2-3-1,131700000.0,28.66604442785141,183.45454545454547,320.0,1
1422,A,2023-04-15,20:00,3886623.0,D,Cadiz,2687.0,12,3,2,12,1,0,0.0385999999999999,0.583718,0.583718,22.3125,5,16.0,Sergio,4-4-2,21500000.0,29.273847302594735,182.1818181818182,37.0,1
1423,A,2023-04-15,13:00,3886624.0,A,Villarreal,1050.0,22,7,8,9,1,0,1.0893,1.99484,1.99484,4.681818181818182,16,6.0,Quique Setién,4-3-3 Attacking,142200000.0,29.310683840457965,180.9090909090909,319.0,1
1424,H,2023-04-15,15:15,3886620.0,H,Athletic Club,621.0,13,5,5,16,5,0,0.7749999999999999,1.00026,1.00026,4.578947368421052,6,7.0,Ernesto Valverde,4-2-3-1,148800000.0,28.39922842386908,184.0,137.0,1
1425,H,2023-04-16,13:00,3886626.0,H,Girona,12321.0,14,4,3,9,3,0,1.9181,1.22906,1.22906,13.4,2,9.0,Míchel,4-1-4-1,73500000.0,27.182627092278018,182.0909090909091,95.0,1
1426,D,2023-04-16,15:15,3886625.0,D,Getafe,3709.0,5,1,1,13,2,0,0.955,0.621219,0.621219,10.80952380952381,2,15.0,Quique Sánchez Flores,5-3-2,76000000.0,28.345964781283055,183.63636363636363,264.0,1
1427,H,2023-04-16,17:30,3886629.0,H,Atletico Madrid,13.0,19,7,9,7,3,0,2.914,2.51151,2.51151,9.52,17,3.0,Diego Simeone,5-3-2,293000000.0,29.434136021405017,180.54545454545453,801.0,1
1428,A,2023-04-16,20:00,3886628.0,D,Valencia,1049.0,13,3,6,10,1,1,0.4901,0.527847,0.527847,10.764705882352942,7,18.0,Rubén Baraja,4-4-2,129000000.0,25.695227428286977,182.72727272727272,316.0,1
1429,A,2023-04-17,20:00,3886622.0,A,Celta Vigo,940.0,12,3,7,10,2,1,0.6745,0.469148,0.469148,4.470588235294118,16,12.0,Carlos Carvalhal,4-4-2 double 6,90000000.0,26.961110074046417,178.72727272727272,98.0,1
1430,D,2023-04-21,20:00,3886637.0,D,Espanyol,714.0,14,5,6,8,4,0,1.6652,1.52285,1.52285,11.384615384615383,5,19.0,Luis García,5-3-2,59500000.0,28.103789434384918,182.8181818181818,162.0,1
1431,H,2023-04-22,20:00,3886635.0,H,Real Madrid,418.0,17,5,8,10,1,0,2.1673,1.81403,1.81403,6.653846153846154,16,2.0,Carlo Ancelotti,4-3-3 Attacking,610000000.0,27.281438616140875,184.54545454545453,597.0,1
1432,H,2023-04-22,17:30,3886639.0,H,Real Valladolid,366.0,15,6,5,14,1,0,1.3607,1.11143,1.11143,7.702702702702703,6,14.0,Paulo Pezzolano,4-3-3 Attacking,47000000.0,26.93920726774936,182.9090909090909,257.0,1
1433,H,2023-04-22,13:00,3886634.0,H,Osasuna,331.0,10,5,5,20,2,0,1.1449,1.63275,1.63275,9.5,3,8.0,Jagoba Arrasate,4-3-3 Attacking,87000000.0,27.79217223570406,182.0,83.0,1
1434,A,2023-04-22,15:15,3886632.0,A,Almeria,3302.0,12,4,3,8,2,0,0.4582,0.573355,0.573355,15.071428571428571,5,18.0,Rubi,4-2-3-1,39800000.0,26.656461950096446,182.45454545454547,30.0,1
1435,H,2023-04-22,17:30,3886638.0,D,Real Sociedad,681.0,7,1,3,18,1,0,1.7681,0.814682,0.814682,3.363636363636364,8,4.0,Imanol Alguacil,4-1-3-2,228000000.0,26.74556654844129,182.0,212.0,1
1436,H,2023-04-23,20:00,3886631.0,H,Sevilla,368.0,17,4,5,12,1,0,0.5016,0.853114,0.853114,9.724137931034482,8,12.0,José Luis Mendilibar,4-2-3-1,101500000.0,27.007404641901562,183.45454545454547,254.0,1
1437,A,2023-04-23,13:00,3886630.0,A,Elche,1531.0,7,1,11,12,3,0,1.0699,0.795158,0.795158,4.333333333333333,2,20.0,Sebastián Beccacece,5-3-2,25500000.0,29.68178706987742,181.63636363636363,15.0,1
1438,H,2023-04-23,15:15,3886633.0,H,Barcelona,131.0,13,4,3,15,4,0,2.4173,2.12803,2.12803,9.428571428571429,11,1.0,Xavi,4-3-3 Attacking,492000000.0,26.816252877854524,182.8181818181818,625.0,1
1439,H,2023-04-23,17:30,3886636.0,A,Mallorca,237.0,8,4,2,15,2,0,2.758,1.917,1.917,10.0,0,10.0,Javier Aguirre,3-5-2 Attacking,70500000.0,26.806794847862612,181.8181818181818,210.0,1
1440,H,2023-04-25,18:30,3886646.0,H,Girona,12321.0,13,5,3,7,1,0,1.962,2.4202,2.4202,21.866666666666667,3,10.0,Míchel,4-1-4-1,90500000.0,25.38410802065833,181.63636363636363,103.0,1
1441,D,2023-04-25,21:00,3886642.0,D,Real Betis,150.0,10,1,2,13,1,0,1.415,0.7286,0.7286,8.666666666666666,8,6.0,Manuel Pellegrini,4-2-3-1,119500000.0,29.00031111940763,181.36363636363637,373.0,1
1442,A,2023-04-25,18:30,3886644.0,D,Cadiz,2687.0,20,4,11,8,0,0,1.7751,1.4054,1.4054,14.2,4,17.0,Sergio,4-4-2,30000000.0,29.422935722730383,179.63636363636363,43.0,1
1443,H,2023-04-26,18:30,3886641.0,D,Atletico Madrid,13.0,24,9,5,10,0,0,2.6859,2.61545,2.61545,5.68,10,3.0,Diego Simeone,3-5-2 Attacking,236500000.0,29.330844378072303,181.63636363636363,784.0,1
1444,A,2023-04-26,18:30,3886649.0,A,Getafe,3709.0,21,9,4,15,2,1,1.0865,1.66712,1.66712,9.76923076923077,14,18.0,Quique Sánchez Flores,3-4-3,77000000.0,28.929375894468297,181.8181818181818,266.0,1
1445,H,2023-04-26,21:00,3886643.0,D,Celta Vigo,940.0,17,9,10,9,0,0,1.309,1.4351,1.4351,8.516129032258064,6,13.0,Carlos Carvalhal,4-4-2,94000000.0,27.373778856325057,177.63636363636363,188.0,1
1446,H,2023-04-26,21:00,3886647.0,H,Rayo Vallecano,367.0,9,6,3,10,1,0,1.1538,0.862266,0.862266,11.423076923076923,3,9.0,Andoni Iraola,4-2-3-1,68000000.0,28.81538174351316,178.0,137.0,1
1447,H,2023-04-27,18:30,3886645.0,A,Valencia,1049.0,18,5,6,16,0,0,1.2023,0.900084,0.900084,8.62962962962963,3,15.0,Rubén Baraja,5-4-1,143500000.0,26.007342418020038,183.8181818181818,298.0,1
1448,H,2023-04-27,18:30,3886648.0,A,Villarreal,1050.0,31,13,9,14,2,0,2.9155,4.94822,4.03197,7.833333333333333,14,5.0,Quique Setién,4-2-3-1,198700000.0,28.79148777300728,182.0909090909091,381.0,1
1449,A,2023-04-27,21:00,3886640.0,D,Athletic Club,621.0,7,2,8,7,3,0,0.4022,0.194682,0.194682,9.55,3,7.0,Ernesto Valverde,4-2-3-1,149800000.0,28.280754153444093,184.0,128.0,1
1450,A,2023-04-28,20:00,3886654.0,A,Osasuna,331.0,13,1,4,12,3,0,0.5785,0.987164,0.987164,9.304347826086955,8,9.0,Jagoba Arrasate,4-2-3-1,67050000.0,27.686391637110322,180.27272727272728,27.0,1
1451,H,2023-04-29,15:15,3886651.0,H,Elche,1531.0,18,9,3,13,1,0,2.8283000000000005,3.37969,3.37969,12.133333333333333,9,20.0,Sebastián Beccacece,4-2-3-1,28300000.0,28.925642461576754,181.36363636363637,6.0,1
1452,H,2023-04-29,17:30,3886658.0,H,Real Madrid,418.0,15,12,7,12,2,0,2.5846,3.20538,2.4621,5.742857142857143,19,2.0,Carlo Ancelotti,4-3-3 Attacking,605000000.0,27.493995395432766,183.27272727272728,503.0,1
1453,H,2023-04-29,20:00,3886650.0,H,Barcelona,131.0,15,8,10,10,0,0,2.9037,3.0864,3.0864,9.130434782608695,20,1.0,Xavi,4-3-3 Attacking,595000000.0,26.103416091095763,182.0,681.0,1
1454,H,2023-04-30,13:00,3886652.0,H,Cadiz,2687.0,8,4,5,14,6,0,2.36,2.16593,2.16593,6.076923076923077,2,14.0,Sergio,4-4-2,26000000.0,29.294754526787383,183.0909090909091,0.0,1
1455,H,2023-04-30,15:15,3886657.0,H,Villarreal,1050.0,9,3,4,12,1,0,2.548,2.36969,1.62641,9.541666666666666,6,5.0,Quique Setién,4-2-3-1,198700000.0,28.799701325368677,182.0909090909091,381.0,1
1456,H,2023-04-30,17:30,3886653.0,H,Espanyol,714.0,17,8,6,12,3,0,2.7293000000000003,2.44417,1.70089,4.2727272727272725,5,19.0,Luis García,3-4-1-2,56000000.0,28.83753344533632,180.9090909090909,92.0,1
1457,A,2023-04-30,20:00,3886656.0,A,Real Valladolid,366.0,19,6,9,14,2,0,0.5317000000000001,1.46642,0.723139,9.5,2,15.0,Paulo Pezzolano,3-4-1-2,46000000.0,26.517329351004914,181.72727272727272,220.0,1
1458,A,2023-05-01,20:00,3886659.0,A,Sevilla,368.0,23,5,6,14,1,0,2.2262,2.35198,2.35198,5.083333333333333,7,12.0,José Luis Mendilibar,4-2-3-1,107000000.0,28.707361085184495,181.27272727272728,347.0,1
1459,D,2023-05-01,18:00,3886655.0,D,Mallorca,237.0,9,2,5,17,4,0,1.2516,1.2911,1.2911,22.857142857142858,6,11.0,Javier Aguirre,3-5-2 Attacking,69200000.0,27.541534440918426,181.0,180.0,1
1460,H,2023-05-02,18:30,3886665.0,H,Almeria,3302.0,10,4,7,8,2,0,2.0283,1.82539,1.82539,13.235294117647058,5,14.0,Rubi,4-3-3 Attacking,37500000.0,28.262335884512478,180.9090909090909,27.0,1
1461,H,2023-05-02,18:30,3886662.0,D,Barcelona,131.0,21,4,11,7,0,0,2.7115000000000005,2.40046,2.40046,6.125,23,1.0,Xavi,4-2-3-1,595000000.0,26.11162964345716,182.0,681.0,1
1462,H,2023-05-02,21:00,3886669.0,D,Real Sociedad,681.0,9,4,2,17,1,0,2.5022,2.26252,2.26252,8.333333333333334,5,4.0,Imanol Alguacil,4-1-4-1,261000000.0,26.988239686391637,181.54545454545453,269.0,1
1463,D,2023-05-03,18:30,3886663.0,D,Valencia,1049.0,8,1,6,14,4,0,1.6439,1.04163,1.04163,11.185185185185183,5,17.0,Rubén Baraja,4-2-3-1,150000000.0,25.245722108145106,182.9090909090909,318.0,1
1464,H,2023-05-03,21:00,3886661.0,H,Atletico Madrid,13.0,18,8,5,12,3,0,2.9934000000000003,4.25954,3.51627,18.142857142857142,23,2.0,Diego Simeone,3-5-2 Attacking,236500000.0,29.35000933358223,181.63636363636363,784.0,1
1465,H,2023-05-03,21:00,3886667.0,H,Getafe,3709.0,14,4,1,21,7,0,2.9102,2.8705,2.12722,10.625,4,18.0,Pepe Bordalás,4-3-3 Attacking,81000000.0,28.99956443282932,183.63636363636363,236.0,1
1466,H,2023-05-04,18:30,3886666.0,H,Girona,12321.0,17,7,9,9,4,0,2.0304,2.20534,2.20534,6.478260869565218,10,8.0,Míchel,4-1-4-1,96500000.0,25.606122829942134,183.1818181818182,109.0,1
1467,H,2023-05-04,18:30,3886668.0,A,Sevilla,368.0,18,6,9,15,1,0,2.7759,2.902,2.15873,5.862068965517241,7,11.0,José Luis Mendilibar,4-2-3-1,76500000.0,29.494617634248026,182.1818181818182,343.0,1
1468,A,2023-05-04,21:00,3886660.0,A,Athletic Club,621.0,21,6,13,13,1,1,1.543,1.01449,1.01449,7.315789473684211,8,7.0,Ernesto Valverde,4-2-3-1,138800000.0,27.489764171489014,185.0909090909091,127.0,1
1469,H,2023-05-04,21:00,3886664.0,D,Rayo Vallecano,367.0,16,6,3,18,0,0,2.1831,1.57028,1.57028,7.392857142857143,6,9.0,Andoni Iraola,4-2-3-1,71000000.0,28.686204965465745,179.27272727272728,122.0,1
1470,H,2023-05-12,20:00,3886676.0,H,Mallorca,237.0,8,3,3,16,5,0,2.2499,1.6025,1.6025,10.285714285714286,4,12.0,Javier Aguirre,3-4-3,76200000.0,27.181631510173602,180.54545454545453,180.0,1
1471,D,2023-05-13,13:00,3886679.0,D,Real Sociedad,681.0,18,6,7,22,5,0,2.4034,3.05494,2.31167,6.486486486486487,11,4.0,Imanol Alguacil,4-2-3-1,261000000.0,27.018356045050094,181.54545454545453,269.0,1
1472,H,2023-05-13,15:15,3886678.0,D,Osasuna,331.0,18,7,4,7,0,0,2.3822,1.87424,1.87424,9.391304347826088,14,9.0,Jagoba Arrasate,4-3-3 Attacking,96500000.0,27.685147159479808,181.0909090909091,99.0,1
1473,H,2023-05-13,17:30,3886672.0,H,Villarreal,1050.0,17,11,7,11,4,0,2.2372,3.09272,3.09272,9.27777777777778,14,5.0,Quique Setién,4-3-3 Attacking,212700000.0,28.013440358409557,183.0,328.0,1
1474,H,2023-05-13,20:00,3886675.0,D,Real Madrid,418.0,16,3,1,5,1,0,1.5981,0.879325,0.879325,6.105263157894737,7,2.0,Carlo Ancelotti,4-3-3 Attacking,466000000.0,27.676684711592312,182.45454545454547,390.0,1
1475,A,2023-05-14,20:00,3886674.0,A,Espanyol,714.0,15,7,4,12,1,0,0.8664,2.72734,2.72734,19.20833333333333,8,19.0,Luis García,5-3-2,62000000.0,29.118287598780412,182.1818181818182,151.0,1
1476,A,2023-05-14,17:30,3886677.0,D,Real Valladolid,366.0,28,6,8,9,2,0,0.7492000000000001,2.01745,2.01745,8.894736842105264,4,17.0,Paulo Pezzolano,4-3-3 Attacking,33550000.0,26.404828573206398,181.27272727272728,179.0,1
1477,A,2023-05-14,13:00,3886671.0,A,Celta Vigo,940.0,10,6,5,13,3,0,0.8987,1.216,1.216,5.038461538461538,3,13.0,Carlos Carvalhal,4-4-2,83000000.0,27.567170680107026,178.0,174.0,1
1478,H,2023-05-14,15:15,3886673.0,H,Elche,1531.0,15,4,3,16,2,0,1.9865,2.28487,2.28487,9.3,6,20.0,Sebastián Beccacece,3-4-1-2,29300000.0,28.48011946985253,182.27272727272728,17.0,1
1479,H,2023-05-15,20:00,3886670.0,H,Real Betis,150.0,11,5,6,11,3,0,2.1063,2.69596,2.69596,12.31578947368421,7,6.0,Manuel Pellegrini,4-2-3-1,111000000.0,29.78756766847116,183.27272727272728,214.0,1
1480,H,2023-05-19,20:00,3886683.0,D,Cadiz,2687.0,11,4,4,18,4,0,2.8248,2.1319,0.645349,7.428571428571429,3,16.0,Sergio,4-4-2 double 6,28700000.0,30.07529089664613,180.54545454545453,37.0,1
1481,A,2023-05-20,13:00,3886685.0,D,Girona,12321.0,9,3,3,16,2,0,0.96,1.31674,1.31674,9.882352941176473,8,8.0,Míchel,4-2-3-1,95500000.0,25.63051459150022,181.8181818181818,98.0,1
1482,H,2023-05-20,15:15,3886680.0,H,Athletic Club,621.0,10,3,8,17,4,0,2.0974,1.04201,1.04201,11.32,2,7.0,Ernesto Valverde,4-3-3 Attacking,154800000.0,27.669466741335324,181.9090909090909,129.0,1
1483,H,2023-05-20,17:30,3886684.0,H,Almeria,3302.0,12,3,4,11,1,0,2.4992,1.70726,1.70726,9.476190476190476,1,15.0,Rubi,4-3-3 Attacking,45500000.0,26.65671084562255,181.27272727272728,32.0,1
1484,D,2023-05-20,17:30,3886687.0,D,Getafe,3709.0,9,5,5,19,3,0,1.56,1.58846,1.58846,9.32,6,17.0,Pepe Bordalás,3-4-3,77500000.0,28.56101051583598,182.9090909090909,281.0,1
1485,A,2023-05-20,20:00,3886682.0,A,Barcelona,131.0,13,4,8,8,4,0,0.7861,1.8413,1.8413,5.689655172413793,9,1.0,Xavi,4-3-3 Attacking,445000000.0,28.26258478003858,181.27272727272728,836.0,1
1486,A,2023-05-21,13:00,3886688.0,D,Rayo Vallecano,367.0,15,5,4,8,2,0,1.8158,1.83113,1.08785,6.35,10,11.0,Andoni Iraola,4-2-3-1,71500000.0,29.412482110634063,180.27272727272728,154.0,1
1487,H,2023-05-21,15:15,3886681.0,H,Atletico Madrid,13.0,15,5,8,6,0,0,2.3813,2.08773,2.08773,22.58333333333333,8,2.0,Diego Simeone,5-3-2,234500000.0,29.487897455043242,182.8181818181818,776.0,1
1488,H,2023-05-21,17:30,3886689.0,H,Valencia,1049.0,12,6,2,13,4,0,0.9615,1.49126,1.49126,22.352941176470587,9,13.0,Rubén Baraja,4-2-3-1,122000000.0,24.403459647812827,181.54545454545453,312.0,1
1489,D,2023-05-21,20:00,3886686.0,D,Sevilla,368.0,10,4,4,14,2,0,2.5731,1.51947,1.51947,5.266666666666667,12,9.0,José Luis Mendilibar,4-2-3-1,76500000.0,29.8674631323502,182.54545454545453,340.0,1
1490,H,2023-05-23,21:00,3886696.0,H,Real Valladolid,366.0,8,4,2,13,1,0,1.7545,2.20591,1.46264,18.11111111111111,4,18.0,Paulo Pezzolano,4-2-3-1,49000000.0,28.114989733059545,179.8181818181818,201.0,1
1491,H,2023-05-23,18:30,3886699.0,H,Real Sociedad,681.0,15,2,10,20,0,0,2.7622,1.91983,1.91983,3.24,14,4.0,Imanol Alguacil,4-1-4-1,243000000.0,26.66019538298799,180.9090909090909,211.0,1
1492,D,2023-05-23,18:30,3886691.0,H,Celta Vigo,940.0,16,7,9,13,0,0,0.8875,0.933339,0.933339,13.851851851851851,5,14.0,Carlos Carvalhal,4-3-3 Attacking,92000000.0,25.688756144608302,180.36363636363637,167.0,1
1493,D,2023-05-24,21:00,3886695.0,A,Espanyol,714.0,26,13,16,6,2,0,1.5485000000000002,3.03603,2.29275,17.227272727272727,14,19.0,Luis García,5-3-2,65000000.0,28.19712525667351,182.0909090909091,83.0,1
1494,H,2023-05-24,18:30,3886697.0,H,Villarreal,1050.0,13,7,7,14,1,0,1.9606,2.9741,2.9741,4.903225806451613,12,5.0,Quique Setién,4-2-3-1,168200000.0,29.847053699209756,180.63636363636363,319.0,1
1495,A,2023-05-24,21:00,3886690.0,D,Real Betis,150.0,11,4,2,8,2,1,2.1174,1.09282,1.09282,8.3,6,6.0,Manuel Pellegrini,4-2-3-1,101500000.0,30.700765353742767,179.8181818181818,276.0,1
1496,D,2023-05-24,18:30,3886692.0,D,Elche,1531.0,20,7,9,12,1,0,1.7226,1.35854,1.35854,6.6,6,20.0,Sebastián Beccacece,4-4-2,28300000.0,28.746437682782652,181.45454545454547,12.0,1
1497,H,2023-05-24,18:30,3886698.0,H,Real Madrid,418.0,12,3,5,11,1,0,2.4474000000000005,1.66281,1.66281,11.65,13,2.0,Carlo Ancelotti,4-3-3 Attacking,470000000.0,30.102918300043555,181.9090909090909,814.0,1
1498,H,2023-05-25,18:30,3886693.0,D,Mallorca,237.0,4,3,2,15,4,0,0.3149,0.538476,0.538476,12.5,3,11.0,Javier Aguirre,3-4-3,76200000.0,27.024329537676564,183.0909090909091,228.0,1
1499,H,2023-05-25,20:30,3886694.0,D,Osasuna,331.0,9,3,3,17,3,0,1.7229,0.906699,0.906699,7.735294117647059,4,8.0,Jagoba Arrasate,4-2-3-1,96500000.0,27.718001368925396,181.0909090909091,99.0,1
1500,A,2023-05-27,18:00,3886709.0,D,Sevilla,368.0,11,1,1,23,2,1,1.4514,0.980153,0.980153,17.285714285714285,7,11.0,José Luis Mendilibar,4-2-3-1,83300000.0,28.990853089415715,181.27272727272728,401.0,1
1501,H,2023-05-28,18:00,3886703.0,D,Getafe,3709.0,16,6,1,11,3,0,2.8673,2.7187,2.7187,7.884615384615385,8,14.0,Pepe Bordalás,4-3-3 Attacking,42700000.0,29.454794350071555,183.0,225.0,1
1502,D,2023-05-28,18:00,3886708.0,D,Valencia,1049.0,19,4,10,12,0,0,1.9359,2.5327,2.5327,9.125,13,13.0,Rubén Baraja,4-2-3-1,121500000.0,24.44278514093709,180.72727272727272,170.0,1
1503,A,2023-05-28,18:00,3886707.0,H,Girona,12321.0,9,3,8,14,0,0,0.9304,1.63315,1.63315,13.705882352941176,6,9.0,Míchel,4-3-3 Attacking,82000000.0,26.466803559206024,184.0,139.0,1
1504,H,2023-05-28,18:00,3886704.0,D,Cadiz,2687.0,13,3,3,16,9,0,2.2103,1.59827,1.59827,6.387096774193548,5,15.0,Sergio,4-4-2,29700000.0,30.4394250513347,179.9090909090909,101.0,1
1505,H,2023-05-28,18:00,3886705.0,D,Rayo Vallecano,367.0,15,4,4,9,3,0,1.7929,1.16605,1.16605,12.666666666666666,9,10.0,Andoni Iraola,4-4-2,69500000.0,27.846929251446706,178.72727272727272,122.0,1
1506,H,2023-05-28,18:00,3886701.0,H,Atletico Madrid,13.0,11,5,6,8,2,0,1.2075,0.818599,0.818599,17.105263157894736,2,3.0,Diego Simeone,5-4-1,224500000.0,29.129985688507247,181.8181818181818,695.0,1
1507,A,2023-05-28,18:00,3886700.0,D,Athletic Club,621.0,27,8,19,7,1,0,2.7253,2.91389,2.91389,6.206896551724138,9,7.0,Ernesto Valverde,4-2-3-1,130800000.0,27.959927820297427,183.54545454545453,99.0,1
1508,D,2023-05-28,18:00,3886706.0,D,Almeria,3302.0,23,7,2,11,0,0,2.3016,1.5528,1.5528,8.695652173913043,13,17.0,Rubi,4-3-3 Attacking,38300000.0,27.42554912575446,182.0,24.0,1
1509,H,2023-05-28,18:00,3886702.0,H,Barcelona,131.0,28,9,14,4,0,0,2.9853,4.40817,4.40817,6.8125,26,1.0,Xavi,4-3-3 Attacking,485000000.0,27.05668595606994,180.54545454545453,738.0,1
1510,D,2023-06-04,20:00,3844554.0,D,Real Valladolid,366.0,15,0,6,9,1,0,1.6871,0.686831,0.686831,3.2,5,18.0,Paulo Pezzolano,4-3-3 Attacking,36000000.0,28.865160848733748,179.63636363636363,238.0,1
1511,H,2023-06-04,20:00,3844553.0,H,Celta Vigo,940.0,12,9,2,13,2,0,0.6073,0.565601,0.565601,24.27777777777778,2,13.0,Carlos Carvalhal,4-3-3 Attacking,88300000.0,25.367680915935537,179.54545454545453,61.0,1
1512,D,2023-06-04,20:00,3844556.0,D,Espanyol,714.0,12,8,7,11,2,0,0.2729,0.500084,0.500084,6.5625,6,19.0,Luis García,4-2-3-1,63900000.0,26.826457594424742,180.54545454545453,145.0,1
1513,D,2023-06-04,20:00,3844555.0,A,Elche,1531.0,12,5,7,18,4,0,0.8756999999999999,1.534,1.534,5.764705882352941,6,20.0,Sebastián Beccacece,4-1-4-1,29900000.0,28.507249082197745,183.1818181818182,50.0,1
1514,D,2023-06-04,20:00,3844549.0,H,Real Betis,150.0,8,3,5,11,3,0,1.1295000000000002,0.677919,0.677919,8.61111111111111,12,6.0,Manuel Pellegrini,4-2-3-1,111500000.0,31.50594238068571,183.27272727272728,207.0,1
1515,H,2023-06-04,17:30,3844550.0,D,Mallorca,237.0,8,4,2,14,0,0,2.2763,2.25123,2.25123,11.23076923076923,4,9.0,Javier Aguirre,3-5-2 flat,66700000.0,27.94623856636177,181.27272727272728,134.0,1
1516,H,2023-06-04,17:30,3844551.0,H,Real Sociedad,681.0,17,6,5,10,0,0,2.6533999999999995,2.35387,2.35387,9.24,9,4.0,Imanol Alguacil,4-3-3 Attacking,168000000.0,26.253748988861926,181.8181818181818,170.0,1
1517,D,2023-06-04,17:30,3844552.0,D,Real Madrid,418.0,9,2,5,11,2,0,0.9844,1.72224,0.978957,7.0,9,2.0,Carlo Ancelotti,4-3-3 Attacking,552000000.0,28.45547881276834,182.54545454545453,531.0,1
1518,H,2023-06-04,17:30,3844557.0,D,Osasuna,331.0,14,7,5,12,1,0,2.2632,1.91718,1.91718,11.133333333333333,3,7.0,Jagoba Arrasate,4-3-3 Attacking,96500000.0,27.74537987679672,181.0909090909091,99.0,1
1519,D,2023-06-04,17:30,3844558.0,D,Villarreal,1050.0,22,7,12,9,3,0,2.0263,2.06391,2.06391,6.84,8,5.0,Quique Setién,4-3-3 Attacking,163000000.0,28.149835106713955,181.36363636363637,259.0,1
1520,D,2024-08-15,18:00,4361545.0,H,Athletic Club,621.0,7,4,5,15,4,0,0.9469,0.290195,0.290195,5.105263157894737,4,12.0,Ernesto Valverde,4-2-3-1,151000000.0,27.61222077033165,183.63636363636363,38.0,1
1521,D,2024-08-15,20:30,4361546.0,H,Real Betis,150.0,19,4,4,11,2,0,1.5546,1.80582,1.80582,12.851851851851851,8,10.0,Manuel Pellegrini,4-2-3-1,69000000.0,30.246531018604937,179.9090909090909,188.0,1
1522,H,2024-08-16,18:00,4361552.0,A,Celta Vigo,940.0,6,4,3,8,3,0,0.5417000000000001,0.793797,0.793797,5.52,6,2.0,Claudio Giráldez,4-4-2,46000000.0,26.72017920477879,179.72727272727272,81.0,1
1523,D,2024-08-16,20:30,4361548.0,D,Las Palmas,472.0,13,5,6,12,0,0,0.8233,1.3187,1.3187,11.0,5,8.0,Luis Carrión,4-2-3-1,65100000.0,28.231472839275714,181.0,105.0,1
1524,D,2024-08-17,18:00,4361553.0,A,Osasuna,331.0,16,5,6,14,3,0,1.7083,1.7631,1.7631,7.7,3,11.0,Vicente Moreno,4-3-3 Attacking,60300000.0,27.514404828573205,184.8181818181818,61.0,1
1525,A,2024-08-17,20:30,4361550.0,D,Valencia,1049.0,6,1,3,11,2,0,0.2743,1.55206,1.55206,14.954545454545457,3,19.0,Rubén Baraja,4-2-3-1,187500000.0,23.307323750855577,184.1818181818182,120.0,1
1526,A,2024-08-18,18:00,4361551.0,D,Real Sociedad,681.0,11,5,10,14,2,0,1.3503999999999998,1.56608,1.56608,6.0,4,17.0,Imanol Alguacil,4-3-3 Attacking,219700000.0,26.544707858876237,181.9090909090909,240.0,1
1527,D,2024-08-18,20:30,4361547.0,A,Mallorca,237.0,12,5,8,11,1,0,2.0206,1.30561,1.30561,19.68421052631579,5,14.0,Jagoba Arrasate,4-3-3,55200000.0,30.020036089851285,183.54545454545453,206.0,1
1528,D,2024-08-19,20:30,4361549.0,D,Villarreal,1050.0,8,3,2,6,1,0,0.9465,0.68684,0.68684,16.956521739130434,7,7.0,Marcelino,4-4-2,114900000.0,29.256922406819736,181.72727272727272,171.0,1
1529,H,2024-08-19,18:00,4364902.0,H,Real Valladolid,366.0,12,3,3,15,2,0,1.9686,1.17753,1.17753,16.31578947368421,5,4.0,Paulo Pezzolano,4-3-3 Attacking,31000000.0,26.235579615456412,180.9090909090909,131.0,1
1530,H,2024-08-23,18:00,4361555.0,H,Celta Vigo,940.0,7,5,4,9,3,0,1.4712,1.30571,0.562433,14.68421052631579,4,1.0,Claudio Giráldez,3-4-3,38700000.0,25.169808972683715,180.8181818181818,48.0,1
1531,A,2024-08-23,20:30,4361558.0,D,Sevilla,368.0,15,9,7,15,3,0,1.2057000000000002,1.23826,1.23826,6.851851851851852,4,13.0,Xavier García Pimienta,4-3-3 Attacking,105400000.0,25.82838653475204,184.54545454545453,173.0,1
1532,H,2024-08-24,16:00,4361562.0,D,Osasuna,331.0,15,5,5,10,2,0,1.7783,0.887678,0.887678,6.15625,0,6.0,Vicente Moreno,4-2-3-1,72000000.0,27.26998942194014,183.9090909090909,60.0,1
1533,H,2024-08-24,18:00,4361561.0,D,Barcelona,131.0,13,5,5,11,4,0,2.3457,2.41577,2.41577,7.681818181818182,12,2.0,Hansi Flick,4-2-3-1,443000000.0,24.91917117789808,181.9090909090909,453.0,1
1534,A,2024-08-24,20:30,4364903.0,D,Espanyol,714.0,13,3,7,14,2,0,2.2146,1.79566,1.79566,22.0,4,19.0,Manolo González,4-2-3-1,46600000.0,24.796963474581545,184.27272727272728,100.0,1
1535,D,2024-08-24,20:30,4361556.0,D,Getafe,3709.0,12,0,3,16,1,0,1.6273,0.512723,0.512723,5.695652173913044,5,12.0,José Bordalás,4-2-3-1,35900000.0,27.35063157239749,183.27272727272728,134.0,1
1536,H,2024-08-25,16:00,4361557.0,D,Real Madrid,418.0,17,9,5,10,1,0,2.6415,2.17954,2.17954,8.75,9,7.0,Carlo Ancelotti,4-2-3-1,885000000.0,26.51085806732624,181.1818181818182,606.0,1
1537,H,2024-08-25,18:00,4361560.0,D,Leganes,1244.0,10,5,3,11,1,0,1.6829999999999998,1.58998,0.846702,16.45,9,5.0,Borja Jiménez,4-1-4-1,20900000.0,27.62964345715886,181.0909090909091,53.0,1
1538,D,2024-08-25,18:15,4361559.0,D,Alaves,1108.0,3,1,3,16,1,1,0.3611999999999999,0.172545,0.172545,10.46875,2,16.0,Luis García,4-4-2,41900000.0,27.93080704374339,180.0,42.0,1
1539,H,2024-08-25,20:30,4361554.0,H,Atletico Madrid,13.0,11,6,1,11,1,0,2.1293,1.42393,1.42393,14.9,8,3.0,Diego Simeone,3-5-2 flat,337000000.0,28.37234770704997,180.0,555.0,1
1540,H,2024-08-26,20:30,4361569.0,A,Villarreal,1050.0,22,9,7,8,4,0,1.7351,4.3817,3.49735,17.42105263157895,7,2.0,Marcelino,4-4-2,114900000.0,29.276087362329665,181.72727272727272,171.0,1
1541,A,2024-08-27,20:30,4361568.0,H,Rayo Vallecano,367.0,8,4,6,17,3,0,0.4625,0.392473,0.392473,7.852941176470588,7,11.0,Iñigo Pérez,4-4-2,36700000.0,29.41994897641715,176.9090909090909,52.0,1
1542,D,2024-08-27,18:00,4361566.0,D,Mallorca,237.0,12,4,5,15,0,0,1.686,0.940858,0.940858,13.409090909090908,3,17.0,Jagoba Arrasate,4-3-3 Attacking,56000000.0,28.362889677058057,184.0,224.0,1
1543,A,2024-08-28,20:30,4361570.0,D,Real Sociedad,681.0,8,1,8,16,4,1,0.3251,0.951647,0.951647,10.538461538461538,4,14.0,Imanol Alguacil,4-3-3 Attacking,275500000.0,26.620123203285424,180.36363636363637,239.0,1
1544,D,2024-08-28,20:30,4364904.0,D,Atletico Madrid,13.0,24,7,9,6,0,0,2.8557,3.88587,3.88587,19.454545454545453,17,4.0,Diego Simeone,5-3-2,298500000.0,29.249953332088854,180.54545454545453,626.0,1
1545,D,2024-08-28,18:00,4361571.0,D,Real Valladolid,366.0,12,2,4,13,1,0,1.9014,0.773785,0.773785,9.434782608695652,3,12.0,Paulo Pezzolano,4-3-3 Attacking,29200000.0,26.393877170057866,181.36363636363637,111.0,1
1546,H,2024-08-28,18:00,4361563.0,H,Athletic Club,621.0,13,4,5,14,1,0,2.6176,1.51595,1.51595,7.212121212121212,5,9.0,Ernesto Valverde,4-2-3-1,153300000.0,26.16862671893473,182.9090909090909,61.0,1
1547,H,2024-08-29,18:00,4361565.0,H,Girona,12321.0,10,5,5,10,0,0,2.9447,2.6015,2.6015,9.444444444444445,12,8.0,Míchel,4-4-2,134500000.0,27.22469043618941,182.54545454545453,286.0,1
1548,D,2024-08-29,20:30,4361567.0,H,Las Palmas,472.0,7,3,2,16,0,0,0.1639,0.809213,0.809213,13.421052631578949,1,16.0,Luis Carrión,4-1-4-1,71000000.0,28.13067015120403,180.27272727272728,159.0,1
1549,A,2024-08-31,20:30,4364910.0,A,Leganes,1244.0,4,2,1,11,1,0,0.5388,0.52078,0.52078,11.263157894736842,5,11.0,Borja Jiménez,4-2-3-1,23400000.0,27.905917491133096,181.72727272727272,113.0,1
1550,H,2024-08-31,18:15,4364911.0,D,Espanyol,714.0,10,5,3,14,3,0,2.0395000000000003,1.84679,1.84679,10.285714285714286,7,15.0,Manolo González,4-4-2,46600000.0,24.735237384108018,182.8181818181818,94.0,1
1551,D,2024-08-31,20:30,4364908.0,D,Valencia,1049.0,22,6,14,15,3,0,1.5177999999999998,1.14322,1.14322,7.787878787878788,6,20.0,Rubén Baraja,4-2-3-1,166000000.0,24.239188600584907,182.27272727272728,103.0,1
1552,H,2024-08-31,16:00,4364906.0,H,Barcelona,131.0,23,10,10,6,0,0,2.9817,4.94022,4.94022,6.576923076923077,12,1.0,Hansi Flick,4-3-3 Attacking,475500000.0,25.439362827453177,179.72727272727272,446.0,1
1553,A,2024-08-31,18:00,4364905.0,D,Athletic Club,621.0,8,1,2,13,3,0,0.2589,0.252231,0.252231,12.357142857142858,4,16.0,Ernesto Valverde,4-2-3-1,212800000.0,27.963163462136766,183.54545454545453,84.0,1
1554,H,2024-09-01,16:00,4364909.0,H,Alaves,1108.0,15,5,6,13,3,0,2.5065,2.01026,1.26699,16.0,6,6.0,Luis García,4-2-3-1,40900000.0,28.164022151701825,179.9090909090909,42.0,1
1555,H,2024-09-01,16:00,4364913.0,H,Osasuna,331.0,10,4,6,19,2,0,0.6244,0.779621,0.779621,7.566666666666666,5,7.0,Vicente Moreno,4-1-4-1,76000000.0,27.236886316968455,183.1818181818182,65.0,1
1556,A,2024-09-01,18:00,4364914.0,A,Sevilla,368.0,16,5,7,6,3,0,0.3137999999999999,0.812687,0.812687,16.5625,5,19.0,Xavier García Pimienta,4-3-3 Attacking,115400000.0,25.06104162777674,183.8181818181818,147.0,1
1557,D,2024-09-01,18:15,4364907.0,D,Getafe,3709.0,16,1,4,14,1,0,1.8285,0.547095,0.547095,8.090909090909092,5,17.0,José Bordalás,4-2-3-1,36400000.0,26.962105656150833,184.27272727272728,136.0,1
1558,H,2024-09-01,20:30,4364912.0,D,Real Madrid,418.0,20,8,7,8,2,0,2.4502,2.37168,1.6284,8.071428571428571,9,4.0,Carlo Ancelotti,4-3-3 Attacking,853000000.0,27.68788501026694,182.54545454545453,599.0,1
1559,H,2024-09-13,20:00,4405320.0,D,Real Betis,150.0,14,5,11,11,1,0,2.7307,1.72201,1.72201,7.137931034482759,2,6.0,Manuel Pellegrini,4-2-3-1,87500000.0,27.720739219712527,181.45454545454547,187.0,1
1560,A,2024-09-14,20:00,4405327.0,D,Real Sociedad,681.0,11,2,6,12,4,0,0.7268,1.41828,1.41828,16.529411764705884,11,16.0,Imanol Alguacil,4-3-3 Attacking,248500000.0,25.651919606745068,182.0,223.0,1
1561,H,2024-09-14,17:30,4405325.0,H,Sevilla,368.0,10,4,3,19,3,1,1.9359,1.64801,1.64801,5.523809523809524,3,14.0,Xavier García Pimienta,3-4-3,63400000.0,27.7951589820173,181.45454545454547,281.0,1
1562,H,2024-09-14,15:15,4405328.0,D,Espanyol,714.0,9,4,0,17,2,0,1.0441,1.95102,1.20775,14.2,3,7.0,Manolo González,4-4-2,41600000.0,25.316906228610545,182.27272727272728,87.0,1
1563,A,2024-09-14,13:00,4405322.0,A,Mallorca,237.0,10,5,7,11,3,1,0.1728,0.345425,0.345425,17.333333333333332,5,13.0,Jagoba Arrasate,4-2-3-1,48500000.0,27.920104536120963,182.8181818181818,151.0,1
1564,H,2024-09-15,13:00,4405321.0,H,Celta Vigo,940.0,14,7,5,14,3,0,2.5615,1.99273,1.99273,12.0,7,5.0,Claudio Giráldez,3-4-3,37300000.0,27.474830439922844,180.54545454545453,52.0,1
1565,A,2024-09-15,15:15,4405324.0,A,Girona,12321.0,9,4,1,13,3,0,0.4428999999999999,1.09568,1.09568,13.454545454545457,4,8.0,Míchel,4-2-3-1,123500000.0,26.876236699645325,181.72727272727272,211.0,1
1566,A,2024-09-15,17:30,4405323.0,A,Las Palmas,472.0,15,6,9,8,1,0,1.0771,1.5194,1.5194,5.290322580645161,10,19.0,Luis Carrión,4-5-1,70000000.0,28.177213614585277,180.27272727272728,159.0,1
1567,H,2024-09-15,20:00,4405319.0,H,Atletico Madrid,13.0,14,5,7,10,1,0,2.9348,3.22965,3.22965,19.545454545454547,4,2.0,Diego Simeone,3-5-2 flat,284000000.0,29.86099184867152,182.54545454545453,660.0,1
1568,H,2024-09-16,20:00,4405326.0,A,Rayo Vallecano,367.0,17,6,7,12,3,0,2.1891000000000003,1.48433,1.48433,4.380952380952381,9,9.0,Iñigo Pérez,4-2-3-1,32300000.0,29.52075166448883,180.63636363636363,76.0,1
1569,H,2024-09-17,18:00,4405341.0,H,Mallorca,237.0,10,4,5,5,1,0,2.3552,1.56932,0.826041,18.75,2,7.0,Jagoba Arrasate,4-4-2 double 6,39200000.0,28.305643706054386,183.9090909090909,164.0,1
1570,H,2024-09-18,18:00,4361564.0,D,Real Betis,150.0,18,8,8,10,3,0,2.7565,3.06176,2.31848,4.809523809523809,3,6.0,Manuel Pellegrini,4-2-3-1,109500000.0,26.546450127558956,181.27272727272728,142.0,1
1571,A,2024-09-19,18:00,4405344.0,D,Leganes,1244.0,14,3,4,12,3,0,0.772,0.666594,0.666594,11.478260869565217,3,15.0,Borja Jiménez,3-5-2 flat,22200000.0,28.214547943500715,182.36363636363637,115.0,1
1572,H,2024-09-20,20:00,4405332.0,H,Alaves,1108.0,10,4,3,11,1,0,2.1714,1.40641,1.40641,13.583333333333334,4,6.0,Luis García,4-2-3-1,45900000.0,27.49200423122394,181.63636363636363,31.0,1
1573,D,2024-09-21,13:00,4405336.0,D,Real Valladolid,366.0,15,2,5,15,4,0,0.9834,0.952589,0.952589,12.076923076923077,0,16.0,Paulo Pezzolano,4-2-3-1,20500000.0,25.190467301350257,183.36363636363637,164.0,1
1574,H,2024-09-21,15:15,4405337.0,D,Osasuna,331.0,13,2,2,14,2,0,1.9141,1.97167,1.22839,10.033333333333331,3,7.0,Vicente Moreno,4-3-3 Attacking,73500000.0,27.291643332711093,183.1818181818182,65.0,1
1575,H,2024-09-21,17:30,4405335.0,D,Valencia,1049.0,7,2,5,13,3,0,1.1904,0.350785,0.350785,15.538461538461538,1,19.0,Rubén Baraja,4-2-3-1,153700000.0,24.026134030240804,184.0909090909091,113.0,1
1576,H,2024-09-21,20:00,4405338.0,D,Real Madrid,418.0,31,14,9,7,4,0,2.9918,4.89487,4.1516,5.666666666666667,23,2.0,Carlo Ancelotti,4-3-3 Attacking,865000000.0,26.99545765664862,180.45454545454547,719.0,1
1577,D,2024-09-22,20:00,4405333.0,H,Rayo Vallecano,367.0,15,3,3,9,0,0,2.3131,1.68952,1.68952,12.047619047619047,1,10.0,Iñigo Pérez,4-2-3-1,32300000.0,28.78800323564184,180.0,105.0,1
1578,H,2024-09-22,15:15,4405329.0,H,Athletic Club,621.0,10,7,3,16,3,0,0.9925,0.864304,0.864304,19.09090909090909,6,5.0,Ernesto Valverde,4-2-3-1,164300000.0,26.133034658702012,183.1818181818182,61.0,1
1579,D,2024-09-22,13:00,4405331.0,D,Getafe,3709.0,12,3,6,16,3,0,1.7863000000000002,1.24276,0.499486,5.407407407407407,7,18.0,José Bordalás,5-3-2,34800000.0,27.107460643394937,185.27272727272728,153.0,1
1580,A,2024-09-22,17:30,4405334.0,A,Villarreal,1050.0,13,4,7,12,6,0,0.4638,2.39605,2.39605,18.789473684210527,6,4.0,Marcelino,4-4-2,126400000.0,27.967892477132725,182.0,172.0,1
1581,A,2024-09-23,20:00,4405330.0,D,Real Betis,150.0,14,6,6,12,3,0,1.3019999999999998,1.37084,1.37084,8.88,6,11.0,Manuel Pellegrini,4-2-3-1,96800000.0,27.207267749362202,181.54545454545453,261.0,1
1582,H,2024-09-24,18:00,4405342.0,H,Sevilla,368.0,22,5,6,14,5,1,2.3604,1.67099,1.67099,7.238095238095238,8,13.0,Xavier García Pimienta,4-2-3-1,79000000.0,28.01045361209632,182.45454545454547,314.0,1
1583,D,2024-09-24,18:00,4405347.0,D,Valencia,1049.0,10,2,10,6,2,0,2.1227,1.17527,1.17527,16.833333333333332,8,18.0,Rubén Baraja,4-2-3-1,142700000.0,24.30265695974115,183.0909090909091,107.0,1
1584,H,2024-09-24,20:00,4405348.0,H,Real Madrid,418.0,10,4,4,7,4,0,2.1236,1.79791,1.79791,9.9375,4,2.0,Carlo Ancelotti,4-3-3 Attacking,1018500000.0,27.1726712712339,183.1818181818182,589.0,1
1585,D,2024-09-25,18:00,4405340.0,D,Girona,12321.0,11,0,4,8,3,0,2.7267,2.1579,2.1579,5.24,6,12.0,Míchel,4-2-3-1,135500000.0,26.831684400472906,181.36363636363637,250.0,1
1586,H,2024-09-25,20:00,4405339.0,H,Barcelona,131.0,16,4,7,4,1,0,2.3253000000000004,2.20799,2.20799,3.8333333333333335,7,1.0,Hansi Flick,4-3-3 Attacking,348500000.0,24.61078962105656,179.63636363636363,354.0,1
1587,D,2024-09-26,18:00,4405346.0,D,Las Palmas,472.0,8,2,1,21,4,0,0.4153,1.10799,1.10799,8.925925925925926,3,20.0,Luis Carrión,4-1-4-1,61200000.0,26.050152448509735,179.45454545454547,105.0,1
1588,A,2024-09-26,18:00,4405343.0,D,Espanyol,714.0,11,2,4,12,5,0,0.261,0.355072,0.355072,13.61111111111111,2,14.0,Manolo González,4-4-2,42100000.0,25.726837160102047,182.45454545454547,93.0,1
1589,A,2024-09-26,20:00,4405345.0,D,Celta Vigo,940.0,9,4,2,10,2,0,2.1885000000000003,1.76126,1.76126,13.789473684210526,8,10.0,Claudio Giráldez,3-4-3,35600000.0,28.389272602824963,180.36363636363637,69.0,1
1590,A,2024-09-27,20:00,4405354.0,D,Real Valladolid,366.0,11,1,7,15,3,0,0.5388999999999999,1.31551,1.31551,7.814814814814815,5,19.0,Paulo Pezzolano,4-3-3 Attacking,17600000.0,24.4007217970257,181.45454545454547,146.0,1
1591,H,2024-09-28,20:00,4405353.0,H,Osasuna,331.0,11,6,5,13,2,0,2.6434,2.50067,1.75739,13.44,2,5.0,Vicente Moreno,4-3-3 Attacking,67600000.0,28.01169808972684,182.36363636363637,64.0,1
1592,H,2024-09-28,17:30,4405352.0,H,Real Sociedad,681.0,11,6,6,7,0,0,2.9008000000000003,3.6853,3.6853,9.555555555555555,7,14.0,Imanol Alguacil,4-1-4-1,282500000.0,25.045361209632258,180.63636363636363,241.0,1
1593,H,2024-09-28,13:00,4405356.0,H,Getafe,3709.0,14,8,2,17,3,0,2.7683,2.55847,1.81519,5.1,2,15.0,José Bordalás,4-4-2,37000000.0,27.608985128492314,182.72727272727272,154.0,1
1594,D,2024-09-28,15:15,4405357.0,H,Rayo Vallecano,367.0,15,6,5,12,2,0,1.6057,1.15229,1.15229,10.571428571428571,2,10.0,Iñigo Pérez,4-2-3-1,30800000.0,29.35697840831311,179.63636363636363,256.0,1
1595,D,2024-09-29,20:00,4405350.0,D,Atletico Madrid,13.0,12,4,5,11,3,1,1.7215,1.05477,1.05477,26.307692307692307,7,4.0,Diego Simeone,4-4-2,335000000.0,28.922157924211316,182.0,702.0,1
1596,H,2024-09-29,17:30,4405358.0,D,Real Betis,150.0,20,12,8,14,2,0,2.4671,1.97922,1.23197,10.846153846153848,17,8.0,Manuel Pellegrini,4-2-3-1,76300000.0,27.80586148963972,182.54545454545453,328.0,1
1597,D,2024-09-29,13:00,4405351.0,A,Celta Vigo,940.0,12,2,4,9,1,0,0.6049,0.52399,0.52399,19.23809523809524,9,9.0,Claudio Giráldez,5-4-1,25300000.0,26.30875490013067,181.54545454545453,50.0,1
1598,D,2024-09-29,15:15,4405349.0,H,Athletic Club,621.0,13,3,4,6,0,1,1.8207,1.82961,1.82961,10.642857142857142,5,6.0,Ernesto Valverde,4-2-3-1,156300000.0,27.105718374712215,183.0,74.0,1
1599,H,2024-09-30,20:00,4405355.0,H,Villarreal,1050.0,17,7,3,14,0,0,2.9193,4.07869,3.33542,15.241379310344827,7,3.0,Marcelino,4-4-2 double 6,62900000.0,27.491008649119532,184.0909090909091,193.0,1
1600,D,2024-10-04,20:00,4405362.0,D,Leganes,1244.0,8,0,1,15,2,0,1.5416,0.913168,0.913168,8.5,4,17.0,Borja Jiménez,4-2-3-1,24600000.0,27.42530023022836,181.63636363636363,104.0,1
1601,H,2024-10-05,20:00,4405360.0,H,Real Madrid,418.0,11,2,2,7,0,0,0.5096,0.459582,0.459582,12.391304347826088,5,2.0,Carlo Ancelotti,4-4-2,939000000.0,27.497231037272105,181.8181818181818,691.0,1
1602,H,2024-10-05,13:00,4405363.0,H,Espanyol,714.0,8,3,4,14,1,0,0.5791,0.948554,0.948554,11.523809523809524,2,13.0,Manolo González,4-2-3-1,40100000.0,24.716819115176406,183.72727272727272,103.0,1
1603,D,2024-10-05,15:15,4405359.0,H,Getafe,3709.0,11,3,4,17,2,0,2.3936,1.34832,1.34832,8.2,1,16.0,José Bordalás,4-4-2,37000000.0,27.62815008400224,182.72727272727272,154.0,1
1604,A,2024-10-05,17:30,4405367.0,A,Las Palmas,472.0,24,5,11,9,3,0,1.4334,0.964894,0.964894,13.733333333333333,10,20.0,Luis Carrión,4-4-2 double 6,52900000.0,25.92321573019725,181.72727272727272,61.0,1
1605,A,2024-10-05,17:30,4405368.0,D,Real Valladolid,366.0,13,5,5,13,4,0,1.3602,1.65842,1.65842,11.291666666666666,6,19.0,Paulo Pezzolano,4-3-3 Attacking,18100000.0,25.025947358596227,181.9090909090909,173.0,1
1606,H,2024-10-06,17:30,4405366.0,D,Sevilla,368.0,14,5,4,15,6,1,2.5163,1.8284,1.08512,10.181818181818182,3,11.0,Xavier García Pimienta,4-2-3-1,94500000.0,25.973741521996143,183.63636363636363,219.0,1
1607,D,2024-10-06,20:00,4405365.0,A,Real Sociedad,681.0,16,8,5,10,0,0,1.808,1.08517,1.08517,8.333333333333334,12,15.0,Imanol Alguacil,4-1-4-1,272500000.0,25.692738473025944,181.0909090909091,263.0,1
1608,H,2024-10-06,13:00,4405364.0,D,Girona,12321.0,14,6,6,12,4,0,0.7333000000000001,2.17393,1.43066,7.666666666666667,12,10.0,Míchel,4-2-3-1,129000000.0,26.452118723165952,183.1818181818182,122.0,1
1609,A,2024-10-06,15:15,4405361.0,A,Alaves,1108.0,11,2,11,13,2,0,0.3165,0.794829,0.794829,27.823529411764707,3,14.0,Luis García,4-2-3-1,48200000.0,26.397361707423308,180.63636363636363,27.0,1
1610,A,2024-10-18,20:00,4405374.0,D,Alaves,1108.0,10,4,5,15,6,1,0.1649999999999999,0.433035,0.433035,9.357142857142858,5,15.0,Luis García,4-2-3-1,51500000.0,26.45859000684463,180.63636363636363,47.0,1
1611,A,2024-10-19,20:00,4405371.0,A,Celta Vigo,940.0,13,5,6,16,2,0,1.8321,1.79112,1.79112,12.678571428571429,6,10.0,Claudio Giráldez,3-4-3,50100000.0,27.794910086491196,181.54545454545453,59.0,1
1612,A,2024-10-19,17:30,4405372.0,A,Girona,12321.0,8,3,6,10,2,0,0.3540999999999999,0.446152,0.446152,17.94736842105263,5,12.0,Míchel,5-3-2,107500000.0,26.66019538298799,184.36363636363637,168.0,1
1613,A,2024-10-19,15:15,4405375.0,A,Osasuna,331.0,19,6,10,12,2,0,0.9673,2.21025,2.21025,10.235294117647058,14,8.0,Vicente Moreno,4-3-3 Attacking,68800000.0,27.335946736357414,182.9090909090909,64.0,1
1614,H,2024-10-19,13:00,4405378.0,H,Athletic Club,621.0,10,6,5,15,2,0,2.214,1.46517,1.46517,13.176470588235292,5,5.0,Ernesto Valverde,4-2-3-1,170100000.0,28.10727397175036,182.0,84.0,1
1615,H,2024-10-20,13:00,4405373.0,D,Mallorca,237.0,19,5,9,9,1,0,2.7743,2.72076,2.72076,12.352941176470589,7,6.0,Jagoba Arrasate,4-2-3-1,55200000.0,28.35417833364445,184.63636363636363,237.0,1
1616,H,2024-10-20,15:15,4405369.0,A,Atletico Madrid,13.0,24,9,8,14,5,0,2.9952,5.21397,5.21397,5.205128205128205,14,3.0,Diego Simeone,4-4-2 Diamond,191500000.0,29.46549685769398,180.0,603.0,1
1617,D,2024-10-20,17:30,4405376.0,H,Villarreal,1050.0,10,4,5,18,4,0,0.7425999999999999,1.14683,1.14683,5.130434782608695,9,4.0,Marcelino,4-2-3-1,81700000.0,28.1533196440794,184.36363636363637,187.0,1
1618,H,2024-10-20,20:00,4405370.0,H,Barcelona,131.0,21,9,5,6,1,0,2.9454,4.08528,3.342,6.241379310344827,14,1.0,Hansi Flick,4-2-3-1,430500000.0,24.547072366374213,179.36363636363637,364.0,1
1619,A,2024-10-21,20:00,4405377.0,D,Valencia,1049.0,14,7,11,12,4,1,1.6332,1.94417,1.2009,12.16,7,20.0,Rubén Baraja,4-4-2 double 6,130100000.0,24.873872192147346,184.0,69.0,1
1620,A,2024-10-25,20:00,4407515.0,A,Espanyol,714.0,16,1,13,14,2,0,1.4279,1.0292,1.0292,10.464285714285714,5,16.0,Manolo González,4-4-2,36500000.0,26.320452989857507,182.54545454545453,89.0,1
1621,A,2024-10-26,13:00,4407522.0,A,Real Valladolid,366.0,7,3,4,16,4,0,0.308,0.97802,0.234742,15.578947368421051,1,19.0,Paulo Pezzolano,4-2-3-1,14500000.0,25.78906104162778,180.0909090909091,124.0,1
1622,H,2024-10-26,15:15,4407523.0,D,Rayo Vallecano,367.0,16,4,6,8,2,1,2.595,2.89009,2.89009,11.105263157894736,3,9.0,Iñigo Pérez,4-2-3-1,37300000.0,28.509738037458774,178.0,79.0,1
1623,H,2024-10-26,17:30,4407520.0,H,Las Palmas,472.0,12,3,3,12,4,0,1.5134,1.24451,1.24451,10.310344827586206,4,18.0,Diego Martínez,4-2-3-1,69000000.0,27.49573766411549,179.54545454545453,137.0,1
1624,A,2024-10-26,20:00,4407518.0,D,Real Madrid,418.0,9,4,10,15,2,0,0.6662000000000001,1.40359,1.40359,8.258064516129032,3,2.0,Carlo Ancelotti,4-4-2 double 6,985500000.0,26.47949723103727,183.0909090909091,490.0,1
1625,H,2024-10-27,13:00,4407519.0,D,Leganes,1244.0,7,4,4,15,2,0,2.0401,1.54881,1.54881,12.576923076923077,4,14.0,Borja Jiménez,5-4-1,22700000.0,28.01642710472279,183.1818181818182,219.0,1
1626,D,2024-10-27,15:15,4407514.0,A,Getafe,3709.0,15,4,8,20,3,0,2.8196,2.97825,2.23497,3.772727272727273,6,15.0,José Bordalás,4-4-2,35600000.0,27.637359218468045,183.0,153.0,1
1627,H,2024-10-27,17:30,4407517.0,H,Real Betis,150.0,24,3,3,8,3,0,2.508,2.20384,2.20384,13.521739130434783,5,6.0,Manuel Pellegrini,4-4-2 double 6,100800000.0,27.235641839337937,180.45454545454547,103.0,1
1628,A,2024-10-27,20:00,4407521.0,A,Real Sociedad,681.0,19,9,14,7,3,0,1.8348,1.6767,1.6767,5.3125,11,12.0,Imanol Alguacil,4-3-3 Attacking,295000000.0,25.30421255677929,181.9090909090909,209.0,1
1629,D,2024-10-28,20:00,4407516.0,D,Mallorca,237.0,4,1,1,9,5,1,1.142,0.542356,0.542356,17.533333333333335,1,5.0,Jagoba Arrasate,4-4-2,55200000.0,28.37608113994151,184.63636363636363,237.0,1
1630,H,2024-11-01,20:00,4407699.0,D,Alaves,1108.0,13,3,7,19,3,0,2.0329,1.43582,1.43582,5.25,8,14.0,Luis García,4-2-3-1,43200000.0,26.955634372472158,181.45454545454547,29.0,1
1631,H,2024-11-02,13:00,4407698.0,H,Osasuna,331.0,20,4,7,21,1,0,2.9268,3.21695,2.47367,8.708333333333334,20,5.0,Vicente Moreno,4-3-3 Attacking,72100000.0,28.32082633314666,182.45454545454547,64.0,1
1632,H,2024-11-02,15:15,4407697.0,D,Girona,12321.0,15,6,6,17,2,0,2.5986,1.81274,1.06946,9.0,5,12.0,Míchel,5-3-2,90700000.0,27.642337128990107,185.0,228.0,1
1633,H,2024-11-03,13:00,4407695.0,H,Atletico Madrid,13.0,15,3,9,13,1,0,2.7212,1.73469,1.73469,8.724137931034482,15,3.0,Diego Simeone,4-4-2,261000000.0,27.896708356667286,178.0909090909091,529.0,1
1634,H,2024-11-03,15:15,4407703.0,H,Barcelona,131.0,14,9,9,13,0,0,2.2471,1.94398,1.94398,4.583333333333333,15,1.0,Hansi Flick,4-2-3-1,430500000.0,24.291207765540413,179.9090909090909,357.0,1
1635,A,2024-11-03,17:30,4407702.0,A,Sevilla,368.0,8,0,5,6,2,0,0.7386,0.629505,0.629505,16.75,1,13.0,Xavier García Pimienta,4-3-3 Attacking,95000000.0,25.171800136892543,182.8181818181818,143.0,1
1636,D,2024-11-03,20:00,4407694.0,D,Athletic Club,621.0,17,8,6,9,0,0,2.7832,4.2033,4.2033,16.38095238095238,9,6.0,Ernesto Valverde,4-2-3-1,221300000.0,27.401157364196376,182.1818181818182,86.0,1
1637,H,2024-11-04,20:00,4407696.0,H,Celta Vigo,940.0,10,3,0,12,1,0,2.6115000000000004,2.12477,2.12477,8.8,8,10.0,Claudio Giráldez,5-4-1,48100000.0,29.441851782714206,180.8181818181818,99.0,1
1638,A,2024-11-08,20:00,4407672.0,A,Rayo Vallecano,367.0,35,7,12,9,1,0,2.2533,2.63982,2.63982,6.038461538461538,9,11.0,Iñigo Pérez,4-2-3-1,34800000.0,29.46076784269803,179.63636363636363,73.0,1
1639,H,2024-11-09,13:00,4407671.0,H,Real Madrid,418.0,18,8,11,9,0,0,2.9836,3.27315,3.27315,11.071428571428571,12,2.0,Carlo Ancelotti,4-3-3 Attacking,988500000.0,26.050899135088045,180.8181818181818,475.0,1
1640,H,2024-11-09,15:15,4407673.0,H,Villarreal,1050.0,13,3,7,17,1,0,2.1263,1.44293,0.699649,6.7,5,4.0,Marcelino,4-4-2,109700000.0,28.536618754277892,182.63636363636363,213.0,1
1641,H,2024-11-09,20:00,4407666.0,D,Leganes,1244.0,8,4,0,7,2,0,1.9588,1.09319,0.349909,18.6875,3,14.0,Borja Jiménez,4-2-3-1,19600000.0,28.45298985750731,180.9090909090909,189.0,1
1642,D,2024-11-10,13:00,4407664.0,D,Real Betis,150.0,19,6,2,12,3,0,1.9123,1.65065,1.65065,9.612903225806452,9,7.0,Manuel Pellegrini,4-2-3-1,108000000.0,25.956069939642838,180.8181818181818,123.0,1
1643,A,2024-11-10,15:15,4407669.0,D,Mallorca,237.0,12,6,7,10,1,0,1.1046,0.735147,0.735147,17.444444444444443,7,8.0,Jagoba Arrasate,4-4-2,55200000.0,28.411673200174224,184.63636363636363,237.0,1
1644,A,2024-11-10,17:30,4407665.0,A,Getafe,3709.0,8,0,5,25,3,0,0.8209,0.220796,0.220796,8.2,1,18.0,José Bordalás,4-2-3-1,32000000.0,28.328044303403647,185.0909090909091,75.0,1
1645,D,2024-11-10,17:30,4407668.0,D,Real Valladolid,366.0,6,3,5,12,4,0,0.8889,0.887674,0.887674,18.375,0,19.0,Paulo Pezzolano,5-4-1,14000000.0,25.750233339555724,182.0909090909091,72.0,1
1646,H,2024-11-10,20:00,4407670.0,H,Real Sociedad,681.0,14,6,7,17,3,0,2.4081,1.88518,1.88518,11.176470588235292,7,9.0,Imanol Alguacil,4-1-4-1,293000000.0,26.53972994835418,181.54545454545453,261.0,1
1647,H,2024-11-22,20:00,4407645.0,D,Getafe,3709.0,12,5,3,15,3,0,1.2077,0.658487,0.658487,6.411764705882353,6,15.0,José Bordalás,4-4-2,35200000.0,28.73598407068633,182.9090909090909,166.0,1
1648,H,2024-11-23,13:00,4407650.0,D,Valencia,1049.0,11,5,2,10,4,0,1.9027,1.67338,1.67338,11.5,3,18.0,Rubén Baraja,5-4-1,163500000.0,24.731752846742577,184.1818181818182,117.0,1
1649,H,2024-11-23,15:15,4407652.0,A,Atletico Madrid,13.0,11,8,5,18,3,0,2.424300000000001,2.05318,1.30991,6.173913043478261,5,3.0,Diego Simeone,4-4-2,193300000.0,30.442909588700147,179.54545454545453,541.0,1
1650,H,2024-11-23,17:30,4407653.0,H,Girona,12321.0,12,5,6,4,0,0,2.8866,3.28521,3.28521,9.5,17,7.0,Míchel,5-4-1,101300000.0,27.655528591873562,183.63636363636363,227.0,1
1651,A,2024-11-23,17:30,4407647.0,D,Las Palmas,472.0,14,3,4,10,4,0,1.0748,1.15972,0.416438,9.714285714285714,7,17.0,Diego Martínez,4-2-3-1,50500000.0,28.320328542094455,179.8181818181818,130.0,1
1652,D,2024-11-23,20:00,4407649.0,A,Celta Vigo,940.0,15,8,5,13,5,0,1.9016,2.75981,2.75981,11.35483870967742,8,11.0,Claudio Giráldez,4-4-2 double 6,50800000.0,28.04853462759007,180.9090909090909,108.0,1
1653,D,2024-11-24,13:00,4407646.0,H,Osasuna,331.0,4,3,0,12,6,0,0.4351,1.3273,0.584025,10.538461538461538,4,6.0,Vicente Moreno,4-3-3 Attacking,82300000.0,28.200112002986746,182.63636363636363,65.0,1
1654,H,2024-11-24,15:15,4407651.0,H,Sevilla,368.0,11,3,8,14,2,0,1.946,1.57063,1.57063,11.63157894736842,7,12.0,Xavier García Pimienta,4-2-3-1,120500000.0,25.720614771949474,183.27272727272728,176.0,1
1655,A,2024-11-24,17:30,4407648.0,A,Leganes,1244.0,4,0,2,17,2,0,0.055,0.108948,0.108948,14.652173913043478,2,14.0,Borja Jiménez,3-4-2-1,25600000.0,28.76012693671831,181.54545454545453,175.0,1
1656,H,2024-11-24,20:00,4407644.0,H,Athletic Club,621.0,12,4,4,18,3,0,2.0995,1.65075,1.65075,10.903225806451612,7,5.0,Ernesto Valverde,4-2-3-1,217300000.0,27.93702943189596,181.9090909090909,85.0,1
1657,H,2024-11-29,20:00,4407655.0,D,Mallorca,237.0,9,3,3,9,0,0,0.7257,0.721435,0.721435,15.052631578947368,5,6.0,Jagoba Arrasate,4-2-3-1,48900000.0,28.758384668035593,183.27272727272728,169.0,1
1658,A,2024-11-30,13:00,4407654.0,D,Barcelona,131.0,27,8,7,7,0,0,2.455,2.18354,2.18354,5.956521739130435,15,2.0,Hansi Flick,4-2-3-1,396000000.0,24.91917117789808,178.45454545454547,383.0,1
1659,D,2024-11-30,15:15,4407656.0,D,Alaves,1108.0,18,7,13,15,1,0,1.2452,1.28884,1.28884,4.62962962962963,5,17.0,Luis García,4-3-3 Attacking,46000000.0,26.763487026320703,182.63636363636363,24.0,1
1660,H,2024-11-30,17:30,4407657.0,H,Espanyol,714.0,9,5,2,13,2,0,1.3063,1.50136,1.50136,31.071428571428573,2,16.0,Manolo González,4-2-3-1,33000000.0,25.865720863667477,183.72727272727272,97.0,1
1661,A,2024-11-30,20:00,4407659.0,A,Real Valladolid,366.0,9,1,3,6,1,0,0.0556,0.437294,0.437294,27.615384615384617,1,20.0,Paulo Pezzolano,5-4-1,16700000.0,26.454109887374774,181.54545454545453,125.0,1
1662,H,2024-12-01,20:00,4407660.0,H,Real Sociedad,681.0,2,1,0,28,3,0,1.9633,0.818081,0.0748031,7.219512195121951,1,9.0,Imanol Alguacil,4-3-3 Attacking,298000000.0,26.026507373529963,180.72727272727272,249.0,1
1663,A,2024-12-01,17:30,4407658.0,H,Rayo Vallecano,367.0,7,4,1,14,3,0,1.3191,0.590024,0.590024,6.567567567567568,1,13.0,Iñigo Pérez,4-2-3-1,35500000.0,29.48067948478626,180.0909090909091,102.0,1
1664,D,2024-12-01,13:00,4407662.0,H,Villarreal,1050.0,13,4,1,8,2,0,2.4831000000000003,1.96842,1.96842,20.31578947368421,8,4.0,Marcelino,4-2-3-1,109200000.0,27.770020533880903,184.36363636363637,172.0,1
1665,H,2024-12-01,15:15,4407661.0,H,Real Madrid,418.0,13,4,5,7,2,0,2.9069,3.23626,2.49298,7.8,7,1.0,Carlo Ancelotti,4-3-3 Attacking,717500000.0,26.918797834608924,180.63636363636363,489.0,1
1666,D,2024-12-02,20:00,4407663.0,D,Sevilla,368.0,12,5,5,11,1,0,1.3577,1.09081,1.09081,6.944444444444445,6,11.0,Xavier García Pimienta,4-3-3 Attacking,120500000.0,25.74251757824653,183.27272727272728,176.0,1
1667,A,2024-12-03,18:00,4407720.0,D,Mallorca,237.0,6,1,2,13,4,0,0.0083,0.921728,0.921728,11.26923076923077,3,6.0,Jagoba Arrasate,4-4-2,52200000.0,28.212805674817993,183.45454545454547,137.0,1
1668,H,2024-12-04,20:00,4407714.0,D,Athletic Club,621.0,9,3,5,21,3,0,1.4265,2.08134,2.08134,14.62962962962963,3,4.0,Ernesto Valverde,4-2-3-1,215800000.0,25.61707423309066,181.54545454545453,90.0,1
1669,H,2024-12-06,20:00,4407686.0,H,Celta Vigo,940.0,12,5,3,9,1,0,1.4472,1.19949,1.19949,13.166666666666666,6,10.0,Claudio Giráldez,3-4-3,43300000.0,26.436189409495363,183.1818181818182,69.0,1
1670,A,2024-12-07,17:30,4407691.0,A,Valencia,1049.0,14,6,9,5,2,0,1.3071,1.0002,1.0002,7.375,4,19.0,Rubén Baraja,5-4-1,163000000.0,23.953705432144854,183.0,117.0,1
1671,H,2024-12-07,13:00,4407688.0,D,Las Palmas,472.0,11,5,3,17,4,0,1.3017,1.27625,1.27625,9.08,6,14.0,Diego Martínez,4-2-3-1,89500000.0,27.03055192582913,179.45454545454547,149.0,1
1672,D,2024-12-07,15:15,4407690.0,A,Real Betis,150.0,12,6,6,15,1,0,2.2859,2.76257,2.0193,9.13157894736842,4,11.0,Manuel Pellegrini,4-2-3-1,72300000.0,26.905108580673264,179.8181818181818,166.0,1
1673,A,2024-12-07,20:00,4407687.0,A,Girona,12321.0,10,4,6,6,3,0,0.5895999999999999,0.351337,0.351337,34.90909090909091,5,9.0,Míchel,4-2-3-1,109300000.0,26.881463505693485,183.45454545454547,121.0,1
1674,A,2024-12-08,13:00,4407689.0,A,Leganes,1244.0,11,2,5,12,2,0,0.3956,0.463722,0.463722,8.444444444444445,3,17.0,Borja Jiménez,4-2-3-1,22400000.0,28.144359405139696,182.45454545454547,194.0,1
1675,H,2024-12-08,15:15,4407684.0,H,Athletic Club,621.0,12,4,3,15,2,0,1.8186,1.31484,1.31484,11.151515151515152,3,4.0,Ernesto Valverde,4-2-3-1,179300000.0,28.401219588077904,182.8181818181818,55.0,1
1676,D,2024-12-08,17:30,4407692.0,A,Osasuna,331.0,16,8,8,13,4,0,1.9601,2.31345,2.31345,8.454545454545455,9,6.0,Vicente Moreno,4-2-3-1,73300000.0,28.334017796030118,184.8181818181818,62.0,1
1677,H,2024-12-08,20:00,4407685.0,A,Atletico Madrid,13.0,14,9,5,11,4,0,2.5394,2.32183,2.32183,13.52,6,3.0,Diego Simeone,4-4-2,318000000.0,28.05475701574264,179.72727272727272,530.0,1
1678,H,2024-12-09,20:00,4407693.0,H,Getafe,3709.0,15,6,3,14,3,0,0.7162999999999999,0.530268,0.530268,9.77777777777778,1,15.0,José Bordalás,4-4-2,32900000.0,28.2815008400224,184.72727272727272,166.0,1
1679,H,2024-12-13,20:00,4407712.0,H,Real Valladolid,366.0,2,1,1,10,4,1,1.2091,0.531831,0.531831,15.647058823529411,0,19.0,Álvaro Rubio,4-2-3-1,14600000.0,26.554912575446455,181.36363636363637,70.0,1
1680,H,2024-12-14,15:15,4407711.0,D,Mallorca,237.0,8,2,2,10,5,1,1.9602,1.65091,1.65091,29.0,2,6.0,Jagoba Arrasate,4-4-2 double 6,43400000.0,28.939580611038515,184.63636363636363,237.0,1
1681,H,2024-12-14,17:30,4407710.0,D,Sevilla,368.0,8,3,3,12,7,0,0.8755000000000001,0.487466,0.487466,10.1,3,11.0,Xavier García Pimienta,4-3-3 Attacking,75000000.0,27.527098500404453,183.1818181818182,295.0,1
1682,D,2024-12-14,13:00,4407708.0,D,Espanyol,714.0,9,3,5,13,3,0,1.2806000000000002,0.298744,0.298744,16.894736842105264,3,18.0,Manolo González,4-4-2,31500000.0,26.558148217285794,182.0,90.0,1
1683,D,2024-12-14,20:00,4407706.0,D,Rayo Vallecano,367.0,14,5,4,18,4,0,1.7277,1.60769,1.60769,10.314285714285717,6,12.0,Iñigo Pérez,4-2-3-1,35300000.0,29.015244850973804,180.0,105.0,1
1684,A,2024-12-15,20:00,4407705.0,A,Barcelona,131.0,20,4,8,5,0,0,2.3989,2.16597,2.16597,4.2631578947368425,20,3.0,Hansi Flick,4-2-3-1,455500000.0,25.656648621741024,179.27272727272728,410.0,1
1685,A,2024-12-15,17:30,4407709.0,A,Villarreal,1050.0,17,4,5,19,5,0,1.3016,1.60957,1.60957,5.0,11,5.0,Marcelino,4-4-2,116700000.0,29.488395246095454,182.1818181818182,210.0,1
1686,D,2024-12-15,15:15,4407707.0,A,Alaves,1108.0,6,3,2,14,2,0,1.3163,0.803776,0.803776,8.481481481481481,4,17.0,Eduardo Coudet,4-2-3-1,44500000.0,27.077593180262582,183.0909090909091,24.0,1
1687,D,2024-12-15,17:30,4407713.0,D,Real Sociedad,681.0,15,4,8,17,2,0,1.7152999999999998,1.24562,1.24562,4.6923076923076925,11,8.0,Imanol Alguacil,4-1-4-1,297500000.0,25.71065895090536,181.45454545454547,244.0,1
1688,H,2024-12-15,13:00,4407704.0,D,Atletico Madrid,13.0,11,3,8,13,3,0,2.6396,1.85376,1.85376,9.3,6,2.0,Diego Simeone,4-4-2,303000000.0,28.085122269927197,179.27272727272728,509.0,1
1689,D,2024-12-18,20:30,4407667.0,H,Espanyol,714.0,10,3,4,13,1,0,1.4624,1.87851,1.87851,13.95,10,17.0,Manolo González,4-4-2,36500000.0,25.608362889677053,184.27272727272728,91.0,1
1690,D,2024-12-18,20:30,4407700.0,D,Villarreal,1050.0,14,5,7,10,4,1,1.8417,2.52908,2.52908,12.666666666666666,6,4.0,Marcelino,4-4-2 double 6,86000000.0,24.892539356605063,185.72727272727272,106.0,1
1691,H,2024-12-20,20:00,4407677.0,H,Girona,12321.0,23,7,9,13,3,0,2.8321,2.16439,2.16439,7.5,20,8.0,Míchel,5-4-1,113000000.0,27.003173417957814,182.54545454545453,187.0,1
1692,A,2024-12-21,17:30,4407680.0,D,Osasuna,331.0,6,3,4,10,0,0,0.6134,0.417557,0.417557,14.1875,2,10.0,Vicente Moreno,4-3-3 Attacking,72100000.0,28.10154937464999,183.8181818181818,67.0,1
1693,A,2024-12-21,20:00,4407681.0,H,Barcelona,131.0,19,7,11,11,0,0,2.8058,3.37424,3.37424,8.566666666666666,17,3.0,Hansi Flick,4-3-3 Attacking,395500000.0,24.93584717814697,178.36363636363637,364.0,1
1694,A,2024-12-21,13:00,4407676.0,D,Getafe,3709.0,18,5,3,19,4,0,0.4105,0.735241,0.735241,5.142857142857143,1,17.0,José Bordalás,4-2-3-1,32900000.0,28.496795470101425,184.54545454545453,163.0,1
1695,H,2024-12-21,15:15,4407675.0,H,Celta Vigo,940.0,11,7,5,19,3,0,2.2977000000000003,1.22165,1.22165,9.064516129032258,5,11.0,Claudio Giráldez,5-4-1,36800000.0,27.428286976541596,180.1818181818182,68.0,1
1696,D,2024-12-22,13:00,4407682.0,A,Valencia,1049.0,8,3,5,20,2,0,1.1792,1.34762,0.604346,4.066666666666666,4,20.0,Rubén Baraja,4-2-3-1,122500000.0,24.921411237633002,182.0909090909091,161.0,1
1697,H,2024-12-22,15:15,4407678.0,H,Real Madrid,418.0,16,8,6,5,1,0,2.3165,2.90098,2.90098,12.181818181818182,13,1.0,Carlo Ancelotti,4-2-3-1,882500000.0,26.95862111878539,182.1818181818182,560.0,1
1698,H,2024-12-22,17:30,4407683.0,D,Las Palmas,472.0,10,4,2,9,4,0,1.3955,0.956162,0.956162,10.9,2,12.0,Diego Martínez,4-3-3 Attacking,67800000.0,27.756829070997448,180.63636363636363,137.0,1
1699,A,2024-12-22,17:30,4407679.0,D,Leganes,1244.0,5,3,1,17,1,2,0.1585,1.47457,0.731296,16.6,5,15.0,Borja Jiménez,5-4-1,17200000.0,28.051521373903302,182.0,99.0,1
1700,D,2024-12-22,20:00,4407674.0,H,Real Betis,150.0,14,5,5,9,0,0,2.1933,1.93031,1.18703,5.774193548387097,12,9.0,Manuel Pellegrini,4-2-3-1,102500000.0,27.340924646879476,180.9090909090909,228.0,1
1701,A,2025-01-03,20:00,4407701.0,H,Valencia,1049.0,8,5,2,16,2,0,0.4901,1.35313,1.35313,25.571428571428573,3,20.0,Carlos Corberán,4-4-2,120500000.0,25.002800074668656,183.72727272727272,161.0,1
1702,H,2025-01-10,20:00,4407722.0,D,Rayo Vallecano,367.0,8,5,3,18,2,0,0.2233,1.00439,1.00439,9.782608695652174,1,9.0,Iñigo Pérez,4-2-3-1,33600000.0,28.71731690622861,179.45454545454547,95.0,1
1703,D,2025-01-11,20:00,4407717.0,D,Sevilla,368.0,15,5,10,16,1,0,0.9694,0.734356,0.734356,7.862068965517241,3,13.0,Xavier García Pimienta,4-2-3-1,119000000.0,26.916806670400103,186.1818181818182,266.0,1
1704,D,2025-01-11,17:30,4407719.0,D,Espanyol,714.0,15,5,8,15,2,0,0.7222,1.05544,1.05544,13.142857142857142,10,18.0,Manolo González,4-2-3-1,30500000.0,26.11411859871819,181.9090909090909,83.0,1
1705,H,2025-01-11,15:15,4407721.0,D,Real Valladolid,366.0,12,1,1,21,2,0,1.8747,1.62446,1.62446,10.576923076923077,3,19.0,Diego Cocca,4-3-3 Attacking,14300000.0,25.593678053636985,182.0909090909091,74.0,1
1706,A,2025-01-11,13:00,4407718.0,D,Alaves,1108.0,11,2,6,16,1,0,2.3661,1.72201,1.72201,10.178571428571429,1,17.0,Eduardo Coudet,4-2-3-1,45500000.0,26.87150768464937,181.8181818181818,66.0,1
1707,A,2025-01-12,13:00,4407723.0,D,Las Palmas,472.0,15,7,4,14,2,0,1.5457,1.62636,0.883081,6.0,5,14.0,Diego Martínez,4-2-3-1,90500000.0,26.524049530209695,180.72727272727272,153.0,1
1708,H,2025-01-12,15:15,4407715.0,D,Atletico Madrid,13.0,9,5,4,8,2,0,2.737,2.28719,2.28719,19.0,9,1.0,Diego Simeone,4-4-2,333000000.0,27.696845249206646,179.0909090909091,493.0,1
1709,H,2025-01-13,20:00,4407716.0,D,Real Sociedad,681.0,6,3,3,17,4,0,0.9783,0.805968,0.805968,6.137931034482759,0,7.0,Imanol Alguacil,4-1-4-1,280000000.0,26.4819861862983,180.63636363636363,236.0,1
1710,H,2025-01-17,20:00,4407726.0,H,Espanyol,714.0,12,4,1,13,2,0,1.0094,1.28839,1.28839,18.5,3,18.0,Manolo González,4-3-3 Attacking,39500000.0,25.925455789932176,182.9090909090909,93.0,1
1711,A,2025-01-18,17:30,4407733.0,D,Real Betis,150.0,7,2,2,12,4,1,0.4236,0.501492,0.501492,13.9375,5,12.0,Manuel Pellegrini,4-2-3-1,97600000.0,28.624229979466122,181.0,301.0,1
1712,D,2025-01-18,20:00,4407729.0,D,Getafe,3709.0,10,4,2,9,3,0,0.2057,1.16921,1.16921,15.636363636363637,5,16.0,José Bordalás,4-1-4-1,33300000.0,28.362889677058057,183.8181818181818,146.0,1
1713,A,2025-01-18,13:00,4407724.0,H,Girona,12321.0,7,4,7,6,0,0,0.2522,1.14329,1.14329,10.6,8,8.0,Míchel,4-2-3-1,104300000.0,27.924584655590817,182.27272727272728,236.0,1
1714,H,2025-01-18,15:15,4407728.0,D,Leganes,1244.0,9,3,2,16,1,0,0.1577,0.770342,0.770342,19.857142857142858,3,14.0,Borja Jiménez,5-4-1,24200000.0,28.497044365627527,182.72727272727272,193.0,1
1715,A,2025-01-19,13:00,4407727.0,D,Celta Vigo,940.0,3,1,3,14,0,0,0.1357,0.40033,0.40033,11.363636363636363,1,13.0,Claudio Giráldez,5-4-1,32500000.0,25.722357040632197,179.1818181818182,18.0,1
1716,H,2025-01-19,15:15,4407732.0,H,Real Madrid,418.0,26,13,8,11,0,0,2.9906,6.40549,5.66221,5.486486486486487,22,1.0,Carlo Ancelotti,4-2-3-1,717500000.0,27.052952523178398,180.63636363636363,489.0,1
1717,D,2025-01-19,17:30,4407725.0,A,Osasuna,331.0,12,3,6,9,3,0,1.1814,0.660386,0.660386,8.777777777777779,6,11.0,Vicente Moreno,4-2-3-1,72600000.0,28.62348329288781,184.0,62.0,1
1718,H,2025-01-19,20:00,4407731.0,H,Valencia,1049.0,7,2,4,10,3,0,2.2412,1.77248,1.77248,13.714285714285714,4,19.0,Carlos Corberán,4-2-3-1,157500000.0,25.307945989670838,182.8181818181818,127.0,1
1719,H,2025-01-20,20:00,4407730.0,H,Villarreal,1050.0,14,7,6,9,1,0,2.6826,2.35437,2.35437,15.045454545454543,20,5.0,Marcelino,4-4-2 double 6,125400000.0,26.990977537178768,183.72727272727272,154.0,1
1720,D,2025-01-24,20:00,4407747.0,D,Las Palmas,472.0,16,7,4,14,7,1,0.3083,0.833212,0.833212,14.4,6,16.0,Diego Martínez,4-2-3-1,91000000.0,27.15300852467177,179.1818181818182,149.0,1
1721,A,2025-01-25,20:00,4407752.0,A,Real Valladolid,366.0,6,2,1,11,3,1,0.1028999999999999,0.234653,0.234653,20.11764705882353,1,20.0,Diego Cocca,4-3-3 Attacking,13600000.0,27.082819986310746,180.27272727272728,92.0,1
1722,D,2025-01-25,17:30,4407753.0,A,Sevilla,368.0,25,4,5,13,1,0,1.1934,1.15013,1.15013,4.541666666666667,5,12.0,Xavier García Pimienta,4-3-3 Attacking,113000000.0,26.939207267749364,184.45454545454547,323.0,1
1723,A,2025-01-25,13:00,4407749.0,D,Mallorca,237.0,16,3,4,12,2,1,1.4935,0.789384,0.789384,9.071428571428571,5,6.0,Jagoba Arrasate,4-2-3-1,48300000.0,29.346275900690685,183.72727272727272,167.0,1
1724,D,2025-01-25,15:15,4407745.0,A,Atletico Madrid,13.0,20,8,5,10,4,0,1.3074,1.72274,1.72274,9.192307692307692,15,2.0,Diego Simeone,4-4-2,307500000.0,28.246904361894096,179.0,537.0,1
1725,H,2025-01-26,13:00,4407751.0,D,Rayo Vallecano,367.0,17,7,4,19,3,0,2.3471,3.01055,3.01055,7.310344827586207,10,7.0,Iñigo Pérez,4-2-3-1,36800000.0,28.843755833488895,179.36363636363637,108.0,1
1726,A,2025-01-26,15:15,4407750.0,D,Real Sociedad,681.0,13,4,5,11,3,0,0.7994999999999999,1.26074,1.26074,6.866666666666666,10,8.0,Imanol Alguacil,4-1-4-1,234200000.0,25.53692987368552,179.0909090909091,198.0,1
1727,D,2025-01-26,17:30,4407744.0,D,Athletic Club,621.0,29,3,16,10,1,0,1.8369,2.27277,2.27277,5.869565217391305,5,4.0,Ernesto Valverde,4-2-3-1,197800000.0,27.125630016800446,182.8181818181818,130.0,1
1728,H,2025-01-26,20:00,4407746.0,H,Barcelona,131.0,22,11,14,10,0,0,2.8259,4.35875,4.35875,6.0,14,3.0,Hansi Flick,4-2-3-1,453500000.0,24.15257295750109,180.27272727272728,357.0,1
1729,D,2025-01-27,20:00,4407748.0,H,Alaves,1108.0,3,1,3,15,2,0,2.3173,0.891741,0.148463,9.148148148148149,3,17.0,Eduardo Coudet,4-2-3-1,37000000.0,27.22220148092838,181.45454545454547,82.0,1
1730,A,2025-01-31,20:00,4407779.0,D,Leganes,1244.0,5,1,2,7,2,1,0.3470999999999999,1.00009,0.256809,14.0,1,15.0,Borja Jiménez,5-4-1,21700000.0,28.367369796527907,180.36363636363637,110.0,1
1731,D,2025-02-01,13:00,4407775.0,D,Getafe,3709.0,7,1,6,15,4,0,1.3846,0.922731,0.922731,9.64,3,14.0,José Bordalás,4-4-2 double 6,30800000.0,28.324559766038206,182.8181818181818,117.0,1
1732,H,2025-02-01,15:15,4407778.0,H,Villarreal,1050.0,22,8,3,9,1,0,2.8815,3.89354,3.89354,10.25,15,5.0,Marcelino,4-4-2,121900000.0,27.075850911579867,182.54545454545453,121.0,1
1733,H,2025-02-01,17:30,4407774.0,H,Atletico Madrid,13.0,17,5,10,9,2,0,2.3573,1.59869,1.59869,14.588235294117649,11,2.0,Diego Simeone,4-4-2,313000000.0,27.914877730072803,181.54545454545453,403.0,1
1734,H,2025-02-01,20:00,4407780.0,D,Espanyol,714.0,5,2,1,14,2,0,0.5958,0.52719,0.52719,34.75,1,17.0,Manolo González,4-2-3-1,33200000.0,25.0744819861863,183.72727272727272,88.0,1
1735,H,2025-02-02,13:00,4407783.0,D,Barcelona,131.0,11,4,5,8,5,0,2.4121,1.18526,1.18526,8.0,3,3.0,Hansi Flick,4-3-3 Attacking,548500000.0,24.771078339866843,180.8181818181818,472.0,1
1736,H,2025-02-02,15:15,4407782.0,H,Valencia,1049.0,8,5,5,9,1,0,2.5191,1.93065,1.93065,23.142857142857142,8,19.0,Carlos Corberán,4-2-3-1,157500000.0,25.346275900690685,182.8181818181818,127.0,1
1737,H,2025-02-02,17:30,4407777.0,H,Osasuna,331.0,11,4,3,10,3,0,0.5214,1.11088,1.11088,20.4375,6,8.0,Vicente Moreno,4-3-3 Attacking,72100000.0,28.79547010142493,184.0,63.0,1
1738,D,2025-02-02,20:00,4407781.0,H,Real Betis,150.0,10,6,3,10,3,0,0.9721,1.31717,1.31717,8.066666666666666,5,10.0,Manuel Pellegrini,4-2-3-1,82900000.0,27.18038703254309,181.1818181818182,166.0,1
1739,H,2025-02-03,20:00,4407776.0,H,Girona,12321.0,12,4,11,12,2,0,2.0922,2.19186,1.44858,12.227272727272728,5,7.0,Míchel,4-2-3-1,133400000.0,26.819239624167757,183.72727272727272,175.0,1
1740,H,2025-02-07,20:00,4407766.0,D,Rayo Vallecano,367.0,20,6,4,11,2,0,2.7284,2.87261,2.87261,5.636363636363637,13,6.0,Iñigo Pérez,4-2-3-1,38300000.0,28.833551116918674,178.8181818181818,108.0,1
1741,H,2025-02-08,13:00,4407771.0,A,Celta Vigo,940.0,14,6,4,11,3,0,1.5395,1.75134,1.75134,11.714285714285714,14,13.0,Claudio Giráldez,3-4-3,36300000.0,25.938149461763427,179.1818181818182,22.0,1
1742,H,2025-02-08,15:15,4407764.0,H,Athletic Club,621.0,23,8,11,7,0,0,2.9891,3.81937,3.07609,14.0,12,4.0,Ernesto Valverde,4-2-3-1,195300000.0,27.314043930060357,183.1818181818182,109.0,1
1743,A,2025-02-08,17:30,4407767.0,D,Las Palmas,472.0,20,4,6,12,6,0,1.8380000000000003,1.90619,1.90619,11.85,8,16.0,Diego Martínez,4-2-3-1,72000000.0,27.139070375210007,181.27272727272728,166.0,1
1744,D,2025-02-08,20:00,4407769.0,A,Real Madrid,418.0,23,9,6,14,1,0,2.0506,2.55575,2.55575,12.956521739130435,10,1.0,Carlo Ancelotti,4-2-3-1,932500000.0,26.394623856636176,181.0,474.0,1
1745,A,2025-02-09,13:00,4407768.0,A,Alaves,1108.0,12,4,8,16,2,0,1.7377,1.25855,1.25855,3.684210526315789,9,19.0,Eduardo Coudet,4-4-2,52000000.0,26.879472341484664,182.0,35.0,1
1746,H,2025-02-09,15:15,4407772.0,H,Valencia,1049.0,18,4,9,14,1,0,2.5697,2.03187,2.03187,13.55,10,18.0,Carlos Corberán,4-2-3-1,146500000.0,25.02520067201792,183.63636363636363,143.0,1
1747,H,2025-02-09,17:30,4407773.0,H,Real Sociedad,681.0,13,3,6,11,1,0,2.039,1.67839,1.67839,6.047619047619048,8,10.0,Imanol Alguacil,4-3-3 Attacking,184000000.0,25.453300976914942,181.9090909090909,179.0,1
1748,A,2025-02-09,20:00,4407770.0,D,Sevilla,368.0,8,4,5,14,5,0,0.5849,0.921429,0.921429,14.88888888888889,3,12.0,Xavier García Pimienta,4-2-3-1,126000000.0,27.306825959803373,184.8181818181818,329.0,1
1749,D,2025-02-10,20:00,4407765.0,D,Mallorca,237.0,10,2,7,7,1,0,0.7531,1.17321,0.429936,13.533333333333331,6,8.0,Jagoba Arrasate,4-2-3-1,56000000.0,29.827390952647626,184.0,163.0,1
1750,A,2025-02-14,20:00,4407759.0,A,Girona,12321.0,14,4,3,11,2,1,1.6134000000000002,1.287,1.287,3.857142857142857,2,11.0,Míchel,3-4-3 Diamond,115000000.0,29.517764918175597,183.36363636363637,315.0,1
1751,D,2025-02-15,13:00,4407763.0,H,Leganes,1244.0,8,3,3,18,4,1,1.7047,1.76328,0.276721,12.4375,5,16.0,Borja Jiménez,4-2-3-1,21800000.0,28.961732312861674,183.0909090909091,181.0,1
1752,D,2025-02-15,15:15,4407757.0,A,Osasuna,331.0,11,4,6,16,3,0,0.6732,1.64382,0.900543,13.7,7,9.0,Vicente Moreno,4-1-4-1,66300000.0,28.482359529587452,183.36363636363637,60.0,1
1753,D,2025-02-15,17:30,4407754.0,D,Atletico Madrid,13.0,9,3,2,8,3,1,0.6462,0.689105,0.689105,22.33333333333333,3,3.0,Diego Simeone,4-4-2,356000000.0,28.12718561383859,179.36363636363637,520.0,1
1754,D,2025-02-15,20:00,4407761.0,H,Villarreal,1050.0,13,4,4,6,0,0,1.6169,1.04228,1.04228,16.80952380952381,9,5.0,Marcelino,4-4-2,131000000.0,26.523800634683592,183.0909090909091,190.0,1
1755,H,2025-02-16,20:00,4407756.0,D,Real Betis,150.0,24,8,5,9,0,0,2.8622,2.49445,1.75117,5.5,10,8.0,Manuel Pellegrini,4-2-3-1,109100000.0,28.35417833364445,180.0909090909091,313.0,1
1756,H,2025-02-16,17:30,4407762.0,H,Mallorca,237.0,14,5,3,7,1,0,2.2712,2.33414,2.33414,21.727272727272727,9,7.0,Jagoba Arrasate,4-2-3-1,43500000.0,30.393628274531764,182.9090909090909,212.0,1
1757,D,2025-02-16,13:00,4407758.0,D,Espanyol,714.0,12,4,2,12,1,0,1.6122,1.19577,1.19577,9.961538461538462,3,15.0,Manolo González,4-2-3-1,50500000.0,25.11554974799328,183.72727272727272,88.0,1
1758,A,2025-02-16,15:15,4407760.0,A,Real Valladolid,366.0,7,2,3,11,4,0,0.5831,0.532481,0.532481,17.25,3,20.0,Diego Cocca,4-1-4-1,21200000.0,25.227801630265695,183.0909090909091,141.0,1
1759,H,2025-02-17,20:00,4407755.0,H,Barcelona,131.0,14,5,4,11,2,0,2.4169,2.82775,2.08447,8.72,10,1.0,Hansi Flick,4-3-3 Attacking,516000000.0,25.396303901437367,181.1818181818182,483.0,1
1760,H,2025-02-21,20:00,4407535.0,D,Celta Vigo,940.0,12,5,5,11,1,0,2.4492,2.31891,1.57563,19.88235294117647,10,12.0,Claudio Giráldez,5-4-1,44800000.0,26.450874245535434,184.0,72.0,1
1761,A,2025-02-22,13:00,4407537.0,D,Alaves,1108.0,15,5,7,13,2,0,2.2126,1.54627,1.54627,6.454545454545454,6,19.0,Eduardo Coudet,4-4-2,44500000.0,27.444465185738284,183.45454545454547,25.0,1
1762,A,2025-02-22,15:15,4407536.0,D,Rayo Vallecano,367.0,10,5,3,15,1,1,1.0429,0.514336,0.514336,8.785714285714286,3,8.0,Iñigo Pérez,4-2-3-1,43000000.0,28.927633625785575,180.36363636363637,103.0,1
1763,A,2025-02-22,17:30,4407538.0,A,Valencia,1049.0,18,2,7,18,1,0,0.7435,1.35435,1.35435,11.064516129032258,8,18.0,Carlos Corberán,3-4-2-1,146500000.0,25.96428349200423,185.72727272727272,107.0,1
1764,A,2025-02-22,20:00,4407539.0,D,Las Palmas,472.0,10,2,5,13,1,0,0.4536,0.431009,0.431009,17.761904761904763,1,17.0,Diego Martínez,4-2-3-1,62700000.0,27.22120589882397,180.1818181818182,122.0,1
1765,H,2025-02-23,13:00,4407534.0,H,Athletic Club,621.0,29,16,4,10,2,0,2.9974000000000003,5.3162,5.3162,10.85,14,4.0,Ernesto Valverde,4-2-3-1,240100000.0,27.675689129487896,185.1818181818182,138.0,1
1766,H,2025-02-23,15:15,4407541.0,H,Real Madrid,418.0,22,5,11,1,0,0,2.7096,2.36313,2.36313,35.5,11,2.0,Carlo Ancelotti,4-4-2 double 6,688500000.0,28.715076846493684,179.72727272727272,682.0,1
1767,A,2025-02-23,17:30,4407540.0,A,Getafe,3709.0,10,4,2,17,3,1,0.364,0.86267,0.86267,6.4,6,14.0,José Bordalás,4-2-4,44900000.0,29.74500653350756,181.8181818181818,183.0,1
1768,H,2025-02-23,20:00,4407543.0,H,Real Sociedad,681.0,12,5,3,13,3,0,2.1397,1.0679,1.0679,9.708333333333334,1,9.0,Imanol Alguacil,4-1-4-1,214000000.0,24.8527160724286,181.0909090909091,193.0,1
1769,D,2025-02-24,20:00,4407542.0,H,Sevilla,368.0,19,4,4,11,1,0,1.3287,1.5822,1.5822,6.935483870967742,8,10.0,Xavier García Pimienta,4-2-3-1,134500000.0,26.420260095824776,184.54545454545453,257.0,1
1770,D,2025-02-28,20:00,4407741.0,A,Real Valladolid,366.0,23,7,13,11,2,0,2.7442,2.17386,2.17386,6.944444444444445,6,20.0,Álvaro Rubio,4-2-3-1,18400000.0,25.94362516333769,183.63636363636363,187.0,1
1771,H,2025-03-01,17:30,4407735.0,D,Real Betis,150.0,18,3,9,17,3,0,2.2886999999999995,2.23957,1.49629,7.948717948717949,3,6.0,Manuel Pellegrini,4-2-3-1,98100000.0,28.93634496919918,181.63636363636363,278.0,1
1772,H,2025-03-01,20:00,4407738.0,D,Atletico Madrid,13.0,12,4,6,7,2,0,1.7456999999999998,2.01612,2.01612,9.5,4,2.0,Diego Simeone,4-4-2,276000000.0,28.21728579428785,180.9090909090909,491.0,1
1773,D,2025-03-01,13:00,4407739.0,D,Girona,12321.0,9,6,4,8,0,0,0.6940999999999999,0.89503,0.89503,13.782608695652174,4,13.0,Míchel,5-4-1,116800000.0,28.404455229917243,183.8181818181818,304.0,1
1774,D,2025-03-01,15:15,4407737.0,D,Rayo Vallecano,367.0,20,8,6,14,1,0,2.5565,2.59009,2.59009,5.032258064516129,9,8.0,Iñigo Pérez,4-2-3-1,37500000.0,29.988675253562317,181.36363636363637,102.0,1
1775,H,2025-03-02,13:00,4407740.0,D,Leganes,1244.0,5,1,2,15,1,0,1.2409,0.554524,0.554524,4.666666666666667,1,16.0,Borja Jiménez,5-4-1,15800000.0,29.241241988675256,182.8181818181818,107.0,1
1776,H,2025-03-02,15:15,4407734.0,H,Barcelona,131.0,33,10,12,15,0,0,2.9746,3.63697,3.63697,4.212121212121212,33,1.0,Hansi Flick,4-2-3-1,478500000.0,25.56480617260905,182.1818181818182,488.0,1
1777,D,2025-03-02,17:30,4407742.0,H,Mallorca,237.0,15,4,3,20,0,0,1.5203000000000002,1.83195,1.83195,7.538461538461538,3,7.0,Jagoba Arrasate,4-2-3-1,43300000.0,29.954576566486217,181.63636363636363,174.0,1
1778,D,2025-03-02,20:00,4407736.0,H,Osasuna,331.0,12,5,3,10,2,0,1.0834,1.26777,0.52449,10.681818181818182,6,11.0,Vicente Moreno,4-2-3-1,83500000.0,27.735175160226493,183.1818181818182,65.0,1
1779,H,2025-03-08,15:15,4407790.0,H,Alaves,1108.0,5,3,1,11,3,2,0.4528,1.21479,1.21479,15.529411764705882,2,18.0,Eduardo Coudet,4-4-2 double 6,44500000.0,26.53549872441043,181.9090909090909,32.0,1
1780,H,2025-03-08,17:30,4407789.0,D,Valencia,1049.0,17,4,5,11,1,0,2.552,2.37105,2.37105,8.0,11,16.0,Carlos Corberán,4-2-3-1,135500000.0,25.69099620434323,184.0909090909091,138.0,1
1781,H,2025-03-08,13:00,4407787.0,H,Celta Vigo,940.0,7,4,2,10,3,0,1.415,1.07104,1.07104,10.458333333333334,10,10.0,Claudio Giráldez,5-4-1,31300000.0,29.14715947980835,181.9090909090909,64.0,1
1782,H,2025-03-09,13:00,4407792.0,D,Getafe,3709.0,11,3,4,10,6,0,1.6583,1.39814,1.39814,20.94117647058824,4,13.0,José Bordalás,4-1-4-1,44100000.0,27.69833862236326,184.45454545454547,151.0,1
1783,H,2025-03-09,15:15,4407793.0,H,Real Madrid,418.0,10,5,4,12,3,0,1.6914,1.59439,1.59439,13.214285714285714,5,2.0,Carlo Ancelotti,4-4-2 double 6,818500000.0,27.404144110509616,179.36363636363637,605.0,1
1784,D,2025-03-09,17:30,4407784.0,D,Athletic Club,621.0,8,2,3,6,1,0,1.2717999999999998,0.938663,0.938663,19.454545454545453,3,4.0,Ernesto Valverde,4-2-3-1,180800000.0,25.490635305830377,180.9090909090909,105.0,1
1785,H,2025-03-09,17:30,4407786.0,D,Real Betis,150.0,14,6,11,12,2,0,2.7177,2.31412,1.57085,6.363636363636363,4,6.0,Manuel Pellegrini,4-2-3-1,120600000.0,28.54408562006098,181.0909090909091,273.0,1
1786,A,2025-03-09,20:00,4407788.0,D,Real Sociedad,681.0,7,2,6,14,2,0,1.1249,0.803868,0.803868,7.833333333333333,2,11.0,Imanol Alguacil,4-1-4-1,122800000.0,24.57669093398046,181.0,166.0,1
1787,D,2025-03-10,20:00,4407791.0,D,Espanyol,714.0,7,4,4,11,3,0,0.3376,0.325296,0.325296,26.58333333333333,1,15.0,Manolo González,4-2-3-1,50500000.0,25.17578246531019,183.72727272727272,88.0,1
1788,D,2025-03-14,20:00,4407532.0,A,Las Palmas,472.0,14,7,4,10,5,0,1.7245,1.94387,1.20059,7.4,5,19.0,Diego Martínez,4-2-3-1,72700000.0,27.607242859809595,181.8181818181818,146.0,1
1789,D,2025-03-15,20:00,4407525.0,D,Girona,12321.0,14,4,9,12,2,0,1.2621000000000002,1.17978,1.17978,10.16,5,13.0,Míchel,4-3-3 Attacking,125500000.0,27.515151515151516,182.45454545454547,324.0,1
1790,A,2025-03-15,17:30,4407531.0,A,Villarreal,1050.0,23,10,11,17,2,0,2.0504,2.00539,2.00539,8.657894736842104,17,5.0,Marcelino,4-4-2,115500000.0,26.317715139070376,185.27272727272728,218.0,1
1791,A,2025-03-15,13:00,4407529.0,D,Real Valladolid,366.0,5,2,3,9,3,0,0.5523,0.839415,0.839415,21.73333333333333,1,20.0,Álvaro Rubio,4-1-4-1,17200000.0,25.556094829195445,182.45454545454547,154.0,1
1792,H,2025-03-15,15:15,4407533.0,D,Mallorca,237.0,20,7,6,10,0,0,2.892,2.57036,1.08381,8.823529411764707,9,7.0,Jagoba Arrasate,4-2-3-1,54100000.0,30.052143612718563,183.27272727272728,193.0,1
1793,A,2025-03-16,13:00,4407528.0,H,Leganes,1244.0,10,4,3,16,2,0,0.5525,1.57329,1.57329,12.954545454545457,0,18.0,Borja Jiménez,4-3-3 Attacking,22800000.0,29.340053512538113,182.36363636363637,192.0,1
1794,A,2025-03-16,15:15,4407527.0,D,Sevilla,368.0,11,4,4,13,4,0,0.3944999999999999,0.459323,0.459323,11.466666666666669,2,10.0,Xavier García Pimienta,4-2-3-1,125500000.0,26.665919980088358,184.1818181818182,212.0,1
1795,A,2025-03-16,17:30,4407530.0,H,Osasuna,331.0,12,4,3,19,2,0,2.2897,2.08486,1.34158,5.0,3,14.0,Vicente Moreno,4-3-3 Attacking,69600000.0,28.796465683529338,182.8181818181818,55.0,1
1796,D,2025-03-16,17:30,4407526.0,A,Rayo Vallecano,367.0,10,5,4,16,3,0,0.9426,0.536859,0.536859,6.115384615384615,3,9.0,Iñigo Pérez,4-2-3-1,37600000.0,31.024080642150455,181.0,88.0,1
1797,A,2025-03-16,20:00,4407524.0,H,Atletico Madrid,13.0,7,2,6,10,1,0,0.6201,1.09435,1.09435,17.266666666666666,5,3.0,Diego Simeone,4-4-2,348000000.0,28.244913197685268,180.1818181818182,485.0,1
1798,H,2025-03-27,20:00,4407785.0,H,Barcelona,131.0,19,5,8,7,1,0,2.9814,4.63707,3.89379,7.0,14,1.0,Hansi Flick,4-3-3 Attacking,566000000.0,25.57650426233588,180.45454545454547,437.0,1
1799,H,2025-03-29,13:00,4407559.0,H,Real Sociedad,681.0,12,2,3,20,2,0,1.3586,1.32811,1.32811,5.971428571428572,12,10.0,Imanol Alguacil,4-1-4-1,185200000.0,26.7291394437185,179.0909090909091,200.0,1
1800,D,2025-03-29,15:15,4407561.0,A,Espanyol,714.0,8,1,4,12,2,0,1.3458,0.985043,0.241766,14.75,0,16.0,Manolo González,4-2-3-1,50500000.0,25.227801630265695,183.72727272727272,88.0,1
1801,A,2025-03-29,17:30,4407560.0,A,Alaves,1108.0,12,4,8,14,3,0,2.1871,1.60064,0.857362,6.407407407407407,4,17.0,Eduardo Coudet,4-2-3-1,49000000.0,27.242610914068823,181.45454545454547,28.0,1
1802,H,2025-03-29,20:00,4407563.0,A,Real Madrid,418.0,24,10,8,9,1,0,2.2132,3.59257,2.84929,7.705882352941177,18,2.0,Carlo Ancelotti,4-2-3-1,590000000.0,26.85308941571775,179.27272727272728,528.0,1
1803,H,2025-03-30,17:30,4407562.0,D,Valencia,1049.0,8,2,4,16,5,0,1.4246,0.731544,0.731544,9.333333333333334,1,15.0,Carlos Corberán,4-2-3-1,140500000.0,25.751228921660132,184.0909090909091,138.0,1
1804,H,2025-03-30,20:00,4407556.0,H,Real Betis,150.0,11,3,2,10,4,0,1.3493,0.894203,0.894203,8.892857142857142,7,6.0,Manuel Pellegrini,4-2-3-1,124600000.0,29.51627154501898,180.72727272727272,287.0,1
1805,D,2025-03-30,17:30,4407554.0,D,Athletic Club,621.0,11,5,3,12,1,0,1.473,0.759463,0.759463,6.310344827586207,10,4.0,Ernesto Valverde,4-2-3-1,171100000.0,28.195134092464688,182.9090909090909,129.0,1
1806,H,2025-03-30,15:15,4407555.0,H,Barcelona,131.0,21,9,10,8,0,0,2.7445000000000004,2.75333,2.75333,7.12,12,1.0,Hansi Flick,4-2-3-1,461000000.0,26.160662062099433,182.1818181818182,465.0,1
1807,A,2025-03-30,13:00,4407558.0,A,Getafe,3709.0,11,4,3,16,1,0,0.9714,0.940085,0.940085,7.407407407407407,4,12.0,José Bordalás,4-1-4-1,37100000.0,29.455541036649866,181.54545454545453,143.0,1
1808,D,2025-03-31,20:00,4407557.0,H,Celta Vigo,940.0,19,7,4,17,3,0,1.7913,1.07663,1.07663,8.413793103448276,10,7.0,Claudio Giráldez,5-4-1,28200000.0,27.63213241241989,181.0909090909091,74.0,1
1809,A,2025-04-04,20:00,4407553.0,A,Rayo Vallecano,367.0,16,5,8,8,2,0,0.0791999999999999,0.501253,0.501253,7.2,7,10.0,Iñigo Pérez,4-2-3-1,39800000.0,29.800261340302406,180.45454545454547,101.0,1
1810,A,2025-04-05,13:00,4407552.0,D,Girona,12321.0,11,6,1,9,1,0,2.1002,1.73306,1.73306,10.5,7,15.0,Míchel,4-2-3-1,91200000.0,27.64855951714268,183.1818181818182,241.0,1
1811,A,2025-04-05,15:15,4407545.0,A,Real Madrid,418.0,21,9,9,10,0,0,2.6790000000000003,3.36121,2.61794,5.266666666666667,15,2.0,Carlo Ancelotti,4-4-2,860000000.0,27.38224130421256,180.45454545454547,622.0,1
1812,A,2025-04-05,17:30,4407550.0,H,Mallorca,237.0,7,2,4,9,3,0,0.9213,0.670008,0.670008,15.95,1,9.0,Jagoba Arrasate,4-2-3-1,37700000.0,30.092464687947235,183.1818181818182,203.0,1
1813,D,2025-04-05,20:00,4407544.0,D,Barcelona,131.0,13,5,9,16,2,0,2.4378,1.46844,1.46844,4.709677419354839,12,1.0,Hansi Flick,4-2-3-1,596000000.0,25.225561570530772,182.1818181818182,552.0,1
1814,A,2025-04-06,13:00,4407546.0,A,Las Palmas,472.0,13,5,5,7,0,0,0.6674,1.75387,1.75387,7.714285714285714,10,19.0,Diego Martínez,4-4-2 double 6,80000000.0,25.424180200360897,181.0909090909091,106.0,1
1815,A,2025-04-06,15:15,4407549.0,D,Sevilla,368.0,11,6,7,14,1,0,0.9022,0.818692,0.818692,13.125,4,12.0,Xavier García Pimienta,4-3-3 Attacking,131900000.0,26.250264451496488,185.0,254.0,1
1816,A,2025-04-06,17:30,4407551.0,A,Real Valladolid,366.0,5,0,3,11,3,1,0.0922,0.300994,0.300994,12.38888888888889,0,20.0,Álvaro Rubio,4-4-2,15800000.0,25.524733992906476,182.63636363636363,57.0,1
1817,D,2025-04-06,20:00,4407548.0,D,Villarreal,1050.0,12,4,6,9,0,1,1.8301,1.59491,1.59491,10.045454545454543,7,5.0,Marcelino,4-4-2,109900000.0,27.625412233215105,184.45454545454547,138.0,1
1818,D,2025-04-07,20:00,4407547.0,D,Leganes,1244.0,13,7,4,18,3,0,1.4955,2.22334,1.48006,9.2,6,18.0,Borja Jiménez,5-4-1,25200000.0,28.6565863978595,183.27272727272728,189.0,1
1819,H,2025-04-11,20:00,4407632.0,H,Valencia,1049.0,8,6,3,10,3,0,1.8449,1.42634,1.42634,12.055555555555555,7,13.0,Carlos Corberán,4-2-3-1,140500000.0,25.784083131105717,184.0909090909091,138.0,1
1820,A,2025-04-12,17:30,4407633.0,A,Celta Vigo,940.0,16,6,13,14,2,0,1.3147,0.824366,0.824366,7.892857142857143,8,7.0,Claudio Giráldez,5-4-1,38700000.0,28.148590629083444,178.72727272727272,59.0,1
1821,A,2025-04-12,20:00,4407629.0,D,Leganes,1244.0,6,1,4,10,2,0,0.8533999999999999,0.5988,0.5988,15.789473684210526,5,19.0,Borja Jiménez,4-5-1 flat,18800000.0,27.523116171986807,181.1818181818182,158.0,1
1822,A,2025-04-12,13:00,4407631.0,A,Real Sociedad,681.0,15,4,8,11,3,0,1.1264,0.616782,0.616782,4.935483870967742,3,9.0,Imanol Alguacil,4-2-3-1,186500000.0,25.102109389583724,180.1818181818182,174.0,1
1823,A,2025-04-12,15:15,4407627.0,H,Getafe,3709.0,11,6,3,14,0,1,1.4324,1.61783,1.61783,11.2,5,11.0,José Bordalás,4-2-3-1,43800000.0,29.06850849355983,182.27272727272728,65.0,1
1824,H,2025-04-13,20:00,4407624.0,A,Athletic Club,621.0,13,4,7,12,4,0,1.476,1.97654,1.23326,7.925925925925926,9,4.0,Ernesto Valverde,4-2-3-1,141800000.0,25.596664799950222,181.27272727272728,83.0,1
1825,A,2025-04-13,17:30,4407626.0,D,Real Betis,150.0,24,5,5,4,0,0,1.8614,2.04046,2.04046,11.142857142857142,15,6.0,Manuel Pellegrini,4-2-3-1,127100000.0,28.816128430091467,180.1818181818182,127.0,1
1826,A,2025-04-13,15:15,4407628.0,A,Alaves,1108.0,13,6,4,21,4,1,0.7435,0.607781,0.607781,5.7317073170731705,4,17.0,Eduardo Coudet,4-2-3-1,47000000.0,26.749548876858935,182.0,65.0,1
1827,H,2025-04-13,13:00,4407630.0,H,Osasuna,331.0,13,6,4,17,2,0,2.4074,1.68846,1.68846,16.8,4,12.0,Vicente Moreno,5-4-1,78000000.0,27.898201729823906,185.72727272727272,66.0,1
1828,H,2025-04-14,20:00,4407625.0,H,Atletico Madrid,13.0,24,9,5,11,1,0,2.8014,4.06291,2.57636,12.20689655172414,11,3.0,Diego Simeone,4-4-2,317000000.0,28.618256486839652,179.36363636363637,515.0,1
1829,H,2025-04-18,20:00,4407636.0,H,Espanyol,714.0,9,3,6,12,0,0,0.8768,0.367268,0.367268,3.809523809523809,3,13.0,Manolo González,4-2-3-1,40500000.0,25.05656150830689,183.27272727272728,39.0,1
1830,D,2025-04-19,13:00,4407635.0,H,Rayo Vallecano,367.0,11,4,5,18,3,0,0.3536,0.722317,0.722317,6.7,5,10.0,Iñigo Pérez,4-2-3-1,42000000.0,29.428162528778547,181.0909090909091,99.0,1
1831,H,2025-04-19,15:15,4407634.0,D,Barcelona,131.0,18,6,4,10,2,0,1.4045,2.56587,1.82259,6.703703703703703,16,1.0,Hansi Flick,4-3-3 Attacking,361000000.0,27.19656524173978,181.8181818181818,533.0,1
1832,D,2025-04-19,17:30,4407643.0,D,Mallorca,237.0,11,1,4,17,2,0,1.4794,1.06921,1.06921,7.333333333333333,4,7.0,Jagoba Arrasate,5-3-2,48300000.0,30.1663866591998,184.54545454545453,158.0,1
1833,H,2025-04-19,20:00,4407638.0,D,Las Palmas,472.0,8,2,4,13,3,0,1.3417,0.768437,0.768437,14.24,4,17.0,Diego Martínez,4-4-2,87700000.0,25.6292701138697,181.54545454545453,100.0,1
1834,H,2025-04-20,20:00,4407637.0,D,Real Madrid,418.0,22,7,14,7,1,0,2.8554000000000004,2.40667,2.40667,6.105263157894737,7,2.0,Carlo Ancelotti,4-3-1-2,833000000.0,27.34938709476697,183.0,674.0,1
1835,D,2025-04-20,17:30,4407642.0,D,Sevilla,368.0,10,2,3,10,2,0,1.8219,1.89613,1.89613,10.272727272727272,2,15.0,Joaquín Caparrós,4-2-3-1,111650000.0,26.476261589197932,183.0909090909091,216.0,1
1836,A,2025-04-20,13:00,4407640.0,A,Real Valladolid,366.0,12,5,5,12,2,0,0.6580999999999999,1.45455,0.711273,15.77777777777778,3,20.0,Álvaro Rubio,4-1-4-1,16200000.0,27.320017422686828,182.1818181818182,146.0,1
1837,D,2025-04-20,15:15,4407641.0,D,Villarreal,1050.0,20,5,10,12,5,0,1.1849,2.14498,2.14498,16.0,7,5.0,Marcelino,4-4-2,93400000.0,28.012693671831247,183.63636363636363,87.0,1
1838,A,2025-04-21,20:00,4407639.0,A,Girona,12321.0,11,5,8,13,3,0,0.6091,1.10326,1.10326,11.055555555555555,2,16.0,Míchel,4-3-3 Attacking,108000000.0,27.282434198245287,181.27272727272728,304.0,1
1839,D,2025-04-22,18:00,4407623.0,A,Valencia,1049.0,16,7,6,7,2,0,2.0386,1.07897,1.07897,11.0,8,14.0,Carlos Corberán,4-2-3-1,151500000.0,25.56256611287412,182.8181818181818,127.0,1
1840,H,2025-04-22,20:30,4407616.0,D,Barcelona,131.0,40,13,13,10,0,0,2.898,3.43457,3.43457,3.1515151515151514,22,1.0,Hansi Flick,4-2-3-1,496000000.0,24.86814759504698,182.0,358.0,1
1841,A,2025-04-23,20:30,4407619.0,A,Getafe,3709.0,20,6,4,15,3,0,1.9503,2.53565,2.53565,13.115384615384617,5,13.0,José Bordalás,5-4-1,42900000.0,29.239997511044738,182.45454545454547,188.0,1
1842,H,2025-04-23,20:30,4407621.0,D,Alaves,1108.0,10,1,6,17,4,0,1.6892999999999998,0.815479,0.815479,6.534883720930233,2,17.0,Eduardo Coudet,4-2-3-1,45500000.0,27.40563748366623,182.0909090909091,28.0,1
1843,H,2025-04-23,18:00,4407618.0,H,Celta Vigo,940.0,21,9,6,16,2,0,2.8774,3.19678,2.45351,9.88,12,7.0,Claudio Giráldez,5-4-1,26900000.0,26.64551054694792,182.0,28.0,1
1844,H,2025-04-23,18:00,4407614.0,H,Athletic Club,621.0,13,4,3,13,1,0,2.539,2.63805,2.63805,11.24,9,4.0,Ernesto Valverde,4-2-3-1,167100000.0,28.924149088420133,182.9090909090909,109.0,1
1845,D,2025-04-24,18:00,4407622.0,D,Leganes,1244.0,7,1,4,16,4,1,0.8315,0.330809,0.330809,15.6,2,19.0,Borja Jiménez,5-4-1,21800000.0,27.389957065521745,181.72727272727272,157.0,1
1846,H,2025-04-24,18:00,4407620.0,H,Osasuna,331.0,9,2,4,14,4,0,0.7769999999999999,0.373711,0.373711,11.058823529411764,1,8.0,Vicente Moreno,5-4-1,73000000.0,27.89596167008898,185.45454545454547,65.0,1
1847,H,2025-04-24,20:30,4407615.0,H,Atletico Madrid,13.0,10,5,6,8,0,0,2.6728,3.34529,3.34529,19.764705882352946,9,3.0,Diego Simeone,4-4-2,359000000.0,27.83722232592869,181.63636363636363,391.0,1
1848,H,2025-04-24,20:30,4407617.0,D,Real Betis,150.0,16,6,4,7,1,0,2.4078,2.26702,2.26702,6.185185185185185,14,6.0,Manuel Pellegrini,4-2-3-1,129600000.0,28.90498413291021,180.9090909090909,277.0,1
1849,H,2025-04-27,15:15,4407743.0,D,Villarreal,1050.0,14,5,8,19,4,0,1.2125,1.35413,1.35413,10.576923076923077,11,5.0,Marcelino,4-4-2,100400000.0,27.90541970008089,184.27272727272728,138.0,1
1850,H,2025-05-02,20:00,4407611.0,H,Rayo Vallecano,367.0,13,8,7,12,3,0,1.7187,1.2162,1.2162,5.625,4,9.0,Iñigo Pérez,4-2-3-1,28200000.0,31.202289838840148,177.0909090909091,63.0,1
1851,D,2025-05-03,13:00,4407606.0,D,Alaves,1108.0,8,2,3,18,3,0,1.833,0.908148,0.908148,8.588235294117647,5,17.0,Eduardo Coudet,4-2-3-1,47000000.0,27.550245784332027,181.27272727272728,27.0,1
1852,H,2025-05-03,15:15,4407612.0,H,Villarreal,1050.0,15,5,2,10,4,0,2.0073,2.30041,2.30041,18.23076923076923,11,5.0,Marcelino,4-4-2,83400000.0,28.261589197934168,185.8181818181818,157.0,1
1853,A,2025-05-03,17:30,4407605.0,D,Las Palmas,472.0,15,3,9,12,1,0,1.4308,1.80995,1.06667,10.695652173913045,7,18.0,Diego Martínez,4-2-3-1,60700000.0,26.514591500217783,180.36363636363637,58.0,1
1854,A,2025-05-03,20:00,4407609.0,H,Real Valladolid,366.0,5,4,4,12,3,0,0.4548999999999999,0.745612,0.745612,22.23076923076923,0,20.0,Álvaro Rubio,4-3-3 Attacking,15200000.0,27.11691867338685,181.1818181818182,82.0,1
1855,H,2025-05-04,13:00,4407610.0,H,Real Madrid,418.0,17,6,4,5,2,0,1.9822,3.07408,3.07408,15.421052631578949,14,2.0,Carlo Ancelotti,4-2-3-1,870000000.0,26.252006720179203,181.0909090909091,465.0,1
1856,D,2025-05-04,15:15,4407613.0,D,Sevilla,368.0,25,7,8,17,4,0,2.4946,2.33742,2.33742,5.068965517241379,8,16.0,Joaquín Caparrós,4-2-3-1,90400000.0,26.46282123078838,183.8181818181818,155.0,1
1857,A,2025-05-04,17:30,4407607.0,H,Espanyol,714.0,11,5,3,16,2,0,1.1917,0.873167,0.873167,15.105263157894736,9,14.0,Manolo González,4-2-3-1,64000000.0,25.378881214610168,183.45454545454547,40.0,1
1858,D,2025-05-04,20:00,4407608.0,D,Real Sociedad,681.0,12,3,7,18,1,0,1.9764,0.893155,0.893155,5.777777777777778,3,11.0,Imanol Alguacil,4-1-4-1,224500000.0,26.567606247277705,180.54545454545453,261.0,1
1859,H,2025-05-05,20:00,4407604.0,H,Girona,12321.0,13,6,5,11,0,0,2.4245,1.77813,1.77813,9.806451612903226,6,15.0,Míchel,4-3-3 Attacking,75300000.0,30.30875490013067,181.45454545454547,329.0,1
1860,A,2025-05-09,20:00,4407600.0,D,Las Palmas,472.0,11,2,8,8,2,0,1.0719,0.721442,0.721442,9.9,2,19.0,Diego Martínez,4-4-2 double 6,60400000.0,25.679547010142493,181.36363636363637,70.0,1
1861,H,2025-05-10,13:00,4407601.0,H,Valencia,1049.0,10,6,2,17,3,0,2.8204,2.97396,1.48741,5.095238095238095,7,11.0,Carlos Corberán,4-2-3-1,165500000.0,25.864476386036962,182.8181818181818,127.0,1
1862,H,2025-05-10,15:15,4407597.0,D,Celta Vigo,940.0,8,4,3,11,0,1,0.3598,0.959531,0.959531,19.615384615384617,4,7.0,Claudio Giráldez,4-1-4-1,25900000.0,26.669902308506003,183.0909090909091,61.0,1
1863,A,2025-05-10,17:30,4407598.0,D,Girona,12321.0,7,0,5,13,2,0,0.1543999999999999,0.280235,0.280235,14.473684210526317,4,15.0,Míchel,4-3-3 Attacking,75300000.0,30.32244415406633,181.45454545454547,329.0,1
1864,H,2025-05-10,17:30,4407599.0,D,Mallorca,237.0,12,4,5,16,2,0,0.6996,1.75638,1.75638,8.428571428571429,4,8.0,Jagoba Arrasate,4-2-3-1,49000000.0,30.74556654844129,183.54545454545453,206.0,1
1865,H,2025-05-10,20:00,4407594.0,H,Atletico Madrid,13.0,13,7,3,7,0,0,2.5302,1.71528,1.71528,17.3125,6,3.0,Diego Simeone,4-3-3 Attacking,281000000.0,28.66206209943376,181.63636363636363,472.0,1
1866,H,2025-05-11,13:00,4407603.0,H,Leganes,1244.0,13,5,3,14,2,0,1.719,2.05779,2.05779,7.416666666666667,5,18.0,Borja Jiménez,3-4-3,21000000.0,27.25281563063904,181.36363636363637,178.0,1
1867,H,2025-05-11,15:15,4407595.0,H,Barcelona,131.0,23,9,10,17,4,0,2.2721000000000005,4.10632,4.10632,7.1923076923076925,13,1.0,Hansi Flick,4-2-3-1,471000000.0,25.79851907161969,181.9090909090909,407.0,1
1868,H,2025-05-11,17:30,4407602.0,D,Athletic Club,621.0,11,3,9,17,1,0,1.9533,1.35049,1.35049,3.9705882352941178,6,4.0,Ernesto Valverde,4-2-3-1,75600000.0,27.131105718374712,181.36363636363637,85.0,1
1869,D,2025-05-11,20:00,4407596.0,D,Real Betis,150.0,10,5,6,8,3,0,0.2143,0.359348,0.359348,10.578947368421051,8,6.0,Manuel Pellegrini,4-2-3-1,103600000.0,28.046543463381248,182.0909090909091,210.0,1
1870,A,2025-05-13,18:00,4407580.0,D,Real Valladolid,366.0,11,4,6,5,0,0,1.1263999999999998,1.30694,1.30694,33.888888888888886,5,20.0,Álvaro Rubio,5-4-1,14050000.0,24.918673386845875,181.1818181818182,156.0,1
1871,A,2025-05-13,19:00,4407579.0,A,Real Sociedad,681.0,15,5,14,18,3,0,2.6071,3.31324,3.31324,6.714285714285714,3,12.0,Imanol Alguacil,4-2-3-1,213500000.0,27.598780411922096,179.0909090909091,198.0,1
1872,H,2025-05-13,20:30,4407582.0,D,Sevilla,368.0,10,3,4,22,6,0,1.8263,0.93125,0.93125,6.783783783783784,7,14.0,Joaquín Caparrós,4-2-3-1,112900000.0,26.07678426980275,186.0909090909091,190.0,1
1873,H,2025-05-14,18:00,4407583.0,H,Villarreal,1050.0,17,7,3,5,1,0,2.1338,2.28885,2.28885,26.5,11,5.0,Marcelino,4-2-3-1,141500000.0,26.858316221765914,183.27272727272728,191.0,1
1874,H,2025-05-14,20:30,4407581.0,A,Real Madrid,418.0,39,13,26,6,0,0,2.8647,3.46174,3.46174,9.235294117647058,16,2.0,Carlo Ancelotti,4-4-2,591000000.0,25.81021716134653,181.45454545454547,578.0,1
1875,H,2025-05-14,18:00,4407574.0,D,Alaves,1108.0,11,5,9,16,4,0,2.5455,2.06262,1.31934,12.92,5,17.0,Eduardo Coudet,4-1-4-1,47000000.0,27.580362142990477,181.27272727272728,27.0,1
1876,D,2025-05-15,18:00,4407578.0,H,Rayo Vallecano,367.0,20,6,10,8,1,0,1.4424,1.30199,1.30199,11.571428571428571,8,8.0,Iñigo Pérez,4-2-3-1,42700000.0,30.52803185862734,178.8181818181818,112.0,1
1877,H,2025-05-15,18:00,4407577.0,H,Osasuna,331.0,9,3,3,12,1,0,1.1429,1.07473,1.07473,12.333333333333334,1,9.0,Vicente Moreno,4-2-3-1,77700000.0,28.81961296745691,182.1818181818182,63.0,1
1878,A,2025-05-15,20:30,4407575.0,D,Espanyol,714.0,9,1,3,8,2,1,2.0679,1.51531,1.51531,23.4375,4,16.0,Manolo González,4-2-3-1,64000000.0,25.40899757326862,183.45454545454547,40.0,1
1879,A,2025-05-15,20:30,4407576.0,D,Getafe,3709.0,11,1,2,10,1,0,0.8197999999999999,0.73382,0.73382,12.782608695652174,5,15.0,José Bordalás,4-4-2,56500000.0,27.290398855080582,185.27272727272728,61.0,1
1880,A,2025-05-18,18:00,4407591.0,A,Real Valladolid,366.0,7,1,5,12,0,0,0.9817,0.890453,0.890453,10.4375,4,20.0,Álvaro Rubio,3-4-3,16050000.0,24.040321075228675,182.72727272727272,121.0,1
1881,H,2025-05-18,18:00,4407584.0,H,Atletico Madrid,13.0,20,11,7,12,1,0,2.9495,4.94276,4.94276,14.136363636363637,18,3.0,Diego Simeone,4-4-2,314000000.0,28.953518760500277,180.72727272727272,436.0,1
1882,A,2025-05-18,18:00,4407585.0,H,Barcelona,131.0,24,9,11,14,2,0,1.0637,1.569,1.569,6.862068965517241,16,1.0,Hansi Flick,4-2-3-1,438000000.0,25.56729512787007,180.36363636363637,400.0,1
1883,A,2025-05-18,18:00,4407586.0,A,Celta Vigo,940.0,24,7,9,10,2,0,2.4139,2.4242,1.68092,11.2,9,7.0,Claudio Giráldez,3-4-2-1,40900000.0,26.01904050774687,182.36363636363637,53.0,1
1884,A,2025-05-18,18:00,4407592.0,A,Las Palmas,472.0,12,3,9,15,2,0,0.8335999999999999,0.513718,0.513718,5.0,1,19.0,Diego Martínez,4-4-2 double 6,45900000.0,25.623794412295442,180.27272727272728,94.0,1
1885,A,2025-05-18,18:00,4407588.0,D,Mallorca,237.0,7,1,3,14,2,0,0.6712,0.809089,0.809089,5.571428571428571,2,10.0,Jagoba Arrasate,4-2-3-1,47300000.0,30.28486092962479,183.54545454545453,153.0,1
1886,H,2025-05-18,18:00,4407593.0,H,Osasuna,331.0,16,3,8,11,1,0,2.3937,1.92502,1.92502,12.736842105263158,6,9.0,Vicente Moreno,4-2-3-1,78500000.0,28.64687947234148,182.36363636363637,64.0,1
1887,A,2025-05-18,18:00,4407590.0,D,Sevilla,368.0,6,1,1,7,0,2,0.2493,0.484891,0.484891,21.444444444444443,1,16.0,Joaquín Caparrós,4-4-2 double 6,100900000.0,26.811523862858564,186.45454545454547,263.0,1
1888,H,2025-05-18,18:00,4407589.0,H,Real Sociedad,681.0,15,9,9,10,1,0,1.5257,1.87253,1.12925,10.909090909090908,3,11.0,Imanol Alguacil,4-2-3-1,208000000.0,27.07460643394935,180.1818181818182,203.0,1
1889,A,2025-05-18,18:00,4407587.0,D,Valencia,1049.0,6,2,5,10,3,0,0.616,0.388682,0.388682,13.666666666666666,0,12.0,Carlos Corberán,4-4-2 double 6,143000000.0,25.54514342604692,184.9090909090909,154.0,1
1890,D,2025-05-23,20:00,4407565.0,H,Real Betis,150.0,14,4,3,8,1,0,1.7851,1.15286,1.15286,11.62962962962963,10,6.0,Manuel Pellegrini,4-2-3-1,128100000.0,28.71383236886317,181.36363636363637,222.0,1
1891,D,2025-05-24,20:00,4407572.0,D,Rayo Vallecano,367.0,27,8,11,9,2,0,2.3476,2.11982,2.11982,9.4,11,8.0,Iñigo Pérez,4-2-3-1,42200000.0,30.7888743699832,177.9090909090909,114.0,1
1892,A,2025-05-24,20:00,4407571.0,D,Getafe,3709.0,6,1,2,13,3,1,0.522,0.35897,0.35897,23.125,1,13.0,José Bordalás,4-2-3-1,50600000.0,29.32785763175907,185.0909090909091,163.0,1
1893,D,2025-05-24,20:00,4407567.0,D,Alaves,1108.0,14,5,5,15,2,0,1.138,1.57466,0.831379,7.068965517241379,8,15.0,Eduardo Coudet,4-2-3-1,40500000.0,28.46618132039077,181.1818181818182,33.0,1
1894,H,2025-05-24,17:30,4407568.0,H,Leganes,1244.0,16,6,3,11,0,0,2.4347,1.74736,1.74736,8.586206896551724,8,18.0,Borja Jiménez,4-2-3-1,22700000.0,27.55995270985004,181.9090909090909,161.0,1
1895,H,2025-05-24,17:30,4407569.0,D,Espanyol,714.0,8,3,3,12,3,0,2.2455000000000003,1.72167,0.978393,15.571428571428571,2,14.0,Manolo González,4-2-3-1,59500000.0,25.9446207454421,182.36363636363637,14.0,1
1896,H,2025-05-24,15:15,4407566.0,H,Real Madrid,418.0,16,8,11,5,0,0,2.4199,2.61915,1.73214,11.08,11,2.0,Carlo Ancelotti,4-3-3 Attacking,551000000.0,27.396677244726526,178.45454545454547,501.0,1
1897,A,2025-05-25,13:00,4407570.0,D,Girona,12321.0,2,1,1,13,0,0,0.0025,0.0503369,0.0503369,15.45,4,16.0,Míchel,4-2-3-1,79500000.0,27.540787754340116,180.36363636363637,360.0,1
1898,H,2025-05-25,15:15,4407573.0,H,Villarreal,1050.0,12,7,3,8,0,0,1.0814,1.28805,1.28805,14.68421052631579,11,5.0,Marcelino,4-4-2 double 6,113000000.0,24.883330222139254,184.36363636363637,175.0,1
1899,A,2025-05-25,20:00,4407564.0,A,Athletic Club,621.0,10,1,2,21,1,0,0.0985,0.750806,0.750806,14.555555555555555,4,4.0,Ernesto Valverde,4-2-3-1,154100000.0,27.739904175222453,182.45454545454547,103.0,1
1900,A,2025-08-15,18:00,4645606.0,A,Girona,12321.0,7,2,2,8,0,1,0.0931,0.795304,0.795304,24.0,1,17.0,Míchel,4-2-3-1,87500000.0,27.07460643394935,183.8181818181818,307.0,1
1901,H,2025-08-15,20:30,4645612.0,H,Villarreal,1050.0,25,10,10,10,1,0,2.5516,2.60739,2.60739,8.142857142857142,20,3.0,Marcelino,4-4-2,45000000.0,26.24229979466119,185.0,174.0,1
1902,D,2025-08-16,20:30,4645611.0,D,Valencia,1049.0,18,2,8,5,1,0,1.789,1.58599,1.58599,18.166666666666668,9,10.0,Carlos Corberán,4-2-3-1,46000000.0,26.956381059050464,182.63636363636363,81.0,1
1903,H,2025-08-16,20:30,4645605.0,H,Alaves,1108.0,15,4,10,15,0,0,2.1765,1.72315,1.72315,6.380952380952381,2,6.0,Eduardo Coudet,4-1-4-1,25000000.0,27.614211934540478,181.54545454545453,21.0,1
1904,A,2025-08-16,18:30,4645608.0,A,Mallorca,237.0,4,1,3,8,4,2,0.3698,0.529217,0.529217,19.25,2,20.0,Jagoba Arrasate,4-2-3-1,31300000.0,28.91817559579367,181.63636363636363,207.0,1
1905,A,2025-08-17,16:00,4645614.0,D,Celta Vigo,940.0,11,3,9,15,3,0,0.6757,0.744247,0.744247,3.793103448275862,11,18.0,Claudio Giráldez,5-4-1,20500000.0,27.063157239748616,181.0,78.0,1
1906,H,2025-08-17,18:30,4645613.0,H,Athletic Club,621.0,14,3,10,8,0,0,2.5636,2.67586,1.93258,20.266666666666666,12,5.0,Ernesto Valverde,4-2-3-1,85000000.0,27.633625785576502,182.54545454545453,138.0,1
1907,H,2025-08-17,20:30,4645607.0,A,Espanyol,714.0,10,5,1,14,3,0,1.5104,1.41508,1.41508,19.68421052631579,2,7.0,Manolo González,4-2-3-1,29000000.0,27.058677120278762,181.1818181818182,31.0,1
1908,D,2025-08-18,20:00,4645609.0,A,Elche,1531.0,6,2,1,14,0,0,0.8518,0.981494,0.981494,8.25,5,11.0,Eder Sarabia,4-3-3 Attacking,6400000.0,27.13894592744695,182.1,15.0,1
1909,H,2025-08-19,20:00,4645610.0,D,Real Madrid,418.0,18,5,7,10,1,0,2.5454,1.4294,0.686125,7.25,9,8.0,Xabi Alonso,4-3-3 Attacking,255000000.0,25.58272665048846,183.63636363636363,507.0,1
1910,H,2025-08-22,20:30,4645521.0,H,Real Betis,150.0,16,5,5,10,2,0,1.8861,2.13985,2.13985,13.68421052631579,8,7.0,Manuel Pellegrini,4-2-3-1,36000000.0,28.47862609669591,181.0909090909091,118.0,1
1911,A,2025-08-23,20:30,4645522.0,H,Levante,3368.0,8,5,0,10,3,0,1.5374,2.68812,1.94484,18.5625,4,17.0,Julián Calero,5-4-1,0.0,28.442162902121833,179.1,40.0,1
1912,D,2025-08-23,16:00,4645523.0,A,Mallorca,237.0,12,4,3,12,3,0,1.0579999999999998,0.664974,0.664974,17.647058823529413,6,16.0,Jagoba Arrasate,4-2-3-1,24700000.0,28.615020845000313,181.0909090909091,165.0,1
1913,D,2025-08-23,18:30,4645518.0,D,Atletico Madrid,13.0,13,6,10,14,0,0,2.4916,1.68159,1.68159,7.96875,13,13.0,Diego Simeone,4-4-2,331000000.0,26.470536992097564,182.72727272727272,380.0,1
1914,H,2025-08-24,16:00,4645519.0,H,Osasuna,331.0,16,4,3,14,2,0,1.6038,0.946758,0.946758,11.68421052631579,7,10.0,Alessio Lisci,5-4-1,62500000.0,28.955261029183,183.1818181818182,71.0,1
1915,D,2025-08-24,18:30,4645524.0,A,Real Sociedad,681.0,15,7,5,16,2,0,0.9957,1.43366,1.43366,6.1923076923076925,5,11.0,Sergio Francisco,4-1-4-1,133000000.0,24.645883890237073,179.9090909090909,182.0,1
1916,H,2025-08-24,18:30,4645516.0,H,Villarreal,1050.0,19,7,8,8,1,0,2.9441,2.97707,2.97707,18.4375,12,1.0,Marcelino,4-4-2,45000000.0,25.645199427540287,185.27272727272728,214.0,1
1917,A,2025-08-24,20:30,4645520.0,A,Real Oviedo,2497.0,6,3,1,8,2,0,0.3472999999999999,0.33749,0.33749,24.75,6,19.0,Veljko Paunovic,3-4-3,6300000.0,29.0113620807666,184.6,191.0,1
1918,H,2025-08-25,18:30,4645517.0,D,Athletic Club,621.0,11,4,3,13,0,0,2.4265,1.68759,0.944308,12.88,7,5.0,Ernesto Valverde,4-2-3-1,85000000.0,27.655528591873562,182.54545454545453,138.0,1
1919,A,2025-08-25,20:30,4645515.0,D,Sevilla,368.0,12,3,5,10,2,0,0.8265,0.833075,0.833075,3.625,4,18.0,Matías Almeyda,4-2-3-1,58900000.0,26.51359591811337,185.63636363636363,294.0,1
1920,D,2025-08-27,20:00,4645543.0,A,Celta Vigo,940.0,14,5,10,13,1,0,1.4881,0.905201,0.905201,19.866666666666667,12,15.0,Claudio Giráldez,3-4-2-1,30500000.0,24.80343475826022,182.36363636363637,58.0,1
1921,H,2025-08-29,18:30,4645529.0,D,Elche,1531.0,16,5,4,14,1,0,1.716,1.44309,1.44309,7.368421052631579,7,7.0,Eder Sarabia,5-3-2,5500000.0,26.999937776118475,182.54545454545453,22.0,1
1922,H,2025-08-29,20:30,4645525.0,H,Valencia,1049.0,7,4,8,18,2,0,2.0452,1.54336,1.54336,9.733333333333333,1,8.0,Carlos Corberán,4-2-3-1,44500000.0,26.75228672764607,182.8181818181818,94.0,1
1923,D,2025-08-30,16:00,4645527.0,D,Alaves,1108.0,5,2,1,10,2,0,1.3242,0.855094,0.111816,20.928571428571427,3,11.0,Eduardo Coudet,4-4-2,25000000.0,27.779478563872814,181.54545454545453,26.0,1
1924,H,2025-08-30,18:00,4645532.0,H,Real Oviedo,2497.0,8,1,1,7,2,0,0.8917,0.45706,0.45706,19.375,4,14.0,Veljko Paunovic,4-2-3-1,6300000.0,28.169746748802194,184.1818181818182,73.0,1
1925,A,2025-08-30,18:30,4645531.0,A,Girona,12321.0,20,5,11,5,0,0,1.7043,2.00908,2.00908,9.45,9,20.0,Míchel,4-2-3-1,78000000.0,28.874369983199554,181.63636363636363,243.0,1
1926,H,2025-08-30,20:30,4645526.0,H,Real Madrid,418.0,17,7,4,12,2,0,2.3843,1.84116,1.84116,9.565217391304348,13,1.0,Xabi Alonso,4-2-3-1,255000000.0,24.88283243108705,184.36363636363637,487.0,1
1927,D,2025-08-31,20:30,4645534.0,A,Rayo Vallecano,367.0,12,6,9,16,4,0,1.008,1.87124,1.87124,8.03125,3,9.0,Iñigo Pérez,4-3-3 Attacking,35500000.0,29.748739966399103,178.54545454545453,91.0,1
1928,H,2025-08-31,18:30,4645530.0,D,Espanyol,714.0,10,4,2,13,2,0,1.3497,1.36886,1.36886,14.45,6,5.0,Manolo González,4-2-3-1,30200000.0,28.927882521311677,180.63636363636363,27.0,1
1929,A,2025-08-31,18:00,4645533.0,D,Real Betis,150.0,9,2,4,9,1,0,0.9833,0.716186,0.716186,10.115384615384617,4,10.0,Manuel Pellegrini,4-2-3-1,40000000.0,26.485719619189844,180.1818181818182,119.0,1
1930,D,2025-08-31,16:00,4645528.0,D,Celta Vigo,940.0,10,2,1,11,1,0,1.2254,0.876041,0.876041,9.772727272727272,9,17.0,Claudio Giráldez,3-4-3,44500000.0,25.295501213365693,178.0909090909091,41.0,1
1931,D,2025-09-12,20:00,4645574.0,H,Sevilla,368.0,7,3,2,23,4,0,0.7806,0.346397,0.346397,5.45,5,12.0,Matías Almeyda,4-3-3 Attacking,33500000.0,27.956941073984193,184.45454545454547,284.0,1
1932,H,2025-09-13,13:00,4645570.0,H,Getafe,3709.0,10,3,4,12,2,0,1.9166,0.954087,0.954087,8.62962962962963,2,5.0,José Bordalás,5-3-2,28100000.0,29.24024640657084,181.63636363636363,149.0,1
1933,A,2025-09-13,15:15,4645565.0,A,Real Sociedad,681.0,23,4,12,17,2,0,1.778,3.14772,2.40444,8.105263157894736,10,17.0,Sergio Francisco,4-3-3 Attacking,88000000.0,26.765975981581732,181.0,134.0,1
1934,A,2025-09-13,17:30,4645572.0,D,Athletic Club,621.0,12,3,6,17,4,0,2.1837,0.866662,0.866662,5.078947368421052,5,4.0,Ernesto Valverde,4-2-3-1,52500000.0,28.30763487026321,182.8181818181818,109.0,1
1935,H,2025-09-13,20:00,4645566.0,H,Atletico Madrid,13.0,8,3,8,12,2,0,2.1187,1.5106,1.5106,14.285714285714286,5,10.0,Diego Simeone,4-4-2,274000000.0,28.34223134839151,180.72727272727272,487.0,1
1936,D,2025-09-14,13:00,4645568.0,A,Celta Vigo,940.0,21,7,10,7,0,0,1.6802,1.80278,1.0595,12.045454545454543,11,15.0,Claudio Giráldez,5-4-1,32300000.0,25.83610229606123,180.36363636363637,64.0,1
1937,D,2025-09-14,15:15,4645573.0,H,Levante,3368.0,5,2,4,16,3,0,0.5964,1.02425,1.02425,14.80952380952381,6,18.0,Julián Calero,4-3-3 Attacking,5400000.0,26.600211561197185,179.27272727272728,146.0,1
1938,H,2025-09-14,17:30,4645571.0,H,Osasuna,331.0,9,7,3,13,3,0,1.7471,1.4012,1.4012,22.53846153846154,0,9.0,Alessio Lisci,5-4-1,56300000.0,27.608238441914008,184.45454545454547,32.0,1
1939,H,2025-09-14,20:00,4645567.0,H,Barcelona,131.0,24,10,5,9,0,0,2.9609,3.46022,3.46022,6.7,13,2.0,Hansi Flick,4-2-3-1,80000000.0,23.497231037272105,180.54545454545453,257.0,1
1940,H,2025-09-15,20:00,4645569.0,H,Espanyol,714.0,9,3,3,9,2,1,1.881,2.67405,1.93077,20.615384615384617,3,3.0,Manolo González,4-4-2 double 6,31200000.0,27.40215294630079,181.63636363636363,34.0,1
1941,H,2025-09-19,20:00,4645487.0,D,Real Betis,150.0,21,6,3,7,3,0,2.6102,2.53579,2.53579,9.290322580645162,10,8.0,Manuel Pellegrini,4-2-3-1,70500000.0,28.26358036214299,180.9090909090909,236.0,1
1942,H,2025-09-20,20:00,4645490.0,D,Valencia,1049.0,13,5,5,13,1,0,2.5006,2.01007,2.01007,13.0,5,11.0,Carlos Corberán,4-4-2,49600000.0,27.870823221952584,182.63636363636363,107.0,1
1943,A,2025-09-20,17:30,4645485.0,D,Alaves,1108.0,8,5,4,20,1,0,1.3839,0.910257,0.166979,7.96875,4,10.0,Eduardo Coudet,4-3-3 Attacking,21500000.0,28.386036960985624,180.9090909090909,26.0,1
1944,H,2025-09-20,17:30,4645494.0,A,Villarreal,1050.0,26,8,7,10,2,0,2.3619,3.56395,3.56395,6.583333333333333,13,3.0,Marcelino,4-4-2 double 6,100500000.0,25.735797399041754,183.45454545454547,258.0,1
1945,A,2025-09-20,13:00,4645489.0,A,Girona,12321.0,7,1,5,11,4,2,0.0145,0.423855,0.423855,35.0,4,20.0,Míchel,4-3-3 Attacking,96900000.0,27.106465061290525,182.0,338.0,1
1946,H,2025-09-20,15:15,4645493.0,H,Real Madrid,418.0,16,5,5,10,2,0,2.229,2.06136,2.06136,7.521739130434782,8,1.0,Xabi Alonso,4-4-2,170000000.0,25.8338622363263,183.1818181818182,477.0,1
1947,D,2025-09-21,13:00,4645492.0,D,Rayo Vallecano,367.0,15,5,5,8,1,0,1.3601,1.3145,1.3145,12.411764705882351,7,14.0,Iñigo Pérez,4-2-3-1,27000000.0,30.130296807914878,178.54545454545453,102.0,1
1948,D,2025-09-21,15:15,4645491.0,D,Mallorca,237.0,8,3,3,14,0,0,0.2656,0.530939,0.530939,14.38888888888889,4,19.0,Jagoba Arrasate,5-3-2,42200000.0,28.975670462323443,183.8181818181818,216.0,1
1949,H,2025-09-21,17:30,4645488.0,H,Elche,1531.0,15,5,3,9,2,0,1.7524000000000002,1.57497,1.57497,10.736842105263158,7,5.0,Eder Sarabia,3-4-1-2,10000000.0,27.44745193205152,180.8181818181818,66.0,1
1950,H,2025-09-21,20:00,4645486.0,H,Barcelona,131.0,16,7,3,9,2,0,2.8927,2.96429,2.96429,8.823529411764707,8,2.0,Hansi Flick,4-2-3-1,30000000.0,27.17540912202103,182.45454545454547,558.0,1
1951,A,2025-09-23,20:30,4645539.0,A,Levante,3368.0,11,2,1,17,1,0,0.2246,1.70121,1.70121,14.214285714285714,5,17.0,Julián Calero,4-4-2,2000000.0,26.832928878103417,177.8181818181818,150.0,1
1952,D,2025-09-23,18:00,4645536.0,A,Athletic Club,621.0,17,5,8,19,0,0,2.2293,2.02629,2.02629,4.8108108108108105,8,6.0,Ernesto Valverde,4-2-3-1,40000000.0,27.27247837720117,184.45454545454547,148.0,1
1953,D,2025-09-23,18:00,4645538.0,A,Espanyol,714.0,21,10,8,9,1,0,2.728,3.31313,3.31313,11.0,14,4.0,Manolo González,4-2-3-1,29000000.0,27.855889490386406,181.45454545454547,61.0,1
1954,A,2025-09-23,20:30,4645540.0,A,Sevilla,368.0,16,2,3,17,2,0,0.3876,0.83617,0.83617,5.612903225806452,9,12.0,Matías Almeyda,5-4-1,36900000.0,28.177213614585277,184.72727272727272,322.0,1
1955,D,2025-09-24,18:00,4645541.0,D,Getafe,3709.0,7,1,2,14,2,0,0.7369,0.576203,0.576203,7.6,2,7.0,José Bordalás,4-3-3 Attacking,32300000.0,29.123514404828573,181.27272727272728,142.0,1
1956,H,2025-09-24,20:30,4645537.0,D,Atletico Madrid,13.0,20,8,8,6,3,0,2.8550000000000004,4.95017,4.95017,9.583333333333334,12,9.0,Diego Simeone,5-3-2,301500000.0,29.100864911953206,179.9090909090909,533.0,1
1957,H,2025-09-24,20:30,4645535.0,D,Real Sociedad,681.0,17,4,11,13,2,0,2.7414,2.82857,2.82857,6.52,11,16.0,Sergio Francisco,4-3-3 Attacking,119000000.0,26.70848111505196,180.1818181818182,185.0,1
1958,D,2025-09-25,18:30,4645544.0,H,Osasuna,331.0,9,2,2,19,2,0,1.4423,1.17524,1.17524,10.333333333333334,2,13.0,Alessio Lisci,3-4-1-2,49900000.0,27.83423557961546,185.1818181818182,58.0,1
1959,A,2025-09-25,20:30,4645542.0,H,Real Oviedo,2497.0,7,3,6,10,1,0,0.9101,1.45014,1.45014,34.8,4,18.0,Veljko Paunovic,4-4-1-1,15500000.0,29.581731068384045,181.8181818181818,329.0,1
1960,D,2025-09-26,20:00,4645584.0,D,Girona,12321.0,12,3,8,9,0,0,1.4789,1.07661,1.07661,12.0625,9,20.0,Míchel,5-3-2,71400000.0,28.449007529089666,181.8181818181818,333.0,1
1961,H,2025-09-27,17:30,4645581.0,H,Mallorca,237.0,12,3,4,14,2,0,1.7821,1.04267,1.04267,11.454545454545457,4,19.0,Jagoba Arrasate,4-2-3-1,46700000.0,28.612780785265386,182.9090909090909,190.0,1
1962,H,2025-09-27,20:00,4645582.0,D,Villarreal,1050.0,14,5,6,13,2,0,1.5831,1.86396,1.86396,16.6875,7,3.0,Marcelino,4-4-2,93000000.0,25.627278949660877,183.9090909090909,276.0,1
1963,D,2025-09-27,13:00,4645579.0,A,Getafe,3709.0,11,4,6,15,4,0,0.9649,0.830967,0.830967,5.260869565217392,3,8.0,José Bordalás,5-3-2,33400000.0,28.190902868520936,182.27272727272728,147.0,1
1964,H,2025-09-27,15:15,4645576.0,D,Atletico Madrid,13.0,13,7,7,17,5,0,2.5561000000000003,2.79075,2.04748,14.35,8,5.0,Diego Simeone,4-4-2,296000000.0,28.368365378632316,182.54545454545453,463.0,1
1965,H,2025-09-28,20:00,4645578.0,H,Real Betis,150.0,12,6,5,6,0,0,1.8872,1.18955,1.18955,16.5,7,6.0,Manuel Pellegrini,4-2-3-1,70500000.0,27.69734304025885,180.9090909090909,300.0,1
1966,H,2025-09-28,17:30,4645577.0,D,Barcelona,131.0,22,12,12,6,1,0,2.7018,3.00954,3.00954,8.588235294117647,19,1.0,Hansi Flick,4-2-3-1,50000000.0,26.886939207267748,183.54545454545453,585.0,1
1967,H,2025-09-28,15:15,4645583.0,D,Elche,1531.0,17,8,7,12,3,0,2.9096,4.03596,3.29281,10.65,6,4.0,Eder Sarabia,4-4-2,9000000.0,29.371912139879285,180.27272727272728,66.0,1
1968,A,2025-09-28,13:00,4645580.0,D,Rayo Vallecano,367.0,18,6,12,12,3,1,2.3784,1.89093,1.89093,10.2,8,16.0,Iñigo Pérez,4-2-3-1,33500000.0,29.84058241553108,178.72727272727272,88.0,1
1969,A,2025-09-30,19:00,4645575.0,H,Valencia,1049.0,16,5,5,14,1,0,1.9478,1.72261,0.979337,10.363636363636363,6,12.0,Carlos Corberán,4-4-2 double 6,41200000.0,27.70904112998569,182.27272727272728,103.0,1
1970,H,2025-10-03,20:00,4645512.0,D,Osasuna,331.0,7,3,1,11,1,0,1.1565,0.692026,0.692026,12.9,0,12.0,Alessio Lisci,5-3-2,49100000.0,29.180013689253936,184.1818181818182,61.0,1
1971,A,2025-10-04,13:00,4645513.0,A,Real Oviedo,2497.0,13,2,9,10,2,0,0.8866,1.08551,1.08551,17.416666666666668,6,17.0,Veljko Paunovic,4-3-3 Attacking,18500000.0,28.744446518573827,182.36363636363637,291.0,1
1972,H,2025-10-04,15:15,4645507.0,H,Girona,12321.0,4,4,0,13,5,2,0.5743,1.16415,1.16415,12.842105263157896,1,18.0,Míchel,5-4-1,83400000.0,28.123203285420946,181.1818181818182,309.0,1
1973,H,2025-10-04,17:30,4645506.0,H,Athletic Club,621.0,18,5,7,16,5,0,2.6402,1.73351,0.990232,9.785714285714286,3,8.0,Ernesto Valverde,4-4-2,18500000.0,28.02812519444963,182.54545454545453,167.0,1
1974,H,2025-10-04,20:00,4645508.0,D,Real Madrid,418.0,26,7,4,9,2,0,2.9068,4.32336,3.58009,5.827586206896552,13,1.0,Xabi Alonso,4-2-3-1,170000000.0,25.175533569784083,184.27272727272728,466.0,1
1975,D,2025-10-05,20:00,4645509.0,A,Celta Vigo,940.0,18,4,6,7,1,0,2.6139,2.27285,2.27285,12.041666666666666,12,16.0,Claudio Giráldez,5-4-1,18500000.0,27.037521000560012,180.8181818181818,51.0,1
1976,A,2025-10-05,17:30,4645514.0,D,Real Sociedad,681.0,10,3,7,13,1,0,1.3648,0.768998,0.768998,13.1,6,19.0,Sergio Francisco,4-1-4-1,97000000.0,27.14877730072802,180.72727272727272,170.0,1
1977,A,2025-10-05,17:30,4645511.0,H,Espanyol,714.0,14,5,10,16,2,0,1.8734,2.0699,1.32662,14.22222222222222,6,9.0,Manolo González,4-2-3-1,30200000.0,27.16495550992471,180.8181818181818,34.0,1
1978,H,2025-10-05,15:15,4645510.0,H,Sevilla,368.0,13,5,7,18,7,0,1.6833,2.89414,2.15086,9.48,5,6.0,Matías Almeyda,4-2-3-1,38100000.0,28.73697965279074,182.45454545454547,437.0,1
1979,H,2025-10-05,13:00,4645505.0,D,Alaves,1108.0,25,5,14,13,3,0,2.7159000000000004,2.85063,2.10735,8.433333333333334,6,10.0,Eduardo Coudet,4-4-2 double 6,33000000.0,27.07186858316222,179.0,35.0,1
1980,A,2025-10-17,20:00,4645603.0,D,Real Oviedo,2497.0,13,4,3,9,2,0,0.0717,1.21155,1.21155,7.571428571428571,9,19.0,Luis Carrión,4-2-3-1,17100000.0,28.396988364134156,183.8181818181818,261.0,1
1981,A,2025-10-18,13:00,4645604.0,H,Sevilla,368.0,13,4,9,16,2,0,0.8509,1.25884,1.25884,6.608695652173913,4,9.0,Matías Almeyda,4-2-3-1,51700000.0,27.44048285732064,184.0,282.0,1
1982,H,2025-10-18,15:15,4645597.0,D,Barcelona,131.0,27,9,11,10,1,0,1.8757,2.41958,2.41958,8.0,15,2.0,Hansi Flick,4-3-3 Attacking,100000000.0,24.07840209072242,180.45454545454547,375.0,1
1983,D,2025-10-18,17:30,4645602.0,H,Villarreal,1050.0,7,3,5,13,1,0,1.4367,0.980598,0.980598,19.823529411764707,5,3.0,Marcelino,4-4-2,76500000.0,26.661190965092405,184.1818181818182,145.0,1
1984,H,2025-10-18,20:00,4645596.0,D,Atletico Madrid,13.0,18,9,4,10,1,0,2.2838,2.24415,2.24415,9.80952380952381,14,4.0,Diego Simeone,5-3-2,248000000.0,29.01922717939145,180.8181818181818,617.0,1
1985,A,2025-10-19,20:00,4645599.0,D,Getafe,3709.0,7,1,1,27,4,2,0.3359999999999999,0.530119,0.530119,9.93939393939394,1,12.0,José Bordalás,5-3-2,25600000.0,29.42019787194325,181.45454545454547,115.0,1
1986,A,2025-10-19,17:30,4645600.0,A,Levante,3368.0,17,4,11,6,0,0,0.4099999999999999,0.940509,0.940509,11.95,8,15.0,Julián Calero,4-4-2,6000000.0,26.273411735424055,179.27272727272728,201.0,1
1987,D,2025-10-19,13:00,4645601.0,D,Elche,1531.0,15,5,6,14,2,0,1.8742,0.823916,0.823916,7.263157894736842,7,7.0,Eder Sarabia,4-3-3 Attacking,11500000.0,27.40887312550557,181.8181818181818,67.0,1
1988,D,2025-10-19,15:15,4645598.0,H,Celta Vigo,940.0,4,1,1,10,4,1,0.436,0.717367,0.717367,30.625,2,17.0,Claudio Giráldez,5-4-1,30500000.0,26.8914193267376,181.63636363636363,76.0,1
1989,D,2025-10-20,20:00,4645595.0,D,Alaves,1108.0,13,3,7,13,1,0,2.002,1.05624,1.05624,6.681818181818182,8,10.0,Eduardo Coudet,4-4-2 double 6,33000000.0,27.112936344969196,179.0,35.0,1
1990,H,2025-10-24,20:00,4645557.0,H,Real Sociedad,681.0,5,3,1,19,1,0,2.6137,1.64382,0.900547,6.289473684210527,3,17.0,Sergio Francisco,4-2-3-1,101000000.0,26.23632630203472,180.54545454545453,163.0,1
1991,D,2025-10-25,13:00,4645556.0,A,Girona,12321.0,8,6,11,13,4,0,1.3677,2.24132,0.754763,7.28,5,20.0,Míchel,4-2-3-1,101900000.0,27.67444465185738,181.54545454545453,350.0,1
1992,H,2025-10-25,15:15,4645563.0,D,Espanyol,714.0,16,7,4,14,4,0,1.8148,1.70342,1.70342,13.37037037037037,8,5.0,Manolo González,4-2-3-1,5200000.0,27.597784829817684,182.36363636363637,63.0,1
1993,A,2025-10-25,17:30,4645555.0,D,Athletic Club,621.0,7,4,1,15,1,0,0.5555,0.358524,0.358524,5.9,3,9.0,Ernesto Valverde,4-2-3-1,102500000.0,28.78725654906353,182.72727272727272,155.0,1
1994,A,2025-10-25,20:00,4645558.0,A,Valencia,1049.0,15,3,7,13,2,0,0.2031,0.641435,0.641435,10.384615384615383,4,18.0,Carlos Corberán,4-4-2,45000000.0,26.36600087113434,181.27272727272728,98.0,1
1995,D,2025-10-26,13:00,4645564.0,A,Mallorca,237.0,20,4,5,8,3,0,1.0539,1.86979,1.86979,7.043478260869565,8,16.0,Jagoba Arrasate,4-2-3-1,43700000.0,27.91139319270736,183.54545454545453,153.0,1
1996,H,2025-10-26,15:15,4645561.0,H,Real Madrid,418.0,23,10,12,12,5,1,2.6788000000000003,3.41322,2.66994,15.772727272727272,6,1.0,Xabi Alonso,4-1-4-1,380000000.0,25.04187667226682,185.27272727272728,524.0,1
1997,A,2025-10-26,17:30,4645562.0,H,Osasuna,331.0,17,7,6,10,3,0,1.981,2.318,0.831447,9.391304347826088,10,14.0,Alessio Lisci,5-4-1,47700000.0,28.410428722543713,184.27272727272728,55.0,1
1998,H,2025-10-26,20:00,4645559.0,D,Rayo Vallecano,367.0,15,5,7,13,1,0,1.4579,1.54971,1.54971,5.741935483870968,7,7.0,Iñigo Pérez,4-3-3 Attacking,31000000.0,27.992035343164705,179.72727272727272,69.0,1
1999,A,2025-10-27,20:00,4645560.0,A,Real Betis,150.0,17,5,2,9,2,0,1.7184,1.33792,1.33792,11.5,7,6.0,Manuel Pellegrini,4-2-3-1,70500000.0,28.907970879223445,181.1818181818182,303.0,1
2000,H,2025-10-31,20:00,4645588.0,D,Getafe,3709.0,12,4,8,17,1,0,1.1916,1.40213,1.40213,6.416666666666667,0,7.0,José Bordalás,4-4-2,35600000.0,29.580237695227428,182.0,142.0,1
2001,H,2025-11-01,20:00,4645589.0,H,Real Madrid,418.0,21,11,7,14,1,0,2.9163,2.89965,1.30038,6.128205128205129,14,1.0,Xabi Alonso,4-3-3 Attacking,330000000.0,24.62572335262274,184.9090909090909,499.0,1
2002,H,2025-11-01,17:30,4645590.0,D,Real Sociedad,681.0,9,5,6,20,2,0,2.0278,1.8412,1.8412,8.173913043478262,4,14.0,Sergio Francisco,4-1-4-1,102000000.0,26.350320452989855,180.1818181818182,136.0,1
2003,H,2025-11-01,15:15,4645585.0,D,Atletico Madrid,13.0,15,6,9,9,0,0,2.8549,2.98632,2.24305,14.333333333333334,13,4.0,Diego Simeone,4-4-2,251000000.0,28.159293136705866,181.8181818181818,546.0,1
2004,H,2025-11-01,13:00,4645593.0,H,Villarreal,1050.0,16,7,3,7,1,0,2.5361,2.7136,2.7136,18.4,12,3.0,Marcelino,4-4-2 double 6,120500000.0,27.335200049779107,183.8181818181818,218.0,1
2005,A,2025-11-02,13:00,4645591.0,A,Levante,3368.0,9,3,4,10,2,1,0.8475,1.23651,0.384266,19.8125,3,16.0,Julián Calero,4-2-3-1,6000000.0,27.16669777860743,180.45454545454547,197.0,1
2006,H,2025-11-02,15:15,4645594.0,H,Alaves,1108.0,13,4,1,14,4,1,2.2372,2.18038,2.18038,8.08695652173913,3,8.0,Eduardo Coudet,4-4-2 double 6,24500000.0,27.518138261464753,179.1818181818182,23.0,1
2007,H,2025-11-02,17:30,4645586.0,H,Barcelona,131.0,17,5,6,12,0,0,2.7299,2.8073,2.8073,9.4,8,2.0,Hansi Flick,4-2-3-1,100000000.0,25.55559703814324,181.8181818181818,406.0,1
2008,H,2025-11-02,20:00,4645587.0,H,Real Betis,150.0,15,8,4,9,0,0,2.6661,2.82134,2.82134,12.217391304347826,8,5.0,Manuel Pellegrini,4-2-3-1,68000000.0,28.744197623047725,180.72727272727272,359.0,1
2009,D,2025-11-03,20:00,4645592.0,D,Real Oviedo,2497.0,8,2,4,17,3,0,1.4177000000000002,0.717473,0.717473,10.523809523809524,7,19.0,Luis Carrión,4-2-3-1,20600000.0,28.81139941509551,183.54545454545453,203.0,1
2010,D,2025-11-07,20:00,4645547.0,D,Elche,1531.0,12,3,1,14,1,0,0.7435,0.808307,0.808307,10.625,8,11.0,Eder Sarabia,4-3-3 Attacking,8000000.0,27.581357725094893,182.27272727272728,29.0,1
2011,H,2025-11-08,13:00,4645550.0,H,Girona,12321.0,10,2,6,9,0,0,0.81,1.26365,1.26365,12.954545454545457,1,18.0,Míchel,4-2-3-1,106300000.0,28.179453674320204,182.0909090909091,393.0,1
2012,H,2025-11-08,15:15,4645554.0,D,Sevilla,368.0,10,4,5,21,5,0,1.5808,1.22271,0.479437,7.44,5,9.0,Matías Almeyda,5-4-1,55400000.0,26.305021467239126,184.63636363636363,242.0,1
2013,H,2025-11-08,17:30,4645546.0,D,Atletico Madrid,13.0,25,10,21,5,3,0,2.4914,3.03599,3.03599,5.473684210526316,18,4.0,Diego Simeone,4-4-2,311000000.0,27.70655217472466,181.9090909090909,500.0,1
2014,A,2025-11-08,20:00,4645548.0,A,Espanyol,714.0,14,3,4,9,0,0,0.4385,0.476157,0.476157,13.76923076923077,5,6.0,Manolo González,4-2-3-1,25200000.0,27.812830564370607,182.0909090909091,33.0,1
2015,H,2025-11-09,13:00,4645545.0,H,Athletic Club,621.0,21,7,7,12,1,0,2.8402,2.65219,2.65219,10.193548387096774,10,7.0,Ernesto Valverde,4-2-3-1,62500000.0,27.91238877481177,181.9090909090909,153.0,1
2016,D,2025-11-09,15:15,4645549.0,D,Rayo Vallecano,367.0,13,2,5,17,3,0,2.0433,1.60641,1.60641,10.0,9,12.0,Iñigo Pérez,4-2-3-1,38500000.0,29.262895899446207,178.54545454545453,91.0,1
2017,H,2025-11-09,17:30,4645553.0,H,Mallorca,237.0,6,4,1,15,0,0,2.1415,1.30353,1.30353,9.157894736842104,2,15.0,Jagoba Arrasate,4-4-2 double 6,38100000.0,28.292950034223136,185.27272727272728,165.0,1
2018,D,2025-11-09,17:30,4645552.0,D,Valencia,1049.0,17,4,7,13,3,0,1.6206,1.95148,1.95148,16.105263157894736,4,17.0,Carlos Corberán,4-2-3-1,51000000.0,25.805239250824467,181.27272727272728,113.0,1
2019,A,2025-11-09,20:00,4645551.0,A,Celta Vigo,940.0,5,3,2,13,1,0,0.0633,0.512253,0.512253,14.954545454545457,4,13.0,Claudio Giráldez,5-4-1,14000000.0,27.146786136519196,182.27272727272728,76.0,1
2020,H,2025-11-21,20:00,4645502.0,D,Valencia,1049.0,14,3,7,16,4,0,2.1797,1.65038,1.65038,9.304347826086955,7,15.0,Carlos Corberán,4-2-3-1,51000000.0,25.83809346027005,181.27272727272728,113.0,1
2021,A,2025-11-22,13:00,4645504.0,D,Alaves,1108.0,5,2,4,21,2,0,0.3887,0.3056,0.3056,9.433333333333334,0,14.0,Eduardo Coudet,4-4-2,31500000.0,27.777985190716198,179.63636363636363,39.0,1
2022,H,2025-11-22,15:15,4645500.0,H,Barcelona,131.0,19,7,5,9,0,0,2.2355,2.32922,2.32922,9.72222222222222,15,2.0,Hansi Flick,4-3-3 Attacking,90000000.0,24.77680293696721,182.1818181818182,387.0,1
2023,A,2025-11-22,17:30,4645498.0,H,Osasuna,331.0,14,4,3,13,3,1,0.9952,1.27964,1.27964,17.375,7,17.0,Alessio Lisci,5-4-1,55100000.0,27.993279820795223,184.54545454545453,28.0,1
2024,H,2025-11-22,20:00,4645503.0,D,Villarreal,1050.0,14,7,3,17,2,0,2.2722,2.6371,2.6371,5.806451612903226,13,3.0,Marcelino,4-4-2 double 6,85500000.0,27.366809781594178,184.27272727272728,174.0,1
2025,D,2025-11-23,13:00,4645499.0,D,Real Oviedo,2497.0,8,3,5,11,1,1,0.8846,0.499406,0.499406,15.36842105263158,2,20.0,Luis Carrión,4-2-3-1,10600000.0,30.523551739157487,182.27272727272728,267.0,1
2026,D,2025-11-23,15:15,4645495.0,A,Real Betis,150.0,23,7,8,10,3,1,1.4106,1.5784,1.5784,12.5,9,5.0,Manuel Pellegrini,4-2-3-1,56000000.0,27.947980835044493,180.27272727272728,135.0,1
2027,A,2025-11-23,17:30,4645501.0,D,Getafe,3709.0,9,1,6,9,2,0,0.5965,0.578828,0.578828,13.05,7,7.0,José Bordalás,4-1-4-1,32600000.0,28.76062472777052,182.8181818181818,149.0,1
2028,D,2025-11-23,20:00,4645496.0,D,Elche,1531.0,15,6,2,10,4,1,0.2652,1.59518,1.59518,11.36842105263158,11,10.0,Eder Sarabia,5-3-2,5000000.0,26.104411673200175,181.45454545454547,72.0,1
2029,H,2025-11-24,20:00,4645497.0,D,Espanyol,714.0,8,5,4,18,4,0,0.9227,1.16625,1.16625,8.84375,3,6.0,Manolo González,4-4-2,25200000.0,28.810154937464997,182.1818181818182,23.0,1
2030,H,2025-11-28,20:00,4645767.0,D,Getafe,3709.0,15,6,3,18,2,0,2.1892,1.34046,1.34046,9.34375,3,7.0,José Bordalás,4-4-2,31600000.0,30.593989173044612,182.45454545454547,160.0,1
2031,D,2025-11-29,13:00,4645761.0,D,Mallorca,237.0,7,4,2,10,3,0,1.344,1.10581,0.362535,11.411764705882351,3,16.0,Jagoba Arrasate,4-2-3-1,38100000.0,28.347707049965777,185.27272727272728,165.0,1
2032,H,2025-11-29,15:15,4645764.0,H,Barcelona,131.0,18,6,5,10,2,0,1.6719,2.51096,2.51096,4.885714285714286,11,1.0,Hansi Flick,4-2-3-1,90000000.0,24.28050525791799,182.63636363636363,320.0,1
2033,A,2025-11-29,17:30,4645765.0,A,Levante,3368.0,11,4,4,11,3,0,0.347,1.20253,1.20253,7.5,1,19.0,Julián Calero,4-4-2,4500000.0,26.829444340737975,180.72727272727272,199.0,1
2034,H,2025-11-29,20:00,4645768.0,H,Atletico Madrid,13.0,14,8,7,5,0,0,2.4014,2.40693,2.40693,14.523809523809524,13,4.0,Diego Simeone,5-3-2,135000000.0,28.890548192396242,182.72727272727272,588.0,1
2035,D,2025-11-30,20:00,4645760.0,H,Girona,12321.0,10,4,2,9,3,0,0.558,1.05171,1.05171,21.416666666666668,6,18.0,Míchel,4-2-3-1,104900000.0,27.068135150270674,182.36363636363637,285.0,1
2036,A,2025-11-30,17:30,4645769.0,D,Celta Vigo,940.0,11,4,4,12,1,0,1.3007,0.635572,0.635572,8.214285714285714,2,12.0,Claudio Giráldez,5-4-1,31800000.0,28.20309874929998,178.0,72.0,1
2037,A,2025-11-30,15:15,4645766.0,D,Sevilla,368.0,9,3,6,14,2,1,0.9448,0.735196,0.735196,4.227272727272728,3,13.0,Matías Almeyda,4-2-3-1,48200000.0,27.422562379441228,182.63636363636363,197.0,1
2038,A,2025-11-30,13:00,4645763.0,A,Real Sociedad,681.0,18,7,8,15,3,0,1.1198,1.3715,1.3715,5.368421052631579,2,10.0,Sergio Francisco,4-2-3-1,88800000.0,26.77369174289092,180.8181818181818,140.0,1
2039,D,2025-12-01,20:00,4645762.0,H,Rayo Vallecano,367.0,19,7,10,11,1,0,2.3644,2.13298,2.13298,9.22222222222222,4,9.0,Iñigo Pérez,4-3-3 Attacking,31900000.0,28.898761744757635,179.0909090909091,69.0,1
2040,H,2025-12-02,20:00,4645831.0,D,Barcelona,131.0,19,6,5,12,1,0,2.6091,3.46121,2.71794,8.84,8,1.0,Hansi Flick,4-2-3-1,90000000.0,25.137452554290338,181.63636363636363,402.0,1
2041,A,2025-12-03,18:00,4645837.0,A,Athletic Club,621.0,9,4,5,15,2,0,0.4259,0.917315,0.917315,17.458333333333332,7,8.0,Ernesto Valverde,4-1-4-1,65500000.0,27.48603073859747,183.27272727272728,151.0,1
2042,D,2025-12-05,20:00,4645776.0,D,Real Oviedo,2497.0,15,3,8,14,2,2,2.1949,1.60009,1.60009,7.631578947368421,7,19.0,Luis Carrión,4-2-3-1,15600000.0,30.09545143426047,182.63636363636363,302.0,1
2043,H,2025-12-06,13:00,4645774.0,H,Villarreal,1050.0,10,5,5,19,2,0,1.892,0.816941,0.816941,6.761904761904762,9,2.0,Marcelino,4-4-2,119000000.0,26.768464936842758,183.45454545454547,162.0,1
2044,H,2025-12-06,15:15,4645778.0,H,Alaves,1108.0,14,3,5,20,2,0,2.0016000000000003,1.88765,1.14437,10.89655172413793,5,11.0,Eduardo Coudet,4-1-4-1,21000000.0,28.153817435131604,179.72727272727272,31.0,1
2045,A,2025-12-06,17:30,4645772.0,A,Real Betis,150.0,17,5,7,14,5,0,1.0295,2.74214,1.99886,12.75,10,6.0,Manuel Pellegrini,4-2-3-1,71500000.0,27.247588824590878,181.36363636363637,99.0,1
2046,H,2025-12-06,20:00,4645779.0,D,Athletic Club,621.0,14,3,5,9,3,0,1.6788,1.18636,1.18636,11.846153846153848,6,7.0,Ernesto Valverde,4-2-3-1,112500000.0,28.26781158608674,183.0,148.0,1
2047,H,2025-12-07,13:00,4645770.0,H,Elche,1531.0,11,6,2,18,0,0,2.0176,1.59513,1.59513,6.387096774193548,4,9.0,Eder Sarabia,3-5-2 flat,5000000.0,26.640781531951962,181.0,19.0,1
2048,D,2025-12-07,15:15,4645777.0,D,Valencia,1049.0,11,3,2,12,3,0,1.8566,1.23901,1.23901,11.041666666666666,2,16.0,Carlos Corberán,4-2-3-1,38000000.0,26.786883205774373,181.72727272727272,90.0,1
2049,H,2025-12-07,17:30,4645771.0,H,Espanyol,714.0,9,2,6,19,4,1,2.5415,1.57985,0.83657,7.571428571428571,5,5.0,Manolo González,4-2-3-1,25200000.0,27.794163399912886,181.72727272727272,33.0,1
2050,A,2025-12-07,20:00,4645773.0,D,Real Madrid,418.0,23,7,8,6,6,3,1.9655,2.41681,2.41681,13.714285714285714,11,3.0,Xabi Alonso,4-4-2,355000000.0,25.648435069379627,182.9090909090909,490.0,1
2051,H,2025-12-08,20:00,4645775.0,H,Osasuna,331.0,14,6,3,15,2,0,2.3236,1.74988,1.74988,9.870967741935484,5,15.0,Alessio Lisci,4-1-4-1,54400000.0,27.810092713583472,183.63636363636363,62.0,1
2052,A,2025-12-12,20:00,4645785.0,H,Real Sociedad,681.0,9,4,4,20,1,0,1.2254,1.02349,1.02349,9.297297297297296,13,15.0,Sergio Francisco,4-3-3 Attacking,112000000.0,26.08798456847738,179.45454545454547,132.0,1
2053,H,2025-12-13,13:00,4645788.0,H,Atletico Madrid,13.0,10,6,5,13,3,0,1.9666,2.07076,2.07076,7.921052631578948,4,4.0,Diego Simeone,4-4-2,304000000.0,27.04722792607803,182.0909090909091,480.0,1
2054,H,2025-12-13,15:15,4645783.0,D,Mallorca,237.0,15,8,1,13,3,0,2.7691,2.581,2.581,13.347826086956522,4,14.0,Jagoba Arrasate,4-3-3 Attacking,29000000.0,28.75340675751353,183.1818181818182,163.0,1
2055,H,2025-12-13,17:30,4645789.0,D,Barcelona,131.0,24,7,14,5,0,0,2.7279,2.14468,2.14468,3.8181818181818175,17,1.0,Hansi Flick,4-2-3-1,130000000.0,24.166760002488957,181.8181818181818,314.0,1
2056,A,2025-12-13,20:00,4645784.0,D,Getafe,3709.0,11,1,6,18,5,0,0.7677,0.305925,0.305925,8.789473684210526,3,10.0,José Bordalás,4-3-3 Attacking,21600000.0,29.168813390579306,182.63636363636363,118.0,1
2057,H,2025-12-14,13:00,4645786.0,H,Sevilla,368.0,13,7,5,11,1,0,2.6746000000000003,2.31899,2.31899,11.352941176470589,4,9.0,Matías Almeyda,5-3-2,29900000.0,27.973617074233093,185.36363636363637,379.0,1
2058,H,2025-12-14,15:15,4645781.0,D,Celta Vigo,940.0,5,2,1,11,3,0,1.623,1.97074,1.97074,11.791666666666666,4,8.0,Claudio Giráldez,5-4-1,15800000.0,27.358596229232777,182.27272727272728,65.0,1
2059,A,2025-12-14,20:00,4645787.0,A,Alaves,1108.0,6,2,5,12,3,0,0.8721000000000001,1.313,1.313,12.409090909090908,3,12.0,Eduardo Coudet,4-1-4-1,31000000.0,27.898948416402217,179.36363636363637,32.0,1
2060,D,2025-12-15,20:00,4645782.0,D,Rayo Vallecano,367.0,23,7,8,10,4,0,2.3967,2.1848,2.1848,8.25,2,13.0,Iñigo Pérez,4-2-3-1,34000000.0,30.053139194822972,178.45454545454547,89.0,1
2061,D,2025-12-19,20:00,4645845.0,A,Valencia,1049.0,17,2,12,10,2,0,2.7797000000000005,2.16012,2.16012,7.9411764705882355,10,17.0,Carlos Corberán,4-4-2,38000000.0,26.837408997573267,181.27272727272728,71.0,1
2062,D,2025-12-20,13:00,4645844.0,D,Real Oviedo,2497.0,10,3,4,14,2,0,1.1957,0.517531,0.517531,9.037037037037036,6,19.0,Guillermo Almada,4-2-3-1,4000000.0,28.350942691805116,180.8181818181818,138.0,1
2063,D,2025-12-20,15:15,4645849.0,A,Levante,3368.0,13,3,7,16,6,0,1.0684,1.22005,0.476768,10.26923076923077,3,20.0,Álvaro del Moral,4-2-3-1,6000000.0,26.877232281749738,179.9090909090909,193.0,1
2064,H,2025-12-20,17:30,4645841.0,D,Osasuna,331.0,16,7,9,16,2,0,2.5779,2.39145,1.64817,7.53125,4,12.0,Alessio Lisci,4-2-3-1,40400000.0,28.68570717441354,184.0909090909091,64.0,1
2065,H,2025-12-20,20:00,4645840.0,H,Real Madrid,418.0,18,8,6,13,2,0,2.6956,4.00139,3.25811,12.695652173913045,10,2.0,Xabi Alonso,4-3-3 Attacking,175000000.0,25.715636861427413,183.54545454545453,496.0,1
2066,H,2025-12-21,20:00,4645847.0,H,Real Betis,150.0,19,8,7,13,0,0,2.7046,3.46022,3.46022,9.4,6,6.0,Manuel Pellegrini,4-2-3-1,51500000.0,28.17771140563748,180.27272727272728,191.0,1
2067,H,2025-12-21,17:30,4645848.0,H,Elche,1531.0,18,6,4,15,2,0,2.7446,3.66996,3.66996,9.652173913043478,8,9.0,Eder Sarabia,3-5-2 flat,9000000.0,26.06135274718437,182.0,13.0,1
2068,A,2025-12-21,13:00,4645842.0,A,Girona,12321.0,9,2,3,7,2,0,1.2589,1.11565,1.11565,13.61904761904762,5,18.0,Míchel,4-5-1,89300000.0,27.69709414473275,182.1818181818182,365.0,1
2069,A,2025-12-21,15:15,4645843.0,A,Villarreal,1050.0,14,5,5,10,1,1,0.6963,2.16466,2.16466,26.266666666666666,4,3.0,Marcelino,4-4-2,88000000.0,26.907597535934293,184.45454545454547,161.0,1
2070,A,2025-12-22,20:00,4645846.0,D,Athletic Club,621.0,17,7,8,10,5,0,1.9878,1.72282,1.72282,7.136363636363637,9,8.0,Ernesto Valverde,4-2-3-1,102500000.0,27.752846742579802,181.27272727272728,127.0,1
2071,D,2026-01-02,20:00,4645854.0,H,Rayo Vallecano,367.0,13,4,3,13,3,0,1.2970000000000002,0.662324,0.662324,5.0,5,14.0,Iñigo Pérez,4-2-3-1,36500000.0,29.804990355298365,177.9090909090909,76.0,1
2072,H,2026-01-03,13:00,4645858.0,H,Celta Vigo,940.0,12,6,2,10,1,0,1.9903,2.59029,1.84702,15.521739130434783,6,7.0,Claudio Giráldez,5-4-1,30000000.0,26.677618069815196,180.9090909090909,78.0,1
2073,D,2026-01-03,15:15,4645850.0,H,Osasuna,331.0,11,4,1,12,3,0,0.8171999999999999,0.868051,0.868051,13.5,3,12.0,Alessio Lisci,4-2-3-1,39400000.0,29.247215481301723,182.63636363636363,64.0,1
2074,A,2026-01-03,17:30,4645859.0,A,Elche,1531.0,15,2,6,8,3,0,0.7002,1.52119,1.52119,3.769230769230769,8,9.0,Eder Sarabia,3-5-2 flat,14000000.0,26.470288096571462,182.1818181818182,23.0,1
2075,A,2026-01-03,20:00,4645852.0,D,Espanyol,714.0,14,7,5,10,1,0,0.663,1.79661,1.79661,18.5,4,5.0,Manolo González,4-2-3-1,25200000.0,27.868085371165453,181.72727272727272,33.0,1
2076,A,2026-01-04,13:00,4645856.0,A,Sevilla,368.0,15,7,5,16,3,0,1.3661,1.66562,0.8268,7.904761904761905,7,11.0,Matías Almeyda,5-3-2,54400000.0,27.039014373716633,183.63636363636363,385.0,1
2077,H,2026-01-04,15:15,4645853.0,H,Real Madrid,418.0,19,9,5,10,1,0,2.6221,3.0073,3.0073,15.933333333333334,10,2.0,Xabi Alonso,4-4-2,390000000.0,25.771140563748364,184.54545454545453,481.0,1
2078,D,2026-01-04,17:30,4645857.0,D,Alaves,1108.0,18,7,6,11,3,1,0.4634,1.56756,1.56756,6.875,5,13.0,Eduardo Coudet,4-1-4-1,34500000.0,27.57015742642026,178.72727272727272,38.0,1
2079,A,2026-01-04,17:30,4645855.0,A,Mallorca,237.0,9,2,3,10,2,0,1.3479,1.48338,0.740106,10.0,6,16.0,Jagoba Arrasate,4-2-3-1,45000000.0,28.915686640532638,182.45454545454547,193.0,1
2080,D,2026-01-04,20:00,4645851.0,D,Real Sociedad,681.0,18,8,6,11,3,0,1.6275,1.70649,1.70649,10.580645161290322,9,15.0,Pellegrino Matarazzo,4-2-3-1,116000000.0,26.625598904859682,181.45454545454547,246.0,1
2081,A,2026-01-09,20:00,4645838.0,A,Getafe,3709.0,6,3,2,17,2,0,0.4416,0.240168,0.240168,13.421052631578949,1,12.0,José Bordalás,4-5-1,24400000.0,30.078576317590695,181.1,41.0,1
2082,D,2026-01-10,20:00,4645834.0,D,Valencia,1049.0,16,4,8,14,2,0,2.7379,2.04147,1.29819,11.37037037037037,5,18.0,Carlos Corberán,4-2-3-1,55000000.0,27.30657706427727,180.9090909090909,170.0,1
2083,H,2026-01-10,17:30,4645839.0,H,Girona,12321.0,8,4,2,14,2,1,1.1612,0.984024,0.984024,10.25925925925926,8,13.0,Míchel,4-2-3-1,96900000.0,27.47881276834049,180.8181818181818,237.0,1
2084,H,2026-01-10,15:15,4645830.0,D,Villarreal,1050.0,11,4,1,10,0,0,1.7901000000000002,1.38322,1.38322,16.318181818181817,10,3.0,Marcelino,4-4-2,116500000.0,27.449691991786448,183.36363636363637,159.0,1
2085,D,2026-01-10,13:00,4645832.0,D,Real Oviedo,2497.0,13,3,5,15,3,0,0.3613,1.01026,1.01026,12.482758620689657,4,20.0,Guillermo Almada,4-2-3-1,10000000.0,27.346400348453734,181.36363636363637,62.0,1
2086,H,2026-01-11,13:00,4645836.0,H,Rayo Vallecano,367.0,14,5,6,14,1,1,2.1542,2.05105,1.30777,7.076923076923077,4,10.0,Iñigo Pérez,4-2-3-1,36500000.0,28.807417086677866,179.0,64.0,1
2087,D,2026-01-11,15:15,4645835.0,D,Levante,3368.0,8,2,4,10,0,0,1.0452,1.18232,1.18232,10.91304347826087,6,19.0,Luís Castro,4-2-3-1,6000000.0,26.193018480492814,179.9090909090909,179.0,1
2088,A,2026-01-12,20:00,4645833.0,D,Sevilla,368.0,7,2,6,16,3,0,0.1315,0.262521,0.262521,7.296296296296297,5,14.0,Matías Almeyda,5-3-2,53000000.0,26.023520627216726,184.9090909090909,217.0,1
2089,A,2026-01-16,20:00,4645879.0,A,Espanyol,714.0,14,2,5,17,5,0,0.8492,1.26738,1.26738,9.071428571428571,2,5.0,Manolo González,4-2-3-1,25200000.0,27.90367743139817,181.72727272727272,33.0,1
2090,H,2026-01-17,20:00,4645876.0,D,Real Betis,150.0,15,6,2,14,3,0,1.4787,1.34951,1.34951,6.176470588235294,7,6.0,Manuel Pellegrini,4-2-3-1,35000000.0,28.35243606496173,181.0,122.0,1
2091,H,2026-01-17,13:00,4645875.0,D,Real Madrid,418.0,26,11,8,12,2,0,2.523,2.54865,1.80537,8.3,13,2.0,Álvaro Arbeloa,4-3-3 Attacking,390000000.0,24.89229046107896,185.72727272727272,465.0,1
2092,H,2026-01-17,15:15,4645873.0,D,Mallorca,237.0,18,9,3,10,1,0,1.9578,3.11432,1.38703,9.761904761904765,6,15.0,Jagoba Arrasate,4-4-2,36300000.0,27.203534316470662,183.0,154.0,1
2093,H,2026-01-17,17:30,4645871.0,D,Osasuna,331.0,16,5,3,14,1,1,1.8501,2.03551,2.03551,7.75,5,12.0,Alessio Lisci,4-3-3 Attacking,34200000.0,29.638977039387715,182.0909090909091,66.0,1
2094,H,2026-01-18,17:30,4645877.0,H,Celta Vigo,940.0,11,7,5,7,4,0,1.8495,1.90274,1.15946,12.85,9,7.0,Claudio Giráldez,5-4-1,39000000.0,25.953580984381805,179.63636363636363,75.0,1
2095,H,2026-01-18,20:00,4645874.0,H,Real Sociedad,681.0,8,6,6,13,3,1,0.273,1.55875,1.55875,11.0,6,9.0,Pellegrino Matarazzo,4-2-3-1,125000000.0,26.615643083815566,180.36363636363637,212.0,1
2096,A,2026-01-18,13:00,4645870.0,D,Getafe,3709.0,14,3,9,8,2,0,1.1138,0.584591,0.584591,8.125,6,16.0,José Bordalás,4-2-3-1,32600000.0,28.927384730259472,182.27272727272728,117.0,1
2097,H,2026-01-18,15:15,4645872.0,D,Atletico Madrid,13.0,23,6,6,13,1,0,1.7727,1.7743,1.7743,7.705882352941177,13,4.0,Diego Simeone,4-4-2,324000000.0,26.27540289963288,183.0,362.0,1
2098,D,2026-01-19,20:00,4645878.0,H,Elche,1531.0,10,5,9,11,3,0,0.6217999999999999,1.48075,1.48075,7.0,8,8.0,Eder Sarabia,3-4-2-1,15500000.0,26.772198369734305,181.72727272727272,30.0,1
2099,H,2026-01-23,20:00,4645790.0,A,Levante,3368.0,26,6,9,13,2,0,2.8227,3.24455,3.24455,12.4,8,19.0,Luís Castro,4-2-3-1,5000000.0,25.7567046232344,179.27272727272728,151.0,1
2100,H,2026-01-24,17:30,4645798.0,D,Sevilla,368.0,10,7,5,16,2,0,0.976,1.43055,0.687269,5.241379310344827,4,12.0,Matías Almeyda,5-3-2,50000000.0,26.589757949100864,184.36363636363637,268.0,1
2101,A,2026-01-24,20:00,4645794.0,D,Villarreal,1050.0,8,1,6,19,3,0,0.794,0.952831,0.952831,10.241379310344827,8,4.0,Marcelino,4-4-2,105500000.0,27.107211747868835,183.54545454545453,216.0,1
2102,A,2026-01-24,13:00,4645793.0,A,Rayo Vallecano,367.0,11,4,4,12,2,0,0.7298,0.669564,0.669564,4.318181818181818,7,16.0,Iñigo Pérez,4-2-3-1,21500000.0,30.381681289278823,177.9090909090909,54.0,1
2103,H,2026-01-24,15:15,4645791.0,H,Valencia,1049.0,10,5,2,13,1,0,2.1626,2.76956,2.02628,9.115384615384617,3,14.0,Carlos Corberán,4-4-2,14200000.0,28.094331404393007,182.0909090909091,133.0,1
2104,H,2026-01-25,20:00,4645795.0,H,Alaves,1108.0,17,9,6,17,1,0,1.2772,1.67102,1.67102,10.115384615384617,2,15.0,Eduardo Coudet,4-4-2,30500000.0,28.209570032978657,181.27272727272728,41.0,1
2105,H,2026-01-25,17:30,4645799.0,H,Real Sociedad,681.0,10,4,2,7,1,1,1.7664,2.15496,1.41168,20.166666666666668,6,8.0,Pellegrino Matarazzo,4-2-3-1,93000000.0,25.93192707361085,181.8181818181818,198.0,1
2106,H,2026-01-25,13:00,4645796.0,H,Atletico Madrid,13.0,17,8,10,10,2,0,2.3073,1.42501,1.42501,8.0,8,3.0,Diego Simeone,4-4-2,289000000.0,26.95264762615892,183.0909090909091,446.0,1
2107,H,2026-01-25,15:15,4645797.0,D,Barcelona,131.0,15,7,10,8,1,0,2.6858,2.59917,2.59917,5.962962962962963,12,1.0,Hansi Flick,4-2-3-1,30000000.0,26.20297430153693,182.0,441.0,1
2108,D,2026-01-26,20:00,4645792.0,D,Girona,12321.0,12,4,3,13,5,0,1.2567000000000002,1.01571,1.01571,6.227272727272728,5,10.0,Míchel,4-2-3-1,84900000.0,27.876796714579054,178.54545454545453,269.0,1
2109,A,2026-01-30,20:00,4645809.0,D,Espanyol,714.0,10,3,4,15,0,0,1.2371,1.20096,1.20096,8.642857142857142,2,6.0,Manolo González,4-4-2,9000000.0,28.16700889801506,183.45454545454547,27.0,1
2110,H,2026-01-31,13:00,4645803.0,D,Real Oviedo,2497.0,8,4,4,12,1,0,2.0053,1.26601,1.26601,19.9,4,20.0,Guillermo Almada,4-2-3-1,16600000.0,27.63785700952025,182.0909090909091,57.0,1
2111,D,2026-01-31,15:15,4645808.0,H,Osasuna,331.0,15,5,6,15,2,0,2.3441,2.13467,2.13467,10.782608695652174,3,9.0,Alessio Lisci,4-2-3-1,46900000.0,29.17603136083629,181.1818181818182,71.0,1
2112,D,2026-01-31,17:30,4645800.0,D,Levante,3368.0,10,2,4,11,2,0,1.0558999999999998,0.41109,0.41109,10.833333333333334,2,19.0,Luís Castro,4-2-3-1,9000000.0,25.3303465870201,180.9090909090909,133.0,1
2113,A,2026-01-31,20:00,4645801.0,A,Elche,1531.0,9,3,2,15,2,0,0.0028,0.839,0.839,15.545454545454543,6,13.0,Eder Sarabia,3-4-1-2,13000000.0,25.549374649990668,181.8181818181818,91.0,1
2114,D,2026-02-01,20:00,4645805.0,A,Athletic Club,621.0,19,4,6,14,4,0,0.7565,0.893754,0.893754,6.7,6,11.0,Ernesto Valverde,4-2-3-1,73000000.0,26.515089291269987,183.36363636363637,99.0,1
2115,D,2026-02-01,17:30,4645802.0,D,Getafe,3709.0,9,2,5,16,1,0,1.4831,0.499866,0.499866,13.958333333333334,2,16.0,José Bordalás,5-3-2,33900000.0,29.075228672764606,183.54545454545453,112.0,1
2116,H,2026-02-01,15:15,4645806.0,D,Real Betis,150.0,14,2,3,15,0,0,1.5898,2.16883,1.42556,8.655172413793103,4,5.0,Manuel Pellegrini,4-2-3-1,55000000.0,29.18125816688445,181.54545454545453,218.0,1
2117,H,2026-02-01,13:00,4645804.0,H,Real Madrid,418.0,16,6,9,6,2,0,2.2479,2.30208,1.5588,12.0,22,2.0,Álvaro Arbeloa,4-4-2,330000000.0,24.449754215667973,184.36363636363637,481.0,1
2118,H,2026-02-02,20:00,4645807.0,D,Mallorca,237.0,11,7,4,16,1,0,2.5689,3.04346,2.30018,9.272727272727272,5,14.0,Jagoba Arrasate,4-2-3-1,42500000.0,28.50575570904113,183.45454545454547,206.0,1
2119,A,2026-02-06,20:00,4645810.0,A,Celta Vigo,940.0,18,4,7,9,2,0,2.1689000000000003,2.0351,1.29182,21.0,7,7.0,Claudio Giráldez,5-4-1,20000000.0,26.336382303528094,182.0,79.0,1
2120,H,2026-02-07,15:15,4645819.0,H,Barcelona,131.0,24,7,12,7,0,0,2.4138,2.48168,2.48168,7.588235294117647,8,1.0,Hansi Flick,4-3-3 Attacking,130000000.0,25.058801568041815,181.1818181818182,401.0,1
2121,H,2026-02-07,20:00,4645811.0,H,Real Sociedad,681.0,11,3,2,14,0,0,1.9008,1.7719,1.7719,12.407407407407408,4,8.0,Pellegrino Matarazzo,4-2-3-1,87800000.0,27.438740588637923,181.0909090909091,170.0,1
2122,A,2026-02-08,20:00,4645814.0,D,Valencia,1049.0,7,0,5,10,1,0,0.8894,0.571838,0.571838,16.125,5,18.0,Carlos Corberán,4-4-2,15000000.0,28.47638603696099,181.45454545454547,146.0,1
2123,A,2026-02-08,17:30,4645818.0,A,Atletico Madrid,13.0,10,5,7,12,3,0,1.1015,0.625525,0.625525,12.11111111111111,8,4.0,Diego Simeone,4-4-2,286000000.0,27.6500528902993,179.8181818181818,472.0,1
2124,A,2026-02-08,13:00,4645816.0,D,Alaves,1108.0,13,5,6,20,2,0,2.2115,3.01162,3.01162,4.068965517241379,2,15.0,Eduardo Coudet,4-4-2,29500000.0,28.02464065708419,181.27272727272728,38.0,1
2125,H,2026-02-08,15:15,4645817.0,H,Athletic Club,621.0,22,7,4,17,2,0,2.7197,2.77377,2.77377,8.548387096774194,10,10.0,Ernesto Valverde,4-4-2,62500000.0,28.54309003795657,182.1818181818182,176.0,1
2126,D,2026-02-08,15:15,4645813.0,A,Sevilla,368.0,11,3,5,16,3,0,0.3462,0.958247,0.958247,12.0,7,13.0,Matías Almeyda,5-3-2,46200000.0,27.97560823844191,183.1818181818182,255.0,1
2127,H,2026-02-09,20:00,4645812.0,H,Villarreal,1050.0,10,3,5,18,3,0,2.0257,1.53925,1.53925,11.434782608695652,6,3.0,Marcelino,4-4-2,108000000.0,26.19899197311928,183.9090909090909,228.0,1
2128,D,2026-02-13,20:00,4645885.0,D,Elche,1531.0,17,5,10,13,2,0,2.4534,2.33332,2.33332,5.954545454545454,13,17.0,Eder Sarabia,3-5-2 flat,12300000.0,28.505506813515026,182.54545454545453,83.0,1
2129,D,2026-02-14,13:00,4645884.0,A,Espanyol,714.0,9,3,2,9,1,0,0.3371,1.16112,1.16112,13.863636363636363,4,6.0,Manolo González,4-2-3-1,28200000.0,27.764295936780538,182.63636363636363,65.0,1
2130,H,2026-02-14,15:15,4645886.0,H,Getafe,3709.0,5,2,3,21,2,0,2.0018,1.61761,0.874337,4.975609756097561,1,11.0,José Bordalás,5-3-2,33900000.0,29.56430838155684,184.54545454545453,111.0,1
2131,D,2026-02-14,17:30,4645889.0,H,Sevilla,368.0,4,2,0,16,5,2,0.4999,0.354256,0.354256,11.91304347826087,3,14.0,Matías Almeyda,5-3-2,37100000.0,28.147843942505133,184.45454545454547,312.0,1
2132,H,2026-02-14,20:00,4645888.0,H,Real Madrid,418.0,11,5,4,10,1,0,2.3271,3.05918,1.57262,15.545454545454543,7,1.0,Álvaro Arbeloa,4-4-2,300000000.0,25.740775309563812,185.27272727272728,467.0,1
2133,A,2026-02-15,13:00,4645880.0,H,Real Oviedo,2497.0,7,1,2,8,2,0,0.9951,0.861013,0.861013,8.333333333333334,1,20.0,Guillermo Almada,4-2-3-1,18100000.0,27.765540414411053,182.36363636363637,105.0,1
2134,H,2026-02-15,15:15,4645881.0,H,Rayo Vallecano,367.0,13,9,4,10,1,0,2.7205,2.75329,2.75329,12.958333333333334,4,13.0,Iñigo Pérez,4-1-4-1,23400000.0,28.70985004044552,179.54545454545453,80.0,1
2135,A,2026-02-15,17:30,4645887.0,D,Levante,3368.0,9,1,3,11,3,1,1.9777,1.45737,1.45737,11.285714285714286,5,19.0,Luís Castro,4-2-3-1,6000000.0,25.72101300479124,179.3,169.0,1
2136,A,2026-02-15,20:00,4645883.0,A,Mallorca,237.0,14,3,7,16,4,0,0.4468,0.731317,0.731317,9.142857142857142,5,18.0,Jagoba Arrasate,4-2-3-1,40700000.0,27.72870387654782,184.54545454545453,166.0,1
2137,H,2026-02-16,20:00,4645882.0,D,Girona,12321.0,13,9,3,10,1,1,1.5153,2.8897,2.8897,22.88235294117647,8,12.0,Míchel,4-2-3-1,94800000.0,27.98033725343787,181.45454545454547,373.0,1
2138,A,2026-02-18,19:00,4645780.0,D,Levante,3368.0,16,4,3,13,3,0,0.3472999999999999,0.774339,0.774339,8.80952380952381,8,20.0,Luís Castro,4-2-3-1,9000000.0,25.53568539605501,182.1818181818182,137.0,1
2139,H,2026-02-20,20:00,4645865.0,D,Athletic Club,621.0,18,8,4,18,3,0,2.8552,3.38352,2.64024,7.135135135135135,5,8.0,Ernesto Valverde,4-2-3-1,45500000.0,29.165577748739967,185.27272727272728,143.0,1
2140,D,2026-02-21,13:00,4645863.0,D,Real Sociedad,681.0,15,8,7,13,2,0,2.078,2.77486,2.77486,6.125,3,10.0,Pellegrino Matarazzo,4-2-3-1,78000000.0,26.105905046356792,181.63636363636363,185.0,1
2141,D,2026-02-21,15:15,4645868.0,D,Real Betis,150.0,14,3,3,14,4,0,2.0072,2.13548,2.13548,14.55,9,5.0,Manuel Pellegrini,4-3-3 Attacking,54900000.0,29.33582228859436,180.9090909090909,282.0,1
2142,H,2026-02-21,17:30,4645861.0,H,Osasuna,331.0,13,2,3,19,2,0,1.5887000000000002,2.31248,1.5692,18.176470588235293,6,9.0,Alessio Lisci,4-2-3-1,39400000.0,29.381370169871197,182.63636363636363,64.0,1
2143,H,2026-02-21,20:00,4645866.0,D,Atletico Madrid,13.0,18,9,5,8,0,0,2.7267,3.28587,3.28587,9.64,13,4.0,Diego Simeone,4-4-2 double 6,190000000.0,27.6669777860743,183.1818181818182,488.0,1
2144,A,2026-02-22,13:00,4645860.0,D,Getafe,3709.0,6,3,2,5,1,1,1.1518000000000002,0.250539,0.250539,38.22222222222222,1,14.0,José Bordalás,5-3-2,33900000.0,29.586211187853902,184.54545454545453,111.0,1
2145,H,2026-02-22,15:15,4645867.0,H,Barcelona,131.0,22,9,13,12,2,0,2.9481,4.24402,4.24402,6.956521739130435,15,1.0,Hansi Flick,4-2-3-1,30000000.0,26.68856947296372,183.54545454545453,476.0,1
2146,H,2026-02-22,17:30,4645869.0,D,Celta Vigo,940.0,20,7,7,11,1,0,2.9512,2.93904,2.19577,9.52,10,6.0,Claudio Giráldez,5-4-1,21500000.0,26.782403086304523,181.0909090909091,113.0,1
2147,H,2026-02-22,20:00,4645862.0,H,Villarreal,1050.0,12,5,5,7,2,0,1.7494,2.38144,1.63817,19.428571428571427,3,3.0,Marcelino,4-4-2,114000000.0,26.058117105345033,184.0,171.0,1
2148,D,2026-02-23,20:00,4645864.0,D,Alaves,1108.0,17,6,7,18,2,0,1.3777,2.1366,2.1366,8.483870967741936,8,15.0,Eduardo Coudet,4-4-2,29500000.0,27.20851222699272,180.36363636363637,22.0,1
2149,H,2026-02-27,20:00,4645828.0,D,Levante,3368.0,22,5,10,14,1,0,2.3496,2.77253,2.77253,7.9,8,19.0,Luís Castro,4-1-4-1,9000000.0,25.0065335075602,179.0,147.0,1
2150,D,2026-02-28,13:00,4645829.0,H,Rayo Vallecano,367.0,15,7,5,8,2,0,2.2123,1.35951,1.35951,7.9411764705882355,4,12.0,Iñigo Pérez,4-2-3-1,25400000.0,29.681538174351317,179.54545454545453,102.0,1
2151,H,2026-02-28,15:15,4645824.0,H,Barcelona,131.0,19,8,3,11,2,0,2.6507,3.54743,3.54743,4.358974358974359,15,1.0,Hansi Flick,4-3-3 Attacking,90000000.0,23.812581668844505,181.9090909090909,258.0,1
2152,A,2026-02-28,17:30,4645827.0,A,Mallorca,237.0,6,1,3,6,0,0,1.1538,0.754182,0.754182,27.0,5,18.0,Gustavo Siviero,4-3-3 Attacking,41600000.0,28.793727832742206,183.8181818181818,166.0,1
2153,A,2026-02-28,20:00,4645820.0,D,Real Oviedo,2497.0,16,6,8,12,2,0,1.8833,1.50089,1.50089,15.952380952380953,4,20.0,Guillermo Almada,4-2-3-1,16600000.0,27.644577188725034,183.1818181818182,52.0,1
2154,A,2026-03-01,20:00,4645821.0,H,Girona,12321.0,15,7,10,9,2,0,2.0977,1.57036,1.57036,17.0,8,14.0,Míchel,4-2-3-1,88800000.0,28.01866716445772,180.27272727272728,372.0,1
2155,D,2026-03-01,17:30,4645825.0,H,Real Betis,150.0,9,2,4,12,3,0,2.1236,1.48441,1.48441,13.115384615384617,3,5.0,Manuel Pellegrini,4-3-3 Attacking,71500000.0,28.628212307883768,180.36363636363637,222.0,1
2156,D,2026-03-01,13:00,4645826.0,D,Elche,1531.0,17,9,3,14,1,0,2.1705,1.82376,1.08048,6.352941176470588,2,17.0,Eder Sarabia,3-5-2 flat,8300000.0,29.097878165639973,182.45454545454547,71.0,1
2157,H,2026-03-01,15:15,4645823.0,D,Valencia,1049.0,14,1,5,14,3,0,2.4058999999999995,1.31076,0.567484,9.208333333333334,4,15.0,Carlos Corberán,4-2-3-1,24000000.0,28.669528965216852,181.45454545454547,216.0,1
2158,A,2026-03-02,20:00,4645822.0,A,Real Madrid,418.0,18,7,10,11,4,1,2.4952,2.02274,2.02274,4.368421052631579,11,2.0,Álvaro Arbeloa,4-2-3-1,250000000.0,26.518822724161534,183.45454545454547,547.0,1
2159,H,2026-03-04,18:00,4645815.0,H,Rayo Vallecano,367.0,19,7,12,10,0,0,2.458,2.55086,1.80758,9.041666666666666,8,14.0,Iñigo Pérez,4-2-3-1,38500000.0,29.40949536432083,179.0909090909091,104.0,1
2160,A,2026-03-06,20:00,4645954.0,D,Celta Vigo,940.0,8,4,1,4,1,0,1.6211,0.910298,0.910298,36.72727272727273,2,6.0,Claudio Giráldez,3-4-3,20000000.0,27.11393192707361,182.45454545454547,75.0,1
2161,A,2026-03-07,20:00,4645952.0,D,Athletic Club,621.0,10,3,2,11,2,0,1.8722,1.04698,1.04698,16.821428571428573,5,10.0,Ernesto Valverde,4-2-3-1,3000000.0,26.34185800510236,183.63636363636363,147.0,1
2162,D,2026-03-07,13:00,4645950.0,A,Osasuna,331.0,22,5,8,11,2,1,2.6062,3.09031,3.09031,12.05,11,11.0,Alessio Lisci,4-2-3-1,39400000.0,29.419700080891047,182.63636363636363,64.0,1
2163,D,2026-03-07,15:15,4645949.0,D,Levante,3368.0,14,4,2,15,2,1,0.5667,0.819009,0.819009,11.869565217391305,3,19.0,Luís Castro,4-4-2,6000000.0,25.3385601393815,180.36363636363637,143.0,1
2164,H,2026-03-07,17:30,4645953.0,D,Atletico Madrid,13.0,24,9,8,6,1,0,2.9181,3.57972,3.57972,11.434782608695652,25,3.0,Diego Simeone,4-4-2,199000000.0,27.812581668844505,181.27272727272728,526.0,1
2165,H,2026-03-08,13:00,4645958.0,H,Villarreal,1050.0,16,7,4,11,1,0,1.8577,2.30632,2.30632,17.526315789473685,16,4.0,Marcelino,4-4-2,95000000.0,25.702196503017856,184.54545454545453,225.0,1
2166,H,2026-03-08,15:15,4645957.0,H,Getafe,3709.0,9,5,3,19,3,0,0.9464,0.821088,0.821088,18.05263157894737,6,9.0,José Bordalás,5-4-1,33900000.0,29.62454109887375,184.54545454545453,111.0,1
2167,D,2026-03-08,17:30,4645951.0,H,Sevilla,368.0,11,2,6,13,1,0,2.2827,1.14573,1.14573,10.5,0,14.0,Matías Almeyda,4-4-2 double 6,31500000.0,28.366125318897392,184.72727272727272,436.0,1
2168,H,2026-03-08,20:00,4645956.0,A,Valencia,1049.0,19,8,10,9,1,0,2.0565,2.51657,1.77329,9.894736842105264,15,12.0,Carlos Corberán,4-3-3 Attacking,24000000.0,28.688693920726777,181.45454545454547,216.0,1
2169,D,2026-03-09,20:00,4645955.0,D,Espanyol,714.0,28,9,8,19,3,0,1.8521,1.55092,1.55092,5.5,7,7.0,Manolo González,4-2-3-1,28000000.0,27.398170617883146,182.1818181818182,29.0,1
2170,D,2026-03-13,20:00,4645922.0,H,Alaves,1108.0,8,0,5,19,4,0,0.6086,0.287232,0.287232,6.758620689655173,1,17.0,Quique Sánchez Flores,5-3-2,29500000.0,27.257793541161096,180.36363636363637,22.0,1
2171,H,2026-03-14,20:00,4645919.0,H,Real Madrid,418.0,14,6,5,11,1,0,1.6337000000000002,1.72531,1.72531,13.863636363636363,3,2.0,Álvaro Arbeloa,4-4-2,185000000.0,26.95837222325929,182.36363636363637,471.0,1
2172,H,2026-03-14,17:30,4645927.0,H,Real Oviedo,2497.0,11,6,4,12,3,0,2.4397,1.8648,1.8648,12.409090909090908,3,20.0,Guillermo Almada,4-2-3-1,8100000.0,28.021653910770954,182.0909090909091,84.0,1
2173,H,2026-03-14,13:00,4645928.0,H,Girona,12321.0,14,6,2,8,0,0,1.5671,2.19442,2.19442,19.066666666666663,6,12.0,Míchel,4-2-3-1,59800000.0,27.572148590629084,181.0,411.0,1
2174,H,2026-03-14,15:15,4645924.0,H,Atletico Madrid,13.0,16,5,10,11,3,0,1.7964000000000002,2.14469,2.14469,4.357142857142857,16,3.0,Diego Simeone,3-5-2 flat,62000000.0,27.903179640345964,181.63636363636363,412.0,1
2175,H,2026-03-15,13:00,4645920.0,A,Mallorca,237.0,26,12,5,11,3,0,1.9925,2.1497,2.1497,5.761904761904762,7,16.0,Martín Demichelis,4-3-1-2,40500000.0,28.67624914442163,183.27272727272728,181.0,1
2176,H,2026-03-15,15:15,4645925.0,H,Barcelona,131.0,13,8,3,5,0,0,2.8255,3.8639,2.37734,9.958333333333334,6,1.0,Hansi Flick,4-2-3-1,40000000.0,25.695277207392202,182.7,376.0,1
2177,D,2026-03-15,17:30,4645926.0,A,Real Betis,150.0,19,6,3,11,2,0,2.3071,1.87752,1.87752,15.0,7,5.0,Manuel Pellegrini,4-2-3-1,41500000.0,28.987368552050274,180.9090909090909,93.0,1
2178,H,2026-03-15,20:00,4645923.0,H,Real Sociedad,681.0,14,6,3,16,3,0,2.7708,2.91429,2.17101,7.0,9,7.0,Pellegrino Matarazzo,4-1-4-1,105000000.0,27.59006906850849,181.0909090909091,199.0,1
2179,D,2026-03-16,20:00,4645921.0,A,Rayo Vallecano,367.0,18,4,5,10,3,1,1.5478999999999998,1.68134,1.68134,9.88888888888889,6,13.0,Iñigo Pérez,4-3-3 Attacking,6600000.0,29.61383859125132,180.1818181818182,53.0,1
2180,H,2026-03-20,20:00,4645911.0,H,Villarreal,1050.0,21,10,4,10,0,0,2.7622,3.35586,3.35586,36.0,6,3.0,Marcelino,4-4-2,100500000.0,26.543214485719616,184.0,185.0,1
2181,H,2026-03-21,13:00,4645914.0,D,Elche,1531.0,13,4,2,12,2,0,1.3604,1.51605,1.51605,6.464285714285714,8,17.0,Eder Sarabia,3-5-2 flat,10800000.0,28.51247588824591,183.0,26.0,1
2182,A,2026-03-21,15:15,4645915.0,A,Espanyol,714.0,15,5,12,14,2,0,0.8654,1.51208,1.51208,4.25,4,11.0,Manolo González,4-4-1-1,32000000.0,27.71999253313422,182.36363636363637,25.0,1
2183,H,2026-03-21,17:30,4645916.0,D,Levante,3368.0,20,8,3,17,2,0,2.4722,2.92669,2.92669,8.303030303030303,10,19.0,Luís Castro,4-2-3-1,2000000.0,26.15344409184245,180.36363636363637,140.0,1
2184,H,2026-03-21,17:30,4645910.0,D,Osasuna,331.0,19,11,6,18,2,0,2.7709,2.26232,2.26232,10.77777777777778,8,10.0,Alessio Lisci,4-2-3-1,55100000.0,28.663804368116484,181.0,68.0,1
2185,A,2026-03-21,20:00,4645917.0,A,Sevilla,368.0,13,2,1,13,2,0,0.4315,0.505411,0.505411,8.4,4,16.0,Matías Almeyda,4-3-3 Attacking,37100000.0,29.602638292576692,181.45454545454547,524.0,1
2186,H,2026-03-22,17:30,4645912.0,H,Athletic Club,621.0,11,6,6,10,1,0,2.4432,1.92715,1.92715,15.538461538461538,7,9.0,Ernesto Valverde,4-2-3-1,45500000.0,29.965030178582538,184.54545454545453,142.0,1
2187,H,2026-03-22,20:00,4645909.0,A,Real Madrid,418.0,17,10,4,2,1,1,2.4743,2.96605,2.22277,20.76923076923077,7,2.0,Álvaro Arbeloa,4-4-2,135000000.0,26.157675315786197,180.9090909090909,379.0,1
2188,A,2026-03-22,15:15,4645918.0,H,Celta Vigo,940.0,12,5,4,13,2,0,1.3923,1.70969,1.70969,9.142857142857142,8,6.0,Claudio Giráldez,5-4-1,29000000.0,25.92495799887997,181.54545454545453,42.0,1
2189,H,2026-03-22,13:00,4645913.0,H,Barcelona,131.0,15,4,6,12,3,0,1.1623,1.92205,1.92205,3.902439024390244,7,1.0,Hansi Flick,4-2-3-1,30000000.0,25.229046107896213,183.72727272727272,384.0,1
2190,H,2026-04-03,20:00,4645900.0,D,Rayo Vallecano,367.0,21,5,9,17,0,0,2.1017,1.51493,1.51493,4.214285714285714,8,13.0,Iñigo Pérez,4-2-3-1,36500000.0,30.314479497231037,177.9090909090909,62.0,1
2191,H,2026-04-04,13:00,4645901.0,H,Real Sociedad,681.0,18,5,11,11,2,0,2.9239,2.96404,2.96404,9.0,9,7.0,Pellegrino Matarazzo,4-2-3-1,116000000.0,26.30551925829133,181.72727272727272,214.0,1
2192,H,2026-04-04,15:15,4645906.0,H,Mallorca,237.0,6,2,6,16,3,0,1.0072,1.03875,1.03875,13.565217391304348,2,16.0,Martín Demichelis,4-3-1-2,42500000.0,28.67699583099994,181.36363636363637,203.0,1
2193,D,2026-04-04,17:30,4645904.0,D,Real Betis,150.0,19,6,4,12,1,0,2.8034,2.00215,2.00215,5.375,9,5.0,Manuel Pellegrini,4-3-3 Attacking,51500000.0,28.890797087922348,181.36363636363637,144.0,1
2194,A,2026-04-04,20:00,4645903.0,D,Atletico Madrid,13.0,6,2,1,15,6,1,0.3147999999999999,0.919286,0.919286,16.36842105263158,3,4.0,Diego Simeone,4-4-2,93000000.0,28.270051645821663,178.54545454545453,409.0,1
2195,H,2026-04-05,13:00,4645908.0,H,Getafe,3709.0,10,6,4,11,3,0,2.5411,1.96345,1.96345,13.272727272727272,2,8.0,José Bordalás,5-4-1,33900000.0,27.983075104224998,184.8181818181818,118.0,1
2196,A,2026-04-05,15:15,4645899.0,H,Valencia,1049.0,13,4,6,14,1,0,0.683,0.720964,0.720964,13.473684210526317,7,14.0,Carlos Corberán,4-2-3-1,41000000.0,28.116483106216165,181.0909090909091,213.0,1
2197,H,2026-04-05,17:30,4645907.0,H,Real Oviedo,2497.0,7,4,5,11,5,0,1.3035,0.785105,0.785105,8.2,3,20.0,Guillermo Almada,4-2-3-1,8100000.0,28.026631821293016,182.36363636363637,84.0,1
2198,D,2026-04-05,20:00,4645902.0,D,Alaves,1108.0,18,6,7,7,2,0,1.3752,1.65967,0.916391,24.5,4,15.0,Quique Sánchez Flores,4-4-2,29500000.0,27.242113123016612,180.45454545454547,18.0,1
2199,H,2026-04-06,20:00,4645905.0,H,Girona,12321.0,10,2,7,8,2,0,1.5257,0.653493,0.653493,13.210526315789474,9,12.0,Míchel,4-2-3-1,94300000.0,28.771327235392945,181.1818181818182,389.0,1
2200,D,2026-04-10,20:00,4645940.0,D,Real Madrid,418.0,22,9,10,9,2,0,2.4631,1.98086,1.98086,10.6,18,2.0,Álvaro Arbeloa,4-4-2,345000000.0,26.644266069317403,179.9090909090909,423.0,1
2201,H,2026-04-11,20:00,4645947.0,H,Sevilla,368.0,11,2,6,7,4,0,2.0634,1.6578,0.91452,20.41176470588235,6,16.0,Luis García,5-4-1,29000000.0,25.842573579739906,185.27272727272728,231.0,1
2202,H,2026-04-11,17:30,4645942.0,H,Barcelona,131.0,20,10,7,10,3,0,2.6529000000000003,3.30789,3.30789,4.791666666666667,7,1.0,Hansi Flick,4-2-3-1,130000000.0,23.267002675626905,181.63636363636363,223.0,1
2203,H,2026-04-11,15:15,4645944.0,D,Elche,1531.0,8,2,5,15,1,0,0.3481999999999999,1.03489,1.03489,7.16,5,18.0,Eder Sarabia,3-4-1-2,14300000.0,27.799887997013254,183.27272727272728,69.0,1
2204,D,2026-04-11,13:00,4645946.0,D,Real Sociedad,681.0,12,4,9,11,2,1,1.4104,1.295,1.295,9.818181818181818,9,7.0,Pellegrino Matarazzo,4-2-3-1,88800000.0,26.743575384232464,182.0,147.0,1
2205,D,2026-04-12,13:00,4645948.0,D,Osasuna,331.0,12,4,6,14,3,0,2.3874,1.52928,0.786005,10.807692307692308,7,9.0,Alessio Lisci,4-2-3-1,38600000.0,28.77904299670213,181.72727272727272,63.0,1
2206,H,2026-04-12,15:15,4645945.0,H,Mallorca,237.0,12,4,6,13,1,0,1.7849,2.54659,2.54659,10.44,6,15.0,Martín Demichelis,4-3-1-2,38600000.0,28.049032418642273,182.0909090909091,188.0,1
2207,A,2026-04-12,17:30,4645943.0,A,Celta Vigo,940.0,9,6,4,9,1,0,0.5698,1.15878,1.15878,6.285714285714286,16,6.0,Claudio Giráldez,5-4-1,6500000.0,27.347570157426425,181.9,116.0,1
2208,A,2026-04-12,20:00,4645941.0,A,Athletic Club,621.0,18,6,15,15,2,0,1.1813,1.31935,1.31935,6.966666666666667,12,11.0,Ernesto Valverde,4-2-3-1,102500000.0,29.34552921411238,183.72727272727272,180.0,1
2209,H,2026-04-13,20:00,4645939.0,D,Levante,3368.0,22,4,8,12,2,0,2.9400000000000004,3.32797,1.84141,4.9,5,19.0,Luís Castro,4-1-4-1,9000000.0,25.81146163897704,181.72727272727272,138.0,1
2210,H,2026-04-21,18:00,4645930.0,H,Athletic Club,621.0,7,2,5,12,3,1,0.5041,0.49013,0.49013,12.96551724137931,4,10.0,Ernesto Valverde,4-2-3-1,62500000.0,29.915748864414162,181.8181818181818,166.0,1
2211,D,2026-04-21,18:00,4645933.0,D,Mallorca,237.0,20,8,7,9,0,0,1.9587,2.24468,2.24468,9.454545454545457,10,17.0,Martín Demichelis,4-3-1-2,44300000.0,29.38958372223259,181.54545454545453,225.0,1
2212,A,2026-04-21,20:30,4645937.0,D,Girona,12321.0,9,2,3,11,1,0,1.7911,1.72891,0.985634,15.210526315789474,5,15.0,Míchel,4-2-3-1,79300000.0,28.44925642461577,180.0909090909091,372.0,1
2213,H,2026-04-21,20:30,4645935.0,H,Real Madrid,418.0,24,8,9,14,1,0,1.2726,1.504,1.504,10.578947368421051,16,2.0,Álvaro Arbeloa,4-4-2,410000000.0,25.28454981021716,184.27272727272728,438.0,1
2214,H,2026-04-22,18:00,4645936.0,D,Elche,1531.0,14,6,13,11,2,0,2.8426,3.62854,2.88526,6.041666666666667,12,14.0,Eder Sarabia,3-5-2 flat,14300000.0,27.830004355671704,183.27272727272728,69.0,1
2215,A,2026-04-22,19:00,4645929.0,A,Real Sociedad,681.0,13,4,6,13,4,0,2.7132,1.90157,1.15829,3.1923076923076925,9,8.0,Pellegrino Matarazzo,4-2-3-1,75800000.0,26.686827204281006,182.1818181818182,131.0,1
2216,H,2026-04-22,20:30,4645931.0,H,Barcelona,131.0,10,3,5,13,1,0,1.7672,1.54451,0.801228,9.678571428571429,11,1.0,Hansi Flick,4-2-3-1,70000000.0,24.635181382614647,181.45454545454547,342.0,1
2217,D,2026-04-23,20:30,4645934.0,A,Real Oviedo,2497.0,16,4,7,9,1,0,0.9299,2.52849,2.52849,7.135135135135135,8,20.0,Guillermo Almada,4-2-3-1,8100000.0,28.235206272167257,182.0909090909091,88.0,1
2218,H,2026-04-23,18:00,4645932.0,H,Levante,3368.0,8,3,3,17,3,0,2.1173,1.2081,1.2081,9.62962962962963,4,19.0,Luís Castro,4-1-4-1,9000000.0,25.838840146848362,181.72727272727272,138.0,1
2219,H,2026-04-23,19:00,4645938.0,D,Rayo Vallecano,367.0,17,6,6,12,2,0,1.6193,2.06977,2.06977,12.5,6,11.0,Iñigo Pérez,4-2-3-1,37000000.0,29.193205152137388,179.0,69.0,1
2220,D,2026-04-24,20:00,4645971.0,A,Real Betis,150.0,19,4,7,10,1,0,1.2721,1.01953,1.01953,17.5,12,5.0,Manuel Pellegrini,4-2-3-1,51400000.0,29.856511729201667,181.0,356.0,1
2221,H,2026-04-25,13:00,4645970.0,A,Alaves,1108.0,15,4,9,15,2,0,2.3879,1.40767,1.40767,11.541666666666666,5,15.0,Quique Sánchez Flores,3-5-2 flat,26000000.0,28.026134030240804,180.9090909090909,20.0,1
2222,A,2026-04-25,15:15,4645976.0,A,Getafe,3709.0,4,0,6,15,2,0,0.3502,0.607664,0.607664,16.12,4,9.0,José Bordalás,5-3-2,29900000.0,27.708543338933485,182.45454545454547,132.0,1
2223,H,2026-04-25,17:30,4645969.0,D,Valencia,1049.0,12,3,4,22,2,0,2.066,2.31263,2.31263,9.93939393939394,7,11.0,Carlos Corberán,4-4-2,34000000.0,28.63020347209259,181.9090909090909,201.0,1
2224,H,2026-04-25,20:00,4645975.0,A,Atletico Madrid,13.0,6,4,3,8,0,0,2.4198000000000004,2.47955,2.47955,15.11111111111111,2,4.0,Diego Simeone,4-4-2,192000000.0,28.43407379752349,182.72727272727272,453.0,1
2225,D,2026-04-26,13:00,4645974.0,D,Rayo Vallecano,367.0,24,9,6,14,6,1,1.9024,3.18496,3.18496,5.0,1,14.0,Iñigo Pérez,4-2-3-1,38000000.0,27.883765789309937,180.54545454545453,108.0,1
2226,A,2026-04-26,15:15,4645978.0,A,Real Oviedo,2497.0,12,3,6,21,2,0,1.4091,0.772271,0.772271,5.296296296296297,4,20.0,Guillermo Almada,4-2-3-1,11600000.0,27.731939518387154,182.45454545454547,71.0,1
2227,H,2026-04-26,17:30,4645973.0,D,Osasuna,331.0,15,7,4,11,2,0,2.54,2.14254,2.14254,10.214285714285714,5,8.0,Alessio Lisci,4-2-3-1,55100000.0,28.76236699645324,181.0,68.0,1
2228,H,2026-04-26,20:00,4645977.0,H,Villarreal,1050.0,13,4,7,13,3,0,1.7044,2.409,1.66572,16.941176470588236,7,3.0,Marcelino,4-4-2,101500000.0,26.65148403957439,184.0909090909091,206.0,1
2229,D,2026-04-27,20:00,4645972.0,D,Espanyol,714.0,9,3,4,12,3,1,0.8136,0.853225,0.853225,8.875,5,10.0,Manolo González,4-2-3-1,33200000.0,29.376392259349135,183.0909090909091,22.0,1
2230,A,2026-05-01,20:00,4646006.0,A,Girona,12321.0,14,4,5,8,4,0,1.6859000000000002,1.77655,1.77655,17.454545454545453,9,16.0,Míchel,4-2-3-1,74800000.0,27.07137079211001,180.1818181818182,394.0,1
2231,A,2026-05-02,17:30,4646001.0,H,Alaves,1108.0,7,4,4,8,4,0,1.0379,0.613172,0.613172,11.526315789473683,7,18.0,Quique Sánchez Flores,3-4-1-2,26000000.0,28.070686329413228,180.72727272727272,17.0,1
2232,A,2026-05-02,20:00,4646008.0,D,Osasuna,331.0,9,4,3,9,2,0,1.1643,1.28813,1.28813,23.571428571428573,2,10.0,Alessio Lisci,4-2-3-1,48700000.0,30.24827328728766,181.45454545454547,72.0,1
2233,H,2026-05-02,13:00,4645999.0,H,Villarreal,1050.0,20,8,7,14,3,0,2.4958,2.47953,2.47953,10.28125,7,3.0,Marcelino,4-4-2,94500000.0,27.28965216850227,182.9090909090909,163.0,1
2234,A,2026-05-02,15:15,4646007.0,D,Valencia,1049.0,12,0,1,9,1,0,0.6396,0.778471,0.778471,9.076923076923077,6,12.0,Carlos Corberán,4-4-2,34000000.0,28.851969385850285,182.63636363636363,201.0,1
2235,H,2026-05-03,17:30,4646002.0,H,Real Betis,150.0,10,5,5,9,0,0,1.9768,1.86882,1.86882,9.892857142857142,9,5.0,Manuel Pellegrini,4-3-3 Attacking,68000000.0,29.007529089664615,180.9090909090909,355.0,1
2236,A,2026-05-03,20:00,4646004.0,D,Espanyol,714.0,17,3,5,19,3,0,1.0487,1.09007,1.09007,22.36842105263158,6,13.0,Manolo González,4-2-3-1,24000000.0,27.341920228983884,182.63636363636363,29.0,1
2237,H,2026-05-03,13:00,4646003.0,H,Celta Vigo,940.0,6,4,4,14,2,0,1.2014,1.4443,1.4443,11.20689655172414,6,6.0,Claudio Giráldez,5-4-1,21800000.0,25.755709041129986,179.54545454545453,67.0,1
2238,A,2026-05-03,15:15,4646005.0,A,Getafe,3709.0,13,3,4,7,3,0,1.7268,1.35219,0.597525,5.125,2,7.0,José Bordalás,5-3-2,30300000.0,27.860618505382366,184.0,30.0,1
2239,H,2026-05-04,20:00,4646000.0,D,Sevilla,368.0,19,5,3,19,3,0,2.3697000000000004,1.32018,1.32018,9.580645161290322,5,17.0,Luis García,4-4-2,31500000.0,27.494493186484974,182.72727272727272,266.0,1
2240,H,2026-05-08,20:00,3607576.0,D,Levante,3368.0,35,12,15,11,2,0,2.8913,3.53052,3.53052,7.904761904761905,13,20.0,Alessio Lisci,4-3-3 Attacking,49600000.0,28.195631883516896,181.27272727272728,4.0,1
2241,A,2026-05-09,17:30,4407754.0,D,Atletico Madrid,13.0,20,4,10,11,1,0,2.8705,2.78506,2.78506,12.4,14,3.0,Diego Simeone,4-4-2,356000000.0,28.12718561383859,179.36363636363637,520.0,1
2242,D,2026-05-09,20:00,4407660.0,A,Real Sociedad,681.0,14,6,4,12,2,0,2.0046,2.66557,1.92229,8.73913043478261,7,9.0,Imanol Alguacil,4-3-3 Attacking,298000000.0,26.026507373529963,180.72727272727272,249.0,1
2243,D,2026-05-09,13:00,3610329.0,D,Elche,1531.0,16,5,7,15,3,0,1.121,2.08849,2.08849,4.64,5,14.0,Francisco Rodríguez,4-4-2 double 6,22200000.0,29.27409619812084,182.8181818181818,63.0,1
2244,H,2026-05-09,15:15,4407753.0,D,Sevilla,368.0,21,6,4,14,5,0,2.2488,1.41747,1.41747,3.310344827586207,7,12.0,Xavier García Pimienta,4-3-3 Attacking,113000000.0,26.939207267749364,184.45454545454547,323.0,1
2245,H,2026-05-10,20:00,4407595.0,H,Barcelona,131.0,10,7,4,18,2,0,2.2861,1.72002,1.72002,11.565217391304348,11,1.0,Hansi Flick,4-2-3-1,471000000.0,25.79851907161969,181.9090909090909,407.0,1
2246,D,2026-05-10,13:00,4405322.0,D,Mallorca,237.0,18,8,5,17,2,0,1.7721,1.54058,1.54058,8.166666666666666,5,13.0,Jagoba Arrasate,4-2-3-1,48500000.0,27.920104536120963,182.8181818181818,151.0,1
2247,A,2026-05-10,15:15,4361563.0,D,Athletic Club,621.0,14,4,13,9,2,0,0.8133999999999999,0.935199,0.935199,10.38095238095238,5,9.0,Ernesto Valverde,4-2-3-1,153300000.0,26.16862671893473,182.9090909090909,61.0,1
2248,D,2026-05-11,20:00,4407751.0,D,Rayo Vallecano,367.0,18,5,9,10,1,0,1.8643000000000003,1.79488,1.79488,7.68,9,7.0,Iñigo Pérez,4-2-3-1,36800000.0,28.843755833488895,179.36363636363637,108.0,1
0,H,2019-08-16,20:00,3208627.0,D,Barcelona,131.0,11,2,8,9,1,0,1.8714,1.03621,1.03621,7.0625,5,15.0,Ernesto Valverde,4-3-3 Attacking,720000000.0,26.795594549187978,180.8181818181818,617.0,0
1,A,2019-08-17,16:00,3208619.0,A,Real Madrid,418.0,17,11,4,12,2,1,1.7477,1.99723,1.99723,14.08695652173913,8,1.0,Zinédine Zidane,4-3-3 Attacking,510000000.0,28.524671769024952,182.9090909090909,628.0,0
2,D,2019-08-17,18:00,3208624.0,D,Real Sociedad,681.0,12,3,3,14,4,0,0.9553,1.79528,1.05213,7.269230769230769,6,12.0,Imanol Alguacil,4-2-3-1,218000000.0,25.2278016302657,182.27272727272728,206.0,0
3,H,2019-08-17,19:00,3208620.0,H,Eibar,1533.0,11,5,3,14,3,0,0.6798,0.794158,0.794158,6.954545454545454,6,13.0,José Luis Mendilibar,4-4-2 double 6,42100000.0,29.035156493062036,182.1818181818182,20.0,0
4,A,2019-08-17,20:00,3208626.0,D,Osasuna,331.0,4,2,0,11,4,0,0.373,0.188265,0.188265,9.833333333333334,2,8.0,Jagoba Arrasate,4-2-3-1,20100000.0,27.414597722605937,179.9090909090909,58.0,0
5,D,2019-08-17,20:00,3208628.0,D,Granada,16795.0,14,7,7,16,1,0,1.3907,1.96668,1.2234,12.826086956521738,2,10.0,Diego Martínez,4-2-3-1,16900000.0,28.053263642586025,183.1818181818182,5.0,0
6,H,2019-08-18,16:00,3208623.0,D,Levante,3368.0,16,4,9,15,1,0,1.4713,0.859231,0.859231,4.913043478260869,3,18.0,Paco López,4-4-2 Diamond,58500000.0,27.364071930807043,180.27272727272728,116.0,0
7,A,2019-08-18,18:00,3208622.0,A,Sevilla,368.0,12,4,4,17,2,0,2.9074,2.40044,2.40044,11.130434782608695,6,2.0,Julen Lopetegui,4-3-3 Attacking,126500000.0,28.466181320390763,180.8181818181818,194.0,0
8,A,2019-08-18,20:00,3208625.0,D,Real Valladolid,366.0,14,3,1,19,6,0,0.8815999999999999,0.736026,0.736026,8.133333333333333,2,3.0,Sergio,4-4-2,43300000.0,28.883828013191465,180.0909090909091,29.0,0
9,H,2019-08-18,21:00,3208621.0,H,Getafe,3709.0,6,0,4,22,4,1,0.0974,0.333556,0.333556,11.571428571428571,2,16.0,Pepe Bordalás,4-4-2 double 6,95000000.0,28.920166760002488,182.45454545454547,195.0,0
10,A,2019-08-23,19:00,3208643.0,D,Sevilla,368.0,11,6,6,14,1,0,2.271,1.39211,1.39211,7.541666666666667,3,1.0,Julen Lopetegui,4-3-3 Attacking,124500000.0,29.058552672515713,180.72727272727272,235.0,0
11,H,2019-08-23,21:00,3208645.0,A,Villarreal,1050.0,23,6,3,9,2,0,1.8518,2.82602,2.82602,11.0,9,13.0,Javier Calleja,4-4-2 double 6,114500000.0,28.28647875054446,180.54545454545453,307.0,0
12,H,2019-08-24,20:00,3208641.0,H,Valencia,1049.0,9,1,4,12,2,0,0.2722,0.675601,0.675601,10.689655172413794,11,16.0,Marcelino,4-4-2,269000000.0,28.02389397050588,182.63636363636363,192.0,0
13,D,2019-08-24,20:00,3208642.0,D,Athletic Club,621.0,4,2,6,11,1,0,1.4973,0.454246,0.454246,5.421052631578948,2,5.0,Gaizka Garitano,4-2-3-1,155500000.0,27.593304710347834,181.0,85.0,0
14,D,2019-08-24,16:00,3208647.0,D,Eibar,1533.0,12,0,6,12,4,0,1.1032,0.65217,0.65217,4.541666666666667,4,17.0,José Luis Mendilibar,4-4-2 double 6,44000000.0,29.305208138883703,179.54545454545453,20.0,0
15,D,2019-08-24,18:00,3208648.0,D,Real Valladolid,366.0,9,2,3,11,2,0,1.0106,1.22209,1.22209,18.944444444444443,2,4.0,Sergio,4-4-2,47300000.0,27.13359467363574,180.72727272727272,72.0,0
16,D,2019-08-25,16:00,3208639.0,D,Espanyol,714.0,5,1,5,10,1,0,0.7070000000000001,0.159461,0.159461,8.722222222222221,1,18.0,David Gallego,4-1-4-1,87300000.0,27.15325742019787,179.63636363636363,14.0,0
17,A,2019-08-25,16:00,3208646.0,D,Real Sociedad,681.0,12,4,5,12,2,0,1.9997000000000005,1.59382,1.59382,8.176470588235293,7,6.0,Imanol Alguacil,4-2-3-1,218000000.0,25.24970443656275,182.27272727272728,206.0,0
18,A,2019-08-25,18:00,3208644.0,D,Atletico Madrid,13.0,6,4,4,13,5,0,2.2734,1.39426,1.39426,10.285714285714286,7,2.0,Diego Simeone,4-4-2 double 6,665000000.0,25.632754651235143,182.0909090909091,629.0,0
19,H,2019-08-25,20:00,3208640.0,D,Real Betis,150.0,4,3,0,12,1,0,0.063,0.145785,0.145785,21.058823529411764,0,20.0,Rubi,4-2-3-1,195500000.0,26.575322008586895,180.8181818181818,324.0,0
20,D,2019-08-30,19:00,3208656.0,D,Celta Vigo,940.0,2,1,1,9,2,0,0.5286,0.454026,0.454026,14.894736842105264,2,8.0,Fran Escribá,4-4-2,126000000.0,25.323626407815315,178.0909090909091,191.0,0
21,H,2019-08-30,21:00,3208649.0,H,Real Sociedad,681.0,2,2,0,17,3,0,0.4546,0.217717,0.217717,8.277777777777779,5,10.0,Imanol Alguacil,4-2-3-1,239000000.0,25.557837097878167,182.1818181818182,189.0,0
22,H,2019-08-31,20:00,3208651.0,D,Leganes,1244.0,19,7,8,15,2,0,0.6577999999999999,1.44559,1.44559,14.944444444444445,5,20.0,Mauricio Pellegrino,5-3-2,67300000.0,27.384979154999687,181.0909090909091,260.0,0
23,H,2019-08-31,18:00,3208654.0,D,Real Valladolid,366.0,15,4,6,10,2,0,0.2657,1.02789,1.02789,8.789473684210526,7,13.0,Sergio,4-4-2,47500000.0,26.291083317777364,181.0,72.0,0
24,D,2019-08-31,16:00,3208655.0,H,Barcelona,131.0,8,4,2,9,4,0,0.3039,0.360967,0.360967,4.1,2,11.0,Ernesto Valverde,4-3-3 Attacking,615000000.0,27.078588762366994,180.45454545454547,558.0,0
25,D,2019-08-31,18:00,3208653.0,D,Alaves,1108.0,5,1,2,17,1,0,1.4427,1.01227,1.01227,11.625,3,7.0,Asier Garitano,5-4-1,41800000.0,27.481052828075416,181.8181818181818,23.0,0
26,H,2019-09-01,16:00,3208657.0,H,Mallorca,237.0,12,1,4,19,1,0,0.5479,1.16388,1.16388,10.04,7,14.0,Vicente Moreno,4-4-1-1,18600000.0,27.46188787256549,180.8181818181818,53.0,0
27,H,2019-09-01,18:00,3208650.0,A,Eibar,1533.0,6,2,1,15,3,0,0.5316,0.847966,0.847966,10.44,3,18.0,José Luis Mendilibar,4-2-3-1,34300000.0,30.45709663368801,179.0909090909091,55.0,0
28,A,2019-09-01,18:00,3208652.0,A,Granada,16795.0,14,6,6,13,3,0,1.5623,1.58505,1.58505,14.75,4,12.0,Diego Martínez,4-2-3-1,18900000.0,28.205836600087114,182.54545454545453,99.0,0
29,D,2019-09-01,20:00,3208658.0,D,Real Madrid,418.0,17,5,8,14,4,1,1.0699,1.76659,1.76659,8.548387096774194,7,5.0,Zinédine Zidane,4-4-2 double 6,545000000.0,27.98357289527721,183.8181818181818,504.0,0
30,D,2019-09-13,20:00,3208665.0,D,Athletic Club,621.0,11,5,6,18,3,0,0.7591,1.39203,0.648757,5.833333333333333,3,4.0,Gaizka Garitano,4-2-3-1,168000000.0,26.657457532200855,179.72727272727272,107.0,0
31,H,2019-09-14,17:30,3208667.0,D,Atletico Madrid,13.0,12,2,5,10,3,0,0.6084,1.06745,1.06745,14.36842105263158,14,2.0,Diego Simeone,4-4-2 double 6,598000000.0,26.128305643706053,180.72727272727272,500.0,0
32,H,2019-09-14,20:00,3208660.0,H,Valencia,1049.0,9,3,5,11,4,0,0.4851999999999999,1.27064,1.27064,19.294117647058822,8,13.0,Albert Celades,4-4-2 double 6,279000000.0,28.061477194947418,180.63636363636363,230.0,0
33,H,2019-09-14,12:00,3208666.0,H,Levante,3368.0,8,3,6,10,2,0,0.5353,1.81125,1.81125,24.53333333333333,3,8.0,Paco López,5-4-1,52500000.0,28.168004480119468,181.9090909090909,35.0,0
34,A,2019-09-14,15:00,3208664.0,A,Villarreal,1050.0,8,4,6,11,0,0,2.5524,1.83013,1.83013,10.904761904761903,5,10.0,Javier Calleja,4-3-3 Attacking,99500000.0,28.607056188165018,182.45454545454547,302.0,0
35,A,2019-09-15,11:00,3208663.0,D,Espanyol,714.0,7,2,2,16,4,1,2.4469,1.64516,1.64516,9.0,3,17.0,David Gallego,4-4-2,88000000.0,28.539356605065027,182.0,14.0,0
36,A,2019-09-15,13:00,3208659.0,A,Sevilla,368.0,19,7,6,7,5,0,1.5700999999999998,1.091,1.091,8.8,13,1.0,Julen Lopetegui,4-3-3 Attacking,152000000.0,28.38777922966835,180.72727272727272,259.0,0
37,A,2019-09-15,15:00,3208662.0,A,Granada,16795.0,13,3,5,13,2,0,2.2676000000000003,1.1436,1.1436,6.5,2,6.0,Diego Martínez,4-2-3-1,18900000.0,28.24416651110696,182.54545454545453,99.0,0
38,D,2019-09-15,17:30,3208668.0,D,Osasuna,331.0,17,5,6,10,1,0,2.6676999999999995,2.68375,2.68375,10.05,10,9.0,Jagoba Arrasate,4-4-2 double 6,22600000.0,27.93951838715699,178.36363636363637,55.0,0
39,D,2019-09-15,20:00,3208661.0,A,Getafe,3709.0,12,4,6,28,6,0,1.7656999999999998,1.49492,0.751644,6.153846153846154,8,18.0,Pepe Bordalás,4-4-2,108500000.0,28.032854209445585,182.8181818181818,204.0,0
40,D,2019-09-20,20:00,3208675.0,D,Real Betis,150.0,7,2,4,9,2,0,0.1906999999999999,0.334273,0.334273,18.63636363636364,3,16.0,Rubi,4-2-3-1,169000000.0,27.576628710098934,181.0909090909091,367.0,0
41,D,2019-09-21,15:00,3208674.0,D,Eibar,1533.0,18,4,7,11,2,0,1.0053999999999998,1.12755,1.12755,12.36842105263158,2,19.0,José Luis Mendilibar,4-2-3-1,35600000.0,30.172609047352374,178.8181818181818,55.0,0
42,D,2019-09-21,17:30,3208670.0,D,Celta Vigo,940.0,6,3,3,12,5,0,0.4754,0.582564,0.582564,17.916666666666668,3,13.0,Fran Escribá,4-2-3-1,123500000.0,26.201232032854207,178.9090909090909,236.0,0
43,H,2019-09-21,20:00,3208673.0,H,Barcelona,131.0,8,1,5,12,2,0,0.2592,0.557709,0.557709,5.2727272727272725,10,8.0,Ernesto Valverde,4-3-3 Attacking,585000000.0,27.043494493186483,182.0,586.0,0
44,H,2019-09-21,12:00,3208678.0,D,Real Valladolid,366.0,7,3,8,8,1,0,0.2531,0.434119,0.434119,16.22222222222222,1,12.0,Sergio,4-4-2 double 6,46500000.0,27.336942318461823,180.63636363636363,45.0,0
45,A,2019-09-22,20:00,3208676.0,D,Real Madrid,418.0,7,4,6,15,2,0,2.1748,1.23916,1.23916,10.448275862068966,9,2.0,Zinédine Zidane,4-2-3-1,613000000.0,28.671022338373465,183.8181818181818,567.0,0
46,H,2019-09-22,11:00,3208672.0,H,Mallorca,237.0,7,3,2,17,5,0,0.2037,0.726341,0.726341,5.166666666666667,1,17.0,Vicente Moreno,4-1-4-1,17800000.0,28.583162217659137,180.54545454545453,105.0,0
47,A,2019-09-22,13:00,3208671.0,A,Real Sociedad,681.0,10,5,7,12,0,0,2.0612,1.49572,1.49572,11.68,8,3.0,Imanol Alguacil,4-2-3-1,227500000.0,26.5412233215108,180.9090909090909,177.0,0
48,D,2019-09-22,15:00,3208677.0,D,Leganes,1244.0,13,4,6,23,4,0,1.2285,1.52139,1.52139,11.576923076923077,3,20.0,Mauricio Pellegrino,3-4-1-2,56500000.0,26.578059859374026,180.72727272727272,166.0,0
49,H,2019-09-22,17:30,3208669.0,H,Alaves,1108.0,5,1,2,19,4,0,0.3024,0.522331,0.522331,10.533333333333331,1,15.0,Asier Garitano,4-1-4-1,55300000.0,28.79223445958559,181.36363636363637,20.0,0
50,H,2019-09-24,20:00,3208679.0,H,Villarreal,1050.0,11,3,5,13,2,0,1.1797,0.54607,0.54607,12.88888888888889,4,8.0,Javier Calleja,4-2-3-1,126000000.0,27.128865658639782,180.63636363636363,305.0,0
51,H,2019-09-24,19:00,3208680.0,D,Levante,3368.0,17,3,2,11,2,0,0.8318,1.93984,1.93984,23.666666666666668,6,11.0,Paco López,4-3-3 Attacking,48300000.0,29.416962230103913,181.54545454545453,6.0,0
52,D,2019-09-24,18:00,3208688.0,D,Granada,16795.0,6,4,3,18,2,0,0.7126,0.650478,0.650478,7.461538461538462,3,5.0,Diego Martínez,4-4-2 double 6,20100000.0,27.52411175409122,184.63636363636363,42.0,0
53,D,2019-09-25,18:00,3208683.0,D,Athletic Club,621.0,9,2,5,12,1,0,2.1563,1.29281,0.549662,5.032258064516129,2,4.0,Gaizka Garitano,4-2-3-1,151000000.0,27.69560077157613,181.45454545454547,47.0,0
54,A,2019-09-25,18:00,3208684.0,A,Atletico Madrid,13.0,13,3,5,15,5,1,1.783,1.21545,1.21545,8.73076923076923,10,3.0,Diego Simeone,4-4-2 double 6,523000000.0,26.774687324995337,182.9090909090909,442.0,0
55,D,2019-09-25,19:00,3208687.0,H,Getafe,3709.0,18,5,5,26,4,0,2.0607,2.65542,2.65542,7.236842105263157,8,10.0,Pepe Bordalás,4-4-2,133000000.0,28.060232717316907,182.8181818181818,204.0,0
56,H,2019-09-25,20:00,3208685.0,H,Osasuna,331.0,4,0,5,13,2,0,0.105,0.11469,0.11469,8.257142857142858,5,12.0,Jagoba Arrasate,4-4-2 double 6,24200000.0,27.62889677058055,178.27272727272728,54.0,0
57,H,2019-09-26,18:00,3208682.0,A,Sevilla,368.0,7,4,1,19,4,0,1.0274,1.3532,1.3532,8.91304347826087,5,7.0,Julen Lopetegui,4-3-3 Attacking,134500000.0,28.624727770518327,179.54545454545453,225.0,0
58,D,2019-09-26,19:00,3208681.0,D,Espanyol,714.0,10,4,4,17,5,0,1.6744,1.50653,1.50653,15.2,7,16.0,David Gallego,4-4-2 double 6,74500000.0,28.134901375147784,180.54545454545453,21.0,0
59,H,2019-09-26,20:00,3208686.0,H,Alaves,1108.0,5,0,3,20,4,1,0.0177,0.195935,0.195935,12.636363636363637,1,17.0,Asier Garitano,4-1-4-1,54600000.0,25.92346462572335,181.27272727272728,35.0,0
60,H,2019-09-27,20:00,3208701.0,H,Real Betis,150.0,11,6,7,8,2,0,0.1716,0.667105,0.667105,11.210526315789474,7,11.0,Rubi,4-4-2 double 6,152000000.0,27.718748055503703,184.72727272727272,123.0,0
61,A,2019-09-28,12:00,3208693.0,A,Valencia,1049.0,10,6,7,12,5,0,2.1865,2.10545,2.10545,11.1,10,9.0,Albert Celades,4-4-2 double 6,265000000.0,27.897952834297804,182.45454545454547,193.0,0
62,A,2019-09-28,15:00,3208697.0,A,Barcelona,131.0,10,6,1,17,4,1,1.5469,1.3084,1.3084,5.65,3,5.0,Ernesto Valverde,4-3-3 Attacking,615000000.0,26.78190529525232,182.0,597.0,0
63,H,2019-09-28,17:30,3208698.0,H,Leganes,1244.0,15,6,3,12,4,0,1.5697,0.989332,0.989332,7.4,2,20.0,Mauricio Pellegrino,3-4-1-2,61000000.0,25.666106651732935,183.27272727272728,298.0,0
64,D,2019-09-28,20:00,3208694.0,D,Real Madrid,418.0,14,3,7,14,2,0,0.8356999999999999,0.379757,0.379757,9.192307692307692,4,1.0,Zinédine Zidane,4-3-3 Attacking,603000000.0,28.53811212743451,184.0,535.0,0
65,H,2019-09-29,15:00,3208692.0,D,Mallorca,237.0,5,1,1,14,3,0,0.1462,0.16946,0.16946,11.26086956521739,2,19.0,Vicente Moreno,4-2-3-1,26400000.0,27.687636114740837,179.63636363636363,101.0,0
66,D,2019-09-29,17:30,3208699.0,H,Osasuna,331.0,18,3,11,12,0,0,0.6561,0.758419,0.758419,7.608695652173913,6,12.0,Jagoba Arrasate,4-4-2 double 6,43700000.0,28.620994337626783,179.27272727272728,55.0,0
67,A,2019-09-29,11:00,3208696.0,A,Real Valladolid,366.0,9,6,3,13,0,0,2.2879,2.13178,1.38863,13.45,6,10.0,Sergio,4-4-2 double 6,37800000.0,27.824777549623548,179.45454545454547,29.0,0
68,H,2019-09-29,13:00,3208695.0,D,Celta Vigo,940.0,3,2,5,15,1,0,1.0823,0.826593,0.0833155,4.833333333333333,4,17.0,Fran Escribá,4-4-2 double 6,129000000.0,25.868458714454608,179.8181818181818,240.0,0
69,H,2019-09-29,20:00,3208700.0,D,Real Sociedad,681.0,5,2,0,8,1,0,0.7241000000000001,0.774246,0.774246,14.88888888888889,4,6.0,Imanol Alguacil,4-2-3-1,206500000.0,27.216476883828012,182.36363636363637,149.0,0
70,D,2019-10-04,20:00,3208704.0,A,Eibar,1533.0,8,2,9,20,6,1,0.8824,1.18435,0.441072,7.333333333333333,1,14.0,José Luis Mendilibar,4-3-3 Attacking,41300000.0,29.72609047352374,178.45454545454547,56.0,0
71,A,2019-10-05,12:00,3208706.0,A,Levante,3368.0,9,2,4,7,5,0,0.1633,1.08538,0.342101,21.5,4,9.0,Paco López,4-4-2 double 6,64500000.0,28.07342418020036,181.0909090909091,6.0,0
72,H,2019-10-05,15:00,3208709.0,H,Granada,16795.0,8,5,2,18,5,0,0.5997,1.6065,0.863224,9.2,3,4.0,Diego Martínez,4-2-3-1,23500000.0,27.830004355671704,181.36363636363637,99.0,0
73,H,2019-10-05,17:30,3208711.0,H,Alaves,1108.0,10,4,7,16,3,0,1.1629,1.4742,1.4742,14.904761904761903,5,17.0,Asier Garitano,4-4-2 double 6,44800000.0,27.91960674506876,183.0,35.0,0
74,H,2019-10-05,20:00,3208708.0,A,Villarreal,1050.0,16,5,9,15,2,0,2.3506,2.52105,2.52105,14.466666666666669,5,11.0,Javier Calleja,4-3-3 Attacking,136000000.0,27.61222077033165,181.27272727272728,366.0,0
75,H,2019-10-06,11:00,3208707.0,H,Espanyol,714.0,11,3,4,11,3,0,0.9952,0.731578,0.731578,6.785714285714286,5,19.0,David Gallego,4-2-3-1,72000000.0,27.333208885570283,178.63636363636363,19.0,0
76,H,2019-10-06,13:00,3208705.0,D,Athletic Club,621.0,6,2,4,20,5,0,0.1616,0.127135,0.127135,12.304347826086955,3,8.0,Gaizka Garitano,4-2-3-1,169500000.0,27.849667102233834,181.63636363636363,105.0,0
77,D,2019-10-06,15:00,3208712.0,D,Atletico Madrid,13.0,9,1,4,14,4,0,1.0699,0.768197,0.768197,7.0344827586206895,5,3.0,Diego Simeone,4-4-2 double 6,620000000.0,26.137763673697965,182.45454545454547,616.0,0
78,A,2019-10-06,17:30,3208710.0,H,Getafe,3709.0,13,4,8,15,4,0,1.4018,0.86893,0.86893,6.208333333333333,3,12.0,Pepe Bordalás,4-4-2,117000000.0,28.741459772260598,183.1818181818182,243.0,0
79,H,2019-10-06,20:00,3208703.0,H,Sevilla,368.0,16,4,10,12,3,0,1.7977,3.03653,3.03653,11.433333333333334,8,5.0,Julen Lopetegui,4-3-3 Attacking,139500000.0,29.147408375334454,179.8181818181818,259.0,0
80,H,2019-10-18,20:00,3208719.0,H,Osasuna,331.0,9,4,7,17,8,1,1.6039,0.658856,0.658856,7.7894736842105265,3,13.0,Jagoba Arrasate,4-2-3-1,39200000.0,28.051521373903302,179.0909090909091,58.0,0
81,A,2019-10-19,12:00,3208716.0,A,Barcelona,131.0,9,4,2,14,0,0,2.6128,1.72534,1.72534,12.833333333333334,10,1.0,Ernesto Valverde,4-3-3 Attacking,785000000.0,27.86584531143053,179.36363636363637,902.0,0
82,D,2019-10-19,15:00,3208715.0,H,Valencia,1049.0,11,3,4,12,1,1,0.6678,0.757907,0.757907,11.38888888888889,12,8.0,Albert Celades,4-3-3 Attacking,235000000.0,28.329537676560264,182.36363636363637,196.0,0
83,H,2019-10-19,17:30,3208718.0,D,Leganes,1244.0,7,3,3,19,4,0,0.6174,0.372249,0.372249,5.727272727272728,5,20.0,Mauricio Pellegrino,3-4-1-2,35700000.0,29.210627838964594,181.63636363636363,189.0,0
84,H,2019-10-19,20:00,3208720.0,H,Real Madrid,418.0,13,4,4,14,2,1,1.8508,0.808026,0.808026,5.225806451612903,8,2.0,Zinédine Zidane,4-4-2 double 6,448000000.0,26.760500280007467,182.1818181818182,592.0,0
85,H,2019-10-20,20:00,3208722.0,D,Levante,3368.0,12,5,1,11,2,0,0.1776,0.459674,0.459674,13.27777777777778,2,11.0,Paco López,4-3-3 Attacking,63400000.0,27.897703938771702,181.0,6.0,0
86,A,2019-10-20,15:00,3208717.0,A,Villarreal,1050.0,11,5,3,14,1,0,2.166,1.64809,1.64809,9.894736842105264,3,7.0,Javier Calleja,4-3-3 Attacking,117500000.0,28.47563935038268,181.0909090909091,315.0,0
87,D,2019-10-20,17:30,3208714.0,H,Real Valladolid,366.0,9,3,4,9,3,0,0.7131000000000001,0.672979,0.672979,14.0,3,14.0,Sergio,4-4-2 double 6,36800000.0,27.787194325182007,181.9090909090909,58.0,0
88,H,2019-10-20,11:00,3208713.0,D,Celta Vigo,940.0,14,2,6,5,1,0,0.6786,1.1334,1.1334,9.38888888888889,7,18.0,Fran Escribá,4-4-2 double 6,116000000.0,25.867463132350192,179.36363636363637,167.0,0
89,H,2019-10-20,13:00,3208721.0,H,Real Betis,150.0,12,5,2,12,2,0,0.7596,0.63684,0.63684,10.95,5,17.0,Rubi,4-4-2 double 6,167500000.0,29.38634808039325,183.36363636363637,173.0,0
90,H,2019-10-25,20:00,3208731.0,H,Alaves,1108.0,12,3,4,13,2,0,0.2293,0.591294,0.591294,13.2,1,13.0,Asier Garitano,4-4-2,65800000.0,28.23694854084998,180.8181818181818,22.0,0
91,H,2019-10-26,15:00,3208727.0,H,Mallorca,237.0,9,1,5,13,1,0,0.5869,0.858516,0.858516,9.333333333333334,3,15.0,Vicente Moreno,4-3-3 Attacking,20300000.0,28.071930807043746,180.72727272727272,53.0,0
92,H,2019-10-26,17:30,3208732.0,H,Eibar,1533.0,13,3,3,13,2,0,0.1935,0.395075,0.395075,6.090909090909091,4,16.0,José Luis Mendilibar,4-3-3 Attacking,41300000.0,29.17578246531019,179.8181818181818,20.0,0
93,H,2019-10-26,20:00,3208723.0,H,Athletic Club,621.0,9,2,7,9,2,0,0.1719,0.328031,0.328031,15.76923076923077,4,12.0,Gaizka Garitano,4-2-3-1,172500000.0,26.59174911330969,180.0909090909091,108.0,0
94,H,2019-10-27,17:30,3208730.0,D,Getafe,3709.0,9,4,0,18,3,0,0.2742,0.62652,0.62652,7.675675675675675,4,11.0,Pepe Bordalás,4-4-2 double 6,107300000.0,28.435069379627905,184.0909090909091,114.0,0
95,A,2019-10-27,11:00,3208725.0,D,Real Sociedad,681.0,9,4,7,12,2,0,1.4306,0.967791,0.967791,9.466666666666669,4,4.0,Imanol Alguacil,4-2-3-1,228500000.0,25.400784020907224,181.72727272727272,205.0,0
96,H,2019-10-27,13:00,3208726.0,D,Real Betis,150.0,12,0,2,8,4,0,0.6164,0.683829,0.683829,14.909090909090908,5,17.0,Rubi,4-1-4-1,153000000.0,27.849418206707732,182.0909090909091,347.0,0
97,A,2019-10-27,15:00,3208728.0,A,Espanyol,714.0,14,3,7,26,3,0,1.9113,0.928166,0.928166,5.888888888888889,1,19.0,Pablo Machín,3-4-2-1,78800000.0,27.500466679111444,181.1818181818182,35.0,0
98,H,2019-10-27,20:00,3208729.0,D,Valencia,1049.0,2,1,1,6,1,1,0.1568,0.836057,0.836057,14.22222222222222,4,10.0,Albert Celades,4-4-2,270500000.0,27.81656399726215,180.8181818181818,72.0,0
99,D,2019-10-29,18:00,3208742.0,D,Atletico Madrid,13.0,9,3,1,16,3,0,2.4337,1.72516,1.72516,5.258064516129032,6,5.0,Diego Simeone,4-4-2 double 6,403000000.0,26.349324870885447,181.0909090909091,374.0,0
100,H,2019-10-29,20:15,3208744.0,H,Real Valladolid,366.0,9,1,3,14,3,0,0.1547,1.2024,1.2024,12.961538461538462,2,13.0,Sergio,5-4-1,39500000.0,27.246344346960367,180.9090909090909,20.0,0
101,H,2019-10-30,20:00,3208745.0,H,Celta Vigo,940.0,18,5,10,17,1,0,1.7577,1.59702,0.853745,6.24,9,18.0,Fran Escribá,4-4-2,128500000.0,25.92346462572335,177.0909090909091,184.0,0
102,H,2019-10-30,19:00,3208743.0,H,Espanyol,714.0,12,5,5,20,1,0,1.4473,0.561641,0.561641,4.7560975609756095,3,19.0,Pablo Machín,3-5-2 flat,71800000.0,27.755086802314725,181.54545454545453,27.0,0
103,H,2019-10-30,20:15,3208749.0,H,Leganes,1244.0,5,3,3,12,5,0,0.0011,0.240435,0.240435,26.615384615384617,2,20.0,Luis Cembranos,4-2-3-1,55000000.0,24.323066392881586,181.27272727272728,276.0,0
104,A,2019-10-30,18:00,3208750.0,A,Levante,3368.0,13,4,5,12,4,0,1.5802999999999998,2.03092,2.03092,11.0,7,11.0,Paco López,4-4-2 double 6,71500000.0,27.383734677369173,180.63636363636363,118.0,0
105,D,2019-10-30,18:00,3208751.0,A,Sevilla,368.0,10,1,1,17,3,0,0.7865,0.46703,0.46703,8.333333333333334,4,3.0,Julen Lopetegui,4-3-3 Attacking,155000000.0,28.443034036463192,179.0909090909091,260.0,0
106,H,2019-10-31,20:15,3208747.0,H,Granada,16795.0,10,2,3,11,5,0,2.0904000000000003,1.91693,1.91693,7.352941176470588,3,4.0,Diego Martínez,5-4-1,23400000.0,29.03714765727086,184.36363636363637,122.0,0
107,H,2019-10-31,18:00,3208746.0,D,Villarreal,1050.0,9,2,3,12,3,0,0.5,1.40491,1.40491,12.714285714285714,6,7.0,Javier Calleja,4-2-3-1,144500000.0,26.627092278016303,182.63636363636363,267.0,0
108,D,2019-10-31,18:00,3208748.0,H,Osasuna,331.0,12,4,3,10,5,0,0.4421,0.869837,0.869837,12.066666666666666,4,10.0,Jagoba Arrasate,4-4-2 double 6,29500000.0,27.39518387156991,180.0,57.0,0
109,A,2019-11-02,12:00,3208753.0,H,Valencia,1049.0,11,4,5,14,1,0,1.9396,1.9466,1.20332,8.631578947368421,5,11.0,Albert Celades,4-4-2 double 6,273000000.0,27.833488893037146,183.45454545454547,207.0,0
110,H,2019-11-02,15:00,3208756.0,A,Barcelona,131.0,9,6,3,13,6,0,2.3851,2.13479,1.39152,6.818181818181818,8,1.0,Ernesto Valverde,4-3-3 Attacking,739000000.0,28.20210316719557,180.27272727272728,830.0,0
111,D,2019-11-02,17:30,3208759.0,H,Atletico Madrid,13.0,14,5,3,16,3,0,2.5553,2.45211,1.69342,9.8125,9,4.0,Diego Simeone,4-4-2 double 6,525000000.0,26.104162777674073,180.36363636363637,447.0,0
112,D,2019-11-02,20:00,3208758.0,D,Real Betis,150.0,13,3,4,17,4,0,0.1269,0.437853,0.437853,20.571428571428573,3,15.0,Rubi,3-4-2-1,175500000.0,27.94474519320515,181.9090909090909,359.0,0
113,A,2019-11-03,17:30,3208752.0,A,Getafe,3709.0,9,5,4,19,3,0,1.5154,0.389551,0.389551,7.3125,5,7.0,Pepe Bordalás,4-4-2 double 6,104300000.0,28.83056437060544,182.63636363636363,145.0,0
114,H,2019-11-03,11:00,3208761.0,H,Mallorca,237.0,14,1,6,20,4,0,0.374,0.590538,0.590538,7.222222222222222,6,17.0,Vicente Moreno,4-2-3-1,35000000.0,27.71377014498164,180.9090909090909,101.0,0
115,D,2019-11-03,13:00,3208760.0,D,Athletic Club,621.0,12,2,10,8,0,0,1.6259,1.31553,1.31553,10.909090909090908,3,12.0,Gaizka Garitano,4-2-3-1,190500000.0,28.047290149959554,181.27272727272728,105.0,0
116,H,2019-11-03,15:00,3208757.0,H,Alaves,1108.0,11,3,1,17,2,0,0.1848,1.45796,0.714682,7.851851851851852,6,16.0,Asier Garitano,4-4-2,67800000.0,28.32082633314666,180.9090909090909,22.0,0
117,A,2019-11-03,17:30,3208755.0,D,Eibar,1533.0,7,4,2,20,2,0,0.8751,1.0478,1.0478,13.0,1,14.0,José Luis Mendilibar,4-4-2 double 6,40800000.0,30.991475328230976,178.63636363636363,56.0,0
118,A,2019-11-03,20:00,3208754.0,D,Real Sociedad,681.0,9,5,5,19,2,0,2.1941,1.02564,1.02564,5.333333333333333,5,3.0,Imanol Alguacil,4-2-3-1,211500000.0,25.769896086117853,180.72727272727272,138.0,0
119,D,2019-11-08,20:00,3208770.0,D,Leganes,1244.0,6,2,1,23,6,1,0.5082,0.326909,0.326909,10.285714285714286,1,20.0,Javier Aguirre,5-4-1,50800000.0,28.241926451372034,178.1818181818182,263.0,0
120,A,2019-11-09,17:30,3208767.0,A,Real Madrid,418.0,10,5,6,8,0,0,2.6845,2.84489,1.35834,20.33333333333333,10,2.0,Zinédine Zidane,4-3-3 Attacking,553000000.0,28.37832119967644,181.8181818181818,721.0,0
121,H,2019-11-09,20:00,3208765.0,H,Celta Vigo,940.0,6,5,2,14,1,0,0.345,0.317045,0.317045,18.3,0,18.0,Óscar García,5-3-2,103500000.0,25.570530769709418,176.54545454545453,215.0,0
122,H,2019-11-09,12:00,3208762.0,H,Real Valladolid,366.0,7,1,7,16,3,0,0.0395,0.280826,0.280826,7.761904761904762,2,13.0,Sergio,4-4-2 double 6,47800000.0,27.896210565615082,182.1818181818182,56.0,0
123,H,2019-11-09,15:00,3208771.0,D,Granada,16795.0,13,1,4,15,5,0,0.7316,0.417522,0.417522,15.615384615384617,2,9.0,Diego Martínez,4-2-3-1,26700000.0,27.600024889552607,182.36363636363637,47.0,0
124,A,2019-11-10,20:00,3208766.0,D,Sevilla,368.0,10,6,4,21,3,0,0.8618,0.993088,0.993088,9.807692307692308,2,4.0,Julen Lopetegui,4-3-3 Attacking,172000000.0,28.30937713894593,179.54545454545453,305.0,0
125,D,2019-11-10,17:30,3208768.0,D,Osasuna,331.0,4,1,5,16,4,0,0.3056,0.065756,0.065756,7.9411764705882355,2,10.0,Jagoba Arrasate,5-4-1,30700000.0,28.513222574824216,180.27272727272728,58.0,0
126,H,2019-11-10,11:00,3208769.0,H,Villarreal,1050.0,22,6,5,17,3,0,2.4237,3.04498,2.3017,5.366666666666666,8,11.0,Javier Calleja,4-3-3 Attacking,126500000.0,28.67973368178707,181.9090909090909,311.0,0
127,H,2019-11-10,13:00,3208763.0,A,Levante,3368.0,8,2,2,13,2,0,0.7087,0.873861,0.873861,12.941176470588236,5,12.0,Paco López,4-4-2 double 6,71500000.0,27.41385103602763,180.63636363636363,118.0,0
128,H,2019-11-10,15:00,3208764.0,D,Espanyol,714.0,10,1,2,15,2,0,0.0672,0.379993,0.379993,4.297297297297297,7,19.0,Pablo Machín,3-4-2-1,71000000.0,29.15462634559144,182.45454545454547,24.0,0
129,H,2019-11-22,20:00,3208777.0,D,Mallorca,237.0,14,7,6,9,1,0,0.9921,1.41139,1.41139,13.11111111111111,9,17.0,Vicente Moreno,4-2-3-1,34800000.0,27.198058614896397,180.0909090909091,101.0,0
130,A,2019-11-23,12:00,3208776.0,H,Barcelona,131.0,11,6,6,10,2,0,2.3725,1.68235,1.68235,4.315789473684211,4,1.0,Ernesto Valverde,4-2-3-1,687500000.0,27.37402775185116,181.8181818181818,854.0,0
131,H,2019-11-23,15:00,3208772.0,D,Valencia,1049.0,9,3,4,13,2,0,0.8125,0.910796,0.910796,14.5,2,10.0,Albert Celades,4-4-2 double 6,286500000.0,27.28293198929749,180.1818181818182,198.0,0
132,D,2019-11-23,17:30,3208775.0,D,Atletico Madrid,13.0,17,6,8,17,3,0,2.385,2.0596,2.0596,6.2,10,4.0,Diego Simeone,4-4-2 double 6,413000000.0,26.978532760873623,181.36363636363637,473.0,0
133,H,2019-11-23,20:00,3208779.0,D,Real Sociedad,681.0,11,6,3,16,1,0,1.1494,1.41126,1.41126,11.695652173913045,4,6.0,Imanol Alguacil,4-2-3-1,263500000.0,25.71339680169249,181.0909090909091,179.0,0
134,A,2019-11-24,20:00,3208781.0,A,Sevilla,368.0,4,2,4,25,4,1,2.2056000000000004,1.11673,0.373453,7.88,7,3.0,Julen Lopetegui,4-3-3 Attacking,173000000.0,28.379316781780847,180.45454545454547,281.0,0
135,D,2019-11-24,11:00,3208774.0,D,Getafe,3709.0,11,2,3,12,4,0,0.9653,0.773228,0.773228,7.615384615384615,2,7.0,Pepe Bordalás,4-4-2,133500000.0,26.907597535934293,180.9090909090909,221.0,0
136,A,2019-11-24,13:00,3208778.0,A,Athletic Club,621.0,6,4,2,18,3,0,1.3273,1.21625,1.21625,7.032258064516129,1,5.0,Gaizka Garitano,4-2-3-1,172500000.0,26.186547196814136,181.45454545454547,109.0,0
137,A,2019-11-24,15:00,3208773.0,D,Alaves,1108.0,7,5,4,11,2,0,1.2653,1.47648,1.47648,9.1875,6,13.0,Asier Garitano,4-2-3-1,55300000.0,26.849355982826207,180.1818181818182,38.0,0
138,A,2019-11-24,17:30,3208780.0,D,Celta Vigo,940.0,11,7,2,9,2,0,1.87,1.75554,1.75554,16.4,7,18.0,Óscar García,4-2-3-1,112000000.0,26.60319830751042,177.27272727272728,217.0,0
139,D,2019-11-29,20:00,3208785.0,D,Real Valladolid,366.0,9,2,3,17,3,0,0.3974,0.263566,0.263566,9.466666666666669,2,15.0,Sergio,4-4-2 double 6,41100000.0,28.2304772571713,180.9090909090909,31.0,0
140,H,2019-11-30,20:00,3208791.0,D,Villarreal,1050.0,24,7,4,17,2,0,1.598,1.94325,1.19997,5.777777777777778,6,13.0,Javier Calleja,4-3-3 Attacking,126000000.0,26.64974177089167,182.36363636363637,231.0,0
141,A,2019-11-30,17:30,3208788.0,A,Real Betis,150.0,15,3,5,15,4,0,1.3077,2.27656,1.53328,9.285714285714286,6,12.0,Rubi,4-1-4-1,172500000.0,28.499035529836352,182.0909090909091,360.0,0
142,A,2019-11-30,12:00,3208782.0,D,Real Madrid,418.0,12,6,4,11,3,0,2.2316,2.08673,2.08673,7.6,9,2.0,Zinédine Zidane,4-3-3 Attacking,424000000.0,29.41347769273847,181.72727272727272,511.0,0
143,H,2019-11-30,15:00,3208789.0,D,Eibar,1533.0,10,4,4,12,4,0,0.6979,0.605108,0.605108,10.12121212121212,2,16.0,José Luis Mendilibar,4-2-3-1,38400000.0,31.57040632194636,179.36363636363637,56.0,0
144,H,2019-12-01,11:00,3208790.0,D,Leganes,1244.0,8,4,4,7,3,0,0.4592,1.05322,1.05322,20.05555555555556,5,20.0,Javier Aguirre,5-3-2,61300000.0,27.80113247464377,181.1818181818182,328.0,0
145,H,2019-12-01,13:00,3208783.0,H,Granada,16795.0,8,1,3,16,4,0,0.1908,0.233324,0.233324,9.68,2,10.0,Diego Martínez,4-3-3 Attacking,28700000.0,28.377325617572023,183.63636363636363,99.0,0
146,A,2019-12-01,15:00,3208786.0,H,Osasuna,331.0,14,8,3,16,4,1,2.3934,3.03712,2.29384,10.857142857142858,4,9.0,Jagoba Arrasate,4-4-2 double 6,44300000.0,27.712276771825028,179.27272727272728,58.0,0
147,H,2019-12-01,17:30,3208787.0,D,Levante,3368.0,7,2,7,14,3,0,0.2691,0.476355,0.476355,5.785714285714286,2,11.0,Paco López,4-4-2 double 6,58400000.0,27.804865907535312,181.36363636363637,117.0,0
148,A,2019-12-01,20:00,3208784.0,D,Barcelona,131.0,13,5,5,11,4,0,1.4051999999999998,1.18842,1.18842,6.172413793103448,14,1.0,Ernesto Valverde,4-3-3 Attacking,735000000.0,27.957189969510296,181.27272727272728,756.0,0
149,D,2019-12-06,20:00,3208800.0,D,Atletico Madrid,13.0,18,3,6,11,1,0,1.5899,1.71887,1.71887,10.384615384615383,12,6.0,Diego Simeone,4-4-2 double 6,560000000.0,26.158670897890612,182.8181818181818,561.0,0
150,H,2019-12-07,12:00,3208799.0,H,Espanyol,714.0,6,2,3,13,3,0,0.1164,0.286726,0.286726,10.96,3,20.0,Pablo Machín,3-5-2 flat,80500000.0,28.066952896521684,182.9090909090909,27.0,0
151,H,2019-12-07,15:00,3208795.0,D,Alaves,1108.0,5,1,2,17,4,2,0.1051,0.37368,0.37368,9.588235294117649,2,15.0,Asier Garitano,4-4-2,53100000.0,29.058552672515713,182.45454545454547,12.0,0
152,A,2019-12-07,17:30,3208797.0,H,Valencia,1049.0,10,6,1,14,2,0,1.9758,2.95856,2.95856,14.0,8,7.0,Albert Celades,4-3-3 Attacking,273000000.0,28.936096073673074,180.63636363636363,190.0,0
153,H,2019-12-07,20:00,3208792.0,H,Mallorca,237.0,9,3,4,10,0,0,0.0956,1.0224,1.0224,20.23529411764705,2,17.0,Vicente Moreno,4-4-1-1,34800000.0,27.23912637670338,180.0909090909091,101.0,0
154,A,2019-12-08,11:00,3208794.0,D,Getafe,3709.0,6,3,8,15,1,0,2.0262,0.913932,0.913932,5.8,2,4.0,Pepe Bordalás,4-4-2,129000000.0,26.365254184556033,182.45454545454547,240.0,0
155,H,2019-12-08,13:00,3208793.0,H,Athletic Club,621.0,8,2,3,15,4,0,0.5665,0.985449,0.242299,9.04,1,8.0,Gaizka Garitano,4-2-3-1,166000000.0,25.578744322070808,181.8181818181818,124.0,0
156,D,2019-12-08,15:00,3208801.0,D,Real Sociedad,681.0,16,2,4,19,4,0,2.4303,1.87222,1.87222,4.25,12,5.0,Imanol Alguacil,4-2-3-1,226000000.0,25.117292016676,181.63636363636363,201.0,0
157,H,2019-12-08,17:30,3208796.0,H,Celta Vigo,940.0,9,4,5,11,3,1,0.8451,0.47817,0.47817,5.555555555555555,2,18.0,Óscar García,4-3-3 Attacking,110500000.0,26.169124509986933,180.0,163.0,0
158,D,2019-12-08,20:00,3208798.0,D,Sevilla,368.0,13,4,6,10,4,0,2.0426,1.46737,1.46737,8.555555555555555,5,3.0,Julen Lopetegui,4-3-3 Attacking,171000000.0,27.78346089229046,179.1818181818182,265.0,0
159,D,2019-12-13,20:00,3208802.0,A,Leganes,1244.0,3,1,0,17,3,0,0.7648999999999999,0.915597,0.915597,14.26086956521739,4,19.0,Javier Aguirre,5-4-1,64800000.0,27.036276522929498,179.27272727272728,283.0,0
160,A,2019-12-14,12:00,3208808.0,D,Levante,3368.0,13,6,6,12,3,0,1.1251,0.917727,0.917727,5.857142857142857,8,12.0,Paco López,4-4-2 double 6,71900000.0,28.447016364880838,180.45454545454547,87.0,0
161,D,2019-12-14,15:00,3208809.0,D,Barcelona,131.0,9,5,5,8,1,0,0.3505,1.18314,1.18314,12.807692307692308,9,1.0,Ernesto Valverde,4-3-3 Attacking,725000000.0,29.40153070748553,181.54545454545453,955.0,0
162,D,2019-12-14,17:30,3208803.0,D,Eibar,1533.0,8,2,7,12,3,0,1.1065999999999998,0.276155,0.276155,7.592592592592593,2,16.0,José Luis Mendilibar,4-4-2 double 6,42400000.0,28.231721734801816,181.0909090909091,56.0,0
163,H,2019-12-14,20:00,3208804.0,D,Osasuna,331.0,15,3,5,10,1,0,0.2151,0.528091,0.528091,9.363636363636363,4,11.0,Jagoba Arrasate,4-5-1 flat,43500000.0,28.444527409619813,179.0909090909091,56.0,0
164,A,2019-12-15,17:30,3208810.0,A,Villarreal,1050.0,9,3,2,11,0,0,1.3017,1.62777,1.62777,30.727272727272727,4,13.0,Javier Calleja,4-3-3 Attacking,144000000.0,27.08232219525854,182.54545454545453,227.0,0
165,D,2019-12-15,15:00,3208806.0,H,Real Betis,150.0,10,5,5,13,1,0,0.4354,0.502557,0.502557,8.2,4,10.0,Rubi,4-1-4-1,166500000.0,27.995768776056252,182.45454545454547,183.0,0
166,D,2019-12-15,20:00,3208811.0,D,Real Madrid,418.0,19,6,2,15,2,0,1.1058,1.97126,1.97126,10.727272727272728,10,2.0,Zinédine Zidane,4-3-3 Attacking,483000000.0,28.17746251011138,181.8181818181818,723.0,0
167,H,2019-12-15,11:00,3208807.0,H,Real Valladolid,366.0,10,3,3,10,3,0,0.3208,0.435816,0.435816,7.555555555555555,1,15.0,Sergio,4-4-2 double 6,47000000.0,26.412295438989485,182.27272727272728,47.0,0
168,D,2019-12-15,13:00,3208805.0,D,Mallorca,237.0,8,2,3,16,5,1,0.8560000000000001,1.51622,0.772945,7.6875,0,17.0,Vicente Moreno,4-2-3-1,34300000.0,27.32524422873499,180.1818181818182,99.0,0
169,D,2019-12-18,19:00,3208724.0,D,Real Madrid,418.0,17,4,6,17,5,0,1.4092000000000002,0.844042,0.844042,11.028571428571428,7,3.0,Zinédine Zidane,4-3-1-2,548000000.0,28.1533196440794,184.0909090909091,555.0,0
170,H,2019-12-20,20:00,3208814.0,H,Granada,16795.0,12,1,5,13,3,0,0.8536999999999999,1.72232,1.72232,4.0,3,11.0,Diego Martínez,4-4-2 double 6,28500000.0,26.98848858191774,184.36363636363637,5.0,0
171,A,2019-12-21,12:00,3208817.0,A,Sevilla,368.0,13,6,6,12,3,0,2.2219,1.80841,1.06514,5.791666666666667,7,3.0,Julen Lopetegui,4-3-3 Attacking,159500000.0,28.579926575819798,180.9090909090909,246.0,0
172,H,2019-12-21,15:00,3208812.0,H,Alaves,1108.0,5,3,4,11,4,0,0.4551,0.432162,0.432162,21.95238095238096,0,15.0,Asier Garitano,4-4-1-1,52700000.0,27.97560823844191,179.27272727272728,21.0,0
173,H,2019-12-21,17:30,3208820.0,D,Getafe,3709.0,7,0,5,18,5,1,0.1659999999999999,0.646333,0.646333,11.96,0,6.0,Pepe Bordalás,4-4-2,130500000.0,28.66778669653413,182.0,204.0,0
174,D,2019-12-21,20:00,3208821.0,D,Valencia,1049.0,5,2,4,12,3,0,1.5254,0.835691,0.835691,13.75,4,7.0,Albert Celades,4-4-2 double 6,303500000.0,27.72098811523863,181.72727272727272,147.0,0
175,D,2019-12-22,20:00,3208819.0,D,Athletic Club,621.0,8,2,4,14,0,0,0.1094999999999999,0.415201,0.415201,16.17391304347826,0,8.0,Gaizka Garitano,5-3-2,176500000.0,27.001680044801194,184.54545454545453,119.0,0
176,H,2019-12-22,17:30,3208816.0,A,Celta Vigo,940.0,12,5,7,15,6,0,0.5206,1.4501,1.4501,7.0,7,18.0,Óscar García,3-5-2,113500000.0,26.342604691680666,179.63636363636363,236.0,0
177,A,2019-12-22,15:00,3208813.0,D,Atletico Madrid,13.0,8,5,3,14,3,0,1.8303,1.41727,1.41727,12.571428571428571,3,4.0,Diego Simeone,4-4-2 double 6,595000000.0,26.009831373281067,182.0,600.0,0
178,A,2019-12-22,13:00,3208818.0,A,Real Sociedad,681.0,13,7,3,12,2,0,0.9038,2.29198,2.29198,10.0,10,5.0,Imanol Alguacil,4-1-4-1,261000000.0,25.49486652977413,181.0909090909091,178.0,0
179,H,2019-12-22,11:00,3208815.0,H,Espanyol,714.0,9,3,5,15,6,0,1.1194000000000002,0.649033,0.649033,3.8260869565217392,4,20.0,Pablo Machín,3-1-4-2,73500000.0,27.60525169560077,182.9090909090909,28.0,0
180,D,2020-01-03,18:00,3208831.0,A,Leganes,1244.0,12,5,3,13,2,0,1.8087,2.14709,2.14709,12.038461538461538,6,19.0,Javier Aguirre,5-3-2,62800000.0,27.38473025947359,179.27272727272728,380.0,0
181,D,2020-01-03,20:00,3208829.0,A,Athletic Club,621.0,6,1,1,20,4,0,0.4941,0.237728,0.237728,10.766666666666667,1,8.0,Gaizka Garitano,3-5-2,182000000.0,27.146786136519196,184.0909090909091,119.0,0
182,H,2020-01-04,12:00,3208830.0,H,Eibar,1533.0,10,3,5,20,3,1,1.0807,0.817026,0.817026,8.59375,4,16.0,José Luis Mendilibar,4-4-2 double 6,42300000.0,29.1854893908282,180.72727272727272,56.0,0
183,A,2020-01-04,15:00,3208826.0,A,Real Madrid,418.0,10,8,4,14,2,0,1.987,2.09016,2.09016,6.875,3,2.0,Zinédine Zidane,4-3-3 Attacking,540000000.0,28.296185676062475,183.36363636363637,716.0,0
184,H,2020-01-04,17:30,3208823.0,H,Levante,3368.0,6,3,5,10,3,0,0.7265999999999999,0.736284,0.736284,10.11111111111111,2,11.0,Paco López,4-4-2 double 6,65900000.0,27.813577250948914,180.72727272727272,118.0,0
185,D,2020-01-04,20:00,3208825.0,H,Barcelona,131.0,14,7,5,11,2,1,2.4763,2.3097,2.3097,8.277777777777779,10,1.0,Ernesto Valverde,4-3-3 Attacking,653000000.0,29.71190342853587,181.8181818181818,912.0,0
186,H,2020-01-05,11:00,3208827.0,H,Mallorca,237.0,17,5,4,11,1,0,0.7811999999999999,0.78276,0.78276,12.384615384615383,4,18.0,Vicente Moreno,3-4-2-1,35400000.0,27.940513969261403,180.27272727272728,72.0,0
187,A,2020-01-05,13:00,3208828.0,H,Villarreal,1050.0,14,2,2,14,4,0,1.5983,1.29087,0.547717,10.933333333333334,12,9.0,Javier Calleja,4-3-3 Attacking,144000000.0,27.139817061788314,182.54545454545453,227.0,0
188,D,2020-01-05,15:00,3208822.0,H,Real Betis,150.0,10,3,6,15,3,1,2.7097,2.02653,1.28338,5.666666666666667,7,13.0,Rubi,4-1-4-1,167500000.0,28.941820670773442,181.8181818181818,365.0,0
189,D,2020-01-05,20:00,3208824.0,D,Osasuna,331.0,8,1,1,19,3,0,0.5517,0.76674,0.76674,8.93939393939394,6,12.0,Jagoba Arrasate,4-4-2 double 6,43500000.0,27.598780411922096,180.36363636363637,57.0,0
190,A,2020-01-17,20:00,3208836.0,A,Getafe,3709.0,8,4,4,18,4,0,2.7059,1.96098,1.96098,7.481481481481482,3,5.0,Pepe Bordalás,4-4-2,129000000.0,28.070437433887125,183.45454545454547,239.0,0
191,D,2020-01-18,17:30,3208839.0,D,Real Valladolid,366.0,5,3,1,10,2,0,0.6273,0.618269,0.618269,10.38095238095238,2,15.0,Sergio,5-3-2,46500000.0,27.635119158733122,182.36363636363637,58.0,0
192,H,2020-01-18,20:00,3208835.0,H,Atletico Madrid,13.0,12,4,7,14,2,0,1.3283,1.03685,1.03685,5.708333333333333,5,3.0,Diego Simeone,4-4-2 double 6,535000000.0,27.158733121772137,183.63636363636363,573.0,0
193,A,2020-01-18,12:00,3208837.0,D,Alaves,1108.0,14,6,6,20,4,0,1.7933,1.73657,1.73657,6.9375,7,14.0,Asier Garitano,4-4-2 double 6,70800000.0,28.683467114678614,182.0,20.0,0
194,H,2020-01-18,15:00,3208840.0,D,Sevilla,368.0,8,3,4,12,1,0,0.4945,0.373928,0.373928,15.157894736842104,3,4.0,Julen Lopetegui,4-3-3 Attacking,152000000.0,28.451496484350695,181.63636363636363,358.0,0
195,H,2020-01-19,11:00,3208838.0,H,Valencia,1049.0,8,1,6,11,4,1,0.2593,0.449368,0.449368,8.904761904761905,11,7.0,Albert Celades,4-4-2 double 6,286500000.0,27.673697965279075,181.0,110.0,0
196,H,2020-01-19,13:00,3208834.0,H,Real Sociedad,681.0,7,0,2,10,1,0,0.1694999999999999,0.281591,0.281591,8.653846153846153,8,6.0,Imanol Alguacil,4-1-4-1,232000000.0,23.851907161968764,181.8181818181818,257.0,0
197,A,2020-01-19,15:00,3208841.0,A,Espanyol,714.0,16,5,4,18,3,1,1.2261,2.04252,2.04252,13.818181818181818,4,20.0,Abelardo,4-4-2 double 6,85500000.0,28.929375894468297,183.45454545454547,18.0,0
198,D,2020-01-19,17:30,3208832.0,D,Celta Vigo,940.0,7,3,0,12,3,0,0.1025,0.716642,0.716642,19.266666666666666,7,18.0,Óscar García,4-3-3 Attacking,116000000.0,26.020036089851285,179.63636363636363,147.0,0
199,H,2020-01-19,20:00,3208833.0,D,Granada,16795.0,5,1,0,17,4,1,0.3532,0.187953,0.187953,22.58333333333333,0,10.0,Diego Martínez,4-2-3-1,29000000.0,27.151017360462948,182.8181818181818,59.0,0
200,H,2020-01-24,20:00,3208847.0,D,Levante,3368.0,6,2,5,11,3,0,0.3803999999999999,0.601469,0.601469,7.137931034482759,3,13.0,Paco López,5-3-2,61900000.0,27.702818741833116,181.27272727272728,35.0,0
201,H,2020-01-25,20:00,3208849.0,H,Granada,16795.0,8,1,6,18,1,0,0.9805,0.475664,0.475664,7.45,1,11.0,Diego Martínez,4-3-3 Attacking,28500000.0,27.083815568415158,183.45454545454547,99.0,0
202,A,2020-01-25,17:30,3208842.0,A,Villarreal,1050.0,11,6,4,12,1,0,1.4369999999999998,1.07139,1.07139,13.157894736842104,3,8.0,Javier Calleja,4-3-3 Attacking,99500000.0,29.604380561259415,180.1818181818182,282.0,0
203,H,2020-01-25,15:00,3208850.0,D,Barcelona,131.0,14,5,0,16,3,0,1.0605,1.15303,1.15303,8.80952380952381,13,2.0,Quique Setién,3-5-2 flat,750000000.0,27.46163897703939,179.72727272727272,753.0,0
204,D,2020-01-25,12:00,3208845.0,A,Athletic Club,621.0,11,3,3,14,1,0,1.4092000000000002,0.660786,0.660786,9.4,6,9.0,Gaizka Garitano,5-3-2,188500000.0,27.099744882085744,181.9090909090909,50.0,0
205,D,2020-01-26,11:00,3208843.0,D,Leganes,1244.0,10,4,6,19,6,1,0.7352000000000001,0.37528,0.37528,8.821428571428571,2,19.0,Javier Aguirre,5-4-1,39800000.0,28.528156306390393,179.0,281.0,0
206,D,2020-01-26,13:00,3208844.0,D,Eibar,1533.0,5,3,3,16,0,0,0.5317,0.223406,0.223406,10.774193548387096,1,15.0,José Luis Mendilibar,4-2-3-1,37700000.0,29.08045547881277,180.0909090909091,55.0,0
207,H,2020-01-26,15:00,3208846.0,D,Real Betis,150.0,8,1,4,12,4,1,1.2098,1.33797,1.33797,7.444444444444445,4,12.0,Rubi,4-1-4-1,150500000.0,29.30570592993591,182.0,349.0,0
208,H,2020-01-26,17:30,3208848.0,D,Mallorca,237.0,8,4,3,7,2,0,0.2776,0.885045,0.885045,18.61904761904762,2,17.0,Vicente Moreno,4-4-2 double 6,30600000.0,27.016364880841266,180.63636363636363,58.0,0
209,A,2020-01-26,20:00,3208851.0,D,Real Madrid,418.0,12,3,5,11,3,0,1.6404,0.5486,0.5486,5.914285714285715,3,1.0,Zinédine Zidane,4-3-3 Attacking,488000000.0,28.56549063530583,182.72727272727272,692.0,0
210,H,2020-02-01,20:00,3209800.0,D,Celta Vigo,940.0,11,4,7,20,3,0,1.5667999999999995,1.35798,1.35798,12.173913043478262,5,19.0,Óscar García,5-3-2,95500000.0,26.314230601704935,179.72727272727272,160.0,0
211,H,2020-02-01,15:00,3209798.0,D,Atletico Madrid,13.0,4,1,6,11,3,0,0.7216,0.454401,0.454401,12.129032258064516,0,6.0,Diego Simeone,4-4-2 double 6,477000000.0,26.907597535934293,183.27272727272728,392.0,0
212,H,2020-02-01,12:00,3209795.0,D,Espanyol,714.0,22,4,9,17,3,0,2.6132,2.69997,1.9567,5.833333333333333,3,20.0,Abelardo,4-4-2 double 6,76500000.0,29.97249704436563,184.0909090909091,11.0,0
213,A,2020-02-01,17:30,3209797.0,D,Real Valladolid,366.0,15,7,5,10,1,0,1.8907,1.09282,1.09282,11.272727272727272,4,14.0,Sergio,4-4-2 double 6,53300000.0,28.520689440607306,181.45454545454547,56.0,0
214,H,2020-02-02,11:00,3209796.0,A,Real Sociedad,681.0,2,1,1,19,3,0,0.2601,0.108866,0.108866,5.538461538461538,1,8.0,Imanol Alguacil,4-1-4-1,156500000.0,25.357725094891418,180.36363636363637,107.0,0
215,D,2020-02-02,13:00,3209794.0,D,Real Betis,150.0,14,6,7,16,2,0,0.4416,0.959112,0.959112,4.375,11,12.0,Rubi,4-1-4-1,182500000.0,27.332711094518075,183.0909090909091,186.0,0
216,A,2020-02-02,15:00,3209792.0,A,Getafe,3709.0,9,3,4,19,5,0,2.4957000000000003,2.25172,1.50845,12.23076923076923,3,4.0,Pepe Bordalás,4-4-2,144800000.0,27.621927695849664,183.0,239.0,0
217,D,2020-02-02,17:30,3209799.0,D,Alaves,1108.0,4,3,1,12,1,0,0.7984,0.984092,0.984092,19.35,1,15.0,Asier Garitano,5-3-2,71300000.0,27.813826146475016,183.1818181818182,35.0,0
218,H,2020-02-02,17:30,3209801.0,H,Osasuna,331.0,17,5,6,15,2,0,0.5507,0.915717,0.915717,8.964285714285714,5,11.0,Jagoba Arrasate,4-2-3-1,37600000.0,26.65571526351814,180.72727272727272,56.0,0
219,H,2020-02-02,20:00,3209793.0,H,Levante,3368.0,10,5,3,10,0,0,0.2853,1.21881,1.21881,24.47058823529412,2,13.0,Paco López,4-4-2 double 6,66400000.0,28.913944371849915,181.27272727272728,4.0,0
220,H,2020-02-07,20:00,3209802.0,D,Eibar,1533.0,5,1,5,10,2,0,0.2832,0.159152,0.159152,5.782608695652174,4,16.0,José Luis Mendilibar,4-3-3 Attacking,35700000.0,30.004853462759005,180.72727272727272,20.0,0
221,H,2020-02-08,12:00,3209808.0,H,Leganes,1244.0,12,4,2,15,3,0,1.581,1.18902,1.18902,8.137931034482758,2,18.0,Javier Aguirre,3-4-1-2,54000000.0,27.197063032791984,177.45454545454547,241.0,0
222,H,2020-02-08,15:00,3209807.0,D,Valencia,1049.0,5,0,0,6,4,1,0.0387,0.257146,0.257146,7.444444444444445,3,7.0,Albert Celades,4-4-2,374500000.0,26.224628212307888,182.45454545454547,184.0,0
223,D,2020-02-08,17:30,3209811.0,H,Villarreal,1050.0,8,3,4,22,3,0,2.0772,1.38092,1.38092,3.928571428571429,7,8.0,Javier Calleja,4-1-4-1,125000000.0,29.743762055877042,180.27272727272728,186.0,0
224,H,2020-02-08,20:00,3209803.0,H,Granada,16795.0,10,2,3,19,6,0,1.2937,0.89501,0.89501,5.4324324324324325,3,10.0,Diego Martínez,4-2-3-1,27200000.0,27.017858253997886,182.54545454545453,75.0,0
225,H,2020-02-09,17:30,3209805.0,A,Sevilla,368.0,12,4,4,14,2,0,1.1665,1.13918,1.13918,7.857142857142857,5,5.0,Julen Lopetegui,4-3-3 Attacking,190000000.0,28.535872067699582,182.0909090909091,225.0,0
226,A,2020-02-09,15:00,3209809.0,A,Real Madrid,418.0,17,7,3,15,2,0,2.6327000000000003,2.74949,2.74949,8.285714285714286,7,1.0,Zinédine Zidane,4-3-3 Attacking,533000000.0,28.691182875987806,183.0909090909091,751.0,0
227,A,2020-02-09,20:00,3209804.0,D,Barcelona,131.0,10,6,8,17,5,1,2.0302,1.85454,1.85454,7.857142857142857,13,2.0,Quique Setién,4-3-1-2,704000000.0,27.719992533134214,180.9090909090909,854.0,0
228,H,2020-02-09,11:00,3209806.0,D,Mallorca,237.0,7,3,7,15,2,0,0.5036,0.669911,0.669911,7.619047619047619,2,19.0,Vicente Moreno,4-1-4-1,31500000.0,27.737664115487522,180.63636363636363,52.0,0
229,H,2020-02-09,13:00,3209810.0,D,Athletic Club,621.0,6,3,4,15,2,1,0.286,0.643736,0.643736,7.25,1,9.0,Gaizka Garitano,4-4-2 double 6,99500000.0,27.290647750606684,181.9090909090909,74.0,0
230,D,2020-02-14,20:00,3209966.0,A,Atletico Madrid,13.0,8,3,4,16,3,0,0.9192,1.07192,1.07192,10.655172413793103,6,6.0,Diego Simeone,4-4-2 double 6,415000000.0,27.01437371663244,181.8181818181818,441.0,0
231,H,2020-02-15,12:00,3209963.0,D,Alaves,1108.0,10,0,5,15,2,0,0.3807,0.784895,0.784895,4.931034482758621,3,14.0,Asier Garitano,4-4-2 double 6,71400000.0,28.24416651110696,182.8181818181818,35.0,0
232,H,2020-02-15,15:00,3209959.0,H,Getafe,3709.0,7,2,3,30,2,0,0.8564,1.18616,1.18616,7.762711864406779,3,3.0,Pepe Bordalás,4-4-2,136100000.0,27.79466119096509,183.1818181818182,284.0,0
233,H,2020-02-15,17:30,3209967.0,H,Levante,3368.0,11,2,10,15,1,0,1.7515,1.24428,1.24428,10.944444444444445,3,13.0,Paco López,4-4-2 double 6,62000000.0,27.72347707049966,180.54545454545453,116.0,0
234,H,2020-02-15,20:00,3209961.0,D,Real Valladolid,366.0,6,4,5,13,2,0,0.3528,0.638079,0.638079,9.863636363636363,3,15.0,Sergio,4-4-2 double 6,48850000.0,27.774500653350756,180.9090909090909,56.0,0
235,D,2020-02-16,20:00,3209964.0,A,Celta Vigo,940.0,5,3,3,10,2,0,0.7584000000000001,1.17019,1.17019,13.714285714285714,3,17.0,Óscar García,3-5-2,75000000.0,27.384232468421377,181.8181818181818,204.0,0
236,A,2020-02-16,17:30,3209958.0,A,Osasuna,331.0,6,2,0,20,4,0,1.4414,0.836206,0.836206,15.7,3,11.0,Jagoba Arrasate,5-3-2,22125000.0,29.55833488893037,182.36363636363637,57.0,0
237,D,2020-02-16,13:00,3209962.0,D,Real Betis,150.0,3,2,2,20,3,1,1.2066,0.487887,0.487887,3.392857142857143,3,12.0,Rubi,4-2-3-1,148600000.0,27.757326862049652,183.9090909090909,271.0,0
238,D,2020-02-16,11:00,3209965.0,D,Espanyol,714.0,5,3,2,9,4,1,0.5659,0.622409,0.622409,13.045454545454543,2,20.0,Abelardo,4-2-3-1,73800000.0,28.874867774251758,181.45454545454547,23.0,0
239,D,2020-02-21,20:00,3209971.0,D,Mallorca,237.0,11,4,1,12,1,0,0.1896999999999999,0.913546,0.913546,16.285714285714285,5,18.0,Vicente Moreno,4-2-3-1,44400000.0,26.627590069068507,179.9090909090909,114.0,0
240,H,2020-02-22,12:00,3209972.0,D,Leganes,1244.0,11,2,9,17,3,0,1.4811,0.371163,0.371163,5.742857142857143,7,19.0,Javier Aguirre,5-4-1,39600000.0,27.42778918548939,181.8181818181818,138.0,0
241,H,2020-02-22,15:00,3209970.0,H,Eibar,1533.0,12,5,5,19,2,0,0.0168,0.477994,0.477994,10.560975609756095,0,16.0,José Luis Mendilibar,4-2-3-1,33225000.0,29.38261464750171,179.45454545454547,55.0,0
242,H,2020-02-22,17:30,3209976.0,H,Valencia,1049.0,6,1,7,9,1,0,0.1352,0.25727,0.25727,10.304347826086955,3,7.0,Albert Celades,4-2-3-1,200000000.0,27.917864476386036,181.72727272727272,165.0,0
243,H,2020-02-22,20:00,3209974.0,D,Real Madrid,418.0,19,7,7,10,2,0,2.2967,1.90806,1.90806,9.55,14,2.0,Zinédine Zidane,4-3-3 Attacking,506500000.0,30.01207143301599,181.63636363636363,668.0,0
244,A,2020-02-23,17:30,3209973.0,A,Sevilla,368.0,8,5,3,17,3,0,2.8891,2.82001,2.82001,4.888888888888889,7,3.0,Julen Lopetegui,3-4-3,206700000.0,27.675938025014002,181.8181818181818,296.0,0
245,H,2020-02-23,20:00,3209969.0,D,Villarreal,1050.0,10,4,1,6,2,0,0.2438,0.440221,0.440221,8.25,3,8.0,Javier Calleja,4-3-3 Attacking,125200000.0,29.10459834484475,179.9090909090909,188.0,0
246,H,2020-02-23,13:00,3209968.0,D,Athletic Club,621.0,13,5,9,12,4,0,0.3827,0.593519,0.593519,12.153846153846152,3,11.0,Gaizka Garitano,5-3-2,178700000.0,27.346898139505946,182.36363636363637,106.0,0
247,A,2020-02-23,11:00,3209975.0,A,Granada,16795.0,10,4,3,11,1,0,2.1163,1.68194,1.68194,8.615384615384615,3,9.0,Diego Martínez,5-3-2,34400000.0,27.740401966274657,183.36363636363637,101.0,0
248,H,2020-02-23,15:00,3209977.0,D,Espanyol,714.0,6,2,2,18,5,1,1.4846,1.26303,0.519748,11.0,1,20.0,Abelardo,4-2-3-1,71600000.0,29.51577375396677,183.63636363636363,14.0,0
249,H,2020-02-28,20:00,3209985.0,D,Real Valladolid,366.0,6,1,4,11,1,0,0.3047999999999999,0.86626,0.86626,16.266666666666666,0,15.0,Sergio,4-3-3 Attacking,48050000.0,27.28268309377139,182.0909090909091,65.0,0
250,H,2020-02-29,12:00,3209979.0,H,Levante,3368.0,11,4,6,16,2,0,0.1336999999999999,0.60028,0.60028,6.352941176470588,2,11.0,Paco López,4-4-2 double 6,60425000.0,28.65957314417273,180.45454545454547,116.0,0
251,H,2020-02-29,15:00,3209987.0,D,Real Betis,150.0,14,5,7,9,3,0,1.0854,0.793569,0.793569,6.625,7,14.0,Rubi,4-1-4-1,131100000.0,28.558272665048847,181.9090909090909,351.0,0
252,D,2020-02-29,17:30,3209982.0,D,Alaves,1108.0,8,4,4,18,3,0,1.3531,0.977076,0.977076,5.724137931034483,1,13.0,Asier Garitano,4-4-2 double 6,61700000.0,29.668595606993964,183.0,20.0,0
253,D,2020-02-29,20:00,3209981.0,D,Celta Vigo,940.0,6,2,1,11,5,0,0.6751,0.27654,0.27654,5.32,3,17.0,Óscar García,4-3-3 Attacking,89000000.0,26.995955447700826,178.9090909090909,217.0,0
254,H,2020-03-01,11:00,3209986.0,H,Osasuna,331.0,14,4,1,14,2,1,1.5128,1.80118,1.0579,8.741935483870968,3,12.0,Jagoba Arrasate,4-4-2 double 6,28050000.0,28.39151266255989,180.63636363636363,60.0,0
255,H,2020-03-01,13:00,3209978.0,D,Villarreal,1050.0,10,3,6,13,6,0,0.26,0.879429,0.879429,5.695652173913044,4,8.0,Javier Calleja,4-4-2 double 6,127400000.0,28.83155995270985,179.8181818181818,185.0,0
256,D,2020-03-01,15:00,3209980.0,H,Atletico Madrid,13.0,5,2,4,18,4,0,0.829,0.761475,0.761475,4.916666666666667,6,6.0,Diego Simeone,4-4-2 double 6,468000000.0,27.03528094082509,181.54545454545453,571.0,0
257,A,2020-03-01,17:30,3209983.0,D,Getafe,3709.0,9,5,3,24,5,0,2.2016,0.913015,0.913015,4.340909090909091,2,5.0,Pepe Bordalás,4-4-2,131500000.0,27.606247277705187,181.27272727272728,245.0,0
258,H,2020-03-01,20:00,3209984.0,D,Barcelona,131.0,9,4,2,10,2,0,1.709,1.52303,1.52303,11.08695652173913,12,2.0,Quique Setién,4-4-2 double 6,571000000.0,28.802936967208016,179.8181818181818,927.0,0
259,D,2020-03-06,20:00,3209997.0,A,Valencia,1049.0,6,2,3,10,3,0,1.3505,0.931772,0.931772,12.555555555555555,6,7.0,Albert Celades,4-1-4-1,222800000.0,28.27552734739593,181.0,238.0,0
260,D,2020-03-07,20:00,3210002.0,D,Celta Vigo,940.0,3,2,1,14,5,0,0.4197,0.156144,0.156144,9.31578947368421,1,17.0,Óscar García,3-4-1-2,78900000.0,26.83915126625599,182.0909090909091,187.0,0
261,H,2020-03-07,17:30,3209999.0,D,Real Sociedad,681.0,9,1,4,10,3,0,0.2972,0.550322,0.550322,15.157894736842104,6,5.0,Imanol Alguacil,4-3-3 Attacking,189800000.0,24.226246033227554,181.63636363636363,206.0,0
262,A,2020-03-07,12:00,3210001.0,A,Mallorca,237.0,10,4,3,8,3,0,1.303,0.90604,0.90604,21.181818181818183,1,18.0,Vicente Moreno,5-3-2,42550000.0,25.868458714454608,180.54545454545453,109.0,0
263,D,2020-03-07,15:00,3209998.0,D,Sevilla,368.0,12,4,4,16,4,0,1.0544,1.61538,0.872107,7.916666666666667,4,3.0,Julen Lopetegui,4-3-3 Attacking,205700000.0,27.626905606371725,181.0,358.0,0
264,H,2020-03-08,11:00,3210004.0,D,Espanyol,714.0,8,2,2,12,3,1,0.102,0.174034,0.174034,6.125,4,20.0,Abelardo,4-4-2 double 6,72000000.0,30.295314541721112,182.63636363636363,8.0,0
265,A,2020-03-08,13:00,3210006.0,A,Athletic Club,621.0,10,5,1,13,2,0,1.0564,1.59457,1.59457,7.84375,1,10.0,Gaizka Garitano,4-2-3-1,145800000.0,26.36176964719059,181.9090909090909,109.0,0
266,D,2020-03-08,15:00,3210003.0,H,Granada,16795.0,10,7,4,13,3,0,1.4924,1.22846,1.22846,7.84,5,9.0,Diego Martínez,3-4-1-2,27900000.0,27.340177960301162,184.0,5.0,0
267,A,2020-03-08,17:30,3210005.0,H,Leganes,1244.0,12,7,5,11,3,0,0.8942000000000001,1.7502,1.00693,14.625,2,19.0,Javier Aguirre,4-2-3-1,48000000.0,27.777487399663993,180.0909090909091,165.0,0
268,H,2020-03-08,20:00,3210000.0,D,Real Madrid,418.0,13,4,2,11,1,0,1.3867,1.39172,0.64844,8.0,6,2.0,Zinédine Zidane,4-3-3 Attacking,427500000.0,28.71457905544148,182.63636363636363,671.0,0
269,A,2020-03-10,19:00,3209960.0,A,Real Sociedad,681.0,6,2,1,10,2,0,0.8052999999999999,1.30335,0.560202,15.733333333333333,2,5.0,Imanol Alguacil,4-2-3-1,194900000.0,24.775558459336693,181.54545454545453,142.0,0
270,H,2020-06-11,21:00,3210024.0,D,Real Betis,150.0,12,1,2,16,2,0,0.2427,0.481345,0.481345,8.0,6,13.0,Rubi,4-3-3 Attacking,157800000.0,27.241117540912203,182.0,101.0,0
271,D,2020-06-12,21:00,3210025.0,D,Levante,3368.0,14,4,6,13,4,1,1.761,1.45366,0.71038,17.571428571428573,8,12.0,Paco López,4-4-2 double 6,81300000.0,28.92862920788999,180.36363636363637,85.0,0
272,H,2020-06-12,18:30,3210019.0,A,Getafe,3709.0,6,2,3,16,4,0,0.2992,0.786113,0.786113,6.125,5,6.0,Pepe Bordalás,4-4-2 double 6,77100000.0,29.041876672266813,182.72727272727272,211.0,0
273,A,2020-06-13,18:30,3210020.0,A,Real Valladolid,366.0,6,2,1,20,4,0,1.4278,1.23093,1.23093,10.76,1,15.0,Sergio,4-4-2 double 6,51850000.0,27.92408686453861,181.63636363636363,58.0,0
274,A,2020-06-13,21:00,3210021.0,A,Barcelona,131.0,12,7,3,5,2,0,2.665,2.69892,2.69892,8.409090909090908,19,1.0,Quique Setién,4-3-3 Attacking,510500000.0,29.238006346835917,181.27272727272728,933.0,0
275,H,2020-06-13,13:00,3210018.0,H,Alaves,1108.0,1,0,1,19,3,1,0.1014999999999999,0.0516535,0.0516535,16.25,1,14.0,Asier Garitano,4-4-2 double 6,51400000.0,27.885010266940455,182.54545454545453,33.0,0
276,A,2020-06-13,16:00,3210017.0,D,Villarreal,1050.0,15,4,8,20,1,0,2.6309,1.61991,1.61991,6.78125,10,8.0,Javier Calleja,4-3-3 Attacking,150200000.0,29.096135896957254,181.36363636363637,254.0,0
277,H,2020-06-14,18:30,3210022.0,H,Eibar,1533.0,9,5,3,12,1,0,0.4549,0.434682,0.434682,10.243243243243244,2,16.0,José Luis Mendilibar,4-3-3 Attacking,30175000.0,29.008773567295126,178.72727272727272,30.0,0
278,D,2020-06-14,21:00,3210023.0,A,Osasuna,331.0,8,1,6,12,3,0,1.5785,1.1455,0.402225,17.5,4,11.0,Jagoba Arrasate,5-3-2,27975000.0,29.337564557277084,181.8181818181818,57.0,0
279,D,2020-06-14,13:00,3210016.0,D,Atletico Madrid,13.0,9,2,7,9,0,0,2.1432,1.18398,1.18398,12.285714285714286,7,5.0,Diego Simeone,4-4-2 double 6,476500000.0,27.183373778856325,182.0,578.0,0
280,D,2020-06-15,21:00,3210037.0,A,Granada,16795.0,8,5,2,18,4,0,0.9524,1.03374,1.03374,21.73684210526316,3,9.0,Diego Martínez,4-2-3-1,49000000.0,26.412046543463383,180.8181818181818,56.0,0
281,D,2020-06-15,18:30,3210040.0,D,Sevilla,368.0,10,4,6,10,1,0,1.592,1.06949,1.06949,10.043478260869565,1,3.0,Julen Lopetegui,4-3-3 Attacking,198000000.0,28.401219588077904,180.8181818181818,358.0,0
282,D,2020-06-16,18:30,3210039.0,D,Espanyol,714.0,5,3,5,9,2,1,0.5236999999999999,0.786529,0.786529,11.25,4,19.0,Abelardo,4-4-2 double 6,71450000.0,28.73573517516023,183.27272727272728,14.0,0
283,H,2020-06-16,18:30,3210043.0,H,Mallorca,237.0,15,5,6,10,4,0,1.3371,1.65754,1.65754,12.125,7,18.0,Vicente Moreno,5-4-1,55200000.0,25.958807790429965,179.0,73.0,0
284,H,2020-06-16,21:00,3210036.0,H,Leganes,1244.0,6,2,2,16,3,0,0.7439,0.85627,0.85627,22.83333333333333,5,20.0,Javier Aguirre,5-3-2,32450000.0,28.526414037707674,180.0,48.0,0
285,D,2020-06-17,18:30,3210038.0,D,Athletic Club,621.0,6,3,3,11,2,0,1.2543,1.72308,0.979805,8.214285714285714,0,10.0,Gaizka Garitano,4-2-3-1,133900000.0,27.332462198991973,181.1818181818182,80.0,0
286,D,2020-06-17,18:30,3210044.0,D,Celta Vigo,940.0,11,4,8,15,3,0,2.068,1.0575,0.314226,8.5,6,17.0,Óscar García,5-3-2,88500000.0,27.07609980710597,179.9090909090909,205.0,0
287,A,2020-06-17,21:00,3210041.0,A,Atletico Madrid,13.0,10,6,2,8,3,0,2.5269,2.40229,2.40229,7.869565217391305,5,4.0,Diego Simeone,4-4-2,487000000.0,26.786883205774373,181.0909090909091,618.0,0
288,H,2020-06-18,18:30,3210035.0,D,Real Sociedad,681.0,9,1,6,11,4,1,0.3626,0.318266,0.318266,4.555555555555555,2,6.0,Imanol Alguacil,4-2-3-1,220100000.0,25.896335013378135,182.1818181818182,151.0,0
289,H,2020-06-18,21:00,3210042.0,D,Valencia,1049.0,4,2,2,11,2,1,0.1638,0.156776,0.156776,19.625,1,8.0,Albert Celades,4-4-2,273500000.0,26.581793292265573,182.27272727272728,237.0,0
290,A,2020-06-19,18:30,3210059.0,A,Villarreal,1050.0,5,1,0,15,3,0,1.2718,0.803321,0.803321,11.142857142857142,4,6.0,Javier Calleja,4-3-3 Attacking,82200000.0,28.549561321635245,180.72727272727272,136.0,0
291,D,2020-06-19,18:30,3210060.0,H,Leganes,1244.0,16,4,7,11,6,0,1.9087,1.08784,1.08784,6.6,3,19.0,Javier Aguirre,3-5-2,53450000.0,27.373529960798955,179.0909090909091,122.0,0
292,D,2020-06-19,21:00,3210062.0,D,Barcelona,131.0,10,4,9,8,2,0,1.1918000000000002,0.741303,0.741303,15.0,6,2.0,Quique Setién,4-3-3 Attacking,428500000.0,30.642772696160787,181.45454545454547,1007.0,0
293,A,2020-06-20,13:00,3210057.0,D,Levante,3368.0,14,8,5,10,0,0,2.7198,2.56766,2.56766,12.923076923076923,4,11.0,Paco López,4-4-2 double 6,84800000.0,27.81556841515774,180.63636363636363,116.0,0
294,H,2020-06-20,16:00,3210054.0,H,Real Betis,150.0,9,5,5,11,0,0,1.3064999999999998,2.13638,1.3931,12.785714285714286,6,14.0,Rubi,4-3-3 Attacking,147700000.0,27.033289776616265,180.45454545454547,429.0,0
295,D,2020-06-20,18:30,3210058.0,D,Eibar,1533.0,8,2,1,15,0,0,1.3242,0.816384,0.816384,6.176470588235294,3,17.0,José Luis Mendilibar,4-4-2 double 6,29225000.0,30.70275651795159,180.8181818181818,56.0,0
296,H,2020-06-20,21:00,3210055.0,D,Real Valladolid,366.0,6,2,1,12,2,0,0.7964,0.281386,0.281386,19.41176470588235,0,15.0,Sergio,4-3-3 Attacking,21325000.0,27.562192769584968,181.27272727272728,3.0,0
297,H,2020-06-21,18:30,3210063.0,H,Osasuna,331.0,13,3,7,19,2,0,1.1225,1.60978,1.60978,10.055555555555555,4,12.0,Jagoba Arrasate,5-3-2,27975000.0,29.35672951278701,181.8181818181818,57.0,0
298,A,2020-06-21,21:00,3210061.0,D,Real Madrid,418.0,10,6,1,15,2,0,2.1774,1.30503,0.561749,12.8,4,1.0,Zinédine Zidane,4-3-3 Attacking,469500000.0,28.37707672204592,183.0,677.0,0
299,H,2020-06-21,13:00,3210056.0,H,Alaves,1108.0,4,2,4,10,1,1,0.0421,0.168445,0.168445,19.33333333333333,2,13.0,Asier Garitano,4-4-2 double 6,46100000.0,27.73368178706988,183.0,15.0,0
300,D,2020-06-22,18:30,3210081.0,H,Sevilla,368.0,14,6,8,12,3,0,1.4746,1.2636,1.2636,6.026315789473684,6,4.0,Julen Lopetegui,4-3-3 Attacking,172300000.0,27.649306203720986,181.45454545454547,267.0,0
301,D,2020-06-22,21:00,3210077.0,D,Granada,16795.0,4,1,2,16,4,0,0.3102,0.147341,0.147341,9.083333333333334,0,9.0,Diego Martínez,4-4-2 double 6,54100000.0,26.121585464501276,181.27272727272728,103.0,0
302,A,2020-06-23,18:30,3210078.0,A,Atletico Madrid,13.0,12,7,4,14,2,0,1.5829,1.0251,1.0251,7.736842105263157,5,3.0,Diego Simeone,4-4-2 double 6,424500000.0,27.051210254495675,182.36363636363637,496.0,0
303,D,2020-06-23,18:30,3210082.0,D,Getafe,3709.0,15,1,8,19,2,0,0.8525,0.675045,0.675045,5.333333333333333,5,5.0,Pepe Bordalás,4-4-2,115700000.0,27.237135212494557,182.0909090909091,240.0,0
304,H,2020-06-23,21:00,3210074.0,D,Athletic Club,621.0,6,0,2,16,1,0,0.4514,0.649841,0.649841,17.391304347826086,3,10.0,Gaizka Garitano,4-2-3-1,126700000.0,25.80075913135461,182.72727272727272,89.0,0
305,H,2020-06-24,21:00,3210079.0,H,Mallorca,237.0,11,4,4,12,1,0,0.6916,0.573505,0.573505,14.608695652173912,0,18.0,Vicente Moreno,3-4-2-1,64050000.0,26.970070312986124,180.63636363636363,102.0,0
306,A,2020-06-24,18:30,3210073.0,D,Osasuna,331.0,7,1,3,14,3,0,2.0869,1.1029,1.1029,4.970588235294118,2,11.0,Jagoba Arrasate,4-4-2 double 6,31650000.0,27.826519818306267,180.8181818181818,9.0,0
307,A,2020-06-24,18:30,3210080.0,A,Celta Vigo,940.0,4,1,3,15,2,0,1.6568,0.848154,0.104876,11.166666666666666,0,16.0,Óscar García,4-3-3 Attacking,94700000.0,26.547694605189474,177.9090909090909,47.0,0
308,H,2020-06-25,18:30,3210076.0,H,Valencia,1049.0,7,0,8,7,2,1,1.0968,0.389713,0.389713,8.777777777777779,9,8.0,Albert Celades,4-2-3-1,276500000.0,27.40887312550557,182.27272727272728,267.0,0
309,H,2020-06-25,21:00,3210075.0,D,Espanyol,714.0,9,2,5,18,4,0,1.4146999999999998,1.12604,1.12604,13.25,2,20.0,Abelardo,4-4-2 double 6,63250000.0,27.732686204965468,181.45454545454547,24.0,0
310,D,2020-06-26,21:00,3210091.0,A,Real Valladolid,366.0,11,5,1,17,2,0,0.5094000000000001,0.583726,0.583726,17.772727272727273,1,15.0,Sergio,4-2-3-1,22000000.0,28.340240184182687,180.27272727272728,5.0,0
311,H,2020-06-27,13:00,3210083.0,H,Mallorca,237.0,14,2,8,16,2,0,0.3148999999999999,1.16492,0.421642,11.952380952380953,2,18.0,Vicente Moreno,3-4-2-1,53950000.0,27.353867214236825,179.9090909090909,73.0,0
312,D,2020-06-27,16:00,3210085.0,A,Barcelona,131.0,18,2,8,10,4,0,1.5098,2.13485,2.13485,5.066666666666666,8,2.0,Quique Setién,4-3-3 Attacking,450000000.0,28.765353742766475,179.36363636363637,824.0,0
313,H,2020-06-27,18:30,3210090.0,H,Leganes,1244.0,21,7,4,15,1,0,1.8067,1.48812,1.48812,8.75,9,19.0,Javier Aguirre,3-5-2,44650000.0,27.64407939767283,178.9090909090909,76.0,0
314,H,2020-06-27,21:00,3210084.0,D,Alaves,1108.0,6,2,1,14,2,0,0.7162,1.12577,0.382496,30.846153846153847,2,14.0,Asier Garitano,4-1-4-1,38350000.0,26.27888743699832,183.36363636363637,25.0,0
315,A,2020-06-28,21:00,3210086.0,A,Real Madrid,418.0,14,6,5,12,1,0,2.4564,2.41536,2.41536,7.875,5,1.0,Zinédine Zidane,4-3-3 Attacking,512500000.0,29.190218405824158,182.54545454545453,545.0,0
316,A,2020-06-28,18:30,3210088.0,A,Eibar,1533.0,13,6,5,13,0,0,1.5177,1.68478,1.68478,8.153846153846153,5,16.0,José Luis Mendilibar,4-2-3-1,25300000.0,30.1917740028623,179.0,64.0,0
317,H,2020-06-28,16:00,3210092.0,H,Valencia,1049.0,4,0,4,18,2,0,0.0970999999999999,0.182323,0.182323,17.5,2,8.0,Albert Celades,4-4-2,272500000.0,26.804803683653788,180.72727272727272,257.0,0
318,H,2020-06-28,13:00,3210089.0,H,Real Betis,150.0,17,8,5,14,4,0,1.1694,1.51929,1.51929,7.695652173913044,11,13.0,Alexis Trujillo,3-4-2-1,135600000.0,28.925891357102856,184.0909090909091,161.0,0
319,H,2020-06-29,21:00,3210087.0,H,Real Sociedad,681.0,5,1,4,11,3,0,0.7178,0.731053,0.731053,7.214285714285714,5,7.0,Imanol Alguacil,5-4-1,198400000.0,24.873125505569035,184.0,214.0,0
320,H,2020-06-30,18:30,3210098.0,H,Celta Vigo,940.0,12,8,11,12,2,0,1.2762,1.55871,0.815433,10.08695652173913,13,17.0,Óscar García,4-1-4-1,89700000.0,27.381494617634246,180.8181818181818,143.0,0
321,A,2020-06-30,20:00,3210097.0,A,Sevilla,368.0,11,6,2,10,3,0,1.2427,0.710464,0.710464,9.869565217391305,3,4.0,Julen Lopetegui,4-3-3 Attacking,235700000.0,26.748304399228424,181.0909090909091,370.0,0
322,D,2020-06-30,21:00,3210094.0,D,Atletico Madrid,13.0,10,3,1,15,5,0,1.3519,1.78128,0.294725,16.48,3,3.0,Diego Simeone,4-4-2 double 6,444500000.0,26.969572521933916,182.27272727272728,470.0,0
323,A,2020-07-01,21:00,3210095.0,A,Villarreal,1050.0,15,6,5,16,1,0,2.8496,2.91561,2.17233,8.71875,6,5.0,Javier Calleja,4-4-2 double 6,135600000.0,28.2217659137577,180.54545454545453,225.0,0
324,D,2020-07-01,21:00,3210102.0,D,Levante,3368.0,8,3,3,12,1,0,0.284,0.206917,0.206917,12.0625,6,12.0,Paco López,4-4-2 double 6,81925000.0,28.497791052205834,180.54545454545453,116.0,0
325,A,2020-07-01,18:30,3210093.0,A,Granada,16795.0,7,4,2,17,2,0,1.5404,1.23821,1.23821,7.115384615384615,5,10.0,Diego Martínez,3-5-2,41000000.0,25.969510298052395,183.54545454545453,59.0,0
326,A,2020-07-01,18:30,3210101.0,A,Athletic Club,621.0,12,4,5,12,0,0,1.0135,0.91393,0.91393,10.923076923076923,5,8.0,Gaizka Garitano,4-2-3-1,171900000.0,27.45690996204343,179.72727272727272,107.0,0
327,A,2020-07-02,18:30,3210096.0,A,Osasuna,331.0,9,6,4,12,1,0,1.4451,0.965632,0.965632,9.63157894736842,4,11.0,Jagoba Arrasate,4-2-3-1,31650000.0,27.848422624603323,180.8181818181818,9.0,0
328,H,2020-07-02,18:30,3210100.0,A,Espanyol,714.0,4,3,3,15,1,0,0.2817,0.11827,0.11827,14.75,0,20.0,Francisco Rufete,4-2-3-1,73300000.0,27.29711903428536,181.45454545454547,24.0,0
329,H,2020-07-02,21:00,3210099.0,D,Getafe,3709.0,10,3,5,22,5,0,0.2781,0.35097,0.35097,8.022222222222222,1,6.0,Pepe Bordalás,4-5-1 flat,115500000.0,28.176715823533073,182.8181818181818,239.0,0
330,H,2020-07-03,21:00,3210104.0,H,Mallorca,237.0,13,1,5,11,1,0,0.1961,0.595505,0.595505,14.68421052631579,4,18.0,Vicente Moreno,4-2-3-1,52000000.0,26.53549872441043,178.0909090909091,156.0,0
331,D,2020-07-04,16:00,3210105.0,H,Real Betis,150.0,10,3,8,18,4,0,1.7061,0.636627,0.636627,6.96,3,14.0,Alexis Trujillo,4-2-3-1,126200000.0,27.57488644141622,181.54545454545453,354.0,0
332,H,2020-07-04,18:30,3210112.0,D,Alaves,1108.0,7,0,3,17,0,0,0.9305,0.311545,0.311545,11.761904761904765,1,15.0,Asier Garitano,4-2-3-1,49400000.0,28.814386161408745,183.8181818181818,27.0,0
333,D,2020-07-04,21:00,3210107.0,D,Valencia,1049.0,4,3,3,14,2,0,0.2666,0.851494,0.851494,9.363636363636363,4,9.0,Voro,4-4-2 double 6,139800000.0,29.40974425984693,178.9090909090909,143.0,0
334,A,2020-07-05,21:00,3210111.0,A,Barcelona,131.0,18,12,6,11,0,0,2.5289,2.75294,2.75294,10.318181818181818,22,2.0,Quique Setién,4-3-1-2,535000000.0,30.34982266193765,180.8181818181818,980.0,0
335,D,2020-07-05,18:30,3210109.0,D,Getafe,3709.0,6,1,2,18,4,0,0.8099000000000001,0.293418,0.293418,4.114285714285714,1,6.0,Pepe Bordalás,4-4-2 double 6,115500000.0,28.865658639785952,183.0909090909091,239.0,0
336,A,2020-07-05,13:00,3210103.0,D,Real Madrid,418.0,10,4,2,8,3,0,2.9173,2.90047,2.1572,9.307692307692308,6,1.0,Zinédine Zidane,4-3-3 Attacking,413500000.0,27.921100118225375,181.54545454545453,722.0,0
337,A,2020-07-05,16:00,3210106.0,D,Leganes,1244.0,4,2,3,22,3,0,0.9512,0.423597,0.423597,14.192307692307692,3,19.0,Javier Aguirre,5-4-1,31650000.0,28.819364071930806,179.45454545454547,128.0,0
338,D,2020-07-06,18:30,3210108.0,D,Real Sociedad,681.0,8,3,2,12,2,0,1.1894,1.06365,1.06365,13.5,2,7.0,Imanol Alguacil,4-2-3-1,213300000.0,24.73946860805177,181.1818181818182,271.0,0
339,H,2020-07-06,21:00,3210110.0,D,Eibar,1533.0,19,3,8,16,1,0,1.242,1.16838,1.16838,9.88888888888889,3,17.0,José Luis Mendilibar,4-1-4-1,32025000.0,28.23221952585402,180.54545454545453,66.0,0
340,H,2020-07-07,18:30,3210122.0,H,Real Valladolid,366.0,11,5,2,5,0,0,0.5897,0.407041,0.407041,17.61904761904762,1,14.0,Sergio,4-2-3-1,30900000.0,27.47731939518387,181.0909090909091,38.0,0
341,D,2020-07-07,21:00,3210116.0,A,Atletico Madrid,13.0,10,2,2,13,3,0,2.2215,1.0928,1.0928,10.695652173913045,5,3.0,Diego Simeone,4-4-2 double 6,491500000.0,26.62186547196814,181.8181818181818,627.0,0
342,H,2020-07-08,19:30,3210115.0,H,Osasuna,331.0,8,2,8,17,5,0,0.2479,0.407994,0.407994,8.433333333333334,4,11.0,Jagoba Arrasate,4-5-1 flat,27100000.0,26.691307323750856,180.0,12.0,0
343,A,2020-07-08,19:30,3210118.0,D,Villarreal,1050.0,6,3,3,10,1,1,2.542,1.95451,0.467957,6.2,2,5.0,Javier Calleja,4-2-3-1,147700000.0,28.293198929749238,180.0909090909091,309.0,0
344,H,2020-07-08,21:00,3210114.0,D,Espanyol,714.0,11,2,5,12,2,1,1.2431,0.830636,0.830636,28.5,2,20.0,Francisco Rufete,5-4-1,69600000.0,27.62765229295003,183.27272727272728,28.0,0
345,D,2020-07-09,18:30,3210117.0,D,Leganes,1244.0,10,1,1,13,3,0,1.4813,0.398122,0.398122,9.263157894736842,4,19.0,Javier Aguirre,5-4-1,27900000.0,28.83031547507933,179.45454545454547,128.0,0
346,H,2020-07-09,18:30,3210119.0,H,Levante,3368.0,14,2,5,20,1,0,0.9438,1.008,1.008,5.294117647058823,4,12.0,Paco López,4-4-2 double 6,79000000.0,28.472901499595547,180.0909090909091,87.0,0
347,A,2020-07-09,21:00,3210113.0,H,Sevilla,368.0,20,7,7,9,2,0,1.5045,1.80682,1.80682,9.642857142857142,8,4.0,Julen Lopetegui,4-3-3 Attacking,226000000.0,27.16819115176405,181.54545454545453,446.0,0
348,H,2020-07-10,21:00,3210120.0,H,Alaves,1108.0,10,4,2,17,1,0,0.6353,1.31041,1.31041,14.205882352941176,3,17.0,Juan Muñiz,4-4-2 double 6,35700000.0,29.05929935909402,184.72727272727272,17.0,0
349,A,2020-07-10,18:30,3210121.0,A,Granada,16795.0,4,3,3,13,3,0,0.5866,0.312385,0.312385,14.05,1,9.0,Diego Martínez,5-4-1,60500000.0,26.52131167942256,183.72727272727272,49.0,0
350,H,2020-07-11,21:00,3210124.0,D,Real Betis,150.0,21,3,4,10,3,0,1.6813,1.1694,1.1694,12.625,9,13.0,Alexis Trujillo,4-2-3-1,133000000.0,28.52317839586834,181.27272727272728,342.0,0
351,H,2020-07-11,16:00,3210129.0,D,Celta Vigo,940.0,12,3,4,11,2,0,1.1296,0.985972,0.985972,10.764705882352942,4,16.0,Óscar García,3-5-2,84300000.0,26.18679609234024,179.27272727272728,165.0,0
352,A,2020-07-11,18:30,3210132.0,A,Barcelona,131.0,9,6,5,13,2,0,1.4892999999999998,1.02109,1.02109,7.517241379310345,10,2.0,Quique Setién,4-4-2 double 6,461000000.0,29.225312675004663,179.63636363636363,841.0,0
353,A,2020-07-12,13:00,3210125.0,A,Eibar,1533.0,11,6,2,14,2,0,2.3815,2.0596,0.412639,12.25925925925926,1,15.0,José Luis Mendilibar,4-1-4-1,30000000.0,28.421877916744446,180.27272727272728,65.0,0
354,A,2020-07-12,16:00,3210128.0,A,Athletic Club,621.0,12,5,6,15,1,0,1.0901,0.979209,0.979209,10.037037037037036,1,8.0,Gaizka Garitano,4-2-3-1,141500000.0,27.19233401779603,182.27272727272728,112.0,0
355,H,2020-07-12,18:30,3210127.0,H,Valencia,1049.0,16,5,8,9,1,0,1.3178,1.28008,0.5368,8.75,7,9.0,Voro,4-4-2,155000000.0,28.619749859996265,181.63636363636363,127.0,0
356,H,2020-07-12,21:00,3210130.0,H,Mallorca,237.0,14,5,5,7,2,0,0.222,0.309223,0.309223,17.210526315789473,2,19.0,Vicente Moreno,4-3-3 Attacking,65700000.0,27.742144234957376,179.63636363636363,94.0,0
357,D,2020-07-13,18:30,3210123.0,D,Getafe,3709.0,14,4,4,15,2,0,1.7843,0.596646,0.596646,4.178571428571429,8,6.0,Pepe Bordalás,4-4-2 double 6,123000000.0,27.515400410677618,183.0909090909091,221.0,0
358,A,2020-07-13,18:30,3210131.0,D,Real Sociedad,681.0,11,6,10,11,2,0,2.1479,1.24702,1.24702,14.19047619047619,9,7.0,Imanol Alguacil,4-2-3-1,222000000.0,24.98413291021094,182.8181818181818,279.0,0
359,A,2020-07-13,21:00,3210126.0,A,Real Madrid,418.0,11,5,3,18,2,0,0.9392,0.527843,0.527843,8.0,3,1.0,Zinédine Zidane,4-3-2-1,474000000.0,29.072739717503577,182.8181818181818,751.0,0
360,H,2020-07-16,20:00,3210142.0,H,Espanyol,714.0,18,6,4,18,4,0,1.297,1.20165,1.20165,8.451612903225806,9,20.0,Francisco Rufete,4-4-2 double 6,67200000.0,28.721050339120154,183.1818181818182,15.0,0
361,H,2020-07-16,20:00,3210140.0,H,Villarreal,1050.0,8,4,2,13,2,0,0.8625,1.14058,1.14058,13.384615384615383,1,5.0,Javier Calleja,4-2-3-1,141100000.0,25.965030178582538,180.54545454545453,170.0,0
362,A,2020-07-16,20:00,3210139.0,D,Granada,16795.0,14,6,6,18,5,0,1.2468,1.09278,1.09278,7.0,9,9.0,Diego Martínez,4-2-3-1,42500000.0,27.823284176466927,182.27272727272728,96.0,0
363,A,2020-07-16,20:00,3210138.0,D,Atletico Madrid,13.0,11,3,3,11,2,0,1.8822,1.74341,1.74341,6.473684210526316,8,3.0,Diego Simeone,4-4-2 double 6,445000000.0,26.92701138697032,181.27272727272728,475.0,0
364,D,2020-07-16,20:00,3210141.0,D,Sevilla,368.0,8,3,2,13,2,0,1.0887,0.611057,0.611057,6.354838709677419,6,4.0,Julen Lopetegui,4-2-3-1,143000000.0,27.185364943065153,182.45454545454547,396.0,0
365,A,2020-07-16,20:00,3210135.0,D,Alaves,1108.0,9,5,5,18,4,1,1.772,2.31274,2.31274,33.666666666666664,5,16.0,Juan Muñiz,4-4-2 double 6,29200000.0,27.918611162964343,185.0909090909091,17.0,0
366,A,2020-07-16,20:00,3210134.0,A,Osasuna,331.0,9,5,2,14,1,1,0.9644,0.672683,0.672683,28.0,3,11.0,Jagoba Arrasate,5-3-2,35500000.0,27.804865907535312,182.0,58.0,0
367,A,2020-07-16,20:00,3210133.0,D,Leganes,1244.0,16,4,3,11,3,0,2.3307,1.84675,1.84675,13.346153846153848,8,18.0,Javier Aguirre,5-4-1,29650000.0,27.676186920540104,181.0,130.0,0
368,H,2020-07-16,17:30,3210137.0,H,Real Valladolid,366.0,17,8,12,13,0,0,0.9821,2.14787,1.24715,8.19047619047619,2,15.0,Sergio,4-4-2,28950000.0,26.69653412979902,179.72727272727272,44.0,0
369,A,2020-07-16,20:00,3210136.0,D,Levante,3368.0,8,4,4,15,0,1,1.1747999999999998,1.39618,1.39618,9.08,3,12.0,Paco López,4-4-2 double 6,77700000.0,27.063406135274718,180.72727272727272,115.0,0
370,H,2020-07-19,20:00,3208630.0,D,Valencia,1049.0,8,2,7,6,1,0,0.8596999999999999,0.301441,0.301441,27.25,2,9.0,Voro,4-4-2 double 6,179000000.0,28.260095824777547,180.8181818181818,200.0,0
371,D,2020-07-19,20:00,3208636.0,D,Mallorca,237.0,12,4,5,10,0,0,0.9339,0.595381,0.595381,7.1923076923076925,4,19.0,Vicente Moreno,4-4-2 double 6,36000000.0,27.692862920789,180.27272727272728,52.0,0
372,H,2020-07-19,20:00,3208632.0,D,Getafe,3709.0,13,4,8,12,4,0,0.7454,1.73078,0.885053,7.212121212121212,8,8.0,Pepe Bordalás,4-4-2,125000000.0,27.710534503142302,180.45454545454547,221.0,0
373,D,2020-07-19,20:00,3208629.0,D,Real Madrid,418.0,7,4,2,11,1,0,1.2968,1.06489,1.06489,10.058823529411764,11,1.0,Zinédine Zidane,4-3-3 Attacking,397000000.0,26.735859622923275,182.1818181818182,440.0,0
374,H,2020-07-19,20:00,3208635.0,H,Athletic Club,621.0,11,3,3,11,2,0,0.2259,0.564731,0.564731,8.75,0,11.0,Gaizka Garitano,4-2-3-1,72500000.0,28.251882272416154,182.0,23.0,0
375,D,2020-07-19,20:00,3208631.0,D,Celta Vigo,940.0,9,3,4,11,3,0,1.3382999999999998,0.444157,0.444157,9.346153846153848,2,17.0,Óscar García,4-1-4-1,87300000.0,26.144732748428847,177.8181818181818,77.0,0
376,H,2020-07-19,17:30,3208634.0,D,Eibar,1533.0,11,3,4,9,0,0,0.1708,0.762647,0.762647,20.666666666666668,2,14.0,José Luis Mendilibar,4-4-2 double 6,16400000.0,30.46555908157551,180.0,10.0,0
377,H,2020-07-19,17:30,3208638.0,H,Real Betis,150.0,10,3,5,10,2,0,0.9624,0.548953,0.548953,9.375,6,15.0,Alexis Trujillo,4-2-3-1,140500000.0,28.22773940638417,181.45454545454547,64.0,0
378,A,2020-07-19,16:00,3208633.0,A,Barcelona,131.0,16,8,1,15,0,0,2.9552,3.62799,3.62799,6.6875,11,2.0,Quique Setién,4-3-3 Attacking,339000000.0,27.964407939767284,180.36363636363637,793.0,0
379,D,2020-07-19,20:00,3208637.0,H,Real Sociedad,681.0,10,4,3,9,2,0,0.3471,0.335651,0.335651,10.727272727272728,0,6.0,Imanol Alguacil,5-4-1,235000000.0,25.43189596167009,183.36363636363637,282.0,0
380,D,2020-09-12,15:00,3431907.0,D,Celta Vigo,940.0,6,3,3,13,4,0,1.7989,0.783653,0.783653,5.227272727272728,2,13.0,Óscar García,4-3-3 Attacking,58900000.0,27.09402028498538,179.72727272727272,271.0,0
381,H,2020-09-12,17:30,3431909.0,D,Athletic Club,621.0,9,2,2,10,4,0,1.1597,0.483337,0.483337,6.818181818181818,3,18.0,Gaizka Garitano,4-2-3-1,115500000.0,28.39947731939518,181.36363636363637,80.0,0
382,A,2020-09-12,20:00,3431908.0,A,Osasuna,331.0,6,4,2,21,2,0,1.3399,0.633286,0.633286,6.7407407407407405,5,6.0,Jagoba Arrasate,4-4-2 double 6,35100000.0,29.066766224877107,181.72727272727272,4.0,0
383,H,2020-09-13,20:00,3431911.0,D,Levante,3368.0,19,8,4,14,3,0,1.8442,2.37179,2.37179,9.909090909090908,5,15.0,Paco López,4-4-2,75900000.0,28.880094580299918,180.1818181818182,87.0,0
384,D,2020-09-13,17:30,3431913.0,A,SD Huesca,5358.0,10,3,6,22,1,0,0.3495,0.556003,0.556003,13.238095238095235,3,11.0,Míchel,4-2-3-1,18500000.0,29.262696783025326,180.36363636363637,1.0,0
385,D,2020-09-13,15:00,3431912.0,H,Real Sociedad,681.0,8,2,3,17,1,0,0.685,0.31178,0.31178,6.052631578947368,3,9.0,Imanol Alguacil,4-1-4-1,167500000.0,23.844191400659575,180.8181818181818,120.0,0
386,A,2020-09-13,13:00,3431904.0,D,Real Betis,150.0,11,4,4,17,3,0,0.3975,0.341233,0.341233,9.944444444444445,4,7.0,Manuel Pellegrini,4-2-3-1,146500000.0,29.39107709538921,182.36363636363637,292.0,0
387,H,2020-09-19,15:00,3431923.0,D,Eibar,1533.0,12,4,3,12,1,0,0.3134,1.112,1.112,8.931034482758621,1,14.0,José Luis Mendilibar,4-3-3 Attacking,33400000.0,29.134714703503207,181.45454545454547,65.0,0
388,H,2020-09-19,17:30,3431917.0,D,Osasuna,331.0,10,3,1,13,2,0,1.0509,0.486466,0.486466,12.5,3,8.0,Jagoba Arrasate,4-4-2 double 6,33600000.0,29.80897268371601,181.63636363636363,2.0,0
389,H,2020-09-19,20:00,3431916.0,H,Valencia,1049.0,9,3,6,13,1,0,0.2014,0.456643,0.456643,8.821428571428571,2,10.0,Javi Gracia,4-4-2 double 6,163800000.0,24.969448074170863,181.72727272727272,231.0,0
390,A,2020-09-20,15:00,3431919.0,A,Cadiz,2687.0,6,4,1,23,3,0,2.692,1.50522,1.50522,12.0,1,12.0,Álvaro Cervera,4-2-3-1,19700000.0,30.68234708481115,180.54545454545453,5.0,0
391,H,2020-09-20,17:30,3431915.0,H,Real Valladolid,366.0,9,2,3,10,0,0,0.251,0.290702,0.290702,9.035714285714286,2,16.0,Sergio,4-2-3-1,23100000.0,29.971003671209008,181.1818181818182,2.0,0
392,H,2020-09-20,17:30,3431918.0,D,Alaves,1108.0,5,3,4,12,3,0,0.2271,0.77021,0.77021,12.1875,2,18.0,Pablo Machín,3-5-2,45200000.0,28.190405077468732,185.45454545454547,20.0,0
393,D,2020-09-20,20:00,3431921.0,D,Real Madrid,418.0,16,4,11,12,2,0,1.3727999999999998,0.769069,0.769069,7.0,7,5.0,Zinédine Zidane,4-2-3-1,464000000.0,27.66996453238753,181.45454545454547,706.0,0
394,D,2020-09-26,12:00,3431924.0,D,Getafe,3709.0,11,4,5,13,2,0,1.7367,1.31111,1.31111,8.692307692307692,2,11.0,Pepe Bordalás,4-4-2,128000000.0,27.5480057245971,182.0,246.0,0
395,D,2020-09-26,15:00,3431931.0,H,SD Huesca,5358.0,17,4,4,20,1,0,2.0675,1.10618,1.10618,4.829268292682927,3,17.0,Míchel,4-2-3-1,17900000.0,29.944147843942506,180.8181818181818,21.0,0
396,A,2020-09-26,17:30,3431933.0,D,Real Sociedad,681.0,27,7,11,12,1,0,2.6576,3.3738,2.63052,7.620689655172414,13,7.0,Imanol Alguacil,4-2-3-1,191000000.0,25.28579428784768,180.54545454545453,181.0,0
397,A,2020-09-26,20:00,3431927.0,H,Real Madrid,418.0,11,4,3,10,2,0,2.7254,3.86499,3.12171,10.25,7,3.0,Zinédine Zidane,4-3-1-2,519000000.0,27.555970381432395,183.9090909090909,635.0,0
398,H,2020-09-27,20:00,3431926.0,H,Villarreal,1050.0,5,1,4,10,1,0,0.0328,0.244835,0.244835,19.15,6,12.0,Unai Emery,4-4-2 double 6,169500000.0,27.866343102482734,180.72727272727272,224.0,0
399,D,2020-09-27,17:30,3431932.0,A,Celta Vigo,940.0,5,1,1,18,4,0,0.9605,1.08307,1.08307,6.576923076923077,3,8.0,Óscar García,4-2-3-1,65900000.0,26.894406073050835,176.1818181818182,155.0,0
400,A,2020-09-27,17:30,3431929.0,D,Sevilla,368.0,14,5,5,14,2,0,2.149,2.2102,2.2102,3.4347826086956523,13,4.0,Julen Lopetegui,4-3-3 Attacking,191000000.0,28.452492066455104,181.45454545454547,521.0,0
401,A,2020-09-27,13:00,3431928.0,A,Athletic Club,621.0,9,5,4,12,0,0,1.4428999999999998,0.505645,0.505645,7.388888888888889,5,14.0,Gaizka Garitano,4-2-3-1,159000000.0,27.377263393690498,180.54545454545453,108.0,0
402,A,2020-09-27,11:00,3431930.0,D,Levante,3368.0,11,5,7,16,0,0,2.7936,2.99435,2.25108,6.0,8,10.0,Paco López,4-4-2 double 6,81200000.0,28.53487648559517,180.45454545454547,85.0,0
403,H,2020-09-27,15:00,3431925.0,H,Granada,16795.0,11,6,1,14,1,0,0.2034,1.30515,1.30515,9.9,4,6.0,Diego Martínez,4-2-3-1,67000000.0,27.625412233215105,183.45454545454547,51.0,0
404,A,2020-09-29,18:00,3431941.0,D,Valencia,1049.0,9,5,3,15,5,0,1.6146,0.836796,0.836796,11.333333333333334,4,6.0,Javi Gracia,4-4-1-1,139500000.0,23.959927820297427,180.36363636363637,211.0,0
405,H,2020-09-29,20:30,3431937.0,H,Real Betis,150.0,10,2,4,17,4,1,0.8319000000000001,0.442837,0.442837,3.576923076923077,3,9.0,Manuel Pellegrini,4-2-3-1,130500000.0,28.27652292950034,181.9090909090909,325.0,0
406,H,2020-09-30,20:30,3431940.0,D,Real Valladolid,366.0,11,5,7,7,1,0,0.1602,0.540187,0.540187,17.736842105263158,2,18.0,Sergio,4-2-3-1,22700000.0,28.84524920664551,180.0,34.0,0
407,D,2020-09-30,18:00,3431939.0,D,Atletico Madrid,13.0,16,2,7,10,0,0,2.3055,1.79241,1.79241,8.909090909090908,11,5.0,Diego Simeone,4-4-2 double 6,481000000.0,27.382987990790866,182.54545454545453,453.0,0
408,H,2020-09-30,18:00,3431943.0,H,Alaves,1108.0,8,3,0,13,2,0,0.1291999999999999,0.618672,0.618672,10.87878787878788,3,20.0,Pablo Machín,4-4-2,53100000.0,28.44626967830253,182.36363636363637,31.0,0
409,A,2020-09-30,20:30,3431936.0,A,Elche,1531.0,5,2,2,14,2,0,0.569,0.378171,0.378171,12.8,4,17.0,Jorge Almirón,3-4-1-2,11700000.0,27.25978470536992,182.45454545454547,3.0,0
410,A,2020-10-01,18:00,3431934.0,D,Cadiz,2687.0,3,1,2,16,5,2,0.9416,0.263675,0.263675,11.571428571428571,4,10.0,Álvaro Cervera,4-4-1-1,20500000.0,28.61999875552237,180.27272727272728,79.0,0
411,H,2020-10-01,18:00,3431942.0,D,Levante,3368.0,3,1,4,17,2,0,0.7051000000000001,0.375244,0.375244,13.08,0,13.0,Paco López,4-4-2 double 6,78200000.0,28.506253500093337,181.36363636363637,87.0,0
412,A,2020-10-01,20:30,3431935.0,A,Barcelona,131.0,6,3,7,10,5,1,1.723,0.931689,0.931689,11.27777777777778,7,1.0,Ronald Koeman,4-2-3-1,530000000.0,28.633439113931924,180.36363636363637,741.0,0
413,D,2020-10-03,17:30,3441597.0,D,SD Huesca,5358.0,18,4,5,26,2,0,2.5993000000000004,1.70374,1.70374,7.717391304347826,12,15.0,Míchel,4-4-2 double 6,19500000.0,30.235728952772075,181.27272727272728,21.0,0
414,H,2020-10-03,17:30,3441594.0,H,Getafe,3709.0,5,1,4,13,3,0,0.1607,0.315862,0.315862,7.266666666666667,1,11.0,Pepe Bordalás,4-4-2,126000000.0,27.70331653288532,180.63636363636363,245.0,0
415,A,2020-10-03,12:00,3441596.0,D,Eibar,1533.0,11,5,4,21,3,1,1.9036,1.6913,0.948019,7.681818181818182,2,16.0,José Luis Mendilibar,4-2-3-1,30300000.0,28.295936780536366,180.36363636363637,97.0,0
416,D,2020-10-03,15:00,3441589.0,D,Villarreal,1050.0,6,2,1,7,2,0,0.7952,0.201508,0.201508,15.142857142857142,7,8.0,Unai Emery,4-1-4-1,151500000.0,28.875116669777857,182.45454545454547,159.0,0
417,A,2020-10-03,20:00,3441595.0,A,Real Betis,150.0,17,8,7,14,2,0,2.4666,1.87508,1.87508,8.1,7,6.0,Manuel Pellegrini,4-2-3-1,129000000.0,28.765353742766475,181.45454545454547,139.0,0
418,D,2020-10-04,20:00,3441590.0,D,Sevilla,368.0,13,1,5,18,1,0,1.5297999999999998,1.25522,1.25522,11.212121212121213,2,3.0,Julen Lopetegui,4-3-3 Attacking,231000000.0,28.907721983697343,181.54545454545453,418.0,0
419,A,2020-10-04,15:00,3441592.0,A,Real Madrid,418.0,13,3,6,8,1,0,2.3993,1.87714,1.87714,7.818181818181818,13,2.0,Zinédine Zidane,4-3-3 Attacking,469000000.0,28.182689316159543,183.36363636363637,774.0,0
420,D,2020-10-04,17:30,3441591.0,A,Granada,16795.0,13,5,5,16,2,0,1.0715,0.820558,0.820558,4.0,4,4.0,Diego Martínez,4-2-3-1,62800000.0,28.008213552361397,183.72727272727272,48.0,0
421,H,2020-10-04,13:00,3441588.0,D,Athletic Club,621.0,8,0,6,17,3,0,1.2271,0.487749,0.487749,4.846153846153846,4,19.0,Gaizka Garitano,4-2-3-1,149500000.0,26.865534192022896,181.8181818181818,110.0,0
422,H,2020-10-04,11:00,3441593.0,H,Celta Vigo,940.0,9,3,5,10,3,0,0.5939,0.360866,0.360866,5.523809523809524,8,13.0,Óscar García,4-2-3-1,59400000.0,27.11642088233464,179.1818181818182,187.0,0
423,H,2020-10-17,12:00,3450965.0,D,Sevilla,368.0,8,3,1,11,4,1,0.946,0.699011,0.699011,11.411764705882351,5,7.0,Julen Lopetegui,4-3-3 Attacking,145000000.0,29.116047539045486,182.0,270.0,0
424,A,2020-10-17,15:00,3450962.0,A,Atletico Madrid,13.0,9,4,4,18,4,0,1.1,1.51399,1.51399,9.51851851851852,7,4.0,Diego Simeone,4-4-2 double 6,337000000.0,27.533071993030923,177.72727272727272,537.0,0
425,A,2020-10-17,17:30,3450968.0,A,Cadiz,2687.0,14,5,11,5,0,0,1.8448,1.768,1.768,23.571428571428573,2,8.0,Álvaro Cervera,4-4-2 double 6,21200000.0,29.359965154626344,181.0909090909091,69.0,0
426,H,2020-10-17,20:00,3450964.0,D,Barcelona,131.0,7,1,2,10,3,0,0.4856,0.62541,0.62541,5.066666666666666,4,1.0,Ronald Koeman,4-2-3-1,445000000.0,27.166946674133534,180.8181818181818,705.0,0
427,A,2020-10-18,20:00,3450967.0,A,Real Sociedad,681.0,8,5,2,18,1,0,2.5419,1.58336,0.840078,10.76923076923077,5,5.0,Imanol Alguacil,4-1-4-1,191000000.0,27.100242673137952,180.36363636363637,125.0,0
428,D,2020-10-18,17:30,3450966.0,A,Real Valladolid,366.0,5,3,1,24,2,0,1.0451,0.907963,0.164685,10.09375,0,20.0,Sergio,4-2-3-1,29200000.0,28.557277082944434,181.0,41.0,0
429,A,2020-10-18,17:30,3450960.0,A,Elche,1531.0,7,3,6,11,5,0,1.3416,0.902261,0.902261,12.31578947368421,1,13.0,Jorge Almirón,3-4-2-1,18000000.0,29.030676373592186,182.27272727272728,1.0,0
430,H,2020-10-18,13:00,3450961.0,D,Levante,3368.0,6,1,3,10,1,0,0.1632,0.281482,0.281482,10.578947368421051,5,18.0,Paco López,4-2-3-1,72200000.0,28.25810466056873,180.54545454545453,82.0,0
431,D,2020-10-18,11:00,3450963.0,D,Osasuna,331.0,8,2,7,14,3,1,2.2068000000000003,1.2646,1.2646,6.0,6,12.0,Jagoba Arrasate,4-4-2 double 6,31700000.0,29.17005786820982,182.1818181818182,6.0,0
432,H,2020-10-18,15:00,3450969.0,D,Valencia,1049.0,11,3,7,8,1,0,0.5994,0.677588,0.677588,14.571428571428571,1,11.0,Javi Gracia,4-4-2,159500000.0,24.877854520564995,180.8181818181818,189.0,0
433,H,2020-10-23,20:00,3450973.0,H,Valencia,1049.0,14,4,7,8,2,0,2.4331,1.23519,1.23519,11.407407407407408,8,14.0,Javi Gracia,5-3-2,130000000.0,25.83112438553917,179.1818181818182,194.0,0
434,A,2020-10-24,15:00,3450971.0,D,Real Madrid,418.0,15,9,7,13,2,0,2.4195999999999995,3.20848,2.4652,13.5,8,1.0,Zinédine Zidane,4-3-3 Attacking,509000000.0,27.84468919171178,184.36363636363637,578.0,0
435,H,2020-10-24,17:30,3450976.0,D,Athletic Club,621.0,13,5,5,10,2,0,0.8311,0.5791,0.5791,6.590909090909091,5,16.0,Gaizka Garitano,4-2-3-1,156000000.0,28.102793852280502,179.0909090909091,107.0,0
436,A,2020-10-24,17:30,3450979.0,A,Eibar,1533.0,3,1,3,12,3,0,0.1491,0.198368,0.198368,15.62962962962963,2,13.0,José Luis Mendilibar,4-4-2 double 6,42200000.0,28.586397859498472,180.0,65.0,0
437,H,2020-10-24,20:00,3450970.0,D,Real Betis,150.0,12,3,5,12,0,1,1.1767,1.01541,1.01541,7.0,5,12.0,Manuel Pellegrini,4-2-3-1,128500000.0,29.00976914939954,180.72727272727272,324.0,0
438,H,2020-10-25,20:00,3450977.0,H,SD Huesca,5358.0,6,4,5,11,1,0,0.4201,0.591473,0.591473,15.0625,2,19.0,Míchel,4-4-2 double 6,23300000.0,28.382054632567982,179.72727272727272,28.0,0
439,A,2020-10-25,17:30,3450974.0,A,Granada,16795.0,5,2,1,23,2,0,0.9787,0.949811,0.206534,5.038461538461538,2,2.0,Diego Martínez,4-1-4-1,59000000.0,27.342169124509986,183.54545454545453,58.0,0
440,A,2020-10-25,13:00,3450978.0,D,Alaves,1108.0,14,4,4,7,0,0,2.7896,2.3128,1.56953,11.333333333333334,4,15.0,Pablo Machín,4-4-2 double 6,53100000.0,29.983448447514153,183.8181818181818,26.0,0
441,D,2020-10-25,15:00,3450972.0,D,Villarreal,1050.0,7,2,5,7,2,0,1.9567,0.752296,0.752296,4.944444444444445,4,6.0,Unai Emery,4-3-3 Attacking,144500000.0,28.076659822039698,182.1818181818182,141.0,0
442,D,2020-10-26,20:00,3450975.0,D,Celta Vigo,940.0,10,3,2,19,2,0,0.9463,0.818389,0.818389,8.40625,3,17.0,Óscar García,5-3-2,59150000.0,26.553916993342046,179.1818181818182,194.0,0
443,A,2020-10-30,20:00,3450983.0,A,Cadiz,2687.0,6,4,2,10,1,0,1.8337,0.932416,0.932416,21.75,3,7.0,Álvaro Cervera,4-4-2 double 6,21200000.0,29.39555721485906,181.0909090909091,69.0,0
444,H,2020-10-31,13:00,3450987.0,H,SD Huesca,5358.0,9,2,3,9,2,0,0.4185999999999999,0.79915,0.79915,20.55555555555556,0,19.0,Míchel,4-4-2,26800000.0,27.814572833053322,180.45454545454547,22.0,0
445,H,2020-10-31,15:15,3450981.0,A,Sevilla,368.0,7,3,1,19,5,0,1.1655,1.15091,1.15091,6.392857142857143,6,10.0,Julen Lopetegui,4-3-3 Attacking,223000000.0,28.660568726277145,182.54545454545453,505.0,0
446,A,2020-10-31,17:30,3450985.0,A,Atletico Madrid,13.0,11,6,2,10,2,0,2.5045,3.06286,1.5763,10.363636363636363,9,2.0,Diego Simeone,4-4-2 double 6,463000000.0,27.41932673760189,181.45454545454547,596.0,0
447,D,2020-10-31,20:00,3450980.0,H,Barcelona,131.0,25,9,14,4,3,0,2.0668,2.07747,2.07747,5.882352941176471,24,6.0,Ronald Koeman,4-2-3-1,520000000.0,28.268060481612846,180.9090909090909,731.0,0
448,H,2020-11-01,13:00,3450986.0,H,Elche,1531.0,4,2,1,12,1,0,0.0937,0.478252,0.478252,29.142857142857142,2,12.0,Jorge Almirón,3-5-2 flat,18000000.0,28.94032729761683,181.1818181818182,4.0,0
449,A,2020-11-01,15:00,3450982.0,A,Real Sociedad,681.0,9,7,3,16,5,0,1.4817,2.27628,2.27628,6.394736842105263,7,3.0,Imanol Alguacil,4-1-4-1,155500000.0,24.740713085682284,180.54545454545453,111.0,0
450,D,2020-11-01,17:30,3450984.0,D,Levante,3368.0,19,4,8,14,3,0,1.8792,0.813588,0.813588,5.0588235294117645,15,17.0,Paco López,4-4-2 double 6,67200000.0,28.915437745006535,180.0,84.0,0
451,D,2020-11-01,20:00,3450988.0,H,Getafe,3709.0,16,5,3,25,5,1,1.8485,2.35774,2.35774,3.25,8,9.0,Pepe Bordalás,4-4-2,133000000.0,26.19127621181009,182.0,279.0,0
452,H,2020-11-02,20:00,3450989.0,H,Real Valladolid,366.0,11,1,4,13,3,0,0.5572,0.793913,0.793913,10.794117647058824,3,20.0,Sergio,4-2-3-1,30000000.0,29.104100553792545,179.27272727272728,35.0,0
453,D,2020-11-06,20:00,3450992.0,D,Celta Vigo,940.0,14,6,3,12,4,0,1.7571000000000003,2.15551,2.15551,8.714285714285714,9,18.0,Óscar García,4-3-3 Attacking,78900000.0,27.518387156990855,179.45454545454547,145.0,0
454,H,2020-11-07,20:00,3450990.0,H,Cadiz,2687.0,10,3,7,9,1,0,0.1574,0.395983,0.395983,22.61904761904762,1,7.0,Álvaro Cervera,4-4-2 double 6,22300000.0,29.568041814448385,180.63636363636363,69.0,0
455,H,2020-11-07,17:30,3450998.0,D,Osasuna,331.0,10,2,0,19,3,0,0.6478,0.499107,0.499107,11.058823529411764,5,13.0,Jagoba Arrasate,4-4-2,40800000.0,28.53039636612532,184.27272727272728,41.0,0
456,H,2020-11-07,15:15,3450991.0,D,Real Betis,150.0,12,6,5,10,2,1,0.0477,0.86991,0.86991,19.73333333333333,4,9.0,Manuel Pellegrini,4-2-3-1,121500000.0,29.433389334826703,182.1818181818182,309.0,0
457,D,2020-11-07,13:00,3450994.0,A,Eibar,1533.0,8,3,3,30,0,0,0.3596,0.839508,0.839508,6.953488372093023,1,16.0,José Luis Mendilibar,4-2-3-1,45400000.0,27.68191151764047,179.8181818181818,65.0,0
458,A,2020-11-08,13:00,3450993.0,A,Villarreal,1050.0,9,5,3,11,4,0,2.6323,2.32114,2.32114,11.833333333333334,8,4.0,Unai Emery,4-2-3-1,156500000.0,29.135959181133718,183.27272727272728,108.0,0
459,H,2020-11-08,15:15,3450996.0,H,Granada,16795.0,2,1,0,11,1,0,0.0468,0.780649,0.0377568,19.625,0,6.0,Diego Martínez,4-2-3-1,41900000.0,24.69740526414038,183.45454545454547,67.0,0
460,D,2020-11-08,17:30,3450995.0,A,Alaves,1108.0,6,2,1,16,6,1,0.6385000000000001,1.01595,1.01595,9.958333333333334,3,15.0,Pablo Machín,4-4-2 double 6,52100000.0,29.013751477817188,183.63636363636363,22.0,0
461,H,2020-11-08,17:30,3450997.0,H,Athletic Club,621.0,17,2,11,11,2,0,0.741,1.57936,0.836339,5.785714285714286,7,14.0,Gaizka Garitano,4-2-3-1,165500000.0,27.675689129487896,180.1818181818182,107.0,0
462,H,2020-11-08,20:00,3450999.0,H,Real Madrid,418.0,16,6,8,14,2,0,0.4122,1.05824,1.05824,6.7407407407407405,14,3.0,Zinédine Zidane,4-2-3-1,396000000.0,28.77530956381059,181.36363636363637,699.0,0
463,D,2020-11-20,20:00,3451007.0,A,SD Huesca,5358.0,6,5,3,15,3,0,1.3013,0.807899,0.807899,10.818181818181818,1,19.0,Míchel,4-4-2,20100000.0,30.588513471470353,180.0909090909091,28.0,0
464,D,2020-11-21,13:00,3451006.0,H,Elche,1531.0,11,5,4,11,4,0,1.2713,0.832435,0.832435,13.4,4,12.0,Jorge Almirón,4-1-4-1,16100000.0,27.887997013253685,182.27272727272728,4.0,0
465,D,2020-11-21,15:15,3451009.0,A,Real Madrid,418.0,6,1,2,14,2,0,0.5034000000000001,0.652049,0.652049,11.464285714285714,5,3.0,Zinédine Zidane,4-2-3-1,422000000.0,28.71383236886317,180.45454545454547,566.0,0
466,H,2020-11-21,17:30,3451008.0,D,Celta Vigo,940.0,10,7,2,20,2,0,1.2816,2.08172,2.08172,10.68,3,20.0,Eduardo Coudet,4-4-2 Diamond,78900000.0,27.559454918797837,179.45454545454547,145.0,0
467,H,2020-11-21,20:00,3451002.0,H,Barcelona,131.0,13,4,8,6,0,0,1.7721,1.29964,1.29964,18.666666666666668,7,5.0,Ronald Koeman,4-4-2,575000000.0,27.910895401655157,179.54545454545453,776.0,0
468,D,2020-11-22,13:00,3451004.0,D,Getafe,3709.0,8,3,4,22,4,0,0.4185999999999999,0.352628,0.352628,5.304347826086956,3,10.0,Pepe Bordalás,4-4-2,106000000.0,27.789185489390828,181.9090909090909,186.0,0
469,A,2020-11-22,15:15,3451003.0,D,Real Sociedad,681.0,14,4,6,14,1,0,2.7545,1.90588,1.90588,4.3478260869565215,4,2.0,Imanol Alguacil,4-2-3-1,217000000.0,26.57731317279572,182.0909090909091,171.0,0
470,A,2020-11-22,17:30,3451005.0,A,Real Valladolid,366.0,9,3,3,14,3,0,1.3756,1.45546,1.45546,8.92,0,17.0,Sergio,4-4-2,29600000.0,28.88308132661315,179.54545454545453,2.0,0
471,D,2020-11-22,20:00,3451000.0,H,Valencia,1049.0,13,5,5,16,1,0,1.3250000000000002,1.79824,1.79824,6.647058823529412,9,13.0,Javi Gracia,4-4-2,149000000.0,25.962541223321512,179.63636363636363,190.0,0
472,H,2020-11-23,20:00,3451001.0,H,Real Betis,150.0,7,1,3,8,0,0,0.073,0.385631,0.385631,8.2,3,9.0,Manuel Pellegrini,4-1-4-1,85500000.0,29.01250700018667,182.0,187.0,0
473,D,2020-11-27,20:00,3451018.0,D,Levante,3368.0,10,3,11,11,3,0,1.2207,1.11009,0.366812,6.157894736842105,2,19.0,Paco López,4-4-2 double 6,59100000.0,28.20110758509116,181.27272727272728,1.0,0
474,D,2020-11-28,13:00,3451012.0,H,Cadiz,2687.0,7,2,9,15,2,0,1.9867,0.678171,0.678171,9.310344827586206,1,8.0,Álvaro Cervera,4-4-2 double 6,23900000.0,28.34546699023085,178.54545454545453,15.0,0
475,A,2020-11-28,15:15,3451019.0,D,Atletico Madrid,13.0,14,6,7,15,5,0,2.2025,1.10533,1.10533,5.40625,9,1.0,Diego Simeone,3-4-2-1,485000000.0,26.67537801008027,179.63636363636363,504.0,0
476,A,2020-11-28,17:30,3451014.0,D,Sevilla,368.0,16,4,10,9,3,0,2.6534,1.69981,1.69981,7.0,11,6.0,Julen Lopetegui,4-3-3 Attacking,224000000.0,28.191898450625352,181.45454545454547,245.0,0
477,A,2020-11-28,20:00,3451016.0,A,Alaves,1108.0,11,6,9,17,3,0,1.8704,2.35024,1.60709,21.357142857142858,3,11.0,Pablo Machín,4-4-2,48900000.0,29.732312861676313,182.8181818181818,26.0,0
478,H,2020-11-29,13:00,3451010.0,H,Osasuna,331.0,10,5,3,12,0,0,0.1984,1.56118,1.56118,21.0,3,16.0,Jagoba Arrasate,4-4-2 double 6,31800000.0,29.50631572397486,182.0909090909091,40.0,0
479,D,2020-11-29,15:15,3451013.0,A,Athletic Club,621.0,5,2,2,23,4,0,0.9735,0.277502,0.277502,5.041666666666667,4,10.0,Gaizka Garitano,4-2-3-1,154300000.0,26.283865347520376,180.8181818181818,114.0,0
480,H,2020-11-29,17:30,3451011.0,D,Granada,16795.0,9,2,0,13,3,0,0.0853,1.49416,1.49416,17.68421052631579,2,7.0,Diego Martínez,5-4-1,77300000.0,27.36357413975484,182.72727272727272,111.0,0
481,D,2020-11-29,20:00,3451017.0,D,Villarreal,1050.0,10,2,4,12,3,0,0.6639999999999999,1.10165,0.358497,11.681818181818182,6,5.0,Unai Emery,4-4-2,138800000.0,29.502084500031113,183.72727272727272,209.0,0
482,A,2020-11-30,20:00,3451015.0,D,Eibar,1533.0,11,6,2,14,1,0,2.903,3.24869,1.76226,12.458333333333334,1,13.0,José Luis Mendilibar,4-2-3-1,44500000.0,28.31908406446394,179.27272727272728,90.0,0
483,A,2020-12-04,20:00,3451021.0,D,Celta Vigo,940.0,6,4,5,15,1,0,2.125,1.20044,1.20044,9.038461538461538,9,13.0,Eduardo Coudet,4-4-2 Diamond,84500000.0,27.966399103976105,180.0909090909091,195.0,0
484,H,2020-12-05,13:00,3451026.0,H,Getafe,3709.0,9,0,5,13,7,2,0.1982999999999999,0.49433,0.49433,10.666666666666666,4,14.0,Pepe Bordalás,4-4-2 double 6,109300000.0,27.41584220023645,181.72727272727272,186.0,0
485,A,2020-12-05,15:15,3451028.0,D,Real Madrid,418.0,10,3,3,20,3,0,2.4102,1.69653,1.69653,13.88,4,3.0,Zinédine Zidane,4-3-3 Attacking,450000000.0,28.199863107460644,181.72727272727272,709.0,0
486,H,2020-12-05,17:30,3451022.0,D,Real Valladolid,366.0,13,3,4,10,2,0,0.645,0.440427,0.440427,12.23076923076923,3,19.0,Sergio,4-2-3-1,30700000.0,27.836973430402587,179.72727272727272,21.0,0
487,H,2020-12-05,20:00,3451023.0,H,Barcelona,131.0,21,8,13,7,2,0,0.7133,1.71026,1.71026,3.555555555555556,27,5.0,Ronald Koeman,4-2-3-1,442000000.0,27.685147159479808,178.63636363636363,873.0,0
488,D,2020-12-06,20:00,3451020.0,D,Real Sociedad,681.0,13,5,3,11,0,0,2.4513000000000003,1.39953,1.39953,5.782608695652174,6,2.0,Imanol Alguacil,4-2-3-1,152000000.0,23.85663617696472,181.0,112.0,0
489,D,2020-12-06,17:30,3451029.0,D,Elche,1531.0,3,0,0,13,2,0,0.6707,0.0544723,0.0544723,18.8125,0,10.0,Jorge Almirón,4-1-4-1,16800000.0,28.505257917988924,182.0,3.0,0
490,A,2020-12-06,15:15,3451027.0,D,Real Betis,150.0,12,5,5,12,2,0,2.4289,1.52162,1.52162,8.772727272727273,6,9.0,Manuel Pellegrini,4-4-1-1,119300000.0,28.1961296745691,181.72727272727272,342.0,0
491,D,2020-12-06,13:00,3451025.0,D,SD Huesca,5358.0,16,7,2,16,0,0,1.2743,1.68663,1.68663,9.076923076923077,3,20.0,Míchel,4-1-4-1,25600000.0,28.57818430713708,179.8181818181818,29.0,0
492,D,2020-12-07,20:00,3451024.0,D,Valencia,1049.0,6,4,0,10,2,0,0.9782,0.648196,0.648196,11.72222222222222,1,15.0,Javi Gracia,4-4-2 double 6,144500000.0,25.57525978470537,181.0909090909091,165.0,0
493,H,2020-12-11,20:00,3451038.0,A,Osasuna,331.0,13,6,3,18,5,0,0.9526,1.33403,1.33403,7.56,7,20.0,Jagoba Arrasate,4-4-2 double 6,46000000.0,28.475390454856573,182.63636363636363,43.0,0
494,D,2020-12-12,13:00,3451039.0,H,Athletic Club,621.0,13,5,10,16,6,0,1.0196,1.73307,0.98979,5.0,5,15.0,Gaizka Garitano,4-2-3-1,156500000.0,27.27222948167507,181.1818181818182,106.0,0
495,A,2020-12-12,15:15,3451033.0,D,Sevilla,368.0,8,0,3,13,3,0,1.3885,0.507527,0.507527,4.75,4,6.0,Julen Lopetegui,4-3-3 Attacking,247000000.0,28.141123763300357,182.1818181818182,415.0,0
496,H,2020-12-12,17:30,3451034.0,D,Alaves,1108.0,3,1,2,20,4,0,0.9571,0.171439,0.171439,11.96551724137931,2,13.0,Pablo Machín,4-4-2,45200000.0,29.685520502768963,182.63636363636363,20.0,0
497,H,2020-12-12,20:00,3451036.0,H,Atletico Madrid,13.0,5,1,6,16,3,0,1.5033999999999998,0.784775,0.784775,11.806451612903226,1,1.0,Diego Simeone,3-4-2-1,438000000.0,28.44004729014996,182.63636363636363,690.0,0
498,H,2020-12-13,20:00,3451030.0,D,Levante,3368.0,7,3,4,15,1,0,0.3453,0.97888,0.97888,18.375,5,18.0,Paco López,4-4-2 double 6,44000000.0,28.004729014995952,180.45454545454547,12.0,0
500,D,2020-12-13,15:15,3451035.0,A,Villarreal,1050.0,7,2,8,14,3,0,1.9552,1.10577,1.10577,9.071428571428571,4,5.0,Unai Emery,4-4-2,150000000.0,27.78769211623421,183.63636363636363,204.0,0
501,D,2020-12-13,13:00,3451037.0,H,Eibar,1533.0,16,4,4,11,3,0,1.5409,1.55401,1.55401,9.9,4,11.0,José Luis Mendilibar,4-4-2 double 6,44500000.0,28.22002364507498,180.8181818181818,54.0,0
502,H,2020-12-14,20:00,3451031.0,H,Cadiz,2687.0,12,2,5,9,1,0,0.806,0.906249,0.906249,16.25,2,8.0,Álvaro Cervera,4-4-2 double 6,22700000.0,28.954763238130795,181.72727272727272,5.0,0
503,H,2020-12-15,21:00,3451096.0,H,Athletic Club,621.0,10,4,6,9,3,1,0.2865,0.728304,0.728304,18.11111111111111,7,13.0,Gaizka Garitano,4-2-3-1,144800000.0,27.94399850662684,181.1818181818182,111.0,0
504,H,2020-12-16,20:00,3451091.0,H,Real Sociedad,681.0,12,5,3,14,3,0,0.8080999999999999,1.82452,1.82452,8.75,11,6.0,Imanol Alguacil,4-3-3 Attacking,183000000.0,26.001120029867465,181.9090909090909,116.0,0
505,H,2020-12-18,20:00,3451040.0,D,SD Huesca,5358.0,6,1,5,16,3,1,0.2198999999999999,0.182818,0.182818,14.047619047619047,4,19.0,Míchel,4-3-3 Attacking,25000000.0,28.90485968514716,178.45454545454547,21.0,0
506,D,2020-12-19,20:00,3451049.0,H,Real Valladolid,366.0,12,5,7,10,4,0,0.6632,0.878614,0.878614,13.304347826086955,3,18.0,Sergio,4-4-2,28300000.0,29.073984195134095,178.54545454545453,74.0,0
507,A,2020-12-19,17:30,3451048.0,A,Villarreal,1050.0,13,6,2,16,2,0,2.633,2.79417,2.79417,7.352941176470588,11,4.0,Unai Emery,4-3-3 Attacking,151500000.0,26.770704996577685,183.27272727272728,199.0,0
508,H,2020-12-19,13:00,3451041.0,H,Elche,1531.0,8,3,5,14,2,0,0.2442,0.522281,0.522281,23.357142857142858,3,17.0,Jorge Almirón,4-1-4-1,17200000.0,27.714516831559955,182.0,4.0,0
509,D,2020-12-19,15:15,3451042.0,D,Valencia,1049.0,12,4,3,14,2,0,0.5722,1.97181,1.97181,12.26086956521739,10,13.0,Javi Gracia,4-4-2,179500000.0,25.861240744197627,182.72727272727272,192.0,0
510,H,2020-12-19,17:30,3451047.0,D,Real Sociedad,681.0,15,5,4,14,1,0,1.7761,2.1027,2.1027,8.4,14,3.0,Imanol Alguacil,4-2-3-1,164000000.0,23.739904175222453,180.63636363636363,110.0,0
511,H,2020-12-20,13:00,3451043.0,H,Alaves,1108.0,8,2,5,12,2,0,0.4072,0.404844,0.404844,13.727272727272728,7,16.0,Pablo Machín,4-4-2 double 6,46400000.0,29.42940700640906,183.27272727272728,29.0,0
512,H,2020-12-20,15:15,3451046.0,H,Real Betis,150.0,14,1,10,16,4,0,1.0267,1.04957,1.04957,4.12,4,12.0,Manuel Pellegrini,4-2-3-1,110500000.0,26.19600522680605,182.54545454545453,227.0,0
513,A,2020-12-20,17:30,3451044.0,A,Getafe,3709.0,6,4,4,22,6,0,2.2366,1.10435,1.10435,12.083333333333334,2,11.0,Pepe Bordalás,4-4-2 double 6,116300000.0,27.19059174911331,180.1818181818182,245.0,0
514,A,2020-12-20,20:00,3451045.0,A,Real Madrid,418.0,11,5,4,7,0,0,2.559,2.35916,2.35916,8.666666666666666,9,2.0,Zinédine Zidane,4-3-3 Attacking,454000000.0,29.359716259100242,181.8181818181818,685.0,0
515,D,2020-12-22,21:00,3451059.0,A,Athletic Club,621.0,9,3,4,18,1,0,1.0309,0.910796,0.910796,9.0,6,11.0,Gaizka Garitano,4-2-3-1,153300000.0,27.11617198680854,180.8181818181818,113.0,0
516,D,2020-12-22,16:30,3451051.0,A,Osasuna,331.0,15,6,4,17,2,1,1.6874999999999998,1.69506,1.69506,13.727272727272728,10,20.0,Jagoba Arrasate,4-4-2,38900000.0,29.580735486279636,180.8181818181818,8.0,0
517,A,2020-12-22,16:30,3451058.0,D,Sevilla,368.0,19,3,5,17,2,0,2.4485,1.85011,1.85011,4.8,15,6.0,Julen Lopetegui,4-3-3 Attacking,247000000.0,28.187667226681597,180.63636363636363,314.0,0
518,D,2020-12-22,18:45,3451053.0,H,Levante,3368.0,9,1,3,17,3,0,0.6224000000000001,0.581363,0.581363,7.7,2,14.0,Paco López,4-4-2 double 6,45800000.0,28.126687822786383,180.54545454545453,4.0,0
519,A,2020-12-22,18:45,3451056.0,D,Atletico Madrid,13.0,8,3,5,17,3,0,1.6143,0.546595,0.546595,10.818181818181818,3,1.0,Diego Simeone,3-4-2-1,400000000.0,28.38628585651173,180.63636363636363,588.0,0
520,A,2020-12-22,21:00,3451057.0,A,Barcelona,131.0,21,10,5,10,2,0,2.8149,3.23865,3.23865,12.363636363636363,24,3.0,Ronald Koeman,3-4-2-1,432000000.0,25.902059610478503,179.54545454545453,707.0,0
521,H,2020-12-23,21:00,3451050.0,H,Eibar,1533.0,8,4,7,14,2,0,0.5552,0.786669,0.786669,4.4,0,17.0,José Luis Mendilibar,4-2-3-1,46500000.0,28.619500964470163,180.45454545454547,61.0,0
522,H,2020-12-23,21:00,3451054.0,D,Cadiz,2687.0,6,3,5,9,1,0,1.147,0.282205,0.282205,17.61904761904762,2,10.0,Álvaro Cervera,4-4-2 double 6,18000000.0,29.456785514280384,180.45454545454547,15.0,0
523,D,2020-12-23,16:30,3451052.0,D,Celta Vigo,940.0,2,1,4,16,3,0,2.0665,0.767168,0.0238901,4.925925925925926,1,8.0,Eduardo Coudet,4-4-2 Diamond,77000000.0,27.627154501897827,179.72727272727272,196.0,0
524,H,2020-12-23,18:45,3451055.0,D,Granada,16795.0,10,1,1,11,1,0,0.5096,0.79963,0.79963,17.5,2,7.0,Diego Martínez,4-1-4-1,71200000.0,26.427229170555663,183.0,51.0,0
525,H,2020-12-29,16:00,3451069.0,H,Villarreal,1050.0,6,2,7,14,4,0,0.0716,0.346419,0.346419,8.75,3,7.0,Unai Emery,4-4-2 double 6,148500000.0,27.658515338186795,183.54545454545453,130.0,0
526,D,2020-12-29,18:15,3451062.0,D,Eibar,1533.0,9,3,7,15,2,0,0.3552999999999999,0.592271,0.592271,13.59375,1,16.0,José Luis Mendilibar,4-3-3 Attacking,33400000.0,28.75938025014,180.0,71.0,0
527,D,2020-12-29,20:30,3451064.0,D,Real Valladolid,366.0,7,1,6,13,2,0,0.7735,0.299749,0.299749,4.384615384615385,5,18.0,Sergio,4-4-2,30800000.0,30.126065583971126,178.9090909090909,74.0,0
528,H,2020-12-29,20:30,3451067.0,H,Real Betis,150.0,19,7,6,14,2,0,2.0776,2.63943,1.89616,4.166666666666667,12,10.0,Manuel Pellegrini,4-2-3-1,93300000.0,27.703565428411423,180.27272727272728,367.0,0
529,H,2020-12-30,16:00,3451066.0,D,Valencia,1049.0,16,6,6,15,4,2,0.74,1.27314,1.27314,5.206896551724138,8,17.0,Javi Gracia,4-4-2 double 6,123500000.0,27.405388588140127,180.45454545454547,140.0,0
530,H,2020-12-30,18:15,3451061.0,H,Getafe,3709.0,10,2,2,12,3,0,1.3698,0.941238,0.941238,8.607142857142858,4,14.0,Pepe Bordalás,4-4-2 double 6,86250000.0,28.275278451869827,181.54545454545453,209.0,0
531,D,2020-12-30,20:30,3451065.0,A,Real Madrid,418.0,14,6,3,18,4,0,1.8109,1.55495,1.55495,6.911764705882353,11,2.0,Zinédine Zidane,4-3-3 Attacking,414000000.0,30.481737290772198,182.0,676.0,0
532,H,2020-12-30,18:15,3451063.0,H,SD Huesca,5358.0,17,6,5,8,0,0,0.3748,1.0513,1.0513,20.36842105263158,2,20.0,Míchel,4-3-3 Attacking,22100000.0,30.30718685831622,178.63636363636363,21.0,0
533,A,2020-12-31,13:00,3451060.0,A,Real Sociedad,681.0,13,3,4,18,4,0,2.7489,1.84296,1.84296,7.71875,6,3.0,Imanol Alguacil,4-3-3 Attacking,231800000.0,25.487150768464936,181.8181818181818,184.0,0
534,D,2020-12-31,15:15,3451068.0,D,Alaves,1108.0,15,1,4,9,4,0,2.3642,1.35028,0.607003,9.454545454545457,0,12.0,Pablo Machín,4-4-2 double 6,43200000.0,30.18679609234024,183.9090909090909,24.0,0
535,H,2021-01-02,13:00,3451079.0,H,Levante,3368.0,9,2,5,11,1,0,0.4527,0.554357,0.554357,12.727272727272728,6,12.0,Paco López,3-1-4-2,34100000.0,28.985377387841456,181.0,13.0,0
536,D,2021-01-02,15:15,3451075.0,D,Sevilla,368.0,6,2,1,18,2,0,0.1239,0.248156,0.248156,6.741935483870968,2,5.0,Julen Lopetegui,4-3-3 Attacking,250000000.0,28.155808599340425,181.0909090909091,408.0,0
537,A,2021-01-02,17:30,3451073.0,A,Real Valladolid,366.0,8,2,9,13,2,0,1.7319,1.16924,1.16924,10.5625,2,15.0,Sergio,4-1-4-1,30000000.0,27.370792110011823,178.0,94.0,0
538,H,2021-01-02,20:00,3451076.0,H,Celta Vigo,940.0,6,1,5,14,2,0,0.7217,0.564784,0.564784,12.38095238095238,3,8.0,Eduardo Coudet,4-4-2 Diamond,86500000.0,28.045796776802934,180.0909090909091,195.0,0
539,D,2021-01-03,17:30,3451077.0,A,Osasuna,331.0,6,2,2,8,1,0,1.061,0.609915,0.609915,13.157894736842104,0,19.0,Jagoba Arrasate,4-2-3-1,36600000.0,26.88942816252878,181.9090909090909,12.0,0
540,A,2021-01-03,20:00,3451074.0,A,Barcelona,131.0,20,7,6,11,0,0,2.918,3.21201,3.21201,6.0606060606060606,17,3.0,Ronald Koeman,4-3-3 Attacking,449000000.0,26.27166946674134,179.72727272727272,789.0,0
541,A,2021-01-03,15:15,3451070.0,A,Atletico Madrid,13.0,8,4,5,12,2,0,2.919,2.31899,2.31899,5.675675675675675,6,1.0,Diego Simeone,3-1-4-2,428000000.0,27.93354489453052,181.1818181818182,555.0,0
542,H,2021-01-03,13:00,3451071.0,H,Elche,1531.0,5,2,4,13,1,0,0.289,0.137448,0.137448,15.823529411764708,1,17.0,Jorge Almirón,4-1-4-1,20600000.0,28.909215356853963,182.27272727272728,3.0,0
543,H,2021-01-03,17:30,3451072.0,D,Granada,16795.0,6,3,2,9,1,0,0.594,0.917602,0.917602,7.0,3,7.0,Diego Martínez,4-4-2 double 6,63400000.0,28.006720179204777,183.0909090909091,56.0,0
544,D,2021-01-04,20:00,3451078.0,D,Cadiz,2687.0,9,2,7,17,2,0,0.8942,0.522228,0.522228,17.3125,1,11.0,Álvaro Cervera,4-4-2 double 6,23100000.0,29.215854645012758,181.0909090909091,69.0,0
545,A,2021-01-06,20:00,3431914.0,A,Barcelona,131.0,13,9,4,6,1,0,1.9875,1.39939,1.39939,11.153846153846152,16,1.0,Ronald Koeman,4-3-3 Attacking,500000000.0,26.298799079086553,179.63636363636363,857.0,0
546,A,2021-01-08,20:00,3451081.0,A,Villarreal,1050.0,15,6,4,18,0,0,2.8466,2.88163,2.88163,13.464285714285714,8,5.0,Unai Emery,4-3-3 Attacking,140500000.0,28.55005911268745,183.72727272727272,108.0,0
547,H,2021-01-09,13:00,3451089.0,D,Real Sociedad,681.0,10,4,9,18,3,0,0.3279999999999999,1.05731,1.05731,12.521739130434783,5,6.0,Imanol Alguacil,4-3-3 Attacking,227800000.0,24.10602949411984,181.54545454545453,186.0,0
548,A,2021-01-09,17:30,3451084.0,A,Barcelona,131.0,13,4,1,3,3,0,2.279,1.64578,1.64578,16.4,9,3.0,Ronald Koeman,4-3-3 Attacking,455000000.0,26.434696036338746,178.54545454545453,849.0,0
549,D,2021-01-09,20:00,3451087.0,D,Real Madrid,418.0,9,1,4,3,0,0,1.0787,0.42235,0.42235,10.75,13,2.0,Zinédine Zidane,4-3-3 Attacking,454000000.0,29.95806110385166,182.72727272727272,634.0,0
550,H,2021-01-10,13:00,3451086.0,D,Eibar,1533.0,17,4,9,8,0,0,1.7675,1.34206,1.34206,7.40625,5,15.0,José Luis Mendilibar,4-4-2 double 6,34600000.0,29.42841142430465,180.0,66.0,0
551,H,2021-01-10,15:15,3451082.0,D,Alaves,1108.0,5,2,1,10,4,1,0.1961,0.829834,0.0865565,7.823529411764706,1,16.0,Pablo Machín,4-4-2,43400000.0,28.323066392881586,183.72727272727272,26.0,0
552,A,2021-01-10,20:00,3451088.0,D,Valencia,1049.0,17,6,4,14,3,0,1.8276,1.09369,1.09369,9.75,5,14.0,Javi Gracia,4-4-2,164500000.0,25.04162777674071,181.36363636363637,171.0,0
553,A,2021-01-11,18:00,3451083.0,D,Getafe,3709.0,14,7,7,16,2,0,2.6336000000000004,3.17089,2.42774,9.612903225806452,7,13.0,Pepe Bordalás,4-4-1-1,119300000.0,27.04150332897766,180.0909090909091,224.0,0
554,A,2021-01-11,20:00,3451085.0,D,Real Betis,150.0,15,5,6,13,2,1,2.5413,2.98435,2.98435,8.96551724137931,9,9.0,Manuel Pellegrini,4-2-3-1,104500000.0,26.79907908655342,179.9090909090909,200.0,0
555,H,2021-01-12,20:30,3431905.0,H,Sevilla,368.0,13,2,12,11,0,0,1.9382,1.19957,1.19957,9.333333333333334,7,16.0,Julen Lopetegui,4-3-3 Attacking,248000000.0,28.566735112936342,181.54545454545453,471.0,0
556,H,2021-01-12,18:00,3431938.0,H,Osasuna,331.0,15,3,4,17,4,0,1.0859,0.624174,0.624174,4.392857142857143,5,16.0,Jagoba Arrasate,4-4-1-1,44500000.0,29.289278825213117,181.54545454545453,5.0,0
557,D,2021-01-19,18:00,3451097.0,A,Elche,1531.0,9,3,5,19,3,0,0.9045,0.575886,0.575886,10.681818181818182,1,18.0,Jorge Almirón,5-4-1 Diamond,17900000.0,27.590815755086805,181.36363636363637,48.0,0
558,A,2021-01-19,20:30,3451090.0,A,Sevilla,368.0,7,3,2,14,3,0,0.9715,1.03209,1.03209,8.777777777777779,4,4.0,Julen Lopetegui,4-3-3 Attacking,201500000.0,28.673511293634498,181.54545454545453,471.0,0
559,D,2021-01-19,18:00,3451092.0,D,Levante,3368.0,8,5,2,11,1,0,2.4165,2.00702,2.00702,5.863636363636363,10,10.0,Paco López,4-4-2 double 6,38400000.0,29.710161159853154,180.1818181818182,6.0,0
560,H,2021-01-20,20:00,3451095.0,H,Celta Vigo,940.0,10,3,6,15,3,0,1.6270000000000002,0.966752,0.966752,5.161290322580645,4,11.0,Eduardo Coudet,4-4-2 Diamond,74500000.0,26.93746499906664,179.9090909090909,196.0,0
561,D,2021-01-20,20:30,3451099.0,D,Granada,16795.0,3,2,0,11,4,1,0.0714,0.135256,0.135256,18.1,1,7.0,Diego Martínez,4-1-4-1,73200000.0,28.0,181.63636363636363,111.0,0
562,H,2021-01-20,18:00,3451094.0,D,SD Huesca,5358.0,15,3,8,14,4,0,1.3615,0.712964,0.712964,7.730769230769231,5,20.0,Pacheta,5-4-1,28900000.0,26.497666604442784,180.9090909090909,22.0,0
563,D,2021-01-21,18:00,3451098.0,A,Osasuna,331.0,14,5,4,17,3,0,2.4087,1.63527,1.63527,15.130434782608695,5,19.0,Jagoba Arrasate,4-1-4-1,34300000.0,27.458154439673947,182.0909090909091,14.0,0
564,A,2021-01-21,20:30,3451093.0,D,Atletico Madrid,13.0,9,4,3,9,2,0,1.2876,1.23064,0.487358,9.636363636363637,4,1.0,Diego Simeone,3-1-4-2,423000000.0,28.125692240681975,182.1818181818182,577.0,0
565,D,2021-01-22,20:00,3451106.0,D,Real Valladolid,366.0,7,3,2,12,1,0,0.949,0.631096,0.631096,12.391304347826088,3,16.0,Sergio,4-2-3-1,29700000.0,29.39456163275465,177.8181818181818,35.0,0
566,D,2021-01-23,13:00,3451105.0,D,Villarreal,1050.0,8,2,2,15,1,0,1.6148,0.484831,0.484831,9.774193548387096,3,5.0,Unai Emery,3-4-2-1,112300000.0,29.97473710410055,183.45454545454547,168.0,0
567,H,2021-01-23,15:15,3451109.0,H,Cadiz,2687.0,9,3,6,6,3,0,0.5166,1.16695,1.16695,34.84615384615385,1,10.0,Álvaro Cervera,4-4-2 double 6,23200000.0,28.807417086677866,182.63636363636363,69.0,0
568,D,2021-01-23,17:30,3451108.0,D,Real Betis,150.0,7,4,3,13,2,0,0.3053,0.638534,0.638534,9.307692307692308,2,8.0,Manuel Pellegrini,4-2-3-1,107300000.0,27.04125443345156,180.0,383.0,0
569,A,2021-01-23,20:00,3451100.0,A,Real Madrid,418.0,10,7,4,7,3,0,1.9613,1.42254,1.42254,14.058823529411764,7,2.0,Zinédine Zidane,4-3-3 Attacking,470000000.0,28.923153506315725,182.9090909090909,672.0,0
570,H,2021-01-24,13:00,3451107.0,H,Granada,16795.0,12,1,5,15,4,0,0.4043,0.592689,0.592689,9.785714285714286,7,7.0,Diego Martínez,4-2-3-1,70000000.0,27.129363449691994,182.0909090909091,71.0,0
571,A,2021-01-24,15:15,3451104.0,A,Barcelona,131.0,15,8,7,9,2,0,2.9175,3.12144,3.12144,8.387096774193548,7,3.0,Ronald Koeman,4-3-3 Attacking,379000000.0,26.26793603384979,180.9090909090909,710.0,0
572,D,2021-01-24,17:30,3451103.0,H,Eibar,1533.0,9,2,6,16,3,0,0.5727,0.591142,0.591142,9.466666666666669,2,15.0,José Luis Mendilibar,4-1-4-1,49400000.0,27.23165951092029,180.9090909090909,64.0,0
573,H,2021-01-24,20:00,3451102.0,D,Valencia,1049.0,8,4,7,14,0,0,0.1966999999999999,0.250249,0.250249,10.916666666666666,2,14.0,Javi Gracia,4-4-2,166500000.0,25.05233028436314,181.1818181818182,125.0,0
574,H,2021-01-25,20:00,3451101.0,D,Getafe,3709.0,6,2,4,18,4,0,0.9007000000000001,1.29166,0.548385,6.34375,3,13.0,Pepe Bordalás,4-2-3-1,130500000.0,27.622176591375773,180.9090909090909,255.0,0
575,A,2021-01-29,20:00,3451117.0,A,SD Huesca,5358.0,11,5,7,12,2,0,0.9447,1.18337,1.18337,23.416666666666668,2,20.0,Pacheta,3-5-2 flat,26800000.0,26.829842573579743,181.72727272727272,22.0,0
576,D,2021-01-30,20:00,3451119.0,H,Real Sociedad,681.0,12,3,7,17,3,0,2.3182,1.16681,1.16681,5.942857142857143,11,6.0,Imanol Alguacil,4-1-4-1,229000000.0,26.66890672640159,181.72727272727272,181.0,0
577,H,2021-01-30,17:30,3451118.0,H,Elche,1531.0,10,1,10,15,7,0,0.0571,0.328905,0.328905,7.826086956521739,1,19.0,Jorge Almirón,3-4-3,21300000.0,28.391014871507686,182.72727272727272,47.0,0
578,A,2021-01-30,13:00,3451112.0,A,Sevilla,368.0,7,4,2,12,3,0,1.9715,1.66557,0.922288,11.72222222222222,3,4.0,Julen Lopetegui,4-3-3 Attacking,204500000.0,28.097318150706244,180.72727272727272,389.0,0
579,A,2021-01-30,15:15,3451116.0,D,Levante,3368.0,14,8,7,20,2,0,1.8101,1.82881,1.08553,9.428571428571429,9,9.0,Paco López,4-3-3 Attacking,39400000.0,30.02526289589945,181.0909090909091,5.0,0
580,D,2021-01-31,13:00,3451113.0,D,Alaves,1108.0,5,1,2,17,3,0,0.8269,0.20139,0.20139,8.875,1,18.0,Abelardo,4-4-2 double 6,40200000.0,28.9808972683716,183.1818181818182,24.0,0
581,A,2021-01-31,15:15,3451111.0,A,Atletico Madrid,13.0,9,4,2,7,5,0,2.148,1.79542,1.05214,11.318181818181818,8,1.0,Diego Simeone,3-4-2-1,533000000.0,27.50718685831622,181.27272727272728,633.0,0
582,D,2021-01-31,17:30,3451114.0,D,Celta Vigo,940.0,7,1,5,19,4,0,1.2404000000000002,0.339262,0.339262,3.257142857142857,5,10.0,Eduardo Coudet,4-4-2 double 6,85500000.0,27.413353244975426,179.54545454545453,201.0,0
583,H,2021-01-31,20:00,3451110.0,H,Athletic Club,621.0,7,2,3,20,3,0,0.1101999999999999,0.275356,0.275356,8.642857142857142,5,11.0,Marcelino,4-4-2,148800000.0,28.303403646319456,180.63636363636363,113.0,0
584,H,2021-02-01,20:00,3451115.0,D,Osasuna,331.0,15,5,4,6,1,0,0.9444,1.38521,1.38521,15.8,2,17.0,Jagoba Arrasate,4-1-4-1,35100000.0,27.942505133470227,181.45454545454547,8.0,0
585,H,2021-02-05,20:00,3451128.0,D,Real Valladolid,366.0,3,1,1,17,4,0,0.1913,0.0534012,0.0534012,12.384615384615383,1,18.0,Sergio,4-2-3-1,31500000.0,27.494742082011076,178.0909090909091,43.0,0
586,D,2021-02-06,13:00,3451133.0,D,Granada,16795.0,11,5,2,13,3,0,1.1752,1.26925,1.26925,12.0,3,7.0,Diego Martínez,4-3-3 Attacking,58200000.0,26.6014560388277,184.8181818181818,23.0,0
587,A,2021-02-06,15:15,3451132.0,D,Real Madrid,418.0,18,7,10,9,1,0,2.8428,3.53921,3.53921,6.275862068965517,9,2.0,Zinédine Zidane,4-3-3 Attacking,435000000.0,28.41914006595732,182.72727272727272,705.0,0
588,D,2021-02-06,17:30,3451131.0,A,Villarreal,1050.0,9,4,2,5,2,0,1.6917,1.51126,1.51126,12.318181818181818,7,5.0,Unai Emery,4-3-3 Attacking,164500000.0,29.32462198991973,181.27272727272728,115.0,0
589,H,2021-02-06,20:00,3451137.0,D,Getafe,3709.0,5,1,1,11,4,1,0.1447999999999999,0.209522,0.209522,19.7,0,12.0,Pepe Bordalás,4-4-1-1,111800000.0,27.665235517391576,182.0,243.0,0
590,H,2021-02-07,13:00,3451136.0,H,Cadiz,2687.0,2,1,1,7,2,1,0.002,0.354151,0.354151,38.90909090909091,1,14.0,Álvaro Cervera,4-4-2 double 6,18300000.0,29.38012569224068,179.9090909090909,69.0,0
591,D,2021-02-07,15:15,3451129.0,H,Valencia,1049.0,15,2,6,8,1,0,0.9281,0.841344,0.841344,10.666666666666666,8,13.0,Javi Gracia,4-4-2,172500000.0,25.495613216352435,180.1818181818182,140.0,0
592,H,2021-02-07,17:30,3451134.0,D,Eibar,1533.0,12,3,1,11,0,0,0.3699,1.07628,1.07628,7.535714285714286,5,17.0,José Luis Mendilibar,4-4-2 double 6,46100000.0,28.513720365876427,181.45454545454547,63.0,0
593,A,2021-02-07,20:00,3451135.0,H,Barcelona,131.0,12,4,5,7,3,0,0.9328,1.33284,1.33284,7.78125,7,3.0,Ronald Koeman,4-3-3 Attacking,352000000.0,27.106962852342733,180.8181818181818,710.0,0
594,D,2021-02-08,20:00,3451130.0,D,Celta Vigo,940.0,7,2,4,17,2,0,1.8371,1.71926,1.71926,8.03225806451613,5,10.0,Eduardo Coudet,4-4-2 Diamond,83500000.0,27.896708356667286,180.54545454545453,201.0,0
595,H,2021-02-09,20:00,3431910.0,D,Getafe,3709.0,1,0,1,16,1,0,0.1476,0.0930356,0.0930356,12.1875,1,17.0,Pepe Bordalás,4-4-2,98100000.0,27.03552983635119,179.63636363636363,137.0,0
596,H,2021-02-12,20:00,3451147.0,H,Elche,1531.0,7,2,6,15,2,0,0.3642999999999999,0.836576,0.836576,10.571428571428571,0,19.0,Jorge Almirón,4-4-2,24700000.0,28.627963412357666,181.8181818181818,47.0,0
597,A,2021-02-13,13:00,3451151.0,D,Atletico Madrid,13.0,10,4,3,20,5,0,1.3906,0.929672,0.929672,4.333333333333333,8,1.0,Diego Simeone,3-5-2 flat,455000000.0,28.4009706925518,183.1818181818182,547.0,0
598,H,2021-02-13,15:15,3451154.0,D,SD Huesca,5358.0,9,5,6,15,4,0,1.4559000000000002,1.39522,1.39522,13.26086956521739,1,20.0,Pacheta,3-5-2 flat,31000000.0,26.870910335386725,181.72727272727272,22.0,0
599,D,2021-02-13,17:30,3451149.0,D,Real Valladolid,366.0,5,1,3,12,3,0,0.6162,0.968574,0.225296,6.529411764705882,1,18.0,Sergio,4-4-2 double 6,30150000.0,27.789683280443032,178.1818181818182,59.0,0
600,H,2021-02-13,20:00,3451146.0,H,Alaves,1108.0,6,2,4,14,2,0,0.1854,0.710997,0.710997,23.9,4,16.0,Abelardo,4-4-2 double 6,41400000.0,28.479870574326426,184.0909090909091,26.0,0
601,A,2021-02-14,13:00,3451150.0,A,Real Sociedad,681.0,3,2,5,19,3,0,2.4663000000000004,1.03317,1.03317,6.428571428571429,4,5.0,Imanol Alguacil,4-1-4-1,226000000.0,27.47383485781843,182.0,171.0,0
602,H,2021-02-14,15:15,3451153.0,H,Valencia,1049.0,4,1,1,12,3,0,0.4901999999999999,0.0596554,0.0596554,15.714285714285714,1,14.0,Javi Gracia,4-4-2,168500000.0,25.7738784145355,181.36363636363637,137.0,0
603,A,2021-02-14,17:30,3451152.0,D,Osasuna,331.0,7,2,1,10,2,0,0.4967,0.685142,0.685142,10.428571428571429,5,12.0,Jagoba Arrasate,4-2-3-1,45400000.0,28.23122394374961,182.63636363636363,10.0,0
604,A,2021-02-14,20:00,3451155.0,A,Real Betis,150.0,15,4,3,13,2,0,1.4512999999999998,1.35008,1.35008,11.48,5,7.0,Manuel Pellegrini,4-2-3-1,125300000.0,27.82029743015369,181.1818181818182,376.0,0
605,A,2021-02-15,20:00,3451148.0,A,Athletic Club,621.0,13,8,8,13,2,0,2.5973,2.36113,2.36113,9.421052631578949,6,10.0,Marcelino,4-4-2 double 6,162500000.0,27.457407753095637,180.8181818181818,87.0,0
606,D,2021-02-17,18:00,3431920.0,D,Atletico Madrid,13.0,14,6,8,10,3,0,1.8380000000000003,1.16962,1.16962,7.74074074074074,10,4.0,Diego Simeone,3-4-2-1,493000000.0,27.995519880530143,182.0909090909091,625.0,0
607,H,2021-02-19,20:00,3451162.0,D,Getafe,3709.0,6,1,2,18,4,0,0.0503,0.277079,0.277079,8.909090909090908,4,15.0,Pepe Bordalás,4-4-2,117100000.0,26.918797834608924,181.9090909090909,245.0,0
608,H,2021-02-20,13:00,3451159.0,H,Eibar,1533.0,13,3,4,9,1,0,2.4212,1.66898,1.66898,10.72222222222222,4,18.0,José Luis Mendilibar,4-4-2 double 6,49800000.0,29.36792981146164,180.63636363636363,25.0,0
609,A,2021-02-20,15:15,3451157.0,A,Levante,3368.0,6,1,2,15,3,0,0.5118,0.767582,0.767582,16.733333333333334,2,8.0,Paco López,3-4-3,43100000.0,29.108331777736293,180.0909090909091,81.0,0
610,H,2021-02-20,17:30,3451165.0,D,Celta Vigo,940.0,5,2,1,19,3,1,0.8727999999999999,0.689216,0.689216,7.28125,2,10.0,Eduardo Coudet,4-4-2 Diamond,78500000.0,28.056499284425364,180.63636363636363,177.0,0
611,A,2021-02-20,20:00,3451164.0,D,Real Madrid,418.0,10,2,5,11,2,0,1.7203,1.30987,1.30987,5.590909090909091,9,2.0,Zinédine Zidane,4-3-3 Attacking,435000000.0,28.351689378383423,182.0,616.0,0
612,D,2021-02-21,20:00,3451156.0,D,Villarreal,1050.0,3,2,0,12,2,0,0.0733999999999999,0.0679965,0.0679965,14.529411764705882,4,6.0,Unai Emery,4-4-2 double 6,172500000.0,28.730757264638168,183.8181818181818,130.0,0
613,H,2021-02-21,17:30,3451160.0,H,Granada,16795.0,8,5,2,14,3,1,0.2704999999999999,0.854609,0.854609,11.608695652173912,1,9.0,Diego Martínez,4-2-3-1,35300000.0,26.270673884636924,181.9090909090909,10.0,0
614,H,2021-02-21,15:15,3451163.0,H,Alaves,1108.0,7,2,3,16,2,0,0.1139,0.307378,0.307378,12.038461538461538,2,16.0,Abelardo,4-4-2 double 6,37200000.0,29.274842884699147,184.8181818181818,15.0,0
615,D,2021-02-21,13:00,3451158.0,H,Cadiz,2687.0,3,1,0,12,2,0,0.5912999999999999,1.32905,0.585776,22.15384615384616,1,14.0,Álvaro Cervera,4-1-4-1,18700000.0,29.604380561259408,179.0909090909091,0.0,0
616,A,2021-02-22,20:00,3451161.0,A,Sevilla,368.0,10,5,5,15,2,0,1.8879,1.05344,1.05344,7.958333333333333,4,3.0,Julen Lopetegui,4-3-3 Attacking,220500000.0,28.302159168688945,181.9090909090909,273.0,0
617,H,2021-02-24,18:00,3431906.0,D,Elche,1531.0,6,1,3,8,0,0,0.1059,0.351113,0.351113,31.133333333333333,3,20.0,Fran Escribá,3-4-2-1,20900000.0,28.29668346711468,181.8181818181818,48.0,0
618,D,2021-02-26,20:00,3451180.0,H,Athletic Club,621.0,11,5,10,13,1,1,2.172,1.99686,1.25358,12.85,8,11.0,Marcelino,4-4-2 double 6,147700000.0,27.541534440918426,181.0,114.0,0
619,D,2021-02-27,13:00,3451177.0,D,SD Huesca,5358.0,4,1,2,11,2,0,0.3818,0.480747,0.480747,22.363636363636363,2,20.0,Pacheta,3-4-3,31100000.0,26.28212307883766,181.45454545454547,22.0,0
620,A,2021-02-27,15:15,3451182.0,A,Barcelona,131.0,9,5,3,9,2,0,2.7444,1.58696,1.58696,10.607142857142858,12,3.0,Ronald Koeman,3-4-1-2,462000000.0,26.799825773131726,180.54545454545453,697.0,0
621,A,2021-02-27,17:30,3451174.0,D,Osasuna,331.0,6,3,2,20,4,0,1.9401,0.994243,0.994243,7.36,1,12.0,Jagoba Arrasate,4-4-2 double 6,49500000.0,29.035903179640346,183.36363636363637,45.0,0
622,H,2021-02-27,20:00,3451178.0,H,Valencia,1049.0,5,0,6,12,2,1,0.5974999999999999,0.173822,0.173822,7.363636363636363,3,14.0,Javi Gracia,4-4-2,173500000.0,25.063281687511665,182.0909090909091,280.0,0
623,D,2021-02-28,13:00,3451175.0,D,Real Valladolid,366.0,7,3,5,20,5,0,1.2451,0.762391,0.762391,9.548387096774194,2,18.0,Sergio,4-4-2 double 6,33700000.0,29.456536618754274,179.8181818181818,51.0,0
624,A,2021-02-28,15:15,3451176.0,D,Real Betis,150.0,9,4,7,13,2,0,1.736,0.596164,0.596164,5.033333333333333,6,6.0,Manuel Pellegrini,4-2-3-1,107800000.0,27.231908406446394,180.63636363636363,384.0,0
625,H,2021-02-28,17:30,3451179.0,D,Elche,1531.0,12,4,5,12,2,0,1.2086,1.28521,1.28521,5.260869565217392,6,19.0,Fran Escribá,4-4-2 double 6,24100000.0,28.709352249393316,184.27272727272728,45.0,0
626,A,2021-02-28,20:00,3451183.0,A,Atletico Madrid,13.0,6,5,2,19,3,0,0.4790999999999999,0.839764,0.839764,7.743589743589744,4,1.0,Diego Simeone,3-1-4-2,438000000.0,28.34322693049592,181.63636363636363,475.0,0
627,D,2021-03-01,20:00,3451181.0,D,Real Sociedad,681.0,6,2,4,10,1,0,0.7996999999999999,1.21953,1.21953,16.5,6,5.0,Imanol Alguacil,4-2-3-1,218000000.0,26.24453985439612,180.27272727272728,168.0,0
628,H,2021-03-05,20:00,3451201.0,A,Villarreal,1050.0,10,5,3,10,3,0,1.4318,1.84626,1.10299,15.294117647058824,5,7.0,Unai Emery,4-4-2 double 6,181500000.0,27.910895401655157,182.45454545454547,239.0,0
629,A,2021-03-06,20:00,3451197.0,A,Barcelona,131.0,13,6,4,12,2,0,1.8105,1.30761,1.30761,10.652173913043478,10,2.0,Ronald Koeman,3-4-1-2,470000000.0,26.76174475763798,179.27272727272728,807.0,0
630,H,2021-03-06,17:30,3451194.0,H,Eibar,1533.0,16,1,12,11,2,0,1.3329,1.6003,0.857021,5.352941176470588,6,19.0,José Luis Mendilibar,4-4-2 double 6,52000000.0,29.256175720241426,181.1818181818182,26.0,0
631,H,2021-03-06,15:15,3451195.0,D,Sevilla,368.0,11,3,3,11,0,0,1.2542,0.964034,0.964034,5.32,4,4.0,Julen Lopetegui,4-3-3 Attacking,112000000.0,30.178582539978844,180.63636363636363,353.0,0
632,H,2021-03-06,13:00,3451200.0,H,Getafe,3709.0,9,2,6,19,2,1,0.9633,0.971736,0.971736,3.8125,7,15.0,Pepe Bordalás,4-4-2,109300000.0,27.53605873934416,183.54545454545453,253.0,0
633,A,2021-03-07,13:00,3451196.0,D,Celta Vigo,940.0,10,7,3,21,2,0,0.1222999999999999,0.655624,0.655624,5.894736842105263,3,8.0,Eduardo Coudet,4-4-2 Diamond,86500000.0,27.279198556405948,178.0909090909091,60.0,0
634,D,2021-03-07,15:15,3451193.0,H,Real Madrid,418.0,18,8,6,9,1,0,1.2991,1.88411,1.88411,12.4,6,3.0,Zinédine Zidane,4-3-3 Attacking,455000000.0,28.858440669528967,182.27272727272728,700.0,0
635,H,2021-03-07,17:30,3451199.0,H,Levante,3368.0,6,1,5,14,2,0,0.0054,0.186229,0.186229,15.916666666666666,2,11.0,Paco López,3-5-2,40200000.0,28.70885445834111,180.63636363636363,89.0,0
636,H,2021-03-07,20:00,3451192.0,H,Granada,16795.0,13,3,9,10,2,0,1.4765,1.45524,1.45524,8.962962962962964,3,9.0,Diego Martínez,4-2-3-1,54900000.0,28.95102980523925,183.45454545454547,49.0,0
637,H,2021-03-08,20:00,3451198.0,A,Alaves,1108.0,4,3,1,11,3,0,0.4765,0.798216,0.798216,19.047619047619047,0,18.0,Abelardo,4-4-2 double 6,44500000.0,29.064526165142183,183.0,65.0,0
638,H,2021-03-10,18:00,3451080.0,D,Athletic Club,621.0,4,2,4,13,2,0,0.6075999999999999,0.701495,0.701495,13.08695652173913,4,12.0,Marcelino,4-4-2,158000000.0,27.77674071308568,181.45454545454547,87.0,0
639,H,2021-03-12,20:00,3451210.0,H,Valencia,1049.0,11,2,3,13,4,0,0.9436,0.493596,0.493596,6.090909090909091,5,12.0,Javi Gracia,3-4-2-1,90700000.0,26.14299047974613,179.27272727272728,224.0,0
640,D,2021-03-13,13:00,3451204.0,H,Cadiz,2687.0,9,1,5,6,3,0,1.5706,1.74684,1.00356,12.5625,2,14.0,Álvaro Cervera,4-1-4-1,23200000.0,30.066579553232533,183.0,5.0,0
641,H,2021-03-13,15:15,3451212.0,D,Elche,1531.0,3,2,1,16,1,0,0.5764,0.726991,0.726991,15.31578947368421,2,17.0,Fran Escribá,4-4-2 double 6,24100000.0,28.74494430962603,184.27272727272728,45.0,0
642,D,2021-03-13,17:30,3451211.0,D,Real Valladolid,366.0,12,2,3,9,3,0,1.7445,0.891,0.891,7.523809523809524,8,16.0,Sergio,4-4-2,33900000.0,29.33134216912451,180.63636363636363,92.0,0
643,D,2021-03-13,20:00,3451208.0,D,Atletico Madrid,13.0,15,7,11,17,4,0,2.4557,1.81829,1.81829,2.3684210526315788,12,1.0,Diego Simeone,4-1-4-1,505000000.0,28.180200360898514,181.36363636363637,679.0,0
644,D,2021-03-14,13:00,3451206.0,D,Athletic Club,621.0,6,1,3,13,1,0,0.8762000000000001,0.725139,0.725139,12.185185185185183,3,11.0,Marcelino,4-4-2,111200000.0,27.0365254184556,180.8181818181818,61.0,0
645,H,2021-03-14,15:15,3451209.0,D,Real Sociedad,681.0,7,1,6,16,3,0,1.1603,0.306083,0.306083,3.147058823529412,6,5.0,Imanol Alguacil,4-3-3 Attacking,238000000.0,25.895339431273722,182.27272727272728,197.0,0
646,A,2021-03-14,17:30,3451207.0,A,Villarreal,1050.0,13,8,2,9,2,1,2.4256,2.84919,2.84919,12.545454545454543,8,7.0,Unai Emery,4-4-2 double 6,103800000.0,29.56331279945243,181.36363636363637,177.0,0
647,H,2021-03-14,20:00,3451213.0,H,Real Betis,150.0,13,3,6,14,5,0,1.14,0.662923,0.662923,10.612903225806452,4,6.0,Manuel Pellegrini,4-4-1-1,120300000.0,27.983323999751107,181.36363636363637,382.0,0
648,H,2021-03-15,20:00,3451205.0,H,SD Huesca,5358.0,8,4,3,13,2,0,1.9364,2.19819,1.45491,20.8,1,20.0,Pacheta,5-3-2,30400000.0,27.436500528902993,181.54545454545453,22.0,0
649,H,2021-03-17,18:00,3431922.0,H,Elche,1531.0,11,5,1,8,1,0,0.4036,0.612799,0.612799,34.0,0,20.0,Fran Escribá,4-4-2 double 6,22300000.0,28.502520067201793,182.8181818181818,9.0,0
650,H,2021-03-19,20:00,3451378.0,D,Levante,3368.0,7,1,1,10,0,0,0.1892,0.568605,0.568605,14.666666666666666,4,10.0,Paco López,4-4-2 double 6,65400000.0,28.116732001742267,179.1818181818182,93.0,0
651,D,2021-03-20,13:00,3451373.0,D,Eibar,1533.0,4,2,1,15,1,0,0.4803,0.532399,0.532399,12.727272727272728,0,19.0,José Luis Mendilibar,4-2-3-1,51600000.0,27.861614087486775,179.0909090909091,46.0,0
652,A,2021-03-20,15:15,3451375.0,A,Real Madrid,418.0,16,4,7,13,4,0,2.7631,2.79574,2.79574,11.038461538461538,5,3.0,Zinédine Zidane,4-3-1-2,460000000.0,28.711841204654345,182.45454545454547,745.0,0
653,D,2021-03-20,17:30,3451377.0,D,Osasuna,331.0,7,2,1,13,2,0,1.2077,0.734886,0.734886,7.931034482758621,4,13.0,Jagoba Arrasate,4-3-3 Attacking,32000000.0,27.1213987928567,183.27272727272728,13.0,0
654,D,2021-03-20,20:00,3451380.0,H,Sevilla,368.0,12,4,8,10,1,0,1.5809000000000002,1.11252,1.11252,6.5,10,4.0,Julen Lopetegui,4-3-3 Attacking,245500000.0,28.05226806048161,181.36363636363637,387.0,0
655,A,2021-03-21,20:00,3451379.0,A,Barcelona,131.0,14,10,1,12,2,0,2.7787,3.3338,3.3338,6.741935483870968,15,2.0,Ronald Koeman,3-4-2-1,504000000.0,26.484724037085435,178.9090909090909,834.0,0
656,H,2021-03-21,17:30,3451374.0,D,Alaves,1108.0,9,3,5,12,3,0,1.8507,1.1132,0.369921,15.578947368421051,2,18.0,Abelardo,4-1-4-1,46500000.0,28.692178458092215,182.63636363636363,65.0,0
657,H,2021-03-21,15:15,3451382.0,H,Cadiz,2687.0,9,3,6,6,3,0,0.2309999999999999,0.90665,0.90665,17.533333333333335,3,15.0,Álvaro Cervera,4-4-2 double 6,25800000.0,29.85551614709726,180.45454545454547,5.0,0
658,H,2021-03-21,15:15,3451381.0,H,Granada,16795.0,15,3,4,11,3,0,0.9848,0.924202,0.924202,10.35,5,8.0,Diego Martínez,4-2-3-1,58400000.0,27.948229730570596,183.0909090909091,49.0,0
659,D,2021-03-21,13:00,3451376.0,A,Elche,1531.0,6,2,8,21,7,0,0.9341,1.38712,1.38712,4.05,1,17.0,Fran Escribá,4-2-3-1,22300000.0,28.100304897019477,183.1818181818182,50.0,0
660,A,2021-04-02,20:00,3451388.0,A,SD Huesca,5358.0,6,2,2,7,2,0,1.7333999999999998,0.857773,0.857773,27.454545454545453,2,18.0,Pacheta,3-5-2 flat,28000000.0,28.55802376952274,180.8181818181818,28.0,0
661,A,2021-04-03,13:00,3451387.0,A,Villarreal,1050.0,15,6,5,14,2,0,2.7253,3.49755,2.011,7.3478260869565215,11,7.0,Unai Emery,4-4-2 double 6,143300000.0,30.392383796901253,183.1818181818182,157.0,0
662,H,2021-04-03,15:15,3451390.0,H,Eibar,1533.0,10,4,9,8,2,0,0.2712,0.299961,0.299961,13.89655172413793,5,20.0,José Luis Mendilibar,4-1-4-1,46200000.0,28.561508306888186,180.27272727272728,43.0,0
663,D,2021-04-03,17:30,3451389.0,D,Getafe,3709.0,6,2,4,18,3,0,1.3163,0.316201,0.316201,5.4375,1,15.0,Pepe Bordalás,4-2-3-1,104550000.0,27.205525480679487,183.45454545454547,182.0,0
664,H,2021-04-04,20:00,3451392.0,D,Atletico Madrid,13.0,9,4,2,11,4,0,0.3399,0.551951,0.551951,23.166666666666668,3,1.0,Diego Simeone,3-4-2-1,455000000.0,27.91114429718126,180.9090909090909,541.0,0
665,H,2021-04-04,17:30,3451385.0,D,Valencia,1049.0,12,6,13,7,2,0,1.1502,0.858442,0.858442,6.411764705882353,9,12.0,Javi Gracia,4-4-2,157500000.0,26.60792732250638,180.9090909090909,155.0,0
666,D,2021-04-04,15:15,3451386.0,D,Real Betis,150.0,13,3,2,15,4,0,2.2761000000000005,1.90364,1.16036,7.1875,7,6.0,Manuel Pellegrini,4-2-3-1,132200000.0,28.79248335511169,181.9090909090909,278.0,0
667,A,2021-04-04,13:00,3451383.0,A,Celta Vigo,940.0,8,6,2,21,5,1,1.9629,2.58943,2.58943,6.925925925925926,5,8.0,Eduardo Coudet,4-4-2 double 6,96500000.0,27.49797772385041,179.45454545454547,149.0,0
668,H,2021-04-05,20:00,3451384.0,D,Real Valladolid,366.0,7,2,1,13,3,1,0.4508,0.435921,0.435921,18.714285714285715,5,16.0,Sergio,3-5-2,27800000.0,29.164084375583347,180.45454545454547,32.0,0
669,D,2021-04-07,20:00,3451391.0,D,Athletic Club,621.0,11,2,6,7,1,0,1.6341,0.990446,0.990446,11.833333333333334,4,9.0,Marcelino,4-4-2,136500000.0,28.17497355485035,180.63636363636363,113.0,0
670,H,2021-04-09,20:00,3451397.0,H,Elche,1531.0,8,2,6,13,2,0,1.0813,0.880685,0.880685,6.086956521739131,2,18.0,Fran Escribá,4-4-2,23400000.0,28.69765415966648,183.63636363636363,45.0,0
671,A,2021-04-10,13:00,3451396.0,D,Cadiz,2687.0,8,3,4,13,2,0,0.1694,0.640397,0.640397,11.214285714285714,1,12.0,Álvaro Cervera,4-4-2 double 6,23600000.0,30.076037583224444,180.1818181818182,5.0,0
672,D,2021-04-10,15:15,3451393.0,D,Alaves,1108.0,9,0,6,15,2,0,0.3157999999999999,0.448906,0.448906,12.5625,1,19.0,Javier Calleja,4-4-2 double 6,43100000.0,29.332088855702818,182.9090909090909,17.0,0
673,A,2021-04-10,17:30,3451395.0,A,Levante,3368.0,6,1,3,7,2,0,1.1704,0.309936,0.309936,16.857142857142858,3,9.0,Paco López,4-4-2 double 6,54800000.0,29.279323004169,179.8181818181818,95.0,0
674,H,2021-04-10,20:00,3451399.0,H,Barcelona,131.0,18,4,6,10,4,0,0.9852,1.15567,1.15567,7.681818181818182,19,3.0,Ronald Koeman,3-4-2-1,459000000.0,25.815692862920788,180.36363636363637,724.0,0
675,D,2021-04-11,20:00,3451398.0,D,Atletico Madrid,13.0,10,4,5,13,0,0,2.0279000000000003,1.34136,1.34136,13.8,10,1.0,Diego Simeone,3-5-2 flat,487000000.0,27.531329724348208,181.1818181818182,670.0,0
676,A,2021-04-11,17:30,3451400.0,H,Granada,16795.0,12,6,4,15,2,0,1.3458,1.22464,1.22464,10.652173913043478,11,8.0,Diego Martínez,4-2-3-1,43900000.0,29.46599464874619,183.0,56.0,0
677,A,2021-04-11,13:00,3451402.0,D,Osasuna,331.0,12,4,5,12,0,0,1.1385,1.29078,1.29078,12.681818181818182,3,14.0,Jagoba Arrasate,4-2-3-1,49300000.0,26.985501835604506,182.72727272727272,48.0,0
678,D,2021-04-11,15:15,3451401.0,A,Real Sociedad,681.0,16,5,5,17,4,0,0.5118,1.13047,1.13047,6.285714285714286,6,5.0,Imanol Alguacil,4-4-2 double 6,205500000.0,25.494119843195815,182.27272727272728,141.0,0
679,A,2021-04-12,20:00,3451394.0,H,Sevilla,368.0,13,6,2,15,2,0,1.0043,1.59713,1.59713,8.590909090909092,3,4.0,Julen Lopetegui,4-3-3 Attacking,275000000.0,28.813141683778234,181.54545454545453,471.0,0
680,D,2021-04-18,17:30,3451427.0,D,Celta Vigo,940.0,11,4,7,13,1,0,1.3619,0.436078,0.436078,7.583333333333333,7,10.0,Eduardo Coudet,4-4-2 double 6,84500000.0,28.338000124447763,180.27272727272728,199.0,0
681,A,2021-04-18,20:00,3451429.0,A,Villarreal,1050.0,14,7,5,7,1,0,2.1346,1.87811,1.87811,10.521739130434783,8,7.0,Unai Emery,4-4-2 double 6,167800000.0,28.095326986497415,181.8181818181818,189.0,0
682,D,2021-04-18,20:00,3451428.0,D,Real Madrid,418.0,10,2,6,8,1,0,0.3039,0.618079,0.618079,13.0,3,2.0,Zinédine Zidane,4-2-3-1,265900000.0,26.378943438491692,180.0,515.0,0
683,D,2021-04-18,17:30,3451431.0,H,Valencia,1049.0,9,3,3,10,1,0,2.2937,1.61735,0.874075,11.08695652173913,5,14.0,Javi Gracia,4-4-2,152000000.0,26.53649430651484,180.63636363636363,158.0,0
684,H,2021-04-18,15:15,3451423.0,D,SD Huesca,5358.0,9,1,3,13,2,0,1.8424,0.747867,0.747867,13.294117647058824,3,19.0,Pacheta,3-5-2 flat,26100000.0,29.159106465061292,180.8181818181818,40.0,0
685,A,2021-04-18,13:00,3451432.0,A,Sevilla,368.0,15,7,3,15,2,0,2.9647,3.65426,3.65426,6.352941176470588,4,4.0,Julen Lopetegui,4-3-3 Attacking,274000000.0,28.835542281127495,180.0,365.0,0
686,H,2021-04-18,13:00,3451430.0,H,Elche,1531.0,8,2,5,15,1,0,1.5042,0.699627,0.699627,8.136363636363637,2,18.0,Fran Escribá,4-4-2,24800000.0,27.956194387405887,183.72727272727272,53.0,0
687,H,2021-04-18,15:15,3451425.0,H,Eibar,1533.0,0,0,3,10,1,0,0.0113,0.0,0.0,18.5,1,20.0,José Luis Mendilibar,4-1-4-1,26950000.0,27.444714081264394,181.54545454545453,31.0,0
688,A,2021-04-21,18:00,3451409.0,D,Sevilla,368.0,10,3,3,13,1,0,2.8049000000000004,2.05149,2.05149,7.0,4,4.0,Julen Lopetegui,4-3-3 Attacking,274000000.0,28.843755833488895,180.0,365.0,0
689,H,2021-04-21,18:00,3451410.0,H,Valencia,1049.0,10,5,6,11,2,0,0.1543,1.20337,1.20337,9.666666666666666,2,14.0,Javi Gracia,4-4-2,129100000.0,26.737601891606,181.72727272727272,177.0,0
690,D,2021-04-21,19:00,3451411.0,D,Athletic Club,621.0,16,4,4,16,2,0,1.9162,0.845575,0.845575,5.633333333333334,10,9.0,Marcelino,4-4-1-1,79700000.0,25.69224068197374,182.72727272727272,71.0,0
691,H,2021-04-21,20:00,3451403.0,H,Villarreal,1050.0,10,5,8,11,1,0,1.3756,1.45071,1.45071,5.21875,12,7.0,Unai Emery,4-4-2 double 6,126500000.0,29.364943065148406,182.36363636363637,172.0,0
692,D,2021-04-21,20:00,3451407.0,H,Real Valladolid,366.0,12,4,6,11,3,0,1.3344,1.30359,1.30359,12.666666666666666,1,16.0,Sergio,4-4-2,28100000.0,29.561819426295813,180.0,33.0,0
693,A,2021-04-21,21:00,3451406.0,A,Real Madrid,418.0,14,4,3,21,3,0,2.6609000000000003,3.52537,2.7821,6.636363636363637,9,2.0,Zinédine Zidane,3-4-3,368200000.0,26.730383921349013,182.0909090909091,537.0,0
694,H,2021-04-22,21:00,3451405.0,H,Getafe,3709.0,5,1,1,15,0,0,0.7384000000000001,1.39543,0.652156,20.066666666666663,2,15.0,Pepe Bordalás,4-3-3 Attacking,100350000.0,26.915811088295687,181.1818181818182,224.0,0
695,H,2021-04-22,18:00,3451404.0,H,SD Huesca,5358.0,5,2,1,11,0,0,0.7058,1.40665,1.40665,15.625,5,17.0,Pacheta,3-5-2,24700000.0,27.33196440793977,183.0,23.0,0
696,H,2021-04-22,20:00,3451408.0,H,Eibar,1533.0,16,3,7,10,1,0,1.02,1.34566,1.34566,6.294117647058823,2,20.0,José Luis Mendilibar,4-3-3 Attacking,45200000.0,28.064215045734553,181.45454545454547,35.0,0
697,H,2021-04-22,20:00,3451412.0,H,Celta Vigo,940.0,10,3,4,17,5,0,0.203,0.504303,0.504303,5.111111111111111,6,12.0,Eduardo Coudet,4-4-2 double 6,97500000.0,27.918611162964343,180.0909090909091,199.0,0
698,D,2021-04-24,20:00,3451418.0,D,Real Betis,150.0,6,2,2,13,2,0,1.3012,0.898058,0.898058,18.4,4,6.0,Manuel Pellegrini,4-2-3-1,102200000.0,29.45504324559766,180.36363636363637,389.0,0
699,D,2021-04-24,17:30,3451421.0,D,Alaves,1108.0,6,2,2,16,0,1,1.1871,0.893913,0.893913,15.5,2,18.0,Javier Calleja,4-4-2 double 6,45500000.0,30.42797585713397,183.8181818181818,17.0,0
700,D,2021-04-24,15:15,3451419.0,H,Cadiz,2687.0,6,2,7,20,3,0,0.3295,1.55697,1.55697,11.090909090909092,3,13.0,Álvaro Cervera,4-4-2,17500000.0,29.425673573517518,181.63636363636363,74.0,0
701,H,2021-04-24,13:00,3451416.0,H,Levante,3368.0,6,1,2,14,4,0,0.9873,0.236951,0.236951,5.0,4,11.0,Paco López,4-4-2 double 6,66200000.0,28.943065148403956,179.1818181818182,85.0,0
702,A,2021-04-25,13:00,3451417.0,A,Getafe,3709.0,6,4,0,22,4,0,1.5898,0.711933,0.711933,8.216216216216216,4,15.0,Pepe Bordalás,4-4-2,112000000.0,28.123949971999252,182.9090909090909,273.0,0
703,A,2021-04-25,15:15,3451422.0,A,Barcelona,131.0,15,5,1,10,3,0,2.733,3.38056,3.38056,9.846153846153848,16,1.0,Ronald Koeman,3-5-2 flat,464000000.0,27.515151515151516,180.36363636363637,776.0,0
704,H,2021-04-25,17:30,3451414.0,H,Osasuna,331.0,12,3,8,12,4,0,2.133,1.41709,0.673809,7.956521739130435,2,12.0,Jagoba Arrasate,4-1-4-1,40200000.0,28.782527534067572,182.0909090909091,42.0,0
705,H,2021-04-25,17:30,3451420.0,H,Granada,16795.0,4,2,5,14,3,0,0.9375,0.902764,0.159487,9.0,4,8.0,Diego Martínez,5-4-1,70800000.0,27.403895214983507,184.0,61.0,0
706,H,2021-04-25,20:00,3451413.0,H,Atletico Madrid,13.0,14,3,11,7,2,0,0.7716000000000001,0.745334,0.745334,6.68,14,3.0,Diego Simeone,4-1-4-1,442000000.0,28.26532263082571,180.9090909090909,556.0,0
707,A,2021-04-26,20:00,3451415.0,A,Real Sociedad,681.0,5,2,3,20,1,0,1.3273,0.706358,0.706358,8.346153846153847,1,5.0,Imanol Alguacil,4-2-3-1,246000000.0,24.946300790243296,180.72727272727272,169.0,0
708,D,2021-04-28,18:00,3451424.0,H,Real Valladolid,366.0,14,4,7,13,1,0,0.5005000000000001,0.640604,0.640604,12.055555555555555,5,17.0,Sergio,4-4-2,29500000.0,28.485097380374587,180.0,86.0,0
709,A,2021-04-29,18:00,3451426.0,H,Granada,16795.0,6,2,1,22,4,0,0.8581000000000001,0.811246,0.811246,14.173913043478262,1,8.0,Diego Martínez,3-4-2-1,51900000.0,27.992782029743015,181.72727272727272,109.0,0
710,H,2021-04-30,20:00,3451433.0,D,Levante,3368.0,10,2,5,13,2,0,0.4095,0.976661,0.976661,10.238095238095235,2,13.0,Paco López,3-5-2 flat,61700000.0,27.221952585402278,181.1818181818182,82.0,0
711,H,2021-05-01,13:00,3451434.0,H,Alaves,1108.0,6,2,5,12,2,0,0.2276,0.154274,0.154274,6.8125,3,16.0,Javier Calleja,4-4-2,41500000.0,30.447140812643894,183.8181818181818,17.0,0
712,A,2021-05-01,15:15,3451435.0,A,Atletico Madrid,13.0,11,4,2,16,3,0,0.9599,1.01516,1.01516,9.846153846153848,9,1.0,Diego Simeone,3-1-4-2,425000000.0,28.12519444962977,181.27272727272728,638.0,0
713,H,2021-05-01,17:30,3451437.0,D,Real Sociedad,681.0,7,3,7,11,2,0,1.0594,0.298366,0.298366,8.166666666666666,6,5.0,Imanol Alguacil,4-3-3 Attacking,238000000.0,25.859747371041006,181.63636363636363,180.0,0
714,H,2021-05-01,20:00,3451438.0,D,Osasuna,331.0,3,2,0,12,2,0,0.2171,0.0721582,0.0721582,20.83333333333333,4,11.0,Jagoba Arrasate,4-1-4-1,61900000.0,26.58726899383984,181.0909090909091,21.0,0
715,A,2021-05-02,20:00,3451441.0,D,Barcelona,131.0,14,7,1,14,1,0,2.8493000000000004,3.98456,3.24129,9.565217391304348,21,3.0,Ronald Koeman,3-5-2 flat,479000000.0,27.550992470910334,181.0909090909091,799.0,0
716,A,2021-05-02,17:30,3451436.0,A,Cadiz,2687.0,8,4,5,10,2,0,1.986,1.60276,1.60276,10.833333333333334,4,12.0,Álvaro Cervera,4-4-2,21900000.0,29.651919606745068,181.36363636363637,5.0,0
717,D,2021-05-02,13:00,3451439.0,D,Real Betis,150.0,11,4,2,14,5,0,2.2992,1.88115,1.88115,8.0,10,7.0,Manuel Pellegrini,4-2-3-1,123700000.0,28.77008275776243,180.45454545454547,381.0,0
718,H,2021-05-02,15:15,3451442.0,D,Getafe,3709.0,15,3,4,17,2,0,1.5485,0.487189,0.487189,10.235294117647058,6,15.0,Pepe Bordalás,4-4-2,108250000.0,27.22070810777176,182.72727272727272,255.0,0
719,A,2021-05-03,20:00,3451440.0,D,Athletic Club,621.0,8,2,2,15,0,0,1.2277,0.6882,0.6882,21.5,4,8.0,Marcelino,4-4-2,97200000.0,26.821977474954885,182.54545454545453,67.0,0
720,H,2021-05-07,20:00,3451450.0,D,Elche,1531.0,1,0,0,10,3,1,0.0705,0.0778732,0.0778732,22.214285714285715,0,19.0,Fran Escribá,4-4-2,21200000.0,29.003048970194758,183.9090909090909,7.0,0
721,D,2021-05-08,13:00,3451443.0,A,Levante,3368.0,6,3,3,18,1,0,1.0723,0.987587,0.987587,10.947368421052632,5,14.0,Paco López,4-4-2 double 6,40400000.0,27.144794972310375,180.54545454545453,9.0,0
722,D,2021-05-08,15:15,3451445.0,D,Atletico Madrid,13.0,11,6,7,26,3,0,1.1643,0.685355,0.685355,10.612903225806452,6,1.0,Diego Simeone,3-5-2 flat,422000000.0,28.76137141434883,180.63636363636363,588.0,0
723,H,2021-05-08,17:30,3451446.0,H,SD Huesca,5358.0,13,5,3,13,0,0,0.7331,0.43525,0.43525,4.538461538461538,4,18.0,Pacheta,3-5-2 flat,38700000.0,28.238441914006593,181.0,61.0,0
724,D,2021-05-08,20:00,3451444.0,D,Osasuna,331.0,13,4,4,10,2,0,1.4982,1.55726,1.55726,10.944444444444445,8,12.0,Jagoba Arrasate,4-1-4-1,46700000.0,28.096073673075725,184.54545454545453,44.0,0
725,A,2021-05-09,13:00,3451447.0,D,Eibar,1533.0,7,3,2,11,2,0,1.6764,1.06817,0.324888,5.642857142857143,6,20.0,José Luis Mendilibar,4-4-2,54900000.0,28.8786012071433,182.1818181818182,25.0,0
726,H,2021-05-09,15:15,3451451.0,H,Real Valladolid,366.0,19,2,9,6,0,0,0.8485,0.754813,0.754813,11.904761904761903,5,17.0,Sergio,4-3-3 Attacking,33500000.0,28.212805674817993,179.9090909090909,109.0,0
727,A,2021-05-09,17:30,3451452.0,A,Celta Vigo,940.0,11,6,3,16,3,1,0.9737,1.98001,0.493451,10.807692307692308,2,8.0,Eduardo Coudet,4-4-2 double 6,79000000.0,26.450874245535434,178.9090909090909,88.0,0
728,D,2021-05-09,20:00,3451449.0,A,Sevilla,368.0,7,3,3,8,2,0,1.4175999999999995,1.07261,0.329334,23.0,1,4.0,Julen Lopetegui,4-3-3 Attacking,254000000.0,29.73181507062411,179.63636363636363,379.0,0
729,H,2021-05-10,20:00,3451448.0,H,Granada,16795.0,11,5,2,11,4,0,1.5477,2.08496,2.08496,11.85,4,10.0,Diego Martínez,4-2-3-1,64400000.0,28.65758197996391,182.72727272727272,109.0,0
730,H,2021-05-11,18:00,3451460.0,H,Cadiz,2687.0,10,4,5,12,2,0,0.8956999999999999,1.54692,0.803772,15.11111111111111,0,12.0,Álvaro Cervera,4-4-2,17200000.0,28.731503951216474,183.27272727272728,69.0,0
731,A,2021-05-11,19:00,3451456.0,A,Alaves,1108.0,9,2,5,15,4,0,2.0328,1.66141,1.66141,15.473684210526317,2,15.0,Javier Calleja,4-3-3 Attacking,42200000.0,29.810466056872624,183.1818181818182,24.0,0
732,D,2021-05-11,21:00,3451459.0,A,Barcelona,131.0,17,5,6,4,2,0,2.4627000000000003,3.0801,3.0801,13.352941176470589,10,3.0,Ronald Koeman,3-5-2 flat,499000000.0,27.891232655093027,181.54545454545453,820.0,0
733,H,2021-05-12,21:00,3451453.0,H,Real Sociedad,681.0,14,7,7,15,0,0,1.1969,1.53283,1.53283,7.444444444444445,9,5.0,Imanol Alguacil,4-2-3-1,211300000.0,25.631261278078526,180.54545454545453,143.0,0
734,H,2021-05-12,19:00,3451458.0,D,Athletic Club,621.0,4,3,0,14,1,0,0.4315,0.401551,0.401551,7.419354838709677,0,9.0,Marcelino,4-4-2 double 6,91400000.0,26.900130670151203,182.63636363636363,86.0,0
735,H,2021-05-12,19:00,3451454.0,H,Getafe,3709.0,13,4,5,18,3,0,2.2136,1.14081,1.14081,8.324324324324325,6,16.0,Pepe Bordalás,4-4-2,101550000.0,26.962105656150833,182.1818181818182,245.0,0
736,H,2021-05-12,18:00,3451462.0,D,Valencia,1049.0,6,2,5,6,2,0,0.7467,0.343195,0.343195,21.8,5,14.0,Voro,5-4-1 Diamond,148000000.0,24.955261029183,181.1818181818182,144.0,0
737,A,2021-05-13,18:00,3451461.0,D,Villarreal,1050.0,9,3,6,14,1,0,0.6686000000000001,0.600771,0.600771,6.545454545454546,9,7.0,Unai Emery,4-4-2,179500000.0,29.542405575259785,182.27272727272728,108.0,0
738,D,2021-05-13,19:00,3451455.0,A,Real Betis,150.0,9,4,4,8,1,0,0.8728,0.605825,0.605825,16.75,2,6.0,Manuel Pellegrini,4-2-3-1,118200000.0,29.04411673200174,179.1818181818182,301.0,0
739,A,2021-05-13,21:00,3451457.0,A,Real Madrid,418.0,16,7,3,9,3,0,1.1134,1.39286,1.39286,11.8125,6,2.0,Zinédine Zidane,4-3-3 Attacking,360500000.0,26.051396926140253,181.54545454545453,711.0,0
740,H,2021-05-16,17:30,3451472.0,H,Sevilla,368.0,17,5,6,7,3,1,2.0404,2.51965,2.51965,15.11111111111111,7,4.0,Julen Lopetegui,4-2-3-1,234000000.0,30.101673822413044,179.9090909090909,418.0,0
741,H,2021-05-16,17:30,3451471.0,H,Eibar,1533.0,20,8,10,7,0,0,2.3202,2.68303,2.68303,15.11111111111111,6,20.0,José Luis Mendilibar,4-4-2,29500000.0,28.874369983199554,181.63636363636363,52.0,0
742,H,2021-05-16,17:30,3451470.0,H,Real Valladolid,366.0,19,5,4,11,4,1,0.8362,1.04641,1.04641,26.071428571428573,7,19.0,Sergio,4-4-2,28300000.0,27.018356045050094,180.54545454545453,44.0,0
743,H,2021-05-16,17:30,3451468.0,D,Levante,3368.0,5,1,4,11,0,0,1.0009,0.441218,0.441218,7.545454545454546,4,14.0,Paco López,4-4-2,48000000.0,26.86055628150084,180.36363636363637,9.0,0
744,A,2021-05-16,17:30,3451467.0,H,Elche,1531.0,20,5,8,15,4,0,2.5174,2.83914,2.83914,8.588235294117647,6,18.0,Fran Escribá,3-4-1-2,20900000.0,29.334080019911642,181.54545454545453,2.0,0
745,H,2021-05-16,17:30,3451469.0,D,SD Huesca,5358.0,7,0,5,19,5,1,0.3992,0.249221,0.249221,8.142857142857142,1,17.0,Pacheta,3-1-4-2,41800000.0,27.72870387654782,180.45454545454547,61.0,0
746,A,2021-05-16,17:30,3451466.0,D,Celta Vigo,940.0,4,4,1,14,2,0,0.3548,0.631271,0.631271,12.333333333333334,4,8.0,Eduardo Coudet,4-4-2 double 6,79800000.0,26.71296123452181,178.9090909090909,105.0,0
747,H,2021-05-16,17:30,3451465.0,D,Osasuna,331.0,5,2,0,13,2,0,0.1747,0.673558,0.673558,20.11764705882353,1,11.0,Jagoba Arrasate,5-4-1,50800000.0,27.736917428909216,182.8181818181818,42.0,0
748,A,2021-05-16,17:30,3451464.0,D,Real Madrid,418.0,11,2,11,7,2,0,1.8332,1.21866,1.21866,10.944444444444445,6,2.0,Zinédine Zidane,4-3-3 Attacking,370000000.0,26.4735237384108,181.45454545454547,714.0,0
749,H,2021-05-16,17:30,3451463.0,H,Granada,16795.0,5,2,1,11,4,0,0.2347,0.841672,0.841672,15.0,1,10.0,Diego Martínez,4-2-3-1,41100000.0,27.041752224503764,183.1818181818182,21.0,0
750,D,2021-05-21,20:00,3451478.0,A,Cadiz,2687.0,6,2,0,8,2,0,0.4911999999999999,0.424135,0.424135,22.2,0,12.0,Álvaro Cervera,4-3-3 Attacking,15400000.0,30.512600336008962,182.63636363636363,5.0,0
751,A,2021-05-22,17:00,3451481.0,H,Atletico Madrid,13.0,14,3,6,11,6,0,1.5683000000000002,1.2916,1.2916,9.409090909090908,10,1.0,Diego Simeone,4-3-3 Attacking,472000000.0,28.52168502271172,181.63636363636363,601.0,0
752,H,2021-05-22,17:00,3451480.0,A,Villarreal,1050.0,6,2,1,13,0,0,1.1375000000000002,0.614418,0.614418,15.421052631578949,4,7.0,Unai Emery,4-4-2 double 6,162300000.0,29.239997511044738,183.36363636363637,185.0,0
753,A,2021-05-22,17:00,3451479.0,D,Real Sociedad,681.0,11,1,3,7,0,0,2.6015,2.08092,2.08092,10.75,9,5.0,Imanol Alguacil,4-2-3-1,231000000.0,26.742330906601953,180.1818181818182,165.0,0
754,A,2021-05-22,17:00,3451474.0,D,Barcelona,131.0,7,3,3,15,3,0,0.3837,0.284589,0.284589,6.809523809523809,3,3.0,Ronald Koeman,3-4-3,340000000.0,24.74295314541721,183.27272727272728,528.0,0
755,H,2021-05-22,17:00,3451475.0,H,Athletic Club,621.0,8,2,1,6,0,0,0.4043,0.303264,0.303264,10.909090909090908,2,9.0,Marcelino,4-4-2 double 6,81200000.0,26.588513471470353,182.0,8.0,0
756,A,2021-05-22,17:00,3451473.0,H,Real Betis,150.0,11,5,4,20,7,1,2.1642,2.06863,1.32535,10.958333333333334,7,6.0,Manuel Pellegrini,4-2-3-1,107200000.0,28.05401032916433,180.27272727272728,287.0,0
757,D,2021-05-22,17:00,3451477.0,D,Valencia,1049.0,11,4,3,15,1,0,0.8085,0.421299,0.421299,12.75,1,13.0,Voro,5-4-1,156000000.0,24.641901561819427,181.8181818181818,208.0,0
758,D,2021-05-23,17:30,3451476.0,D,Getafe,3709.0,11,2,3,13,2,0,1.2656,0.46059,0.46059,4.230769230769231,1,15.0,Pepe Bordalás,4-4-1-1,96550000.0,26.523551739157487,182.36363636363637,276.0,0
759,H,2021-05-23,20:00,3451482.0,D,Alaves,1108.0,11,2,4,8,0,0,1.7629,0.785012,0.785012,22.764705882352946,2,16.0,Javier Calleja,4-3-3 Attacking,26900000.0,28.38728143861614,182.27272727272728,94.0,0
760,H,2021-08-13,20:00,3605045.0,H,Getafe,3709.0,22,4,9,15,3,1,0.9923,1.19326,1.19326,4.4375,12,17.0,Míchel,5-3-2,105000000.0,27.179889241490887,182.45454545454547,277.0,0
761,D,2021-08-14,18:30,3605042.0,A,Levante,3368.0,12,3,4,16,5,0,1.2308,0.915954,0.915954,7.285714285714286,3,8.0,Paco López,4-4-2 double 6,55300000.0,29.72857942878477,180.27272727272728,5.0,0
762,D,2021-08-14,18:30,3605041.0,H,Real Betis,150.0,10,1,3,18,3,0,1.5589,0.814085,0.814085,6.72,11,6.0,Manuel Pellegrini,4-2-3-1,84400000.0,27.307572646381683,180.72727272727272,67.0,0
763,A,2021-08-14,21:00,3605038.0,D,Real Madrid,418.0,19,7,4,10,2,0,1.9244,2.15551,2.15551,12.5,17,1.0,Carlo Ancelotti,4-3-3 Attacking,383000000.0,29.85999626656711,182.1818181818182,745.0,0
764,D,2021-08-14,21:00,3605043.0,D,Espanyol,714.0,10,3,6,12,3,0,1.2668,0.583698,0.583698,7.2,0,13.0,Vicente Moreno,4-2-3-1,39500000.0,28.667537801008027,179.63636363636363,14.0,0
765,H,2021-08-15,21:15,3605044.0,H,Rayo Vallecano,367.0,4,3,0,7,0,1,0.035,0.484078,0.484078,33.0,0,20.0,Andoni Iraola,4-2-3-1,17300000.0,27.311554974799325,179.72727272727272,43.0,0
766,A,2021-08-15,16:30,3605040.0,A,Atletico Madrid,13.0,13,4,5,9,5,1,1.5243000000000002,1.805,1.805,15.736842105263158,3,4.0,Diego Simeone,3-5-2 flat,505000000.0,27.58558894903864,181.72727272727272,530.0,0
767,H,2021-08-15,19:00,3605039.0,H,Real Sociedad,681.0,11,3,3,18,4,0,0.1226,0.902312,0.902312,12.0,3,18.0,Imanol Alguacil,4-2-3-1,241000000.0,26.821230788376578,180.0909090909091,165.0,0
768,D,2021-08-16,21:00,3605047.0,D,Athletic Club,621.0,9,3,8,19,2,0,0.9474,0.634866,0.634866,8.241379310344827,4,11.0,Marcelino,4-4-2 double 6,96200000.0,26.731130607927323,180.54545454545453,78.0,0
769,D,2021-08-16,19:00,3605046.0,D,Granada,16795.0,6,1,2,21,1,0,0.4804,0.246735,0.246735,9.193548387096774,3,12.0,Robert Moreno,4-3-3 Attacking,53300000.0,27.59131354613901,180.9090909090909,67.0,0
770,D,2021-08-20,20:00,3605051.0,D,Cadiz,2687.0,8,3,5,10,0,0,1.0795,1.4533,0.710021,30.33333333333333,4,8.0,Álvaro Cervera,4-4-2 double 6,27600000.0,29.105842822475267,180.1818181818182,161.0,0
771,A,2021-08-21,16:00,3605048.0,D,Mallorca,237.0,12,2,8,15,3,0,1.212,0.82407,0.82407,8.526315789473685,5,6.0,Luis García,4-2-3-1,29700000.0,27.14404828573206,179.8181818181818,67.0,0
772,D,2021-08-21,18:30,3605054.0,D,Villarreal,1050.0,12,2,7,10,4,0,0.5388000000000001,0.597171,0.597171,7.523809523809524,8,9.0,Unai Emery,4-4-2 double 6,128000000.0,28.854458341111318,182.72727272727272,267.0,0
773,D,2021-08-21,18:30,3605053.0,H,Valencia,1049.0,18,7,6,12,2,0,2.0191,1.50025,0.756969,5.894736842105263,8,5.0,Pepe Bordalás,4-4-2,178500000.0,25.969012507000187,183.27272727272728,209.0,0
774,D,2021-08-21,21:00,3605049.0,D,Barcelona,131.0,9,3,2,10,2,1,1.1960000000000002,1.18383,1.18383,6.055555555555555,3,4.0,Ronald Koeman,4-3-3 Attacking,360500000.0,27.702818741833116,180.36363636363637,711.0,0
775,H,2021-08-22,16:00,3605057.0,D,Rayo Vallecano,367.0,9,1,4,15,4,0,0.3518,0.76322,0.76322,9.962962962962964,2,20.0,Andoni Iraola,4-2-3-1,20400000.0,27.157737539667725,179.63636363636363,114.0,0
776,H,2021-08-22,18:30,3605050.0,H,Elche,1531.0,4,2,1,10,2,0,0.4325,0.168373,0.168373,16.1875,0,17.0,Fran Escribá,3-1-4-2,23600000.0,29.753220085868954,183.72727272727272,83.0,0
777,D,2021-08-22,21:00,3605055.0,A,Real Madrid,418.0,19,5,6,7,2,0,1.7348,2.14125,2.14125,8.347826086956522,12,3.0,Carlo Ancelotti,4-3-3 Attacking,388000000.0,29.280567481799515,182.54545454545453,588.0,0
778,D,2021-08-23,21:00,3605056.0,D,Celta Vigo,940.0,4,0,2,8,3,0,0.0498,0.084571,0.084571,14.928571428571429,4,16.0,Eduardo Coudet,4-4-2 Diamond,85300000.0,28.449007529089666,180.9090909090909,184.0,0
779,A,2021-08-23,19:00,3605052.0,D,Sevilla,368.0,9,3,4,10,2,0,1.8045,0.813891,0.813891,10.307692307692308,5,1.0,Julen Lopetegui,4-2-3-1,257000000.0,28.822848609296248,179.63636363636363,355.0,0
780,H,2021-08-27,19:00,3605062.0,H,Espanyol,714.0,8,3,2,17,3,1,0.4802,0.296878,0.296878,8.043478260869565,2,16.0,Vicente Moreno,4-4-2 double 6,46200000.0,28.904735237384106,182.8181818181818,10.0,0
781,H,2021-08-27,21:15,3605065.0,H,Alaves,1108.0,10,3,4,15,4,0,0.1454,0.360675,0.360675,8.130434782608695,5,20.0,Javier Calleja,4-4-2 double 6,37300000.0,27.211001182253746,183.8181818181818,120.0,0
782,A,2021-08-28,16:00,3605061.0,A,Athletic Club,621.0,6,2,4,11,1,0,1.8574,1.45227,1.45227,11.826086956521738,5,9.0,Marcelino,4-2-3-1,122200000.0,26.71744135399166,180.63636363636363,127.0,0
783,D,2021-08-28,18:30,3605067.0,D,Sevilla,368.0,18,5,3,9,0,0,2.0583,1.70035,1.70035,5.666666666666667,13,2.0,Julen Lopetegui,4-2-3-1,201000000.0,29.189222823719742,181.72727272727272,415.0,0
784,H,2021-08-28,18:30,3605064.0,H,Levante,3368.0,6,0,2,13,1,0,0.9822,0.521015,0.521015,8.65625,2,13.0,Paco López,4-4-2 double 6,54200000.0,28.02115611971875,181.1818181818182,84.0,0
785,A,2021-08-28,21:00,3605060.0,D,Real Madrid,418.0,13,3,7,13,3,0,1.8386,0.94097,0.94097,9.741935483870968,5,1.0,Carlo Ancelotti,4-3-3 Attacking,425000000.0,27.33669342293572,182.63636363636363,651.0,0
786,D,2021-08-29,21:00,3605058.0,D,Villarreal,1050.0,2,2,0,6,2,0,0.368,0.448731,0.448731,17.46153846153846,4,11.0,Unai Emery,4-4-2 double 6,145000000.0,27.957189969510296,181.54545454545453,336.0,0
787,H,2021-08-29,18:30,3605066.0,H,Granada,16795.0,9,3,6,14,4,0,0.3155,0.586302,0.586302,7.304347826086956,6,17.0,Robert Moreno,4-3-3 Attacking,43000000.0,29.664364383050213,182.45454545454547,65.0,0
788,A,2021-08-29,18:30,3605063.0,H,Osasuna,331.0,14,4,11,6,0,0,2.1289,2.28418,0.797628,5.733333333333333,15,8.0,Jagoba Arrasate,4-1-4-1,45000000.0,28.118723165951096,182.0,23.0,0
789,H,2021-08-29,16:00,3605059.0,H,Getafe,3709.0,8,3,2,22,1,0,0.5781999999999999,0.283315,0.283315,10.534883720930232,3,19.0,Míchel,4-4-2 double 6,109500000.0,26.229606122829942,183.63636363636363,322.0,0
790,D,2021-09-11,17:30,3605199.0,H,Rayo Vallecano,367.0,22,6,5,16,4,0,2.499,2.7683,2.7683,5.535714285714286,3,13.0,Andoni Iraola,4-2-3-1,21100000.0,27.396428349200423,181.45454545454547,154.0,0
791,H,2021-09-11,20:00,3605194.0,D,Mallorca,237.0,7,1,2,13,2,0,0.2458,0.22503,0.22503,7.043478260869565,5,8.0,Luis García,4-2-3-1,32900000.0,26.74581544396739,180.1818181818182,69.0,0
792,A,2021-09-12,13:00,3605198.0,H,Atletico Madrid,13.0,13,3,3,11,4,0,1.6777,0.732283,0.732283,7.1923076923076925,12,3.0,Diego Simeone,3-4-2-1,444000000.0,29.531454172111253,181.0909090909091,698.0,0
793,A,2021-09-12,15:15,3605200.0,D,Valencia,1049.0,10,4,4,14,2,0,1.8136,0.924929,0.924929,12.266666666666667,8,2.0,Pepe Bordalás,4-4-2 double 6,178500000.0,25.858751788936594,181.9090909090909,199.0,0
794,A,2021-09-12,17:30,3605196.0,D,Real Sociedad,681.0,16,4,8,9,0,0,2.617,2.36611,1.62283,3.0416666666666665,16,4.0,Imanol Alguacil,4-1-4-1,261500000.0,26.246779914131046,180.54545454545453,181.0,0
795,H,2021-09-12,20:00,3605201.0,A,Celta Vigo,940.0,11,4,3,16,3,0,0.7036,1.99062,1.99062,18.15,13,18.0,Eduardo Coudet,4-4-2 Diamond,98000000.0,28.763113683031545,179.45454545454547,191.0,0
796,A,2021-09-13,19:00,3605195.0,D,Elche,1531.0,8,3,2,14,3,0,2.0732,1.07401,1.07401,18.75,5,11.0,Fran Escribá,3-5-2 flat,26800000.0,29.562068321821915,182.45454545454547,68.0,0
797,A,2021-09-13,21:00,3605197.0,A,Real Betis,150.0,19,9,8,14,2,0,2.4874,2.43767,2.43767,7.392857142857143,17,10.0,Manuel Pellegrini,4-2-3-1,130700000.0,28.24839773505071,182.0909090909091,181.0,0
798,A,2021-09-17,20:00,3605208.0,A,Cadiz,2687.0,7,3,1,8,3,0,1.4674,1.07407,0.234637,24.1875,1,14.0,Álvaro Cervera,4-1-4-1,24800000.0,26.687822786385414,179.36363636363637,162.0,0
799,H,2021-09-18,13:00,3605212.0,H,Getafe,3709.0,13,3,3,16,7,0,0.6872,1.15428,0.411,5.0,4,19.0,Míchel,4-2-3-1,94800000.0,26.40109514031485,184.9090909090909,267.0,0
800,D,2021-09-18,15:15,3605205.0,D,Athletic Club,621.0,6,0,5,13,2,0,1.3554,1.10578,1.10578,11.727272727272728,8,7.0,Marcelino,4-4-2 double 6,126200000.0,28.028622985501837,180.27272727272728,123.0,0
801,D,2021-09-18,17:30,3605213.0,H,Levante,3368.0,11,6,7,14,2,0,1.8824,1.12463,1.12463,16.4375,7,15.0,Paco López,5-3-2,31000000.0,27.635616949785323,182.0909090909091,8.0,0
802,A,2021-09-18,20:00,3605204.0,A,Osasuna,331.0,13,5,8,14,3,0,2.4548,1.32313,0.579857,6.9393939393939394,1,8.0,Jagoba Arrasate,4-1-4-1,55800000.0,28.066704000995582,182.0909090909091,20.0,0
803,A,2021-09-19,20:00,3605211.0,D,Real Madrid,418.0,18,10,5,14,5,0,1.9915,1.36343,1.36343,12.7,17,1.0,Carlo Ancelotti,4-4-1-1,438000000.0,28.911206521062784,181.27272727272728,835.0,0
804,D,2021-09-19,17:30,3605207.0,H,Espanyol,714.0,11,4,4,9,4,0,0.6539,1.21693,1.21693,14.61111111111111,5,16.0,Vicente Moreno,4-1-4-1,50500000.0,28.112998568850728,179.36363636363637,19.0,0
805,D,2021-09-19,13:00,3605209.0,D,Villarreal,1050.0,11,3,1,16,3,0,2.3468,1.63437,1.63437,6.36,10,11.0,Unai Emery,4-3-3 Attacking,152500000.0,27.961670088980153,182.8181818181818,217.0,0
806,D,2021-09-19,15:15,3605210.0,D,Sevilla,368.0,11,4,6,11,3,0,0.885,0.7654,0.7654,15.916666666666666,1,6.0,Julen Lopetegui,4-3-3 Attacking,236000000.0,30.246779914131046,180.9090909090909,560.0,0
807,D,2021-09-20,20:00,3605206.0,A,Granada,16795.0,5,2,4,20,6,0,0.4103,0.612728,0.612728,11.703703703703704,0,17.0,Robert Moreno,4-3-3 Attacking,46900000.0,28.135896957252193,180.72727272727272,104.0,0
808,A,2021-09-21,18:30,3605215.0,H,Atletico Madrid,13.0,12,4,5,11,5,0,2.3606,1.47906,1.47906,6.3125,6,2.0,Diego Simeone,4-4-2 double 6,373000000.0,28.941073984195132,180.27272727272728,846.0,0
809,A,2021-09-21,21:00,3605214.0,D,Rayo Vallecano,367.0,8,3,1,20,3,0,1.4341,1.04121,1.04121,5.764705882352941,1,7.0,Andoni Iraola,4-2-3-1,33700000.0,26.959118909837596,179.72727272727272,145.0,0
810,A,2021-09-21,21:00,3605219.0,D,Celta Vigo,940.0,4,2,4,12,2,0,0.6768000000000001,0.739683,0.739683,6.533333333333333,3,16.0,Eduardo Coudet,4-4-2 Diamond,91000000.0,28.326302034720925,178.45454545454547,191.0,0
811,H,2021-09-22,18:30,3605218.0,D,Alaves,1108.0,8,2,8,18,1,0,0.3821,0.424815,0.424815,7.882352941176471,7,20.0,Javier Calleja,4-4-2 double 6,34600000.0,27.9828262086989,182.1818181818182,50.0,0
812,H,2021-09-22,18:30,3605222.0,H,Valencia,1049.0,8,3,4,21,3,0,0.6491,0.442431,0.442431,7.878787878787879,3,6.0,Pepe Bordalás,4-4-2 double 6,97500000.0,25.62130545703441,182.0909090909091,160.0,0
813,H,2021-09-22,21:00,3605221.0,H,Mallorca,237.0,17,5,2,8,1,0,0.6459,1.19165,1.19165,19.47058823529412,5,12.0,Luis García,4-2-3-1,36200000.0,25.7567046232344,179.8,123.0,0
814,H,2021-09-22,21:00,3605223.0,H,Elche,1531.0,9,3,7,11,2,0,0.3179,1.09551,1.09551,11.538461538461538,2,15.0,Fran Escribá,3-4-1-2,17800000.0,30.838902370729887,184.72727272727272,77.0,0
815,A,2021-09-23,18:30,3605217.0,H,Real Sociedad,681.0,20,11,7,16,1,0,1.586,1.58153,1.58153,8.823529411764707,7,3.0,Imanol Alguacil,4-2-3-1,215500000.0,25.786572086366746,180.9090909090909,306.0,0
816,A,2021-09-23,18:30,3605220.0,D,Real Betis,150.0,16,9,7,10,0,0,2.3744,2.20306,2.20306,13.0,6,9.0,Manuel Pellegrini,4-2-3-1,107800000.0,29.017733806234833,180.27272727272728,254.0,0
817,D,2021-09-23,21:00,3605216.0,D,Barcelona,131.0,6,2,5,8,4,1,0.4788,0.361756,0.361756,7.611111111111111,5,8.0,Ronald Koeman,4-3-3 Attacking,293000000.0,25.59293136705868,182.63636363636363,498.0,0
818,D,2021-09-25,20:00,3605281.0,D,Villarreal,1050.0,6,2,3,12,2,0,0.5987,0.666401,0.666401,11.68421052631579,6,9.0,Unai Emery,4-3-3 Attacking,165000000.0,28.245162093211377,182.0,153.0,0
819,H,2021-09-25,17:30,3605283.0,H,Espanyol,714.0,13,2,8,8,0,0,0.3498,0.478568,0.478568,13.476190476190476,1,14.0,Vicente Moreno,4-1-4-1,44500000.0,29.518511604753904,179.45454545454547,17.0,0
820,D,2021-09-25,15:15,3605284.0,D,Athletic Club,621.0,12,4,5,17,2,0,1.0790000000000002,0.830524,0.830524,8.5,5,11.0,Marcelino,4-4-2 double 6,123200000.0,28.04778794101176,180.27272727272728,123.0,0
821,H,2021-09-25,13:00,3605276.0,H,Atletico Madrid,13.0,13,1,8,11,3,0,0.7184999999999999,0.558059,0.558059,4.904761904761905,6,4.0,Diego Simeone,3-5-2 flat,352000000.0,29.538423246842136,183.0,706.0,0
822,A,2021-09-26,13:00,3605280.0,H,Osasuna,331.0,12,6,5,17,3,0,0.6765,1.63553,1.63553,7.56,5,10.0,Jagoba Arrasate,4-1-4-1,43700000.0,28.55926824715326,181.72727272727272,10.0,0
823,H,2021-09-26,15:15,3605277.0,H,Levante,3368.0,6,2,1,16,3,0,0.1521,0.712689,0.712689,13.15625,5,17.0,Paco López,4-4-2 double 6,41100000.0,28.420882334640034,181.0909090909091,14.0,0
824,H,2021-09-26,17:30,3605282.0,D,Elche,1531.0,5,2,1,16,3,0,0.2438,0.573483,0.573483,17.11111111111111,1,16.0,Fran Escribá,4-4-2 Diamond,26000000.0,30.03123638852592,180.9090909090909,100.0,0
825,H,2021-09-26,17:30,3605285.0,H,Cadiz,2687.0,6,1,3,11,4,0,0.6741999999999999,1.09997,1.09997,7.147058823529412,2,15.0,Álvaro Cervera,4-1-4-1,25800000.0,27.174911330968825,178.63636363636363,121.0,0
826,H,2021-09-26,20:00,3605278.0,H,Getafe,3709.0,8,3,3,19,3,0,0.2448,0.590585,0.590585,6.925,3,20.0,Míchel,3-5-2 flat,79200000.0,25.9700080891046,185.0909090909091,272.0,0
827,H,2021-09-27,20:00,3605279.0,D,Granada,16795.0,7,4,3,12,7,0,0.6242000000000001,0.541862,0.541862,15.052631578947368,2,18.0,Robert Moreno,4-4-2 double 6,44700000.0,28.356418393379382,181.9090909090909,69.0,0
828,H,2021-10-01,20:00,3605294.0,H,Alaves,1108.0,17,5,9,12,2,0,0.3257,0.808018,0.808018,12.77777777777778,1,19.0,Javier Calleja,5-4-1,29200000.0,26.94318959616701,182.36363636363637,52.0,0
829,H,2021-10-02,13:00,3605301.0,D,Rayo Vallecano,367.0,7,0,3,9,3,0,0.6660999999999999,0.148539,0.148539,18.6,3,7.0,Andoni Iraola,4-2-3-1,24500000.0,28.56997075477568,179.72727272727272,248.0,0
830,H,2021-10-02,15:15,3605296.0,D,Levante,3368.0,6,2,3,25,4,0,2.3524,1.43388,0.6906,5.0,4,18.0,Paco López,4-3-3 Attacking,43300000.0,28.67052454732126,180.8181818181818,4.0,0
831,D,2021-10-02,17:30,3605298.0,D,Valencia,1049.0,16,4,3,11,4,0,2.5071,1.43757,1.43757,5.5,3,10.0,Pepe Bordalás,4-4-2 double 6,102500000.0,25.90828199863108,181.0909090909091,235.0,0
832,H,2021-10-02,20:00,3605295.0,H,Barcelona,131.0,9,2,6,10,1,0,0.7987,0.74746,0.74746,15.25,5,8.0,Ronald Koeman,4-2-3-1,301500000.0,25.58272665048846,182.8181818181818,534.0,0
833,D,2021-10-03,17:30,3605297.0,H,Real Sociedad,681.0,10,5,5,11,2,0,1.5898,0.799948,0.799948,5.0,3,3.0,Imanol Alguacil,4-2-3-1,247000000.0,24.592869143177154,180.0,160.0,0
834,H,2021-10-03,17:30,3605302.0,H,Real Betis,150.0,10,3,6,9,4,0,0.1994,0.527081,0.527081,20.27777777777778,3,11.0,Manuel Pellegrini,4-2-3-1,143000000.0,27.23837969012507,183.0909090909091,185.0,0
835,H,2021-10-03,13:00,3605303.0,D,Celta Vigo,940.0,10,1,4,19,3,0,0.7479,0.713553,0.713553,5.566666666666666,4,16.0,Eduardo Coudet,4-4-2 Diamond,88200000.0,29.051085806732623,179.27272727272728,187.0,0
836,H,2021-10-03,15:15,3605300.0,H,Real Madrid,418.0,18,4,8,13,1,0,1.5985,1.62384,1.62384,7.545454545454546,7,1.0,Carlo Ancelotti,4-3-1-2,435000000.0,28.115487524111753,181.72727272727272,737.0,0
837,H,2021-10-03,20:00,3605299.0,H,Sevilla,368.0,14,3,6,11,4,1,2.5676,1.4028,1.4028,10.0,7,4.0,Julen Lopetegui,4-3-3 Attacking,250000000.0,28.48883081326613,182.8181818181818,375.0,0
838,D,2021-10-16,17:30,3605309.0,D,Getafe,3709.0,14,4,11,10,3,0,1.0042,0.557421,0.557421,11.714285714285714,4,20.0,Quique Sánchez Flores,4-4-1-1,90200000.0,26.785887623669964,182.27272727272728,219.0,0
839,H,2021-10-16,20:00,3605311.0,D,Mallorca,237.0,7,1,6,21,3,0,1.1651,0.35977,0.35977,6.4,6,13.0,Luis García,4-2-3-1,31700000.0,28.48833302221393,178.45454545454547,71.0,0
840,H,2021-10-17,20:00,3605305.0,H,Valencia,1049.0,9,3,3,13,3,0,0.1483,0.378333,0.378333,12.037037037037036,3,11.0,Pepe Bordalás,4-1-4-1,188000000.0,26.731379503453425,181.8181818181818,203.0,0
841,A,2021-10-17,17:30,3605313.0,A,Osasuna,331.0,6,2,4,14,5,0,1.5932,0.957297,0.957297,15.0,4,5.0,Jagoba Arrasate,5-3-2,55500000.0,27.57712650115114,182.27272727272728,20.0,0
842,A,2021-10-17,15:15,3605306.0,D,Sevilla,368.0,8,2,4,9,3,0,1.2923999999999998,0.828384,0.828384,13.823529411764708,3,3.0,Julen Lopetegui,4-1-4-1,129500000.0,29.48889303714766,183.1818181818182,422.0,0
843,H,2021-10-17,13:00,3605312.0,D,Elche,1531.0,7,3,2,11,2,0,0.5725,0.326072,0.326072,9.15,4,14.0,Fran Escribá,4-4-2 double 6,22000000.0,30.02526289589945,181.0909090909091,27.0,0
844,A,2021-10-18,18:00,3605304.0,D,Real Betis,150.0,19,4,7,11,1,0,1.439,1.47785,1.47785,10.0,17,8.0,Manuel Pellegrini,4-2-3-1,143500000.0,28.43432269304959,180.8181818181818,337.0,0
845,H,2021-10-18,20:00,3605308.0,H,Cadiz,2687.0,13,2,9,10,0,0,0.4427,0.603648,0.603648,11.454545454545457,3,16.0,Álvaro Cervera,4-1-4-1,29700000.0,27.803123638852593,179.63636363636363,167.0,0
846,D,2021-10-22,20:00,3605328.0,H,Granada,16795.0,9,4,1,11,3,0,0.6306,0.434896,0.434896,9.384615384615383,2,16.0,Robert Moreno,4-4-2 double 6,45900000.0,28.83653786323191,180.1818181818182,163.0,0
847,D,2021-10-23,13:00,3605330.0,A,Mallorca,237.0,9,4,0,19,5,2,0.7966000000000001,0.807566,0.807566,7.4,2,13.0,Luis García,4-2-3-1,29500000.0,28.025885134714702,178.54545454545453,65.0,0
848,A,2021-10-23,15:15,3605327.0,A,Alaves,1108.0,8,4,3,14,2,0,1.3053,1.86733,1.12405,14.68421052631579,2,18.0,Javier Calleja,4-2-3-1,37700000.0,27.006657955323252,181.9090909090909,88.0,0
849,D,2021-10-23,17:30,3605331.0,H,Espanyol,714.0,20,7,7,9,1,0,1.3645,1.05435,1.05435,17.333333333333332,2,12.0,Vicente Moreno,4-2-3-1,47500000.0,28.843755833488895,179.72727272727272,18.0,0
850,H,2021-10-23,20:00,3605322.0,D,Villarreal,1050.0,11,3,2,12,3,0,0.1669999999999999,0.605636,0.605636,28.22222222222222,4,10.0,Unai Emery,4-4-2 double 6,200000000.0,27.944496297679052,182.8181818181818,219.0,0
851,D,2021-10-24,20:00,3605323.0,A,Real Sociedad,681.0,8,4,3,14,3,0,0.6062,0.834092,0.834092,16.466666666666665,8,3.0,Imanol Alguacil,5-3-2,205500000.0,26.513098127061166,183.0,201.0,0
852,H,2021-10-24,17:30,3605325.0,H,Rayo Vallecano,367.0,14,3,4,12,2,0,1.0972,1.16768,1.16768,10.727272727272728,2,7.0,Andoni Iraola,4-2-3-1,32700000.0,26.85308941571775,180.0909090909091,156.0,0
853,H,2021-10-24,13:00,3605329.0,H,Levante,3368.0,12,7,3,6,2,0,0.9678,1.28779,1.28779,17.823529411764707,2,19.0,Javier Pereira,4-1-4-1,43800000.0,29.55385476946052,180.72727272727272,6.0,0
854,A,2021-10-24,15:15,3605324.0,A,Real Madrid,418.0,10,5,4,13,1,0,1.3288,1.5463,1.5463,20.0,9,1.0,Carlo Ancelotti,4-3-3 Attacking,457000000.0,28.432829319892974,181.27272727272728,737.0,0
855,A,2021-10-25,20:00,3605326.0,D,Celta Vigo,940.0,16,8,7,11,2,0,2.6911,2.48108,2.48108,5.931034482758621,8,14.0,Eduardo Coudet,4-4-2 double 6,80200000.0,28.881339057930436,177.8181818181818,46.0,0
856,H,2021-10-26,18:00,3607521.0,D,Elche,1531.0,4,1,7,9,1,0,0.2294,0.281657,0.281657,7.772727272727272,0,15.0,Fran Escribá,4-4-2 double 6,26000000.0,29.317155124136647,183.1818181818182,96.0,0
857,D,2021-10-26,20:00,3607526.0,H,Athletic Club,621.0,23,7,12,12,2,0,2.732,3.68446,3.68446,9.476190476190476,19,8.0,Marcelino,4-2-3-1,108300000.0,25.54165888868148,182.63636363636363,136.0,0
858,D,2021-10-26,20:30,3607530.0,A,Cadiz,2687.0,9,4,2,9,6,0,1.095,1.53615,1.53615,19.8125,4,18.0,Álvaro Cervera,4-1-4-1,30950000.0,27.654035218716945,181.27272727272728,167.0,0
859,D,2021-10-27,20:30,3607528.0,D,Osasuna,331.0,7,0,3,10,1,0,1.4013999999999998,0.71046,0.71046,18.57894736842105,1,5.0,Jagoba Arrasate,5-3-2,57000000.0,26.838653475203785,182.54545454545453,20.0,0
860,H,2021-10-27,19:00,3607522.0,H,Valencia,1049.0,10,4,7,19,5,0,1.0973,2.17844,2.17844,8.107142857142858,5,12.0,Pepe Bordalás,4-2-3-1,125500000.0,26.195009644701635,181.54545454545453,213.0,0
861,H,2021-10-27,18:00,3607529.0,H,Barcelona,131.0,16,1,7,12,2,0,2.6883,2.85731,2.11404,4.708333333333333,9,9.0,Ronald Koeman,4-3-3 Attacking,225500000.0,28.35417833364445,180.36363636363637,534.0,0
862,D,2021-10-27,18:00,3607524.0,H,Sevilla,368.0,10,3,2,14,6,0,0.7548999999999999,1.42068,1.42068,4.592592592592593,2,3.0,Julen Lopetegui,4-3-3 Attacking,226000000.0,28.640905979715015,180.9090909090909,297.0,0
863,A,2021-10-28,18:00,3607523.0,D,Real Sociedad,681.0,11,4,6,11,0,0,1.7489,1.42714,1.42714,12.714285714285714,8,2.0,Imanol Alguacil,4-2-3-1,204000000.0,27.07286416526663,180.45454545454547,270.0,0
864,D,2021-10-28,19:00,3607525.0,A,Getafe,3709.0,6,4,0,15,4,0,0.2381,0.581107,0.581107,13.321428571428571,1,20.0,Quique Sánchez Flores,4-4-2 double 6,67100000.0,27.380499035529837,185.0909090909091,167.0,0
865,D,2021-10-28,20:30,3607527.0,D,Atletico Madrid,13.0,7,3,2,11,5,0,0.7030000000000001,1.33383,1.33383,10.555555555555555,6,7.0,Diego Simeone,3-4-2-1,382000000.0,29.30072801941385,181.72727272727272,825.0,0
866,A,2021-10-30,13:00,3607540.0,A,Real Madrid,418.0,17,5,4,13,0,0,1.7297,1.60735,1.60735,11.636363636363637,10,1.0,Carlo Ancelotti,4-3-3 Attacking,394000000.0,28.581419948976418,180.27272727272728,633.0,0
867,H,2021-10-30,15:15,3607537.0,H,Osasuna,331.0,10,3,5,10,2,0,0.3444,0.790454,0.790454,22.214285714285715,2,7.0,Jagoba Arrasate,4-4-2 double 6,37500000.0,29.529214112376334,180.27272727272728,6.0,0
868,H,2021-10-30,17:30,3607538.0,H,Villarreal,1050.0,11,1,6,17,4,0,0.6156,0.804209,0.804209,2.083333333333333,5,11.0,Unai Emery,4-3-3 Attacking,168000000.0,28.222014809283802,181.45454545454547,182.0,0
869,D,2021-10-30,20:00,3607532.0,D,Alaves,1108.0,3,2,0,11,2,0,0.5595,0.599628,0.599628,35.54545454545455,2,16.0,Javier Calleja,4-3-3 Attacking,30700000.0,28.549561321635245,183.27272727272728,29.0,0
870,D,2021-10-31,20:00,3607536.0,D,Athletic Club,621.0,11,5,7,14,3,1,1.2342,1.01149,1.01149,12.904761904761903,3,8.0,Marcelino,4-4-2,131300000.0,28.448260842511356,180.54545454545453,113.0,0
871,H,2021-10-31,17:30,3607533.0,D,Espanyol,714.0,10,3,11,11,4,0,0.994,0.619895,0.619895,10.428571428571429,1,13.0,Vicente Moreno,4-2-3-1,42200000.0,27.697591935784956,179.63636363636363,14.0,0
872,D,2021-10-31,13:00,3607534.0,A,Mallorca,237.0,11,5,5,16,7,2,0.7077,1.03662,1.03662,6.217391304347826,2,12.0,Luis García,4-2-3-1,29500000.0,28.97069255180138,178.27272727272728,67.0,0
873,H,2021-10-31,15:15,3607531.0,H,Real Betis,150.0,8,1,0,12,0,0,0.2256,0.521096,0.521096,12.842105263157896,4,5.0,Manuel Pellegrini,4-2-3-1,84400000.0,29.785078713210133,180.0909090909091,335.0,0
874,D,2021-11-01,17:30,3607539.0,D,Celta Vigo,940.0,10,4,7,14,5,0,1.2202,0.43779,0.43779,7.0,2,15.0,Eduardo Coudet,4-4-2 Diamond,89000000.0,28.135150270673886,180.1818181818182,165.0,0
875,A,2021-11-01,20:00,3607535.0,A,Granada,16795.0,12,6,5,13,2,0,1.4621,1.46089,1.46089,8.6,5,14.0,Robert Moreno,4-4-2,33400000.0,29.610851844938086,181.0,14.0,0
876,A,2021-11-05,20:00,3607542.0,A,Cadiz,2687.0,8,4,1,19,1,0,1.1792,0.491777,0.491777,12.91304347826087,2,16.0,Álvaro Cervera,4-4-2 double 6,31100000.0,29.596167008898018,179.9090909090909,161.0,0
877,H,2021-11-06,20:00,3607548.0,H,Rayo Vallecano,367.0,19,7,5,14,2,0,0.8130999999999999,1.78044,1.78044,13.0,2,6.0,Andoni Iraola,4-2-3-1,25300000.0,27.55223694854085,180.0,125.0,0
878,H,2021-11-06,17:30,3607541.0,A,Levante,3368.0,12,7,3,17,3,0,0.6762,0.802633,0.802633,11.318181818181818,9,19.0,Javier Pereira,4-3-3 Attacking,57100000.0,28.470163648808413,179.0909090909091,83.0,0
879,D,2021-11-06,15:15,3607544.0,A,Barcelona,131.0,10,6,1,18,6,0,0.8786,1.13925,1.13925,10.0,9,9.0,Sergi Barjuan,4-3-3 Attacking,332000000.0,24.862422997946613,181.45454545454547,540.0,0
880,H,2021-11-06,13:00,3607546.0,H,Granada,16795.0,18,5,3,8,1,0,1.6086999999999998,2.06874,2.06874,11.27777777777778,5,14.0,Robert Moreno,4-4-2,32400000.0,29.17603136083629,180.8181818181818,14.0,0
881,H,2021-11-07,13:00,3607550.0,H,Getafe,3709.0,5,2,4,13,1,0,0.3,0.153162,0.153162,9.794871794871796,1,20.0,Quique Sánchez Flores,5-3-2,87600000.0,26.843133594673635,185.54545454545453,292.0,0
882,D,2021-11-07,15:15,3607549.0,A,Atletico Madrid,13.0,13,7,0,17,2,0,2.1962,2.63804,2.63804,8.615384615384615,5,4.0,Diego Simeone,3-4-2-1,398000000.0,29.23078837657893,180.27272727272728,859.0,0
883,D,2021-11-07,17:30,3607545.0,D,Elche,1531.0,7,2,3,19,3,0,0.3961,0.679919,0.679919,9.318181818181818,2,18.0,Fran Escribá,4-4-2 double 6,22600000.0,30.270673884636924,183.9090909090909,91.0,0
884,A,2021-11-07,17:30,3607547.0,D,Real Sociedad,681.0,9,4,2,12,2,0,2.2745,1.43263,0.689356,8.047619047619047,9,3.0,Imanol Alguacil,4-3-3 Attacking,217000000.0,26.365503080082135,182.54545454545453,168.0,0
885,A,2021-11-07,20:00,3607543.0,D,Sevilla,368.0,11,2,1,13,1,0,2.2861,1.42156,1.42156,7.176470588235294,9,2.0,Julen Lopetegui,4-3-3 Attacking,262000000.0,28.52641403770767,182.9090909090909,382.0,0
886,D,2021-11-19,20:00,3607556.0,D,Athletic Club,621.0,7,2,3,7,1,0,1.0951,0.452179,0.452179,9.565217391304348,4,8.0,Marcelino,4-4-2,130700000.0,28.602327173169066,180.0909090909091,113.0,0
887,D,2021-11-20,13:00,3607553.0,A,Villarreal,1050.0,18,6,5,17,1,0,2.5873,2.71931,2.71931,9.321428571428571,10,10.0,Unai Emery,4-4-1-1,135500000.0,29.20863667475577,183.0,158.0,0
888,D,2021-11-20,15:15,3607558.0,A,Alaves,1108.0,8,3,2,17,4,0,1.4564,1.47367,0.730394,13.714285714285714,0,15.0,Javier Calleja,4-1-4-1,36500000.0,28.419637857009523,183.63636363636363,27.0,0
889,H,2021-11-20,17:30,3607551.0,D,Osasuna,331.0,9,3,4,8,2,0,0.409,0.378974,0.378974,14.647058823529411,4,9.0,Jagoba Arrasate,3-5-2 flat,56500000.0,27.61869205401033,182.27272727272728,19.0,0
890,H,2021-11-20,20:00,3607552.0,D,Espanyol,714.0,12,2,4,9,2,0,1.2648,1.41291,1.41291,16.94736842105263,5,12.0,Vicente Moreno,5-4-1,65000000.0,29.083193329599904,181.72727272727272,60.0,0
891,H,2021-11-21,13:00,3607554.0,H,Cadiz,2687.0,10,2,7,7,4,0,0.4685,0.370193,0.370193,15.071428571428571,2,17.0,Álvaro Cervera,4-4-2 double 6,27300000.0,29.790554414784392,179.63636363636363,92.0,0
892,A,2021-11-21,15:15,3607555.0,A,Real Madrid,418.0,21,10,6,7,1,0,2.9031,3.77854,3.77854,16.0,20,1.0,Carlo Ancelotti,4-3-3 Attacking,418000000.0,29.640221517018233,181.45454545454547,772.0,0
893,A,2021-11-21,17:30,3607560.0,A,Real Betis,150.0,9,4,1,14,2,1,2.0374,1.60069,0.857415,17.9375,3,5.0,Manuel Pellegrini,4-2-3-1,126000000.0,28.04928131416838,179.54545454545453,89.0,0
894,D,2021-11-21,20:00,3607557.0,D,Valencia,1049.0,8,3,4,16,7,0,1.4746,0.584859,0.584859,11.84,1,11.0,Pepe Bordalás,4-2-3-1,170000000.0,26.679858129550123,182.8181818181818,259.0,0
895,H,2021-11-22,20:00,3607559.0,H,Mallorca,237.0,11,5,4,17,2,0,0.5459,0.827606,0.827606,4.916666666666667,6,13.0,Luis García,4-2-3-1,32900000.0,27.29288781034161,180.8181818181818,67.0,0
896,D,2021-11-26,20:00,3607562.0,A,Granada,16795.0,8,4,3,9,1,0,1.0718,0.977596,0.977596,18.46153846153846,5,15.0,Robert Moreno,4-4-2 double 6,35600000.0,30.150706241055317,183.0,65.0,0
897,A,2021-11-27,13:00,3607561.0,D,Celta Vigo,940.0,8,5,3,15,2,0,2.2437,1.54308,0.550103,8.0,5,13.0,Eduardo Coudet,4-4-2 double 6,77200000.0,28.880094580299918,178.54545454545453,110.0,0
898,D,2021-11-27,15:15,3607569.0,H,Rayo Vallecano,367.0,12,6,9,15,5,0,1.731,2.02852,2.02852,6.142857142857143,9,6.0,Andoni Iraola,4-2-3-1,38300000.0,27.520129425673574,178.72727272727272,116.0,0
899,D,2021-11-27,17:30,3607564.0,D,Getafe,3709.0,11,0,0,19,0,0,1.5944,0.739333,0.739333,6.222222222222222,1,19.0,Quique Sánchez Flores,5-3-2,90500000.0,27.053699209756704,182.9090909090909,277.0,0
900,A,2021-11-27,20:00,3607570.0,D,Barcelona,131.0,12,6,4,14,2,0,2.5089,3.37249,2.62922,13.055555555555555,6,7.0,Xavi,4-3-3 Attacking,307000000.0,25.77661626532263,182.8181818181818,572.0,0
901,H,2021-11-28,13:00,3607563.0,A,Levante,3368.0,8,2,8,9,3,0,0.3131,0.645945,0.645945,10.789473684210526,5,20.0,Javier Pereira,4-1-4-1,58100000.0,28.21579242113123,179.36363636363637,83.0,0
902,H,2021-11-28,15:15,3607566.0,D,Real Sociedad,681.0,10,4,9,7,1,0,2.3309,1.32638,1.32638,8.333333333333334,13,2.0,Imanol Alguacil,4-4-2 double 6,219000000.0,25.873436624976662,182.36363636363637,197.0,0
903,A,2021-11-28,17:30,3607565.0,D,Atletico Madrid,13.0,17,7,8,11,0,0,2.78,3.32569,3.32569,9.652173913043478,10,4.0,Diego Simeone,4-4-2 double 6,440000000.0,28.829817684027127,181.27272727272728,827.0,0
904,H,2021-11-28,20:00,3607568.0,D,Sevilla,368.0,11,6,4,9,3,0,1.3982,1.30167,1.30167,20.214285714285715,1,3.0,Julen Lopetegui,4-3-3 Attacking,245000000.0,28.952025387343664,181.36363636363637,357.0,0
905,D,2021-11-29,20:00,3607567.0,D,Elche,1531.0,10,4,4,12,3,0,0.6083,1.05682,1.05682,11.25,5,17.0,Sergio Mantecón,4-4-2 double 6,25700000.0,29.092651359591812,183.0909090909091,97.0,0
906,H,2021-12-01,20:00,3605310.0,H,Athletic Club,621.0,18,2,6,13,3,0,2.1063,2.70199,2.70199,14.791666666666666,10,10.0,Marcelino,4-4-2,111200000.0,27.797647937278327,180.45454545454547,93.0,0
907,H,2021-12-03,20:00,3607575.0,H,Alaves,1108.0,14,2,5,15,2,0,1.5740999999999998,1.38466,1.38466,9.2,11,17.0,Javier Calleja,4-3-3 Attacking,32500000.0,27.87032543090038,184.0909090909091,23.0,0
908,H,2021-12-04,13:00,3607578.0,H,Villarreal,1050.0,16,2,8,10,2,0,2.5798,1.90918,1.90918,8.192307692307692,7,12.0,Unai Emery,4-4-2 double 6,169000000.0,28.292950034223136,183.0909090909091,140.0,0
909,A,2021-12-04,15:15,3607572.0,D,Real Betis,150.0,8,2,1,12,2,0,0.8296999999999999,0.642697,0.642697,13.814814814814817,5,3.0,Manuel Pellegrini,4-2-3-1,131500000.0,29.51577375396677,179.72727272727272,244.0,0
910,A,2021-12-04,17:30,3607571.0,D,Mallorca,237.0,10,3,5,16,5,0,0.4399,0.775913,0.775913,14.285714285714286,1,13.0,Luis García,4-2-3-1,29900000.0,28.178955883268,179.0909090909091,63.0,0
911,A,2021-12-04,20:00,3607577.0,D,Real Madrid,418.0,13,8,5,8,0,0,2.5472,2.19245,2.19245,32.0,11,1.0,Carlo Ancelotti,4-3-3 Attacking,510000000.0,28.496795470101425,181.27272727272728,780.0,0
912,A,2021-12-05,20:00,3607573.0,D,Valencia,1049.0,8,5,4,22,2,0,1.6977,1.01149,1.01149,9.7,5,8.0,Pepe Bordalás,4-1-4-1,155500000.0,26.177338062348326,181.9090909090909,208.0,0
913,D,2021-12-05,17:30,3607576.0,D,Osasuna,331.0,11,1,2,16,3,0,0.9312,0.250564,0.250564,11.37037037037037,1,10.0,Jagoba Arrasate,5-3-2,61500000.0,27.509426918051147,182.63636363636363,55.0,0
914,H,2021-12-05,15:15,3607580.0,H,Cadiz,2687.0,15,6,3,15,3,0,0.7283999999999999,1.50592,0.732829,8.264705882352942,2,18.0,Álvaro Cervera,4-4-2 double 6,30000000.0,28.566984008462445,180.54545454545453,167.0,0
915,H,2021-12-05,13:00,3607579.0,D,Espanyol,714.0,10,3,3,11,3,1,1.0600999999999998,0.474816,0.474816,11.842105263157896,3,11.0,Vicente Moreno,4-1-4-1,72000000.0,28.407441976230476,180.72727272727272,60.0,0
916,D,2021-12-06,20:00,3607574.0,D,Athletic Club,621.0,9,3,3,14,1,0,0.5825,0.466017,0.466017,7.6,4,9.0,Marcelino,4-4-2,120800000.0,27.359094020284985,181.63636363636363,141.0,0
917,D,2021-12-10,20:00,3607592.0,D,Celta Vigo,940.0,14,5,4,11,2,0,1.7673,1.33476,1.33476,4.307692307692308,6,15.0,Eduardo Coudet,4-4-2 Diamond,88000000.0,27.497479932798207,178.54545454545453,186.0,0
918,H,2021-12-11,13:00,3607594.0,A,Levante,3368.0,14,5,2,15,4,1,2.209,3.38759,3.38759,10.538461538461538,5,20.0,Alessio Lisci,4-4-2 double 6,58100000.0,28.25138448136395,179.36363636363637,83.0,0
919,D,2021-12-11,15:15,3607589.0,A,Getafe,3709.0,11,2,1,15,4,0,1.3622999999999998,1.04682,1.04682,11.25925925925926,1,19.0,Quique Sánchez Flores,5-3-2,90500000.0,27.092029120776555,182.9090909090909,277.0,0
920,H,2021-12-11,17:30,3607597.0,H,Elche,1531.0,8,4,1,12,2,0,0.9675,1.12996,1.12996,4.730769230769231,2,17.0,Francisco Rodríguez,4-4-2 double 6,23300000.0,29.59766038205463,183.1818181818182,54.0,0
921,A,2021-12-11,20:00,3607590.0,A,Sevilla,368.0,6,1,2,10,3,0,0.0949,0.214536,0.214536,18.857142857142858,0,2.0,Julen Lopetegui,4-2-3-1,197000000.0,28.053512538112127,180.72727272727272,340.0,0
922,H,2021-12-12,13:00,3607598.0,H,Rayo Vallecano,367.0,19,7,6,14,3,0,0.865,1.41255,1.41255,10.0,6,6.0,Andoni Iraola,4-2-3-1,29300000.0,28.24391761558086,179.63636363636363,114.0,0
923,D,2021-12-12,15:15,3607595.0,D,Barcelona,131.0,10,2,5,16,4,0,2.3462,1.3894,1.3894,6.35,7,7.0,Xavi,3-4-3,268000000.0,26.042187791674447,184.45454545454547,480.0,0
924,H,2021-12-12,17:30,3607591.0,H,Real Sociedad,681.0,15,5,7,10,1,0,1.2485,1.06737,1.06737,10.2,4,5.0,Imanol Alguacil,4-2-3-1,262000000.0,25.20515213739033,180.36363636363637,170.0,0
925,H,2021-12-12,20:00,3607596.0,H,Atletico Madrid,13.0,9,6,6,15,3,0,1.4616,0.769681,0.769681,11.157894736842104,7,4.0,Diego Simeone,4-4-2 double 6,413000000.0,28.133408001991164,181.9090909090909,550.0,0
926,D,2021-12-13,20:00,3607593.0,H,Granada,16795.0,16,5,1,10,0,0,1.7755,1.12436,1.12436,9.0,4,14.0,Robert Moreno,4-4-2 double 6,37100000.0,28.37384108020658,182.63636363636363,15.0,0
927,H,2021-12-17,20:00,3607601.0,H,Espanyol,714.0,6,3,3,5,1,0,0.3445,0.377711,0.377711,14.19047619047619,2,11.0,Vicente Moreno,4-2-3-1,67000000.0,28.10528280754153,179.8181818181818,60.0,0
928,H,2021-12-18,17:30,3607600.0,H,Elche,1531.0,5,3,0,17,3,0,0.3929,1.26552,1.26552,17.916666666666668,3,17.0,Francisco Rodríguez,4-4-2 double 6,25100000.0,29.781345280318586,182.36363636363637,97.0,0
929,H,2021-12-18,20:00,3607607.0,D,Atletico Madrid,13.0,15,3,7,14,1,0,2.1439,1.24499,1.24499,9.0,8,5.0,Diego Simeone,3-5-2 flat,361000000.0,29.183249331093272,180.72727272727272,531.0,0
930,H,2021-12-18,13:00,3607608.0,H,Alaves,1108.0,6,4,5,19,2,0,0.2008,0.198501,0.198501,8.857142857142858,4,16.0,Javier Calleja,4-1-4-1,33600000.0,27.043743388712585,182.63636363636363,24.0,0
931,A,2021-12-18,15:15,3607606.0,D,Villarreal,1050.0,15,8,5,15,3,0,2.4436,3.02243,3.02243,5.44,14,9.0,Unai Emery,4-4-2 double 6,194000000.0,28.012444776305145,182.45454545454547,248.0,0
932,H,2021-12-19,13:00,3607603.0,D,Mallorca,237.0,8,5,2,15,2,0,0.3357,1.08613,1.08613,7.8125,5,15.0,Luis García,4-2-3-1,38900000.0,28.617012009209134,177.0909090909091,113.0,0
933,H,2021-12-19,15:15,3607599.0,D,Real Betis,150.0,16,8,6,12,3,0,2.0562,2.01927,2.01927,10.5,13,3.0,Manuel Pellegrini,4-2-3-1,171000000.0,29.297990168626715,181.45454545454547,167.0,0
934,H,2021-12-19,17:30,3607602.0,D,Osasuna,331.0,11,2,3,8,1,0,1.0258,0.712207,0.712207,12.133333333333333,4,13.0,Jagoba Arrasate,4-3-3 Attacking,56500000.0,27.083566672889052,180.36363636363637,21.0,0
935,D,2021-12-19,20:00,3607605.0,D,Cadiz,2687.0,4,0,2,10,1,0,0.1056,0.242189,0.242189,18.8,2,19.0,Álvaro Cervera,4-2-3-1,32500000.0,28.55254806794848,181.9090909090909,69.0,0
936,A,2021-12-20,20:00,3607604.0,H,Valencia,1049.0,15,8,4,11,4,0,0.9178,2.10622,1.36294,9.714285714285714,6,8.0,Pepe Bordalás,4-4-2 double 6,170000000.0,26.379192334017795,182.27272727272728,184.0,0
937,H,2021-12-21,18:00,3605203.0,H,Alaves,1108.0,4,2,2,14,2,0,0.017,0.310052,0.310052,16.15,2,20.0,Javier Calleja,4-3-3 Attacking,31800000.0,28.485097380374587,183.45454545454547,23.0,0
938,D,2021-12-21,20:30,3605202.0,D,Barcelona,131.0,23,7,9,13,3,0,2.6311,1.90576,1.90576,8.384615384615385,6,5.0,Xavi,4-3-3 Attacking,273000000.0,25.81245722108145,181.63636363636363,511.0,0
939,A,2021-12-22,20:30,3610270.0,A,Real Madrid,418.0,12,7,0,7,2,0,1.7682,1.58518,1.58518,14.416666666666666,12,1.0,Carlo Ancelotti,4-3-3 Attacking,482000000.0,27.581606620620995,182.0,439.0,0
940,H,2021-12-22,18:00,3605307.0,D,Atletico Madrid,13.0,15,3,7,7,1,0,2.0487,1.77937,1.77937,7.76,8,4.0,Diego Simeone,3-1-4-2,361000000.0,28.83180884823595,181.27272727272728,617.0,0
941,A,2021-12-31,15:15,3607616.0,D,Espanyol,714.0,15,4,5,14,3,0,2.3384,2.14833,1.40505,6.7,5,11.0,Vicente Moreno,4-3-3 Attacking,58000000.0,28.582415531080827,180.45454545454547,17.0,0
942,H,2022-01-02,13:00,3607613.0,H,Real Madrid,418.0,14,4,9,8,2,0,1.3163,0.913167,0.913167,7.0588235294117645,12,1.0,Carlo Ancelotti,4-3-3 Attacking,442000000.0,29.03117416464439,181.8181818181818,728.0,0
943,H,2022-01-02,15:15,3607610.0,H,Rayo Vallecano,367.0,5,0,2,12,0,0,0.1305,0.104074,0.104074,8.181818181818182,0,7.0,Andoni Iraola,4-2-3-1,32500000.0,26.993715387965903,178.0909090909091,37.0,0
944,D,2022-01-02,15:15,3607618.0,D,Granada,16795.0,10,5,3,15,3,0,0.9983,0.965958,0.965958,8.095238095238095,7,13.0,Robert Moreno,4-4-2 double 6,42100000.0,28.981395059423804,182.45454545454547,65.0,0
945,D,2022-01-02,17:30,3607609.0,A,Real Sociedad,681.0,10,4,3,10,3,0,1.2383,1.38111,1.38111,7.769230769230769,8,6.0,Imanol Alguacil,4-2-3-1,221000000.0,26.475266007093524,181.36363636363637,134.0,0
946,A,2022-01-02,17:30,3607611.0,A,Celta Vigo,940.0,7,5,3,11,2,0,2.1962,1.872,1.12872,12.8,4,12.0,Eduardo Coudet,4-4-2 Diamond,78500000.0,27.339680169248957,179.0,94.0,0
947,A,2022-01-02,20:00,3607612.0,A,Barcelona,131.0,13,4,3,24,2,0,1.8828,1.61795,1.61795,5.033333333333333,3,5.0,Xavi,4-3-3 Attacking,219000000.0,24.550308008213552,183.1818181818182,225.0,0
948,A,2022-01-03,20:15,3607614.0,D,Sevilla,368.0,14,4,8,9,1,0,2.2692,1.28387,1.28387,8.285714285714286,14,2.0,Julen Lopetegui,4-3-3 Attacking,163500000.0,29.584966710223384,180.9090909090909,403.0,0
949,A,2022-01-03,20:00,3607615.0,A,Athletic Club,621.0,17,5,5,7,2,0,2.6607,2.48538,2.48538,16.3125,8,10.0,Marcelino,4-2-3-1,135000000.0,27.840457967768028,180.63636363636363,117.0,0
950,H,2022-01-03,18:00,3607617.0,H,Levante,3368.0,7,3,5,9,2,0,0.0243999999999999,0.423407,0.423407,10.892857142857142,3,20.0,Alessio Lisci,4-1-4-1,56800000.0,27.93080704374339,181.1818181818182,97.0,0
951,H,2022-01-08,13:00,3607622.0,D,Mallorca,237.0,15,8,5,11,1,0,1.2485,1.16534,0.422064,14.23076923076923,3,15.0,Luis García,4-2-3-1,28600000.0,25.62304772571713,179.72727272727272,56.0,0
952,H,2022-01-08,15:15,3607625.0,H,Celta Vigo,940.0,4,0,4,18,3,0,0.1375,0.313993,0.313993,4.533333333333333,4,14.0,Eduardo Coudet,4-4-2 Diamond,83000000.0,28.46244788749922,177.54545454545453,117.0,0
953,D,2022-01-08,17:30,3607620.0,D,Barcelona,131.0,13,1,2,21,5,1,1.5564,0.967234,0.967234,5.653846153846154,1,6.0,Xavi,4-3-3 Attacking,185000000.0,27.906913073237504,181.45454545454547,435.0,0
954,H,2022-01-08,20:00,3607624.0,H,Valencia,1049.0,12,7,8,24,3,0,0.0538,1.12054,0.27707,13.285714285714286,2,10.0,Pepe Bordalás,4-2-3-1,149000000.0,26.442660693174044,182.63636363636363,281.0,0
955,D,2022-01-09,13:00,3607627.0,A,Real Betis,150.0,9,5,4,13,3,1,1.1595,1.26688,1.26688,10.583333333333334,6,3.0,Manuel Pellegrini,4-2-3-1,160000000.0,28.668284487586334,182.8181818181818,173.0,0
956,H,2022-01-09,15:15,3607626.0,H,Getafe,3709.0,4,2,2,20,3,0,0.7125000000000001,0.114607,0.114607,16.392857142857142,6,17.0,Quique Sánchez Flores,5-3-2,74000000.0,27.73144172733495,184.1818181818182,236.0,0
957,D,2022-01-09,17:30,3607619.0,D,Athletic Club,621.0,10,2,5,11,0,0,1.1412,0.463719,0.463719,4.1923076923076925,4,9.0,Marcelino,4-2-3-1,135000000.0,27.856885072490822,180.63636363636363,117.0,0
958,H,2022-01-09,17:30,3607623.0,H,Cadiz,2687.0,6,1,7,13,2,0,0.0282,0.210192,0.210192,13.055555555555555,1,19.0,Álvaro Cervera,4-2-3-1,31500000.0,27.129861240744198,180.9090909090909,35.0,0
959,D,2022-01-09,20:00,3607628.0,D,Atletico Madrid,13.0,7,5,3,8,2,1,0.318,0.882404,0.882404,17.470588235294116,5,4.0,Diego Simeone,4-4-2 double 6,383000000.0,27.21971252566735,181.1818181818182,389.0,0
960,A,2022-01-10,20:00,3607621.0,A,Elche,1531.0,3,2,0,18,6,0,0.7396,0.662335,0.662335,12.9,3,16.0,Francisco Rodríguez,4-4-2 double 6,19700000.0,29.53344533632008,184.1818181818182,95.0,0
961,H,2022-01-16,13:00,3610279.0,D,Villarreal,1050.0,9,4,8,15,3,0,1.9286,0.755426,0.755426,8.48,5,9.0,Unai Emery,4-4-2 double 6,188000000.0,28.310123825524236,182.0909090909091,213.0,0
962,H,2022-01-18,19:00,3610273.0,H,Alaves,1108.0,9,2,3,14,0,0,0.2117,0.260065,0.260065,14.6,2,18.0,José Luis Mendilibar,4-4-2,33700000.0,28.419886752535625,183.45454545454547,45.0,0
963,D,2022-01-18,20:30,3610277.0,A,Espanyol,714.0,14,7,2,9,1,0,2.2142,1.91578,1.91578,9.91304347826087,5,11.0,Vicente Moreno,4-2-3-1,54000000.0,27.88998817746251,180.45454545454547,11.0,0
964,H,2022-01-19,18:00,3610274.0,H,Osasuna,331.0,9,0,5,11,2,0,0.3661,0.46556,0.46556,7.678571428571429,2,13.0,Jagoba Arrasate,4-3-3 Attacking,45550000.0,27.76379814572833,183.0909090909091,47.0,0
965,D,2022-01-19,20:30,3610278.0,D,Sevilla,368.0,12,3,4,14,3,0,1.8972,1.17995,1.17995,6.923076923076923,3,2.0,Julen Lopetegui,4-3-3 Attacking,153400000.0,28.865907535312054,180.0909090909091,246.0,0
966,H,2022-01-20,18:00,3610276.0,D,Granada,16795.0,7,4,8,10,4,0,1.0406,0.856476,0.856476,14.0,4,14.0,Robert Moreno,4-4-2,40500000.0,27.945740775309563,181.8181818181818,65.0,0
967,A,2022-01-21,20:00,3610293.0,A,Real Betis,150.0,15,8,5,12,4,0,2.2416,2.85687,2.1136,9.333333333333334,11,3.0,Manuel Pellegrini,4-2-3-1,134900000.0,29.668346711467862,181.45454545454547,227.0,0
968,A,2022-01-22,13:00,3610294.0,A,Cadiz,2687.0,8,2,2,16,6,0,1.2046,0.911469,0.911469,15.944444444444445,1,18.0,Sergio,4-4-2,30000000.0,28.647875054445898,179.9090909090909,70.0,0
969,H,2022-01-22,15:15,3610299.0,H,Mallorca,237.0,8,2,6,12,2,1,0.8921,1.59983,1.59983,8.266666666666667,3,17.0,Luis García,4-3-3 Attacking,32200000.0,27.38099682658204,179.27272727272728,73.0,0
970,D,2022-01-22,17:30,3610297.0,A,Celta Vigo,940.0,6,4,0,16,4,0,0.918,0.469693,0.469693,15.590909090909092,2,12.0,Eduardo Coudet,4-4-2 Diamond,83000000.0,28.50077779851907,177.54545454545453,117.0,0
971,H,2022-01-22,20:00,3610291.0,A,Valencia,1049.0,7,3,4,22,6,0,0.3324,0.726623,0.726623,9.88,3,10.0,Pepe Bordalás,3-5-2 flat,143000000.0,24.617012009209134,180.63636363636363,169.0,0
972,A,2022-01-23,20:00,3610290.0,D,Barcelona,131.0,10,4,10,8,0,0,1.7449,1.14948,1.14948,6.357142857142857,6,6.0,Xavi,4-3-3 Attacking,331000000.0,26.586273411735423,182.45454545454547,577.0,0
973,D,2022-01-23,17:30,3610296.0,D,Getafe,3709.0,9,2,2,13,1,0,0.5385,0.350506,0.350506,12.709677419354838,1,16.0,Quique Sánchez Flores,5-3-2,98000000.0,26.94841640221517,182.45454545454547,269.0,0
974,A,2022-01-23,17:30,3610298.0,A,Athletic Club,621.0,9,3,7,20,6,0,0.5636,0.412898,0.412898,7.333333333333333,2,9.0,Marcelino,4-4-2 double 6,107700000.0,27.617945367432018,180.8181818181818,122.0,0
975,A,2022-01-23,13:00,3610292.0,D,Osasuna,331.0,16,7,3,15,2,0,2.5469,2.17061,2.17061,7.0,7,11.0,Jagoba Arrasate,4-4-2 double 6,68000000.0,27.512413664364384,181.36363636363637,56.0,0
976,D,2022-01-23,15:15,3610295.0,A,Elche,1531.0,3,2,3,14,1,0,0.0531,0.725434,0.725434,19.823529411764707,0,15.0,Francisco Rodríguez,4-4-2 double 6,23700000.0,28.55802376952274,182.9090909090909,49.0,0
977,H,2022-02-04,20:00,3610325.0,H,Levante,3368.0,11,2,8,13,3,0,0.78,0.556029,0.556029,9.3,6,20.0,Alessio Lisci,3-4-3,47100000.0,28.01518262709228,182.0,96.0,0
978,H,2022-02-05,13:00,3610329.0,A,Alaves,1108.0,6,2,3,11,1,0,0.8854,1.12234,1.12234,8.208333333333334,2,19.0,José Luis Mendilibar,4-4-2,32600000.0,28.917180013689254,182.72727272727272,28.0,0
979,H,2022-02-05,15:15,3610324.0,D,Cadiz,2687.0,12,5,4,15,4,0,0.4123,0.887418,0.887418,8.285714285714286,9,18.0,Sergio,4-4-2,28200000.0,29.728330533258667,179.9090909090909,98.0,0
980,H,2022-02-05,17:30,3610323.0,H,Rayo Vallecano,367.0,11,0,2,17,2,0,1.3297,0.678815,0.678815,7.607142857142857,5,9.0,Andoni Iraola,4-2-3-1,36200000.0,27.72273038392135,181.0,157.0,0
981,D,2022-02-05,20:00,3610326.0,D,Sevilla,368.0,9,4,1,7,1,0,2.3384,1.34983,0.603039,4.68,1,2.0,Julen Lopetegui,3-4-3,218000000.0,28.372098811523866,183.27272727272728,516.0,0
982,H,2022-02-06,20:00,3610327.0,D,Granada,16795.0,7,3,2,11,1,0,0.5162,0.39522,0.39522,19.9375,3,16.0,Robert Moreno,4-4-2 double 6,40100000.0,27.322008586895652,182.0909090909091,61.0,0
983,A,2022-02-06,17:30,3610322.0,A,Villarreal,1050.0,9,3,6,14,3,0,1.9067,1.34131,1.34131,10.15625,4,7.0,Unai Emery,4-4-2 double 6,184000000.0,28.914193267376017,182.8181818181818,196.0,0
984,D,2022-02-06,13:00,3610328.0,D,Real Sociedad,681.0,8,2,9,14,2,0,0.7365,0.539612,0.539612,5.6875,1,5.0,Imanol Alguacil,4-3-3 Attacking,259500000.0,26.339617945367433,182.0909090909091,223.0,0
985,H,2022-02-06,15:15,3610321.0,H,Atletico Madrid,13.0,10,4,5,13,2,0,1.9517,1.61465,1.61465,13.05,4,6.0,Diego Simeone,4-4-2 double 6,395000000.0,28.51372036587642,181.45454545454547,719.0,0
986,H,2022-02-07,20:00,3610320.0,H,Espanyol,714.0,7,3,3,11,3,0,0.8378,0.580028,0.580028,10.842105263157896,3,13.0,Vicente Moreno,4-4-1-1,48700000.0,27.19980088357912,180.0,31.0,0
987,H,2022-02-11,20:00,3610347.0,D,Elche,1531.0,7,1,4,14,5,0,0.8015,0.28732,0.28732,18.8,3,14.0,Francisco Rodríguez,4-4-2 double 6,21900000.0,29.518511604753904,184.1818181818182,95.0,0
988,D,2022-02-12,13:00,3610343.0,D,Celta Vigo,940.0,6,1,3,19,2,0,1.3236,0.900788,0.157511,6.206896551724138,1,11.0,Eduardo Coudet,4-4-2 Diamond,92000000.0,28.558272665048847,177.54545454545453,117.0,0
989,D,2022-02-12,15:15,3610349.0,D,Real Madrid,418.0,17,6,3,10,4,0,2.5611999999999995,2.11101,2.11101,10.952380952380953,4,1.0,Carlo Ancelotti,4-3-3 Attacking,484000000.0,28.47041254433452,182.45454545454547,551.0,0
990,A,2022-02-12,17:30,3610348.0,A,Osasuna,331.0,12,5,5,16,1,0,2.4987,2.12321,2.12321,7.678571428571429,3,10.0,Jagoba Arrasate,4-1-4-1,78000000.0,27.567170680107026,181.36363636363637,56.0,0
991,H,2022-02-12,20:00,3610341.0,D,Getafe,3709.0,10,4,4,17,4,0,0.716,2.2661,0.779549,9.074074074074074,2,16.0,Quique Sánchez Flores,5-3-2,100000000.0,27.224939331715515,183.0,310.0,0
992,H,2022-02-13,13:00,3610340.0,H,Valencia,1049.0,9,4,9,17,3,0,0.6563000000000001,1.18082,0.437541,4.8,3,12.0,Pepe Bordalás,4-4-2 double 6,154800000.0,23.61097629270114,182.27272727272728,221.0,0
993,A,2022-02-13,15:15,3610345.0,A,Real Betis,150.0,19,11,7,8,2,0,1.6897,2.09703,2.09703,8.956521739130435,7,3.0,Manuel Pellegrini,4-2-3-1,136500000.0,28.17746251011138,183.0,193.0,0
994,H,2022-02-13,17:30,3610346.0,H,Granada,16795.0,15,2,5,13,2,0,0.1226999999999999,0.773811,0.773811,12.5,2,17.0,Robert Moreno,4-4-2 double 6,55400000.0,26.230850600460453,182.1818181818182,67.0,0
995,D,2022-02-13,20:00,3610344.0,D,Barcelona,131.0,12,4,5,13,4,1,2.2107,1.62221,1.62221,7.090909090909091,6,5.0,Xavi,4-3-3 Attacking,412000000.0,25.91226432704872,181.1818181818182,539.0,0
996,H,2022-02-14,20:00,3610342.0,H,Athletic Club,621.0,7,2,6,15,4,0,1.1669,1.54391,1.54391,7.2105263157894735,8,8.0,Marcelino,4-2-3-1,93200000.0,27.757575757575754,182.1818181818182,74.0,0
997,A,2022-02-16,18:00,3610271.0,D,Levante,3368.0,8,5,3,19,4,0,1.0437,0.813252,0.813252,7.625,4,20.0,Alessio Lisci,5-3-2,39500000.0,28.58490448634186,180.0,82.0,0
998,H,2022-02-18,20:00,3610369.0,D,Rayo Vallecano,367.0,13,2,3,15,4,0,0.1776,0.832156,0.832156,8.695652173913043,1,9.0,Andoni Iraola,4-2-3-1,32800000.0,28.031858627341173,179.1818181818182,32.0,0
999,D,2022-02-19,17:30,3610363.0,D,Getafe,3709.0,6,1,2,11,4,0,1.6382,0.885378,0.142101,23.0,1,15.0,Quique Sánchez Flores,5-3-2,89500000.0,27.324497542156678,183.0909090909091,297.0,0
1000,H,2022-02-19,20:00,3610367.0,D,Alaves,1108.0,7,2,1,11,1,0,0.1287,0.63724,0.63724,17.57894736842105,2,18.0,José Luis Mendilibar,4-1-4-1,37300000.0,28.700143114927506,184.45454545454547,55.0,0
1001,A,2022-02-19,15:15,3610366.0,A,Atletico Madrid,13.0,5,4,2,19,2,0,1.6012000000000002,0.928671,0.928671,14.5,1,5.0,Diego Simeone,4-4-2,370000000.0,29.120527658515343,182.54545454545453,778.0,0
1002,A,2022-02-19,13:00,3610364.0,A,Villarreal,1050.0,15,7,2,10,6,0,2.847,5.34192,3.85537,10.666666666666666,7,7.0,Unai Emery,4-4-2,223000000.0,28.076162030987494,181.36363636363637,288.0,0
1003,D,2022-02-20,13:00,3610365.0,A,Sevilla,368.0,7,2,7,14,5,1,0.8234,0.958453,0.958453,7.88,5,2.0,Julen Lopetegui,4-3-3 Attacking,261000000.0,28.292950034223136,183.45454545454547,389.0,0
1004,A,2022-02-20,15:15,3610368.0,A,Barcelona,131.0,6,6,3,16,4,0,2.6409,2.4686,2.4686,4.875,9,4.0,Xavi,4-3-3 Attacking,362000000.0,25.767656026382927,181.27272727272728,651.0,0
1005,H,2022-02-20,17:30,3610361.0,H,Mallorca,237.0,10,1,7,17,2,0,0.373,0.33988,0.33988,8.235294117647058,3,16.0,Luis García,4-4-2,38500000.0,29.73803745877668,180.1818181818182,133.0,0
1006,H,2022-02-20,20:00,3610360.0,D,Real Sociedad,681.0,9,2,4,9,1,0,0.087,0.528403,0.528403,9.22222222222222,1,6.0,Imanol Alguacil,4-2-3-1,254000000.0,26.61614087486777,181.0,223.0,0
1007,D,2022-02-21,20:00,3610362.0,D,Levante,3368.0,13,3,5,16,5,0,1.4768,1.54675,1.54675,13.0,5,20.0,Alessio Lisci,5-4-1,28000000.0,28.781531951963164,180.54545454545453,89.0,0
1008,H,2022-02-25,20:00,3610375.0,H,Elche,1531.0,8,3,3,8,2,1,0.5236000000000001,1.0394,1.0394,15.571428571428571,8,13.0,Francisco Rodríguez,4-4-2 double 6,34600000.0,29.38385912513223,184.27272727272728,91.0,0
1009,A,2022-02-26,13:00,3610372.0,A,Valencia,1049.0,8,4,1,21,6,1,0.8517,0.71964,0.71964,10.391304347826088,3,10.0,Pepe Bordalás,3-4-1-2,153000000.0,24.46966585775621,184.9090909090909,173.0,0
1010,D,2022-02-26,15:15,3610373.0,A,Alaves,1108.0,7,3,1,24,4,0,1.4447,1.33865,1.33865,4.818181818181818,2,18.0,José Luis Mendilibar,4-1-4-1,36000000.0,29.647190591749112,184.36363636363637,27.0,0
1011,A,2022-02-26,17:30,3610378.0,D,Real Madrid,418.0,13,6,9,5,3,0,1.921,1.92697,1.92697,11.36842105263158,14,1.0,Carlo Ancelotti,4-3-3 Attacking,450000000.0,29.399539543276713,182.0,698.0,0
1012,H,2022-02-26,20:00,3610370.0,H,Celta Vigo,940.0,16,2,9,7,3,0,1.2619,0.724951,0.724951,10.3,6,11.0,Eduardo Coudet,4-4-2 Diamond,92000000.0,28.596602576068697,177.54545454545453,117.0,0
1013,H,2022-02-27,13:00,3610379.0,H,Espanyol,714.0,7,2,3,12,1,0,0.0112,0.641431,0.641431,13.0,2,14.0,Vicente Moreno,4-1-4-1,85500000.0,27.60674506875739,180.72727272727272,76.0,0
1014,H,2022-02-27,15:15,3610377.0,H,Real Betis,150.0,10,2,4,16,3,0,0.5467,0.745673,0.745673,9.045454545454543,3,3.0,Manuel Pellegrini,4-1-4-1,152900000.0,30.530023022836165,181.45454545454547,171.0,0
1015,H,2022-02-27,17:30,3610376.0,D,Osasuna,331.0,11,1,5,9,4,0,0.4291,0.410683,0.410683,12.25,6,12.0,Jagoba Arrasate,4-4-1-1,78000000.0,27.608238441914008,181.36363636363637,56.0,0
1016,H,2022-02-27,20:00,3610371.0,H,Athletic Club,621.0,6,3,0,10,1,0,0.0562,0.332521,0.332521,18.55172413793104,1,8.0,Marcelino,4-4-2 double 6,77700000.0,26.329413228797215,181.54545454545453,85.0,0
1017,D,2022-02-28,20:00,3610374.0,D,Cadiz,2687.0,12,4,4,17,3,0,1.9781,0.902122,0.902122,6.88,7,19.0,Sergio,3-4-3,25250000.0,29.078215419077843,181.0,94.0,0
1018,A,2022-03-02,20:00,3610275.0,A,Real Sociedad,681.0,13,3,4,9,2,0,2.2045,1.44904,1.44904,10.571428571428571,7,4.0,Imanol Alguacil,4-2-3-1,236100000.0,26.751042250015555,181.63636363636363,211.0,0
1019,D,2022-03-04,20:00,3610400.0,D,Sevilla,368.0,13,4,5,8,1,0,0.6651,1.07969,1.07969,10.090909090909092,8,2.0,Julen Lopetegui,4-3-3 Attacking,225000000.0,29.531703067637363,181.36363636363637,690.0,0
1020,H,2022-03-05,13:00,3610406.0,D,Villarreal,1050.0,10,1,8,6,0,0,0.5753,0.522906,0.522906,9.545454545454543,10,7.0,Unai Emery,4-4-2 double 6,214500000.0,28.299421317901814,181.0,241.0,0
1021,H,2022-03-05,15:15,3610405.0,H,Getafe,3709.0,12,3,5,15,5,0,1.6395,0.477665,0.477665,9.516129032258064,4,15.0,Quique Sánchez Flores,3-5-2 flat,96500000.0,26.257980212805673,184.72727272727272,300.0,0
1022,H,2022-03-05,17:30,3610408.0,D,Granada,16795.0,7,0,6,13,3,0,0.184,0.209802,0.209802,16.09090909090909,3,17.0,Robert Moreno,4-3-3 Attacking,45700000.0,27.55522369485408,182.63636363636363,61.0,0
1023,H,2022-03-05,20:00,3610407.0,H,Real Sociedad,681.0,1,1,1,14,2,0,0.3056,0.743278,0.0,19.73333333333333,1,6.0,Imanol Alguacil,4-2-3-1,246600000.0,26.79907908655342,182.0,198.0,0
1024,H,2022-03-06,13:00,3610404.0,D,Rayo Vallecano,367.0,14,3,6,15,3,0,1.1236,0.908358,0.908358,8.842105263157896,3,12.0,Andoni Iraola,4-1-4-1,27300000.0,28.23819301848049,179.27272727272728,61.0,0
1025,A,2022-03-06,15:15,3610409.0,H,Barcelona,131.0,20,9,6,8,6,0,2.8891,4.0864,3.34312,7.0588235294117645,11,3.0,Xavi,4-3-3 Attacking,367000000.0,28.41465994648746,181.54545454545453,580.0,0
1026,H,2022-03-06,17:30,3610403.0,H,Mallorca,237.0,12,3,5,9,4,0,0.5655,1.59076,0.847484,15.636363636363637,4,16.0,Luis García,3-5-2 flat,40500000.0,27.689129487897457,181.0909090909091,148.0,0
1027,A,2022-03-06,20:00,3610402.0,D,Atletico Madrid,13.0,8,6,3,10,3,0,2.2979,2.6744,2.6744,26.5,6,4.0,Diego Simeone,4-4-2,382000000.0,27.940016178209195,181.45454545454547,541.0,0
1028,H,2022-03-07,20:00,3610401.0,D,Levante,3368.0,5,2,3,14,2,0,0.0672,0.552215,0.552215,9.2,4,20.0,Alessio Lisci,5-4-1,34500000.0,29.358969572521936,180.72727272727272,1.0,0
1029,H,2022-03-11,20:00,3610430.0,D,Cadiz,2687.0,14,3,4,14,1,0,1.4496,0.817457,0.817457,9.44,1,18.0,Sergio,4-4-2 double 6,29750000.0,29.114305270362763,180.8181818181818,79.0,0
1030,D,2022-03-12,13:00,3610436.0,D,Espanyol,714.0,6,1,2,10,4,0,0.6074999999999999,0.47916,0.47916,14.38888888888889,5,13.0,Vicente Moreno,4-1-4-1,84500000.0,27.327484288469915,180.63636363636363,76.0,0
1031,A,2022-03-12,15:15,3610435.0,A,Elche,1531.0,13,2,3,16,6,0,1.3291,1.32937,1.32937,10.04,3,14.0,Francisco Rodríguez,4-4-2 double 6,41700000.0,28.566237321884138,183.27272727272728,102.0,0
1032,H,2022-03-12,17:30,3610439.0,D,Celta Vigo,940.0,12,2,6,14,1,0,1.1105,0.933297,0.933297,7.09375,6,10.0,Eduardo Coudet,4-4-2 Diamond,73200000.0,29.747744384294695,178.72727272727272,110.0,0
1033,D,2022-03-12,20:00,3610434.0,D,Valencia,1049.0,6,0,3,21,5,0,0.4795,0.250843,0.250843,5.923076923076923,1,9.0,Pepe Bordalás,3-4-3,166000000.0,24.302408064215047,183.27272727272728,157.0,0
1034,H,2022-03-13,20:00,3610431.0,H,Osasuna,331.0,4,3,1,4,4,0,0.0089,0.110884,0.110884,33.53333333333333,0,11.0,Jagoba Arrasate,4-4-1-1,57800000.0,27.30632816875117,182.63636363636363,11.0,0
1035,H,2022-03-13,17:30,3610437.0,D,Alaves,1108.0,13,4,4,12,1,0,0.1675,0.666399,0.666399,12.26086956521739,8,19.0,José Luis Mendilibar,4-2-3-1,34000000.0,29.586211187853902,183.63636363636363,24.0,0
1036,D,2022-03-13,13:00,3610438.0,D,Sevilla,368.0,3,2,6,15,1,0,1.0533,0.412843,0.412843,7.857142857142857,1,2.0,Julen Lopetegui,4-2-3-1,167000000.0,29.054072553045856,181.8181818181818,557.0,0
1037,H,2022-03-13,15:15,3610432.0,H,Athletic Club,621.0,11,2,6,12,5,0,1.1461,0.707634,0.707634,10.826086956521738,5,8.0,Marcelino,4-4-2 double 6,136800000.0,26.851347147035032,182.1818181818182,106.0,0
1038,A,2022-03-14,20:00,3610433.0,D,Real Madrid,418.0,11,5,6,15,3,0,1.9036,1.81712,1.07384,7.074074074074074,13,1.0,Carlo Ancelotti,4-3-3 Attacking,494000000.0,28.376578930993716,181.63636363636363,605.0,0
1039,D,2022-03-18,20:00,3610559.0,D,Getafe,3709.0,7,2,2,13,5,2,0.2113,0.562831,0.562831,17.1875,0,15.0,Quique Sánchez Flores,5-3-2,91300000.0,26.82147968390268,182.0909090909091,208.0,0
1040,A,2022-03-19,13:00,3610558.0,D,Granada,16795.0,12,3,2,10,6,1,1.4029999999999998,2.19056,2.19056,8.357142857142858,7,16.0,Rubén Torrecilla,5-3-2,42000000.0,28.728517204903245,181.8181818181818,54.0,0
1041,A,2022-03-19,15:15,3610567.0,D,Valencia,1049.0,8,3,2,14,3,0,1.7742,0.979663,0.979663,6.115384615384615,3,9.0,Pepe Bordalás,4-1-4-1,192000000.0,23.524360649617325,183.45454545454547,203.0,0
1042,H,2022-03-19,17:30,3610563.0,H,Levante,3368.0,13,4,1,17,1,0,0.5253,1.21866,1.21866,9.909090909090908,7,20.0,Alessio Lisci,5-3-2,33700000.0,27.65776865160849,181.27272727272728,90.0,0
1043,A,2022-03-19,20:00,3610566.0,D,Atletico Madrid,13.0,11,3,6,12,0,1,0.8552,1.1919,1.1919,14.72222222222222,6,4.0,Diego Simeone,3-5-2 flat,381000000.0,28.18692054010329,181.1818181818182,798.0,0
1044,A,2022-03-20,20:00,3610564.0,A,Barcelona,131.0,18,10,3,12,4,0,2.9259,4.25983,4.25983,14.318181818181818,12,3.0,Xavi,4-3-3 Attacking,341000000.0,27.248584406695286,183.27272727272728,626.0,0
1045,H,2022-03-20,13:00,3610562.0,H,Mallorca,237.0,9,3,6,12,3,0,0.3524,0.306153,0.306153,10.105263157894736,10,18.0,Luis García,4-4-2,36900000.0,28.681973741521997,181.0,146.0,0
1046,H,2022-03-20,15:15,3610561.0,D,Villarreal,1050.0,3,1,3,11,2,0,0.2936999999999999,0.192945,0.192945,7.766666666666667,6,7.0,Unai Emery,4-4-2,154000000.0,28.592620247651045,182.54545454545453,309.0,0
1047,D,2022-03-20,15:15,3610560.0,D,Real Betis,150.0,7,1,2,12,2,0,0.5961000000000001,0.444295,0.444295,15.578947368421051,5,5.0,Manuel Pellegrini,4-2-3-1,130000000.0,29.20291207765541,182.45454545454547,193.0,0
1048,D,2022-03-20,17:30,3610565.0,D,Real Sociedad,681.0,13,2,3,13,3,0,2.1681,1.22058,1.22058,18.31578947368421,6,6.0,Imanol Alguacil,4-2-3-1,203000000.0,27.30234584033352,182.45454545454547,183.0,0
1049,A,2022-04-02,17:30,3610572.0,A,Real Madrid,418.0,12,6,3,12,0,0,2.6451,2.94585,0.716019,21.692307692307693,3,1.0,Carlo Ancelotti,4-3-3 Attacking,477000000.0,29.322630825710906,182.0,738.0,0
1050,H,2022-04-02,20:00,3610569.0,H,Alaves,1108.0,7,1,2,13,0,0,0.0854999999999999,0.518108,0.518108,8.428571428571429,1,19.0,José Luis Mendilibar,4-3-3 Attacking,32500000.0,30.09370916557775,183.36363636363637,24.0,0
1051,H,2022-04-02,13:00,3610573.0,D,Mallorca,237.0,7,1,1,22,6,1,0.2420999999999999,0.308149,0.308149,7.433333333333334,4,18.0,Javier Aguirre,5-3-2,31700000.0,28.584655590815757,182.9090909090909,89.0,0
1052,H,2022-04-02,15:15,3610575.0,D,Villarreal,1050.0,13,2,8,13,2,0,0.8014000000000001,1.10171,1.10171,7.346153846153846,15,7.0,Unai Emery,4-4-2 double 6,258000000.0,28.508493559828263,183.72727272727272,161.0,0
1053,H,2022-04-03,20:00,3610570.0,D,Sevilla,368.0,8,3,2,8,3,0,0.3788,0.488161,0.488161,16.055555555555557,5,3.0,Julen Lopetegui,4-2-3-1,228000000.0,29.405264140377074,183.45454545454547,439.0,0
1054,D,2022-04-03,17:30,3610577.0,D,Cadiz,2687.0,4,3,3,18,6,1,1.2313999999999998,0.196233,0.196233,5.870967741935484,2,17.0,Sergio,4-4-2,29700000.0,29.35249828884326,180.63636363636363,15.0,0
1055,H,2022-04-03,13:00,3610568.0,H,Elche,1531.0,6,2,4,16,4,0,0.3247,0.45189,0.45189,8.818181818181818,1,14.0,Francisco Rodríguez,4-4-2 double 6,35700000.0,28.928878103416093,181.63636363636363,13.0,0
1056,H,2022-04-03,15:15,3610571.0,H,Osasuna,331.0,10,3,7,5,3,0,0.0015,0.310951,0.310951,11.047619047619047,3,10.0,Jagoba Arrasate,4-3-3 Attacking,79000000.0,27.704063219463627,181.36363636363637,56.0,0
1057,D,2022-04-03,17:30,3610574.0,A,Rayo Vallecano,367.0,10,4,4,14,5,1,0.5436000000000001,1.04645,1.04645,7.470588235294118,1,12.0,Andoni Iraola,4-2-3-1,35800000.0,28.061477194947418,180.63636363636363,125.0,0
1058,H,2022-04-04,20:00,3610576.0,D,Espanyol,714.0,8,2,0,13,4,0,0.4336,0.714821,0.714821,29.75,3,13.0,Vicente Moreno,4-4-1-1,62100000.0,26.989733059548257,180.27272727272728,57.0,0
1059,H,2022-04-08,20:00,3611445.0,D,Granada,16795.0,15,5,3,7,2,0,0.1468999999999999,0.981555,0.981555,24.714285714285715,3,16.0,Rubén Torrecilla,3-5-2,51500000.0,26.593989173044612,182.36363636363637,116.0,0
1060,A,2022-04-09,13:00,3611440.0,D,Real Betis,150.0,10,3,4,10,2,0,1.4123,1.22849,0.485211,7.294117647058823,7,5.0,Manuel Pellegrini,4-2-3-1,135500000.0,31.053450314230602,178.63636363636363,337.0,0
1061,H,2022-04-09,15:15,3611439.0,D,Atletico Madrid,13.0,9,1,6,11,4,0,0.7784,0.575266,0.575266,5.769230769230769,8,4.0,Diego Simeone,3-5-2 flat,306000000.0,30.084251135585838,182.9090909090909,765.0,0
1062,D,2022-04-09,17:30,3611447.0,A,Athletic Club,621.0,12,6,2,15,3,0,2.2608,2.04982,2.04982,14.346153846153848,6,8.0,Marcelino,4-4-2 double 6,130500000.0,28.356169497853276,181.45454545454547,102.0,0
1063,H,2022-04-09,20:00,3611444.0,H,Getafe,3709.0,8,0,2,11,2,0,0.4079,0.407933,0.407933,31.0,1,15.0,Quique Sánchez Flores,5-3-2,101800000.0,27.03428535872068,184.1818181818182,290.0,0
1064,H,2022-04-10,13:00,3611443.0,D,Alaves,1108.0,8,2,3,6,1,0,0.2019,0.779772,0.779772,21.785714285714285,2,19.0,Julio Velázquez,4-2-3-1,35400000.0,29.437122767718247,182.54545454545453,18.0,0
1065,H,2022-04-10,15:15,3611441.0,D,Celta Vigo,940.0,10,5,3,21,1,0,0.6311,0.6961,0.6961,9.10344827586207,5,13.0,Eduardo Coudet,4-4-2 Diamond,92000000.0,28.55503702320951,177.72727272727272,114.0,0
1066,A,2022-04-10,17:30,3611448.0,A,Real Sociedad,681.0,17,6,9,12,3,0,2.1729000000000003,2.08213,2.08213,7.076923076923077,8,6.0,Imanol Alguacil,4-3-1-2,208000000.0,27.244850973803747,183.36363636363637,225.0,0
1067,A,2022-04-10,20:00,3611442.0,D,Barcelona,131.0,14,7,3,7,1,0,0.3469,1.36074,1.36074,17.272727272727273,6,2.0,Xavi,4-3-3 Attacking,282000000.0,27.727708294443406,182.54545454545453,597.0,0
1068,D,2022-04-11,20:00,3611446.0,D,Valencia,1049.0,6,2,4,17,4,0,1.2962,0.56958,0.56958,8.814814814814815,3,9.0,Pepe Bordalás,4-1-4-1,215000000.0,23.81805737041877,181.36363636363637,228.0,0
1069,D,2022-04-15,20:00,3611455.0,D,Real Betis,150.0,9,2,1,7,4,0,0.8079999999999999,0.377534,0.377534,22.416666666666668,6,5.0,Manuel Pellegrini,4-2-3-1,167000000.0,30.277642959367803,181.1818181818182,213.0,0
1070,A,2022-04-16,20:00,3611453.0,A,Villarreal,1050.0,11,6,6,6,0,0,2.6357,2.82388,2.82388,11.933333333333334,9,7.0,Unai Emery,4-3-3 Attacking,184000000.0,29.114305270362767,182.1818181818182,228.0,0
1071,A,2022-04-16,17:30,3611457.0,D,Osasuna,331.0,9,3,5,22,2,0,1.1698,1.06317,0.31989,4.857142857142857,3,9.0,Jagoba Arrasate,4-4-2 double 6,70500000.0,28.91444216290212,182.8181818181818,52.0,0
1072,H,2022-04-16,15:15,3611449.0,D,Rayo Vallecano,367.0,20,3,12,9,3,1,1.9474,1.22034,1.22034,4.782608695652174,5,13.0,Andoni Iraola,4-2-3-1,36700000.0,27.29562566112874,180.63636363636363,125.0,0
1073,H,2022-04-16,13:00,3611458.0,H,Mallorca,237.0,13,2,1,13,3,0,0.9449,1.06428,1.06428,11.347826086956522,9,18.0,Javier Aguirre,5-4-1,34900000.0,28.28822101922718,181.27272727272728,89.0,0
1074,A,2022-04-17,13:00,3611454.0,A,Levante,3368.0,17,8,2,9,2,0,2.8862,4.45893,3.71565,11.5625,7,20.0,Alessio Lisci,5-3-2,27000000.0,28.561757202414288,181.9090909090909,10.0,0
1075,H,2022-04-17,15:15,3611451.0,D,Espanyol,714.0,11,5,3,12,5,0,0.6888000000000001,0.814562,0.814562,12.818181818181818,3,12.0,Vicente Moreno,3-5-2 flat,67300000.0,27.95146537240993,180.72727272727272,34.0,0
1076,A,2022-04-17,17:30,3611450.0,A,Celta Vigo,940.0,6,4,4,15,2,0,1.3211,0.882589,0.882589,7.548387096774194,5,11.0,Eduardo Coudet,4-4-2 Diamond,92000000.0,28.574201978719433,177.72727272727272,114.0,0
1077,A,2022-04-17,20:00,3611456.0,H,Real Madrid,418.0,15,6,3,9,4,0,1.6539,1.53527,1.53527,13.38095238095238,19,1.0,Carlo Ancelotti,4-1-4-1,490000000.0,28.472154813017234,181.0909090909091,760.0,0
1078,A,2022-04-18,20:00,3611452.0,D,Cadiz,2687.0,6,4,1,9,1,0,1.8879,1.92768,1.92768,26.142857142857142,4,16.0,Sergio,4-2-3-1,33000000.0,30.110385165826642,181.0909090909091,5.0,0
1079,H,2022-04-19,18:00,3611462.0,H,Alaves,1108.0,12,4,6,15,6,0,0.9377,0.561806,0.561806,5.257142857142857,4,19.0,Julio Velázquez,4-2-3-1,32400000.0,29.412979901686267,182.45454545454547,28.0,0
1080,A,2022-04-19,20:00,3611460.0,D,Elche,1531.0,9,1,3,14,3,0,0.9387,0.834721,0.834721,23.666666666666668,4,14.0,Francisco Rodríguez,5-4-1 Diamond,27400000.0,28.58415779976355,183.8181818181818,89.0,0
1081,H,2022-04-19,20:30,3611468.0,H,Valencia,1049.0,5,1,2,12,3,0,0.0892,0.313345,0.313345,11.416666666666666,3,10.0,Pepe Bordalás,3-1-4-2,98550000.0,23.54900130670151,183.27272727272728,196.0,0
1082,A,2022-04-20,20:30,3611466.0,A,Real Madrid,418.0,23,11,4,7,3,0,2.9652000000000003,4.60461,3.11805,11.27777777777778,18,1.0,Carlo Ancelotti,4-3-3 Attacking,464000000.0,27.073859747371042,182.0909090909091,582.0,0
1083,D,2022-04-20,18:00,3611459.0,D,Granada,16795.0,7,2,1,12,5,0,0.4504,0.150986,0.150986,14.083333333333334,1,18.0,Aitor Karanka,4-2-3-1,52900000.0,27.861614087486775,181.0,69.0,0
1084,A,2022-04-20,19:00,3611461.0,A,Getafe,3709.0,6,3,1,13,5,0,2.3631,1.45896,1.45896,19.571428571428573,5,15.0,Quique Sánchez Flores,5-3-2,103300000.0,26.8316844004729,182.63636363636363,252.0,0
1085,A,2022-04-21,20:30,3611467.0,A,Barcelona,131.0,11,1,3,9,2,0,2.1067,1.96498,1.96498,16.35,8,2.0,Xavi,4-3-3 Attacking,304000000.0,28.78949660879846,182.27272727272728,595.0,0
1086,A,2022-04-21,19:00,3611463.0,A,Athletic Club,621.0,9,7,1,15,5,1,0.7269,2.33226,1.42748,11.428571428571429,5,8.0,Marcelino,4-4-2 double 6,125500000.0,29.03888992595358,182.36363636363637,145.0,0
1087,A,2022-04-21,18:00,3611464.0,A,Rayo Vallecano,367.0,13,2,10,18,4,0,1.8674,1.01579,1.01579,9.862068965517242,2,11.0,Andoni Iraola,4-2-3-1,34500000.0,27.540787754340116,180.27272727272728,90.0,0
1088,A,2022-04-21,18:00,3611465.0,A,Sevilla,368.0,13,6,4,12,5,0,1.2662,2.46009,2.46009,11.0,6,3.0,Julen Lopetegui,4-2-3-1,252000000.0,29.864974177089167,179.8181818181818,534.0,0
1089,A,2022-04-24,20:00,3610272.0,A,Rayo Vallecano,367.0,3,1,1,1,6,0,0.5617,0.247749,0.247749,12.32258064516129,1,5.0,Andoni Iraola,4-2-3-1,38700000.0,26.915562192769585,179.27272727272728,127.0,0
1090,D,2022-04-29,20:00,3611475.0,H,Cadiz,2687.0,10,4,6,11,2,0,1.3092,0.899478,0.899478,12.826086956521738,5,17.0,Sergio,4-2-3-1,33100000.0,30.398606185053826,181.8181818181818,5.0,0
1091,H,2022-04-30,13:00,3611469.0,H,Villarreal,1050.0,16,6,8,5,2,0,0.793,1.14043,1.14043,11.7,11,7.0,Unai Emery,4-2-3-1,153000000.0,28.92265571526352,182.27272727272728,244.0,0
1092,H,2022-04-30,15:15,3611474.0,H,Espanyol,714.0,20,6,8,6,0,0,0.9062,1.64156,1.64156,25.2,8,14.0,Vicente Moreno,4-4-2,80300000.0,28.808661564308384,181.36363636363637,66.0,0
1093,D,2022-04-30,17:30,3611476.0,H,Levante,3368.0,24,6,7,21,3,0,2.1134,1.70278,1.70278,4.045454545454546,5,20.0,Alessio Lisci,5-3-2,28100000.0,28.59859374027752,181.63636363636363,11.0,0
1094,H,2022-04-30,20:00,3611470.0,H,Atletico Madrid,13.0,9,3,3,15,3,0,0.5953,0.503211,0.503211,9.9,3,4.0,Diego Simeone,5-4-1,320000000.0,29.02594735859623,182.1818181818182,760.0,0
1095,D,2022-05-01,13:00,3611478.0,D,Osasuna,331.0,9,3,4,18,2,0,1.6728999999999998,1.11898,0.3757,8.071428571428571,2,9.0,Jagoba Arrasate,5-3-2,79500000.0,28.172484599589325,182.8181818181818,55.0,0
1096,D,2022-05-01,15:15,3611473.0,D,Celta Vigo,940.0,13,6,4,13,3,0,1.6001,1.30137,1.30137,6.3125,6,12.0,Eduardo Coudet,4-4-2 Diamond,96000000.0,28.471159230912825,178.54545454545453,205.0,0
1097,D,2022-05-01,17:30,3611477.0,A,Real Sociedad,681.0,8,3,5,7,1,0,0.9732,0.87498,0.87498,18.5,6,6.0,Imanol Alguacil,4-3-1-2,191000000.0,27.216974674880216,181.9090909090909,171.0,0
1098,H,2022-05-01,20:00,3611471.0,H,Mallorca,237.0,6,2,2,12,3,0,1.0677,1.23981,1.23981,19.88235294117647,4,16.0,Javier Aguirre,3-4-1-2,28200000.0,28.388277020720555,182.63636363636363,19.0,0
1099,D,2022-05-02,20:00,3611472.0,D,Real Betis,150.0,9,4,4,13,1,0,0.9426,0.470229,0.470229,5.48,4,5.0,Manuel Pellegrini,4-2-3-1,136500000.0,30.4901997386597,180.0909090909091,147.0,0
1100,H,2022-05-06,20:00,3611487.0,D,Real Sociedad,681.0,21,6,6,11,3,0,1.431,2.30649,2.30649,5.413793103448276,16,6.0,Imanol Alguacil,4-3-1-2,213000000.0,26.942194014062594,183.36363636363637,225.0,0
1101,A,2022-05-07,20:00,3611481.0,D,Barcelona,131.0,11,5,8,18,2,0,1.8741,1.19659,1.19659,7.821428571428571,9,2.0,Xavi,4-3-3 Attacking,320000000.0,27.39593055814822,180.63636363636363,596.0,0
1102,H,2022-05-07,17:30,3611482.0,H,Alaves,1108.0,3,1,1,7,3,1,0.0389,0.136283,0.136283,21.1,2,20.0,Julio Velázquez,4-2-3-1,28700000.0,29.907286416526663,184.45454545454547,18.0,0
1103,H,2022-05-07,17:30,3611485.0,D,Elche,1531.0,4,2,1,13,0,1,0.1064,0.0634173,0.0634173,25.6,0,14.0,Francisco Rodríguez,4-3-3 Attacking,23800000.0,29.656648621741024,182.0,21.0,0
1104,A,2022-05-07,13:00,3611483.0,D,Granada,16795.0,14,7,5,13,2,0,2.0267,2.64631,2.64631,7.777777777777778,5,17.0,Aitor Karanka,4-2-3-1,53900000.0,27.908157550868022,181.0,69.0,0
1105,D,2022-05-07,15:15,3611479.0,D,Valencia,1049.0,4,1,2,22,4,1,0.2593,0.127375,0.127375,10.181818181818182,4,10.0,Pepe Bordalás,3-5-2 flat,137000000.0,24.110509613589695,184.72727272727272,197.0,0
1106,D,2022-05-08,13:00,3611484.0,D,Rayo Vallecano,367.0,12,1,5,14,4,0,1.4879,0.816549,0.816549,8.909090909090908,6,12.0,Andoni Iraola,4-2-3-1,39800000.0,28.438056125941138,180.1818181818182,125.0,0
1107,D,2022-05-08,15:15,3611488.0,D,Sevilla,368.0,7,2,2,15,0,0,0.3226,0.986887,0.986887,11.80952380952381,4,3.0,Julen Lopetegui,4-3-3 Attacking,235000000.0,29.16059983821791,180.63636363636363,585.0,0
1108,D,2022-05-08,17:30,3611486.0,A,Osasuna,331.0,12,5,6,15,3,0,1.8676,1.11008,1.11008,9.607142857142858,6,9.0,Jagoba Arrasate,5-3-2,67800000.0,27.55970381432394,183.0909090909091,55.0,0
1109,H,2022-05-08,20:00,3611480.0,H,Real Madrid,418.0,15,6,6,7,4,0,0.5488,1.13607,1.13607,19.83333333333333,4,1.0,Carlo Ancelotti,4-3-3 Attacking,315500000.0,26.368489826395372,182.0,332.0,0
1110,A,2022-05-10,18:00,3611496.0,D,Real Betis,150.0,9,5,3,11,3,0,2.0202,1.83636,1.83636,6.944444444444445,4,5.0,Manuel Pellegrini,4-2-3-1,164000000.0,29.016738224130425,181.54545454545453,255.0,0
1111,H,2022-05-10,19:00,3611491.0,H,Athletic Club,621.0,8,1,7,11,2,1,0.6637000000000001,0.35575,0.35575,9.818181818181818,2,8.0,Marcelino,4-4-2,134000000.0,26.737850787132103,180.0,129.0,0
1112,H,2022-05-10,20:30,3611490.0,H,Celta Vigo,940.0,13,5,8,6,0,1,1.0264,0.851127,0.851127,13.565217391304348,7,11.0,Eduardo Coudet,4-4-2 Diamond,83000000.0,29.217348018169375,177.9090909090909,114.0,0
1113,H,2022-05-11,18:00,3611489.0,D,Espanyol,714.0,5,3,3,15,3,1,0.3521,0.902191,0.158913,20.428571428571427,1,13.0,Vicente Moreno,4-3-3 Attacking,82800000.0,28.268807168191152,181.1818181818182,51.0,0
1114,D,2022-05-11,18:00,3611492.0,D,Getafe,3709.0,6,0,2,17,4,1,1.2944,0.582724,0.582724,13.666666666666666,2,15.0,Quique Sánchez Flores,5-3-2,112300000.0,26.274407317528468,185.27272727272728,310.0,0
1115,D,2022-05-11,19:30,3611495.0,D,Mallorca,237.0,10,2,3,18,6,0,0.5636,0.553368,0.553368,14.428571428571429,1,18.0,Javier Aguirre,5-3-2,27500000.0,30.756020160537616,180.63636363636363,87.0,0
1116,A,2022-05-11,20:30,3611498.0,A,Atletico Madrid,13.0,11,6,3,7,2,0,2.9063,2.61258,2.61258,13.952380952380953,10,3.0,Diego Simeone,4-4-2 double 6,328000000.0,28.811648310621617,182.27272727272728,719.0,0
1117,A,2022-05-12,19:00,3611497.0,A,Villarreal,1050.0,11,8,3,10,2,0,2.1078,2.9178,2.9178,12.578947368421051,8,7.0,Unai Emery,4-1-4-1,179000000.0,28.875365565303966,183.1818181818182,239.0,0
1118,H,2022-05-12,18:00,3611494.0,H,Cadiz,2687.0,14,1,12,11,2,0,0.2085,0.675387,0.675387,13.055555555555555,2,17.0,Sergio,4-2-3-1,34400000.0,29.195196316346212,180.45454545454547,15.0,0
1119,H,2022-05-12,20:30,3611493.0,H,Levante,3368.0,16,1,6,6,1,0,0.0182,0.695945,0.695945,23.0,5,20.0,Alessio Lisci,5-3-2,22900000.0,29.271109451807604,181.72727272727272,10.0,0
1121,H,2022-05-15,18:30,3611503.0,H,Rayo Vallecano,367.0,11,4,3,8,0,0,2.1857,2.04546,2.04546,13.533333333333331,1,12.0,Andoni Iraola,4-2-3-1,35500000.0,27.718001368925396,180.45454545454547,259.0,0
1122,H,2022-05-15,18:30,3611507.0,A,Alaves,1108.0,6,2,4,10,6,0,0.2895,0.571687,0.571687,13.523809523809524,2,20.0,Julio Velázquez,4-2-3-1,30200000.0,29.273598407068633,181.8181818181818,28.0,0
1123,A,2022-05-15,18:30,3611508.0,H,Real Sociedad,681.0,11,6,3,16,2,0,2.5745,2.72677,2.72677,6.777777777777778,5,6.0,Imanol Alguacil,4-3-1-2,201000000.0,27.607491755335698,183.8181818181818,225.0,0
1124,D,2022-05-15,18:30,3611504.0,D,Barcelona,131.0,5,1,5,8,2,0,1.124,0.19547,0.19547,21.5,3,2.0,Xavi,4-3-3 Attacking,224000000.0,26.843133594673635,180.36363636363637,492.0,0
1125,D,2022-05-15,18:30,3611505.0,D,Real Madrid,418.0,16,7,2,11,2,0,0.8934,1.92483,1.92483,9.470588235294118,11,1.0,Carlo Ancelotti,4-3-3 Attacking,320500000.0,27.178395868334267,181.8181818181818,327.0,0
1126,H,2022-05-15,18:30,3611502.0,H,Elche,1531.0,10,1,5,12,2,0,0.4841,0.445721,0.445721,8.555555555555555,7,14.0,Francisco Rodríguez,5-3-2,17600000.0,29.38609918486715,182.0909090909091,42.0,0
1127,H,2022-05-15,18:30,3611501.0,H,Granada,16795.0,14,4,9,17,1,0,0.9403,1.15584,1.15584,11.766666666666667,4,16.0,Aitor Karanka,4-2-3-1,50900000.0,29.63823035280941,182.9090909090909,82.0,0
1128,D,2022-05-15,18:30,3611500.0,H,Sevilla,368.0,8,4,5,18,5,0,1.2468,0.794179,0.794179,10.833333333333334,3,4.0,Julen Lopetegui,4-3-3 Attacking,224000000.0,29.282309750482238,181.1818181818182,601.0,0
1129,H,2022-05-15,18:30,3611499.0,H,Osasuna,331.0,8,1,6,14,0,0,0.7716,0.764272,0.764272,7.961538461538462,4,9.0,Jagoba Arrasate,4-1-4-1,57600000.0,28.26980275029556,181.27272727272728,56.0,0
1130,D,2022-05-20,20:00,3611513.0,D,Real Betis,150.0,11,2,5,12,0,0,1.0931,1.43562,1.43562,15.333333333333334,2,5.0,Manuel Pellegrini,4-2-3-1,160500000.0,30.181818181818183,179.27272727272728,339.0,0
1131,A,2022-05-20,20:00,3611517.0,A,Levante,3368.0,14,7,3,12,3,0,1.7598999999999998,3.28491,3.28491,9.869565217391305,7,19.0,Alessio Lisci,4-4-2 double 6,30800000.0,28.888059237135213,180.45454545454547,94.0,0
1132,H,2022-05-21,16:30,3611516.0,H,Celta Vigo,940.0,9,3,3,19,3,0,1.2604000000000002,1.40936,1.40936,5.24,2,11.0,Eduardo Coudet,4-4-2,66700000.0,30.58353556094829,179.9090909090909,109.0,0
1133,H,2022-05-22,16:30,3611518.0,D,Getafe,3709.0,7,2,3,9,2,0,0.2713,1.06857,1.06857,21.466666666666665,3,15.0,Quique Sánchez Flores,5-3-2,100300000.0,26.3027814075042,183.45454545454547,253.0,0
1134,A,2022-05-22,19:00,3611509.0,D,Cadiz,2687.0,13,6,4,13,1,0,2.5019,1.84089,1.84089,8.73076923076923,7,17.0,Sergio,4-4-2,35800000.0,30.719183622674382,180.54545454545453,9.0,0
1135,D,2022-05-22,19:00,3611511.0,D,Espanyol,714.0,10,5,3,12,0,0,0.2312,0.386799,0.386799,9.933333333333334,6,14.0,Luis Blanco,4-2-3-1,63800000.0,29.299981332835543,181.36363636363637,62.0,0
1136,A,2022-05-22,19:00,3611512.0,D,Mallorca,237.0,14,6,7,14,2,0,1.6813,1.2351,1.2351,19.23076923076923,10,16.0,Javier Aguirre,4-4-2,27500000.0,30.786136519196067,180.63636363636363,87.0,0
1137,A,2022-05-22,21:00,3611510.0,A,Villarreal,1050.0,4,3,1,7,1,0,1.4091,0.68657,0.68657,36.11111111111112,4,7.0,Unai Emery,4-4-2 double 6,145000000.0,29.997884388028126,182.9090909090909,162.0,0
1138,H,2022-05-22,21:00,3611515.0,D,Athletic Club,621.0,9,1,0,12,3,0,0.6022000000000001,0.487249,0.487249,12.096774193548388,3,8.0,Marcelino,4-4-2 double 6,145300000.0,28.632194636301413,181.8181818181818,123.0,0
1139,A,2022-05-22,21:00,3611514.0,D,Atletico Madrid,13.0,6,5,2,11,2,0,0.2408,0.586617,0.586617,12.1,4,3.0,Diego Simeone,3-5-2 flat,324000000.0,29.08045547881277,183.0,643.0,0
1140,H,2022-08-12,20:00,3844093.0,D,Sevilla,368.0,10,3,2,9,3,0,0.9576,0.965574,0.965574,7.1,8,14.0,Julen Lopetegui,4-2-3-1,124000000.0,30.964594611411858,180.45454545454547,450.0,0
1141,D,2022-08-13,20:00,3844089.0,D,Rayo Vallecano,367.0,4,2,0,14,6,0,0.8954,0.77153,0.77153,11.7,3,12.0,Andoni Iraola,4-2-3-1,45500000.0,28.153568539605498,178.8181818181818,166.0,0
1142,A,2022-08-13,18:00,3844096.0,D,Villarreal,1050.0,10,4,5,10,0,0,1.8016,1.39509,1.39509,9.56,10,3.0,Unai Emery,4-4-2 double 6,209000000.0,28.513222574824216,184.45454545454547,193.0,0
1143,D,2022-08-13,16:00,3844091.0,H,Espanyol,714.0,10,2,3,15,2,0,2.1421,1.0334,0.290126,8.025641025641026,2,9.0,Diego Martínez,4-1-4-1,50800000.0,27.222450376454482,182.8181818181818,7.0,0
1144,A,2022-08-14,16:30,3844092.0,A,Real Sociedad,681.0,15,7,6,20,2,0,2.8248,2.64367,2.64367,4.243243243243243,15,6.0,Imanol Alguacil,4-3-1-2,265000000.0,26.575570904112997,182.8181818181818,208.0,0
1145,H,2022-08-14,18:30,3844097.0,H,Girona,12321.0,5,1,4,14,3,0,0.1281,0.132198,0.132198,9.473684210526317,1,17.0,Míchel,3-4-3,31400000.0,26.374712214547944,180.36363636363637,28.0,0
1146,A,2022-08-14,21:00,3844094.0,H,Real Madrid,418.0,29,15,15,4,1,0,2.6728,3.11412,3.11412,19.9,17,4.0,Carlo Ancelotti,4-3-3 Attacking,544000000.0,27.845435878290086,183.54545454545453,527.0,0
1147,D,2022-08-15,16:30,3844088.0,D,Mallorca,237.0,6,2,2,12,6,0,0.4801,0.476414,0.476414,10.866666666666667,1,13.0,Javier Aguirre,5-4-1,44400000.0,28.486341858005105,183.27272727272728,175.0,0
1148,A,2022-08-15,18:30,3844095.0,A,Atletico Madrid,13.0,12,5,6,19,1,0,1.6544,1.48417,1.48417,8.76,2,1.0,Diego Simeone,3-1-4-2,314000000.0,28.446767469354736,181.9090909090909,680.0,0
1149,H,2022-08-15,20:30,3844090.0,H,Elche,1531.0,4,2,4,18,6,1,0.0060999999999999,0.29379,0.29379,14.703703703703704,1,18.0,Francisco Rodríguez,3-4-3,28600000.0,29.57202414286603,182.63636363636363,95.0,0
1150,D,2022-08-19,21:00,3844597.0,D,Real Valladolid,366.0,6,3,2,10,2,1,0.3814,0.557629,0.557629,11.952380952380953,1,18.0,Pacheta,4-1-4-1,23300000.0,29.388090349075977,179.8181818181818,46.0,0
1151,A,2022-08-19,19:00,3844596.0,A,Rayo Vallecano,367.0,8,3,2,17,5,1,2.0515,1.69789,1.69789,19.692307692307693,3,6.0,Andoni Iraola,4-2-3-1,45500000.0,28.169995644328296,178.8181818181818,166.0,0
1152,H,2022-08-20,16:30,3844601.0,H,Cadiz,2687.0,9,2,2,13,5,1,0.231,1.01741,1.01741,18.27272727272728,1,19.0,Sergio,4-4-2 double 6,30900000.0,28.276771825026444,179.8181818181818,70.0,0
1153,A,2022-08-20,18:30,3844599.0,A,Real Betis,150.0,8,3,2,17,8,0,1.9831,2.21648,0.730056,8.25,2,3.0,Manuel Pellegrini,4-2-3-1,172000000.0,28.144608300665798,182.36363636363637,205.0,0
1154,A,2022-08-20,21:00,3844595.0,A,Real Madrid,418.0,16,7,2,8,2,0,2.7467,3.59631,1.98821,12.68,4,2.0,Carlo Ancelotti,4-3-3 Attacking,608000000.0,27.541783336444528,182.1818181818182,805.0,0
1155,H,2022-08-21,16:30,3844593.0,H,Valencia,1049.0,10,0,3,15,2,0,1.2332,0.676158,0.676158,6.04,3,10.0,Gennaro Gattuso,4-3-3 Attacking,165000000.0,23.938522805052582,182.1818181818182,140.0,0
1156,A,2022-08-21,18:30,3844594.0,D,Villarreal,1050.0,19,5,6,11,3,0,1.6533,1.9825,1.9825,16.555555555555557,6,1.0,Unai Emery,4-4-2 double 6,221000000.0,28.08885570281874,184.45454545454547,251.0,0
1157,A,2022-08-21,21:00,3844598.0,D,Barcelona,131.0,15,7,6,9,1,0,2.2957,2.04035,2.04035,8.384615384615385,9,5.0,Xavi,4-3-3 Attacking,496000000.0,24.125443345155873,181.72727272727272,587.0,0
1158,D,2022-08-22,19:00,3844602.0,D,Almeria,3302.0,12,7,5,16,4,1,1.4058,0.969747,0.969747,6.212121212121212,6,13.0,Rubi,5-3-2,60500000.0,25.17155124136644,180.8181818181818,41.0,0
1159,H,2022-08-22,21:00,3844600.0,H,Getafe,3709.0,7,3,2,18,6,1,0.6595,0.692785,0.692785,14.583333333333334,1,20.0,Quique Sánchez Flores,5-3-2,104500000.0,27.459896708356666,185.0909090909091,269.0,0
1160,H,2022-08-26,21:00,3885843.0,H,Osasuna,331.0,12,2,4,21,3,0,1.7307,0.910349,0.910349,7.757575757575758,5,7.0,Jagoba Arrasate,4-2-3-1,80500000.0,27.904175222450377,181.1818181818182,19.0,0
1161,A,2022-08-26,19:00,3885842.0,D,Celta Vigo,940.0,11,6,4,13,1,0,1.3469,0.625546,0.625546,12.23076923076923,3,12.0,Eduardo Coudet,4-4-2 Diamond,79500000.0,28.046543463381248,176.27272727272728,150.0,0
1162,A,2022-08-27,16:30,3885844.0,A,Real Sociedad,681.0,9,5,6,18,3,0,1.8303,1.81171,1.06843,4.891891891891892,8,8.0,Imanol Alguacil,4-3-1-2,226000000.0,25.596664799950222,180.63636363636363,159.0,0
1163,A,2022-08-27,18:30,3885845.0,A,Mallorca,237.0,9,4,3,18,3,0,1.3629,0.855715,0.855715,16.27777777777778,2,9.0,Javier Aguirre,3-5-2 Attacking,47500000.0,28.519196067450686,183.27272727272728,175.0,0
1164,H,2022-08-27,21:00,3885846.0,D,Sevilla,368.0,13,5,2,11,8,0,0.8148,1.37889,1.37889,11.166666666666666,9,15.0,Julen Lopetegui,4-2-3-1,107000000.0,29.7310683840458,182.54545454545453,213.0,0
1165,D,2022-08-28,16:30,3885847.0,D,Villarreal,1050.0,11,6,4,19,5,0,2.1648,1.13195,1.13195,6.5,6,4.0,Unai Emery,4-4-2 double 6,215000000.0,29.372658826457595,183.8181818181818,220.0,0
1166,H,2022-08-28,18:30,3885848.0,H,Real Valladolid,366.0,8,3,4,8,3,0,0.1435,0.720063,0.720063,22.692307692307693,2,19.0,Pacheta,4-1-4-1,21600000.0,28.1366436438305,178.8181818181818,7.0,0
1167,A,2022-08-28,21:00,3885849.0,D,Real Madrid,418.0,19,6,7,12,0,0,1.6438,2.04602,2.04602,10.214285714285714,10,1.0,Carlo Ancelotti,4-3-3 Attacking,569000000.0,28.98587517889366,183.1818181818182,805.0,0
1168,A,2022-08-29,19:00,3885850.0,A,Athletic Club,621.0,20,8,6,4,1,0,2.9371,3.18677,2.44349,12.666666666666666,8,5.0,Ernesto Valverde,4-2-3-1,160800000.0,26.870263207018855,182.54545454545453,128.0,0
1169,A,2022-08-29,21:00,3885851.0,D,Atletico Madrid,13.0,13,7,2,17,3,0,2.3502,1.97507,1.97507,19.294117647058822,4,6.0,Diego Simeone,3-5-2 flat,325000000.0,28.71905917491133,183.72727272727272,722.0,0
1170,H,2022-09-02,20:00,3885853.0,D,Cadiz,2687.0,7,0,2,23,2,0,0.289,0.234828,0.234828,8.35897435897436,2,20.0,Sergio,4-1-4-1,37700000.0,27.05245473212619,178.54545454545453,71.0,0
1171,D,2022-09-03,13:00,3885854.0,D,Girona,12321.0,10,4,3,9,2,0,1.5531,1.09499,0.351841,11.555555555555555,4,12.0,Míchel,5-4-1,46800000.0,26.021031671955697,182.63636363636363,49.0,0
1172,H,2022-09-03,15:15,3885855.0,D,Real Betis,150.0,8,4,2,12,1,0,0.0582,0.333406,0.333406,14.11111111111111,4,4.0,Manuel Pellegrini,4-2-3-1,189500000.0,29.281314168377822,180.0909090909091,290.0,0
1173,D,2022-09-03,17:30,3885856.0,A,Atletico Madrid,13.0,15,7,7,13,4,0,1.7256,2.24791,2.24791,13.38888888888889,6,7.0,Diego Simeone,3-5-2 flat,335000000.0,28.682720428100307,183.0909090909091,779.0,0
1174,A,2022-09-03,20:00,3885857.0,A,Barcelona,131.0,18,7,4,14,4,0,2.9625,4.67838,4.67838,8.782608695652174,8,2.0,Xavi,4-3-3 Attacking,486000000.0,25.01922717939145,181.27272727272728,614.0,0
1175,H,2022-09-04,20:00,3885861.0,H,Getafe,3709.0,7,4,1,21,6,1,0.1548,0.572495,0.572495,13.818181818181818,3,19.0,Quique Sánchez Flores,4-4-2,100000000.0,27.132847987057435,182.0,175.0,0
1176,H,2022-09-04,17:30,3885860.0,H,Elche,1531.0,7,0,4,9,3,0,0.019,0.21919,0.21919,11.8,2,18.0,Francisco Rodríguez,4-4-2 double 6,40200000.0,28.092589135710284,181.72727272727272,60.0,0
1177,H,2022-09-04,13:00,3885858.0,D,Rayo Vallecano,367.0,5,3,0,16,2,0,0.0321,0.179917,0.179917,7.15,3,14.0,Andoni Iraola,4-2-3-1,49300000.0,28.662808786012075,179.54545454545453,164.0,0
1178,A,2022-09-04,15:15,3885859.0,D,Espanyol,714.0,9,2,2,12,2,0,1.2243,1.11365,1.11365,15.22222222222222,5,15.0,Diego Martínez,4-2-3-1,61500000.0,27.39543276709601,181.72727272727272,78.0,0
1179,H,2022-09-05,20:00,3885862.0,D,Almeria,3302.0,12,1,8,20,6,0,0.3217,0.505353,0.505353,6.888888888888889,3,13.0,Rubi,4-2-3-1,40700000.0,27.081326613154125,180.45454545454547,32.0,0
1180,H,2022-09-09,20:00,3886294.0,D,Real Valladolid,366.0,14,4,12,15,2,0,0.1838,0.510622,0.510622,5.636363636363637,8,17.0,Pacheta,4-1-4-1,31000000.0,27.572148590629084,179.9090909090909,62.0,0
1181,H,2022-09-10,13:00,3886295.0,H,Valencia,1049.0,17,4,7,11,2,0,1.4792,2.18195,2.18195,8.071428571428571,4,12.0,Gennaro Gattuso,4-2-3-1,169000000.0,24.2302283616452,182.0,150.0,0
1182,A,2022-09-10,15:15,3886296.0,A,Sevilla,368.0,11,7,3,14,5,1,1.2948,2.32043,2.32043,10.85,2,15.0,Julen Lopetegui,4-2-3-1,114000000.0,28.312861676311368,183.36363636363637,416.0,0
1183,A,2022-09-10,17:30,3886297.0,D,Barcelona,131.0,16,8,6,13,2,0,2.868,2.66856,2.66856,5.823529411764706,9,2.0,Xavi,4-3-3 Attacking,356000000.0,26.388650364009706,182.45454545454547,517.0,0
1184,H,2022-09-10,20:00,3886301.0,H,Celta Vigo,940.0,14,3,7,6,3,0,1.7012999999999998,1.30565,1.30565,11.875,10,10.0,Eduardo Coudet,4-4-2 double 6,80500000.0,27.94126065583971,178.0,174.0,0
1185,H,2022-09-11,13:00,3886298.0,D,Mallorca,237.0,5,2,3,15,5,0,0.5399,0.950984,0.950984,16.25,1,13.0,Javier Aguirre,5-3-2,48900000.0,28.919917864476385,182.0,211.0,0
1186,A,2022-09-11,15:15,3886299.0,A,Athletic Club,621.0,16,8,5,9,0,0,2.8129,3.2386,2.49532,12.411764705882351,9,6.0,Ernesto Valverde,4-2-3-1,162800000.0,27.50270673884637,181.54545454545453,149.0,0
1187,H,2022-09-11,17:30,3921205.0,H,Real Sociedad,681.0,13,6,7,16,1,0,1.5013,1.32142,1.32142,7.928571428571429,4,11.0,Imanol Alguacil,4-3-1-2,177500000.0,24.272789496608798,183.54545454545453,248.0,0
1188,H,2022-09-11,20:00,3886302.0,D,Villarreal,1050.0,14,3,8,14,1,0,1.9616,2.44235,2.44235,7.76,12,5.0,Unai Emery,4-4-2 double 6,198500000.0,28.777549623545518,183.27272727272728,229.0,0
1189,A,2022-09-12,20:00,3886303.0,A,Osasuna,331.0,15,4,10,9,2,0,2.7751,2.14,2.14,25.142857142857142,6,4.0,Jagoba Arrasate,4-2-3-1,77000000.0,29.278825213116793,182.1818181818182,48.0,0
1190,A,2022-09-16,20:00,3858324.0,D,Cadiz,2687.0,7,1,2,19,4,0,0.3973,0.523314,0.523314,11.409090909090908,6,19.0,Sergio,4-2-3-1,34700000.0,28.74494430962603,179.36363636363637,6.0,0
1191,H,2022-09-17,15:15,3858321.0,H,Elche,1531.0,1,1,0,9,2,1,0.0008,0.0129931,0.0129931,30.25,1,20.0,Francisco Rodríguez,5-4-1,30800000.0,28.849729326115366,182.36363636363637,6.0,0
1192,H,2022-09-17,17:30,3858323.0,H,Celta Vigo,940.0,6,2,4,23,2,1,0.4128,0.587167,0.587167,7.764705882352941,4,13.0,Eduardo Coudet,4-4-2 Diamond,86500000.0,27.92757140190405,178.0909090909091,174.0,0
1193,H,2022-09-17,13:00,3858327.0,H,Almeria,3302.0,9,3,2,14,6,0,0.6126,0.297582,0.297582,9.92,2,16.0,Rubi,5-3-2,56000000.0,24.52193391823782,180.27272727272728,61.0,0
1194,H,2022-09-17,20:00,3858319.0,H,Rayo Vallecano,367.0,11,2,7,13,2,0,0.3774,0.62187,0.62187,6.88,6,12.0,Andoni Iraola,4-2-3-1,52000000.0,28.125443345155873,179.63636363636363,135.0,0
1195,A,2022-09-18,20:00,3858320.0,A,Real Madrid,418.0,6,3,1,16,2,0,1.3319,1.09277,1.09277,16.863636363636363,2,1.0,Carlo Ancelotti,4-3-3 Attacking,613000000.0,27.60201605376143,181.27272727272728,716.0,0
1196,H,2022-09-18,17:30,3858325.0,H,Espanyol,714.0,14,4,2,8,0,0,0.6383,1.28945,1.28945,14.238095238095235,1,17.0,Diego Martínez,5-3-2,54000000.0,27.50444900752909,183.1818181818182,77.0,0
1197,D,2022-09-18,15:15,3858326.0,A,Sevilla,368.0,12,1,4,12,5,0,0.2375,0.436539,0.436539,6.62962962962963,6,15.0,Julen Lopetegui,4-2-3-1,95000000.0,28.901748491070872,182.36363636363637,356.0,0
1198,H,2022-09-18,17:30,3858322.0,D,Girona,12321.0,8,3,4,8,3,0,1.1957,1.34699,1.34699,13.0,5,11.0,Míchel,5-4-1,46300000.0,26.08450003111194,183.27272727272728,49.0,0
1199,A,2022-09-18,13:00,3858328.0,A,Getafe,3709.0,10,4,1,15,3,1,1.6372,1.43239,1.43239,17.066666666666666,3,14.0,Quique Sánchez Flores,5-3-2,99000000.0,27.32026631821293,184.54545454545453,179.0,0
1200,H,2022-09-30,20:00,3886293.0,H,Almeria,3302.0,8,2,2,8,3,0,0.1314,0.42606,0.42606,23.2,3,18.0,Rubi,5-3-2,52500000.0,25.216352436064962,179.9090909090909,36.0,0
1201,D,2022-10-01,13:00,3886285.0,D,Villarreal,1050.0,14,6,5,8,3,0,1.6605,1.43089,1.43089,13.076923076923077,5,8.0,Unai Emery,4-2-3-1,140500000.0,29.028187418331154,183.1818181818182,212.0,0
1202,A,2022-10-01,15:15,3886284.0,D,Real Valladolid,366.0,14,7,2,13,4,0,0.5188999999999999,1.32186,0.578583,9.941176470588236,9,15.0,Pacheta,4-1-4-1,27300000.0,28.123203285420946,180.1818181818182,58.0,0
1203,A,2022-10-01,17:30,3886288.0,A,Atletico Madrid,13.0,20,6,7,12,2,0,2.5772,2.12095,2.12095,28.25,14,5.0,Diego Simeone,4-1-4-1,272000000.0,28.690685084935602,183.36363636363637,721.0,0
1204,A,2022-10-01,20:00,3886289.0,A,Barcelona,131.0,11,3,5,13,4,0,1.0383,0.636371,0.636371,6.52,8,1.0,Xavi,4-3-3 Attacking,331000000.0,27.50868023147284,182.0,727.0,0
1205,D,2022-10-02,13:00,3886286.0,D,Valencia,1049.0,12,5,4,15,1,1,1.8779,1.35604,1.35604,5.476190476190476,3,9.0,Gennaro Gattuso,4-3-3 Attacking,143000000.0,25.580735486279636,182.1818181818182,267.0,0
1206,H,2022-10-02,15:15,3886290.0,H,Real Betis,150.0,9,4,3,3,3,1,1.5229,1.10607,1.10607,13.333333333333334,2,4.0,Manuel Pellegrini,4-2-3-1,144500000.0,27.381245722108144,183.0,136.0,0
1207,A,2022-10-02,17:30,3886287.0,D,Real Sociedad,681.0,11,5,2,19,1,0,2.3178,2.23639,2.23639,6.071428571428571,9,7.0,Imanol Alguacil,4-4-2 Diamond,191000000.0,26.32891543774501,181.45454545454547,207.0,0
1208,D,2022-10-02,20:00,3886292.0,H,Osasuna,331.0,8,2,2,13,2,1,0.1896,0.466155,0.466155,24.846153846153847,5,6.0,Jagoba Arrasate,4-3-3 Attacking,76800000.0,28.33028436313857,183.1818181818182,47.0,0
1209,H,2022-10-03,20:00,3886291.0,D,Elche,1531.0,5,2,3,19,8,0,1.6442,0.924633,0.924633,14.055555555555555,2,20.0,Francisco Rodríguez,5-3-2,39500000.0,28.34223134839151,181.9090909090909,8.0,0
1210,A,2022-10-07,20:00,3886309.0,A,Valencia,1049.0,15,7,5,19,6,1,1.935,2.73352,1.99024,7.476190476190476,4,7.0,Gennaro Gattuso,4-2-3-1,148000000.0,24.550308008213552,181.0909090909091,298.0,0
1211,D,2022-10-08,17:30,3886312.0,H,Athletic Club,621.0,21,4,7,14,0,1,1.7516999999999998,1.91863,1.91863,7.16,6,3.0,Ernesto Valverde,4-2-3-1,162800000.0,27.980586148963972,181.36363636363637,139.0,0
1212,A,2022-10-08,20:00,3886307.0,A,Real Madrid,418.0,19,4,4,5,0,0,2.379,1.48053,1.48053,17.583333333333332,7,2.0,Carlo Ancelotti,4-3-3 Attacking,587000000.0,26.080517702694294,181.27272727272728,726.0,0
1213,H,2022-10-08,13:00,3886311.0,H,Rayo Vallecano,367.0,12,4,6,12,2,0,1.1747999999999998,0.893142,0.893142,4.76,9,10.0,Andoni Iraola,4-2-3-1,44300000.0,29.554352560512722,179.8181818181818,78.0,0
1214,H,2022-10-08,15:15,3886304.0,H,Girona,12321.0,11,4,3,13,1,0,0.3822,0.721587,0.721587,10.9375,1,14.0,Míchel,5-4-1,52300000.0,25.868956505506812,182.0909090909091,81.0,0
1215,D,2022-10-09,13:00,3886313.0,D,Real Betis,150.0,4,1,1,16,1,1,1.1838,0.545154,0.545154,12.391304347826088,6,5.0,Manuel Pellegrini,4-2-3-1,149000000.0,29.001057805985933,182.63636363636363,203.0,0
1216,D,2022-10-09,15:15,3886308.0,H,Espanyol,714.0,9,6,3,12,4,0,1.4489999999999998,1.47057,1.47057,7.375,3,17.0,Diego Martínez,4-2-3-1,57300000.0,28.577686516084874,182.36363636363637,6.0,0
1217,H,2022-10-09,17:30,3886310.0,H,Villarreal,1050.0,5,1,3,18,3,0,0.0939,0.221593,0.221593,10.96,4,9.0,Unai Emery,4-2-3-1,193500000.0,29.33482670648995,182.1818181818182,193.0,0
1218,H,2022-10-09,20:00,3886305.0,H,Celta Vigo,940.0,14,3,3,9,4,0,0.8665,1.35022,1.35022,14.047619047619047,7,11.0,Eduardo Coudet,4-4-2 Diamond,80500000.0,27.366809781594178,178.0909090909091,101.0,0
1219,D,2022-10-10,20:00,3886306.0,H,Mallorca,237.0,11,4,7,17,5,1,2.8732,2.69714,1.21058,7.037037037037037,6,12.0,Javier Aguirre,3-4-2-1,50700000.0,26.391388214796837,182.63636363636363,175.0,0
1220,D,2022-10-14,20:00,3886325.0,D,Getafe,3709.0,6,3,1,17,3,0,0.5563,0.395734,0.395734,25.416666666666668,2,16.0,Quique Sánchez Flores,5-3-2,92500000.0,28.619749859996265,183.8181818181818,257.0,0
1221,A,2022-10-15,20:00,3886319.0,D,Atletico Madrid,13.0,3,1,1,17,6,0,0.5924,0.463248,0.463248,11.6,5,3.0,Diego Simeone,4-4-2 double 6,302000000.0,29.0747308817124,181.36363636363637,792.0,0
1222,A,2022-10-15,17:30,3886321.0,D,Sevilla,368.0,4,1,3,15,3,0,0.289,0.176713,0.176713,11.1,4,14.0,Jorge Sampaoli,3-4-2-1,105000000.0,29.572521933918235,182.0909090909091,467.0,0
1223,D,2022-10-15,13:00,3886326.0,D,Cadiz,2687.0,9,2,2,9,4,0,0.6757,1.3467,1.3467,25.22222222222222,4,19.0,Sergio,4-4-2,33900000.0,29.843320266318212,180.63636363636363,6.0,0
1224,D,2022-10-15,15:15,3886324.0,H,Elche,1531.0,8,6,1,19,6,0,0.3656,1.30317,0.559892,11.705882352941176,3,20.0,Jorge Almirón,5-4-1,28200000.0,29.18200485346276,181.0,53.0,0
1225,A,2022-10-16,13:00,3886320.0,D,Real Sociedad,681.0,8,6,6,17,7,0,2.0173,1.17936,1.17936,8.392857142857142,4,5.0,Imanol Alguacil,4-4-2 double 6,189000000.0,27.043992284238694,180.9090909090909,180.0,0
1226,H,2022-10-16,15:15,3886323.0,H,Barcelona,131.0,18,5,3,14,2,0,1.5000999999999998,1.66548,1.66548,7.451612903225806,8,2.0,Xavi,4-3-3 Attacking,439000000.0,26.437931678178085,180.72727272727272,634.0,0
1227,H,2022-10-16,17:30,3886322.0,D,Real Valladolid,366.0,14,2,4,11,4,0,0.5045999999999999,0.552288,0.552288,14.0,3,17.0,Pacheta,4-1-4-1,27400000.0,30.1066517329351,178.36363636363637,9.0,0
1228,H,2022-10-16,20:00,3886328.0,H,Almeria,3302.0,12,5,3,7,1,0,0.2838,1.11551,1.11551,21.53846153846154,6,18.0,Rubi,4-3-3 Attacking,45200000.0,27.255802376952275,182.1818181818182,58.0,0
1229,H,2022-10-17,20:00,3886327.0,H,Osasuna,331.0,14,3,4,23,6,0,0.1649,0.33234,0.33234,7.964285714285714,3,9.0,Jagoba Arrasate,4-1-4-1,77300000.0,29.346524796216787,182.9090909090909,12.0,0
1230,D,2022-10-18,20:00,3886329.0,H,Rayo Vallecano,367.0,14,4,4,11,0,0,2.0730000000000004,1.61962,0.876342,15.761904761904765,4,10.0,Andoni Iraola,4-2-3-1,49700000.0,28.449007529089666,178.0,253.0,0
1231,D,2022-10-18,19:00,3886334.0,D,Athletic Club,621.0,14,4,4,11,4,0,1.6720000000000002,1.10208,1.10208,18.4,3,6.0,Ernesto Valverde,4-2-3-1,154800000.0,27.877792296683467,183.1818181818182,151.0,0
1232,D,2022-10-18,18:00,3886332.0,A,Valencia,1049.0,13,5,6,26,7,0,1.7856999999999998,1.71123,0.96795,8.571428571428571,1,8.0,Gennaro Gattuso,5-4-1,167000000.0,24.90921535685396,182.27272727272728,321.0,0
1233,D,2022-10-19,18:00,3886335.0,D,Real Betis,150.0,12,3,9,7,2,1,1.7833,1.22222,1.22222,12.285714285714286,4,5.0,Manuel Pellegrini,4-2-3-1,102500000.0,29.19345404766349,183.8181818181818,185.0,0
1234,H,2022-10-19,18:00,3886336.0,D,Celta Vigo,940.0,22,5,7,11,1,0,1.6708999999999998,2.03107,1.28779,12.083333333333334,5,14.0,Eduardo Coudet,4-4-2 Diamond,83500000.0,27.807852653848546,177.9090909090909,177.0,0
1235,H,2022-10-19,19:00,3886337.0,H,Mallorca,237.0,12,3,7,9,2,0,0.616,1.09436,1.09436,10.705882352941176,2,15.0,Javier Aguirre,5-4-1,31200000.0,29.58870014311493,180.0,103.0,0
1236,A,2022-10-19,20:00,3886331.0,A,Real Madrid,418.0,10,7,2,10,1,0,1.8279,1.6151,1.6151,11.869565217391305,14,1.0,Carlo Ancelotti,4-3-3 Attacking,542000000.0,28.379316781780847,181.0909090909091,750.0,0
1237,H,2022-10-20,18:00,3886333.0,H,Girona,12321.0,14,5,5,14,3,0,1.8156,2.65444,1.16788,5.409090909090909,4,18.0,Míchel,4-4-2 double 6,65300000.0,26.95214983510671,182.45454545454547,131.0,0
1238,H,2022-10-20,19:00,3886338.0,D,Espanyol,714.0,5,3,2,15,2,0,1.7487,1.44867,1.44867,11.428571428571429,2,16.0,Diego Martínez,4-2-3-1,53800000.0,29.405761931429286,182.36363636363637,75.0,0
1239,H,2022-10-20,20:00,3886330.0,H,Villarreal,1050.0,5,1,0,11,1,0,0.019,0.503294,0.503294,27.5,1,9.0,Unai Emery,4-4-2 double 6,197500000.0,27.01138697031921,181.8181818181818,168.0,0
1240,H,2022-10-22,13:00,3886367.0,H,Cadiz,2687.0,3,0,1,12,4,2,0.0390999999999999,0.642193,0.642193,27.5,1,19.0,Sergio,4-4-2,33700000.0,29.46524796216788,179.36363636363637,6.0,0
1241,H,2022-10-22,15:15,3886368.0,H,Real Sociedad,681.0,20,2,10,14,3,0,1.3726,0.82513,0.82513,3.4761904761904763,3,4.0,Imanol Alguacil,4-3-1-2,228000000.0,26.853338311243853,181.63636363636363,151.0,0
1242,A,2022-10-22,17:30,3886366.0,D,Mallorca,237.0,10,5,3,19,5,0,1.4849,1.25148,0.508204,16.4,4,12.0,Javier Aguirre,5-4-1,54000000.0,27.631136830315473,182.36363636363637,177.0,0
1243,H,2022-10-22,20:00,3886361.0,H,Sevilla,368.0,9,2,3,12,4,0,0.2827,0.518059,0.518059,14.68,3,16.0,Jorge Sampaoli,4-3-3 Attacking,110000000.0,30.311741646443906,181.54545454545453,464.0,0
1244,H,2022-10-23,17:30,3886369.0,A,Almeria,3302.0,15,4,4,8,1,0,1.6961,1.24152,1.24152,17.357142857142858,8,15.0,Rubi,5-3-2,49500000.0,26.053139194822972,180.72727272727272,46.0,0
1245,D,2022-10-23,17:30,3886362.0,D,Osasuna,331.0,9,2,5,11,3,0,1.291,0.693721,0.693721,13.227272727272728,10,8.0,Jagoba Arrasate,4-1-4-1,75500000.0,27.464874618878728,179.8181818181818,54.0,0
1246,H,2022-10-23,20:00,3886363.0,H,Athletic Club,621.0,5,3,2,13,2,0,0.1576,0.240803,0.240803,14.8125,3,6.0,Ernesto Valverde,4-2-3-1,138800000.0,28.476883828013193,182.45454545454547,135.0,0
1247,D,2022-10-23,13:00,3886365.0,D,Elche,1531.0,9,4,3,10,3,0,0.1537,0.318561,0.318561,15.23076923076923,4,20.0,Jorge Almirón,5-3-2,33400000.0,29.375147781718624,182.0,54.0,0
1248,A,2022-10-23,15:15,3886364.0,D,Atletico Madrid,13.0,9,3,4,17,3,0,0.7366999999999999,0.585496,0.585496,11.482758620689657,7,3.0,Diego Simeone,4-4-2 double 6,262000000.0,29.384854707236638,182.63636363636363,793.0,0
1249,D,2022-10-24,20:00,3886360.0,A,Getafe,3709.0,4,1,0,13,1,0,0.6631,0.226128,0.226128,23.0,1,17.0,Quique Sánchez Flores,5-3-2,83000000.0,27.588575695351878,185.8181818181818,254.0,0
1250,D,2022-10-28,20:00,3886391.0,D,Espanyol,714.0,7,2,4,9,1,0,0.3462,0.248446,0.248446,12.789473684210526,6,15.0,Diego Martínez,4-3-3 Attacking,62500000.0,28.49131976852716,181.9090909090909,77.0,0
1251,H,2022-10-29,13:00,3886387.0,A,Celta Vigo,940.0,8,3,4,7,0,1,0.1475,0.197875,0.197875,21.571428571428573,2,16.0,Eduardo Coudet,4-4-2 Diamond,88000000.0,26.365254184556033,179.72727272727272,100.0,0
1252,H,2022-10-29,15:15,3886388.0,H,Atletico Madrid,13.0,15,7,3,12,4,0,1.5472,1.79745,1.79745,8.727272727272727,8,3.0,Diego Simeone,4-3-3 Attacking,262000000.0,29.23775745130981,182.63636363636363,720.0,0
1253,A,2022-10-29,17:30,3886392.0,D,Rayo Vallecano,367.0,15,5,6,20,1,0,1.0842999999999998,0.773435,0.773435,6.714285714285714,1,9.0,Andoni Iraola,4-2-3-1,58000000.0,27.557712650115114,178.72727272727272,137.0,0
1254,A,2022-10-29,20:00,3886389.0,D,Barcelona,131.0,13,2,10,7,5,0,2.8277,2.33418,2.33418,7.428571428571429,14,2.0,Xavi,4-3-3 Attacking,438000000.0,26.201232032854207,180.1818181818182,689.0,0
1255,A,2022-10-30,20:00,3886390.0,D,Real Betis,150.0,10,4,3,16,4,0,1.4241,1.34514,1.34514,14.235294117647058,4,4.0,Manuel Pellegrini,4-2-3-1,159500000.0,28.930371476572706,180.63636363636363,317.0,0
1256,H,2022-10-30,17:30,3886384.0,D,Villarreal,1050.0,6,3,2,10,1,0,0.2004,0.221451,0.221451,15.5,5,8.0,Quique Setién,4-3-3 Attacking,163500000.0,29.575508680231472,179.8181818181818,291.0,0
1257,H,2022-10-30,13:00,3886386.0,H,Real Valladolid,366.0,7,2,8,16,3,0,0.2597,0.330479,0.330479,9.666666666666666,1,11.0,Pacheta,3-5-2,27000000.0,29.559579366560886,180.72727272727272,84.0,0
1258,D,2022-10-30,15:15,3886393.0,D,Girona,12321.0,8,2,1,8,3,0,0.8258000000000001,1.99848,1.2552,56.8,3,17.0,Míchel,4-5-1,66000000.0,25.20863667475577,181.8181818181818,84.0,0
1259,A,2022-10-31,20:00,3886385.0,D,Getafe,3709.0,8,3,2,11,3,1,0.4730999999999999,0.372744,0.372744,25.714285714285715,4,14.0,Quique Sánchez Flores,5-3-2,90000000.0,28.275278451869827,184.0,257.0,0
1260,H,2022-11-04,20:00,3886413.0,D,Athletic Club,621.0,11,7,1,11,1,0,1.1192000000000002,0.81175,0.81175,9.272727272727272,3,7.0,Ernesto Valverde,4-2-3-1,155500000.0,28.303652541845562,183.63636363636363,137.0,0
1261,A,2022-11-05,17:30,3886410.0,A,Osasuna,331.0,8,4,3,20,5,0,0.8395,0.360091,0.360091,18.705882352941178,5,5.0,Jagoba Arrasate,4-3-3 Attacking,77500000.0,27.975110447389707,179.9090909090909,66.0,0
1262,D,2022-11-05,13:00,3886416.0,D,Cadiz,2687.0,15,4,5,16,2,1,2.0082,1.24542,1.24542,14.3125,2,19.0,Sergio,4-4-2 double 6,38300000.0,28.363636363636363,180.0909090909091,107.0,0
1263,H,2022-11-05,15:15,3886414.0,H,Elche,1531.0,4,2,4,10,0,0,0.0706,0.198499,0.198499,21.75,1,20.0,Jorge Almirón,4-4-1-1,37000000.0,28.478128305643704,182.72727272727272,51.0,0
1264,H,2022-11-05,20:00,3886417.0,D,Almeria,3302.0,4,1,1,13,1,0,0.0203,0.538049,0.538049,31.7,5,15.0,Rubi,5-3-2,50800000.0,25.59915375521125,180.36363636363637,25.0,0
1265,D,2022-11-06,20:00,3886409.0,H,Sevilla,368.0,22,6,4,20,5,1,1.6176,1.49591,1.49591,7.5,11,17.0,Jorge Sampaoli,4-2-3-1,107000000.0,29.920975670462326,181.9090909090909,420.0,0
1266,A,2022-11-06,17:30,3886415.0,A,Mallorca,237.0,7,5,2,16,6,0,1.6489,0.704012,0.704012,19.928571428571427,4,12.0,Javier Aguirre,5-4-1,49400000.0,28.188911704312115,181.9090909090909,226.0,0
1267,D,2022-11-06,15:15,3886411.0,D,Valencia,1049.0,14,3,11,12,0,0,0.7704,0.795825,0.795825,6.055555555555555,12,11.0,Gennaro Gattuso,4-3-3 Attacking,180000000.0,24.31634621367681,179.9090909090909,166.0,0
1268,D,2022-11-06,13:00,3886408.0,D,Espanyol,714.0,6,2,2,10,5,1,0.6105,0.870622,0.870622,19.357142857142858,2,16.0,Diego Martínez,4-2-3-1,54800000.0,28.89975732686205,181.45454545454547,76.0,0
1269,H,2022-11-07,20:00,3886412.0,D,Real Madrid,418.0,16,2,5,11,5,0,1.8085,2.21264,1.46936,7.888888888888889,4,2.0,Carlo Ancelotti,4-3-3 Attacking,648000000.0,27.1893472714828,181.1818181818182,754.0,0
1270,A,2022-11-08,18:00,3886447.0,D,Girona,12321.0,21,3,5,9,2,0,2.3016,2.20883,2.20883,10.75,6,13.0,Míchel,4-1-4-1,57000000.0,26.2004853462759,182.1818181818182,78.0,0
1271,H,2022-11-08,19:00,3886446.0,H,Real Valladolid,366.0,8,0,2,6,1,0,0.1691,0.481138,0.481138,10.5,3,12.0,Pacheta,4-4-2,30200000.0,27.33121772136146,181.36363636363637,135.0,0
1272,A,2022-11-08,20:30,3886451.0,H,Barcelona,131.0,9,3,5,6,4,2,1.1402,1.01467,1.01467,15.533333333333331,7,1.0,Xavi,4-3-3 Attacking,384000000.0,27.61894094953643,181.72727272727272,758.0,0
1273,H,2022-11-09,18:00,3886449.0,H,Getafe,3709.0,11,3,6,8,4,0,1.3513,0.451929,0.451929,14.526315789473683,1,15.0,Quique Sánchez Flores,5-3-2,87500000.0,27.603260531391946,183.9090909090909,289.0,0
1274,A,2022-11-09,18:00,3886455.0,A,Real Sociedad,681.0,17,9,1,12,2,0,2.4463000000000004,2.18846,2.18846,7.363636363636363,9,3.0,Imanol Alguacil,4-3-1-2,210000000.0,26.800323564183937,184.27272727272728,186.0,0
1275,A,2022-11-09,19:00,3886448.0,D,Villarreal,1050.0,10,3,7,6,3,0,1.2326,0.750078,0.750078,12.35,9,9.0,Quique Setién,4-3-3 Attacking,134500000.0,29.18175595793666,180.45454545454547,158.0,0
1276,H,2022-11-09,20:30,3886450.0,H,Atletico Madrid,13.0,17,5,5,17,3,0,1.3525999999999998,1.50598,1.50598,7.0,12,5.0,Diego Simeone,4-4-2 double 6,250000000.0,29.95233650675129,183.27272727272728,812.0,0
1277,D,2022-11-10,18:00,3886453.0,D,Celta Vigo,940.0,11,3,3,16,1,0,1.5213,0.677591,0.677591,12.217391304347826,6,17.0,Carlos Carvalhal,5-4-1,61000000.0,27.078588762366998,179.9090909090909,149.0,0
1278,H,2022-11-10,19:00,3886452.0,D,Real Betis,150.0,5,1,5,9,3,1,0.1641,0.307626,0.307626,24.307692307692307,2,6.0,Manuel Pellegrini,4-2-3-1,140500000.0,28.502768962727895,183.27272727272728,169.0,0
1279,H,2022-11-10,20:30,3886454.0,H,Cadiz,2687.0,10,5,1,16,3,0,0.8783000000000001,1.11674,1.11674,19.944444444444443,4,19.0,Sergio,4-4-2,33800000.0,29.7567046232344,180.9090909090909,64.0,0
1280,D,2022-12-29,16:00,3886467.0,D,Rayo Vallecano,367.0,12,4,4,14,2,0,0.6661,1.3213,1.3213,12.2,2,8.0,Andoni Iraola,4-2-3-1,51000000.0,28.118723165951096,179.9090909090909,168.0,0
1281,D,2022-12-29,18:15,3886468.0,D,Athletic Club,621.0,10,0,6,17,4,0,1.0521,0.358148,0.358148,6.75,5,5.0,Ernesto Valverde,4-2-3-1,136800000.0,27.62317217348018,184.8181818181818,126.0,0
1282,H,2022-12-29,20:30,3605050.0,D,Elche,1531.0,5,1,5,20,4,2,0.4739,0.568911,0.568911,15.916666666666666,1,17.0,Fran Escribá,3-1-4-2,23600000.0,29.753220085868954,183.72727272727272,83.0,0
1283,A,2022-12-30,20:30,3886470.0,D,Real Madrid,418.0,19,8,9,9,0,0,2.6991,2.5342,1.79092,16.714285714285715,14,2.0,Carlo Ancelotti,4-3-3 Attacking,522000000.0,28.888059237135213,182.72727272727272,631.0,0
1284,D,2022-12-30,18:15,3886465.0,H,Sevilla,368.0,7,5,6,13,4,1,0.5506,0.594381,0.594381,9.148148148148149,2,18.0,Jorge Sampaoli,5-3-2,97000000.0,28.71905917491133,183.45454545454547,409.0,0
1285,H,2022-12-30,16:00,3886466.0,D,Mallorca,237.0,3,0,2,19,1,0,0.5099,0.359715,0.359715,12.047619047619047,0,11.0,Javier Aguirre,5-4-1,50900000.0,28.50575570904113,182.8181818181818,160.0,0
1286,D,2022-12-30,18:15,3886472.0,A,Almeria,3302.0,18,9,2,14,0,0,1.8074,2.22992,2.22992,11.173913043478262,8,13.0,Rubi,4-1-4-1,49000000.0,26.446643021591687,179.45454545454547,53.0,0
1287,D,2022-12-31,13:00,3886464.0,H,Espanyol,714.0,4,1,2,15,7,1,0.2574,0.846842,0.103565,19.454545454545453,2,16.0,Diego Martínez,4-2-3-1,56500000.0,27.85165826644266,182.0,77.0,0
1288,H,2022-12-31,15:15,3886469.0,H,Osasuna,331.0,11,3,2,15,1,0,0.3087999999999999,0.305627,0.305627,7.3,2,9.0,Jagoba Arrasate,5-3-2,83000000.0,27.934540476634933,179.45454545454547,30.0,0
1289,H,2022-12-31,15:15,3886471.0,D,Valencia,1049.0,13,4,2,16,3,0,0.5501,1.16707,1.16707,9.208333333333334,4,10.0,Gennaro Gattuso,4-3-3 Attacking,173000000.0,25.011013627030056,182.27272727272728,317.0,0
1290,A,2023-01-06,17:30,3886486.0,A,Celta Vigo,940.0,14,7,4,15,1,0,2.0256,1.9713,1.9713,12.523809523809524,5,16.0,Carlos Carvalhal,5-4-1,72500000.0,28.03260531391948,178.1818181818182,79.0,0
1291,A,2023-01-06,20:00,3886488.0,A,Cadiz,2687.0,6,2,2,21,6,0,1.2028,0.434224,0.434224,11.538461538461538,3,18.0,Sergio,4-2-3-1,34800000.0,29.57177524733993,179.27272727272728,64.0,0
1292,H,2023-01-07,17:30,3886482.0,D,Real Valladolid,366.0,9,1,2,17,3,0,0.4921999999999999,0.434531,0.434531,9.15,2,15.0,Pacheta,4-3-3 Attacking,28200000.0,27.435753842324687,180.45454545454547,97.0,0
1293,H,2023-01-07,15:15,3886489.0,D,Real Madrid,418.0,13,3,5,6,1,0,1.1960000000000002,2.16674,1.42347,11.318181818181818,8,2.0,Carlo Ancelotti,4-3-3 Attacking,630000000.0,28.989359716259102,183.8181818181818,806.0,0
1294,D,2023-01-07,20:00,3886483.0,A,Girona,12321.0,12,5,2,16,2,0,1.6784,1.65781,1.65781,7.25,5,12.0,Míchel,4-1-4-1,57000000.0,25.113309688258354,180.72727272727272,37.0,0
1295,A,2023-01-08,13:00,3886484.0,D,Real Sociedad,681.0,9,6,2,14,0,0,2.7070000000000003,2.11666,2.11666,7.0,6,3.0,Imanol Alguacil,4-3-1-2,210000000.0,27.94449629767905,182.63636363636363,218.0,0
1296,A,2023-01-08,15:15,3886485.0,A,Real Betis,150.0,14,3,7,16,2,0,0.7812999999999999,0.735098,0.735098,11.61904761904762,3,4.0,Manuel Pellegrini,4-2-3-1,172500000.0,29.363449691991786,181.63636363636363,361.0,0
1297,H,2023-01-08,17:30,3886487.0,H,Getafe,3709.0,11,2,4,16,3,0,1.3014,1.17518,1.17518,14.761904761904765,4,13.0,Quique Sánchez Flores,3-5-2 flat,83500000.0,27.463879036774312,183.8181818181818,196.0,0
1298,A,2023-01-08,20:00,3886481.0,A,Barcelona,131.0,10,2,4,16,3,1,0.859,1.23617,1.23617,7.96,7,1.0,Xavi,4-3-3 Attacking,550000000.0,24.471408126438927,181.45454545454547,547.0,0
1299,D,2023-01-09,20:00,3886480.0,D,Osasuna,331.0,3,1,1,13,1,0,0.6704,0.427681,0.427681,10.041666666666666,2,8.0,Jagoba Arrasate,4-3-3 Attacking,69250000.0,28.319332959990046,182.54545454545453,84.0,0
1300,D,2023-01-13,20:00,3886490.0,A,Villarreal,1050.0,3,1,3,8,2,0,0.0905,0.105032,0.105032,15.27777777777778,2,5.0,Quique Setién,4-3-3 Attacking,161700000.0,30.866778669653414,182.45454545454547,328.0,0
1301,H,2023-01-14,20:00,3886495.0,H,Athletic Club,621.0,6,2,2,15,1,1,0.1991,0.265103,0.265103,14.85,4,8.0,Ernesto Valverde,4-2-3-1,136800000.0,27.6669777860743,184.8181818181818,126.0,0
1302,H,2023-01-14,17:30,3886497.0,D,Mallorca,237.0,6,2,1,19,3,0,0.7288000000000001,0.523266,0.523266,13.409090909090908,2,10.0,Javier Aguirre,5-4-1,53800000.0,28.490573081948853,182.8181818181818,173.0,0
1303,A,2023-01-14,13:00,3886499.0,D,Rayo Vallecano,367.0,13,6,8,18,2,0,1.9339,1.16996,0.426815,5.606060606060606,5,9.0,Andoni Iraola,4-2-3-1,58000000.0,27.768527160724286,178.72727272727272,137.0,0
1304,H,2023-01-14,15:15,3886494.0,A,Sevilla,368.0,10,2,2,7,1,0,0.2541,0.784402,0.784402,14.833333333333334,5,19.0,Jorge Sampaoli,3-5-2 flat,98000000.0,29.751477817186238,184.0,420.0,0
1305,A,2023-01-15,13:00,3886498.0,D,Espanyol,714.0,10,4,1,13,3,0,1.2149,0.460177,0.460177,14.0,2,14.0,Diego Martínez,3-4-3,63300000.0,28.12718561383859,183.45454545454547,142.0,0
1306,D,2023-01-15,15:15,3886493.0,D,Atletico Madrid,13.0,12,6,4,12,4,1,2.1063,2.08354,2.08354,17.65,11,4.0,Diego Simeone,4-1-4-1,264000000.0,29.191960674506877,179.9090909090909,635.0,0
1307,D,2023-01-16,20:00,3886491.0,H,Elche,1531.0,12,5,6,21,2,0,0.6995,0.654686,0.654686,8.0,6,20.0,Pablo Machín,5-4-1,32300000.0,28.912699894219404,183.0909090909091,56.0,0
1308,H,2023-01-20,20:00,3886506.0,D,Celta Vigo,940.0,10,3,6,11,3,0,1.2631,0.425448,0.425448,12.210526315789474,2,17.0,Carlos Carvalhal,5-3-2,92500000.0,27.250575570904115,179.45454545454547,135.0,0
1309,H,2023-01-21,20:00,3886507.0,D,Cadiz,2687.0,4,1,1,14,4,1,0.1416,0.0765073,0.0765073,38.333333333333336,0,19.0,Sergio,4-4-2,35000000.0,29.28952772073922,179.72727272727272,101.0,0
1310,A,2023-01-21,13:00,3886504.0,A,Real Sociedad,681.0,12,7,4,11,0,0,2.085,1.43612,1.43612,8.555555555555555,5,3.0,Imanol Alguacil,4-3-1-2,146400000.0,27.47806608176218,182.0909090909091,111.0,0
1311,H,2023-01-21,15:15,3886505.0,H,Real Betis,150.0,13,4,4,8,2,0,0.3994,0.835514,0.835514,9.214285714285714,4,6.0,Manuel Pellegrini,4-2-3-1,134500000.0,29.682782651981828,182.27272727272728,368.0,0
1312,H,2023-01-21,17:30,3886501.0,H,Real Valladolid,366.0,7,1,1,7,1,0,0.0137,0.421793,0.421793,11.541666666666666,5,18.0,Pacheta,5-3-2,27550000.0,28.429095887001434,179.8181818181818,85.0,0
1313,H,2023-01-22,13:00,3886509.0,D,Girona,12321.0,8,1,2,15,5,1,0.158,0.637476,0.637476,24.76923076923077,2,11.0,Míchel,4-2-3-1,66500000.0,27.08978906104163,182.0909090909091,90.0,0
1314,D,2023-01-22,15:15,3886503.0,A,Osasuna,331.0,8,4,2,9,1,0,0.2992,0.607835,0.607835,9.4375,6,7.0,Jagoba Arrasate,4-3-3 Attacking,66250000.0,28.057494866529773,179.8181818181818,56.0,0
1315,H,2023-01-22,17:30,3886502.0,H,Getafe,3709.0,7,3,2,6,2,0,1.8319,1.2457,1.2457,82.8,3,16.0,Quique Sánchez Flores,5-3-2,83000000.0,27.502208947794166,183.8181818181818,196.0,0
1316,A,2023-01-22,20:00,3886500.0,A,Real Madrid,418.0,10,4,2,10,2,0,1.2018,0.946951,0.946951,18.63636363636364,5,2.0,Carlo Ancelotti,4-3-3 Attacking,563000000.0,27.456661066517327,183.8181818181818,563.0,0
1317,D,2023-01-23,20:00,3886508.0,D,Almeria,3302.0,14,3,2,8,1,0,0.6771,1.68834,0.945066,13.5,8,14.0,Rubi,4-3-3 Attacking,55300000.0,26.022276149586208,180.63636363636363,55.0,0
1318,H,2023-01-27,20:00,3886512.0,H,Espanyol,714.0,6,3,2,6,3,0,0.4274,0.805809,0.805809,10.590909090909092,2,15.0,Diego Martínez,4-1-3-2,67300000.0,28.292203347644826,182.63636363636363,144.0,0
1319,A,2023-01-28,20:00,3886516.0,D,Real Betis,150.0,13,2,1,12,2,0,2.7607,2.00036,1.25709,6.96,7,6.0,Manuel Pellegrini,4-2-3-1,157000000.0,27.790429967021343,183.27272727272728,237.0,0
1320,H,2023-01-28,17:30,3886517.0,H,Elche,1531.0,6,1,2,8,3,1,0.0693,0.340633,0.340633,41.9,5,20.0,Pablo Machín,3-4-2-1,29500000.0,29.481923962416776,182.45454545454547,53.0,0
1321,H,2023-01-28,13:00,3886510.0,H,Mallorca,237.0,9,2,2,12,2,0,0.2148999999999999,0.306812,0.306812,11.933333333333334,2,10.0,Javier Aguirre,5-4-1,64300000.0,28.752660070935224,182.1818181818182,175.0,0
1322,A,2023-01-28,15:15,3886515.0,D,Barcelona,131.0,8,3,2,15,3,0,1.435,0.981042,0.981042,8.88888888888889,8,1.0,Xavi,4-3-3 Attacking,489000000.0,25.799016862671895,182.1818181818182,485.0,0
1323,H,2023-01-29,13:00,3886518.0,D,Valencia,1049.0,15,2,7,15,1,0,1.0179,1.05725,1.05725,11.952380952380953,6,14.0,Gennaro Gattuso,4-3-3 Attacking,137300000.0,24.637421442349577,181.9090909090909,294.0,0
1324,A,2023-01-29,15:15,3886514.0,D,Atletico Madrid,13.0,13,5,4,7,0,0,1.8179,1.29745,1.29745,22.53846153846154,3,4.0,Diego Simeone,4-4-2,281500000.0,27.806608176218035,178.8181818181818,643.0,0
1325,H,2023-01-29,17:30,3886513.0,D,Athletic Club,621.0,5,0,5,19,2,0,0.8104,0.232576,0.232576,7.266666666666667,5,9.0,Ernesto Valverde,4-2-3-1,116000000.0,28.243668720054757,181.0909090909091,101.0,0
1326,D,2023-01-29,20:00,3886511.0,D,Real Sociedad,681.0,8,3,3,19,4,0,0.514,0.370087,0.370087,11.653846153846152,4,3.0,Imanol Alguacil,4-3-3 Attacking,244000000.0,26.519818306265947,182.45454545454547,233.0,0
1327,A,2023-01-30,20:00,3886519.0,D,Rayo Vallecano,367.0,11,3,4,18,3,0,1.0408,0.830107,0.830107,9.9,1,7.0,Andoni Iraola,4-2-3-1,63000000.0,27.92483355111692,181.45454545454547,164.0,0
1328,A,2023-02-01,20:00,3886496.0,D,Barcelona,131.0,13,3,6,9,0,0,2.6123,2.38335,2.38335,6.275862068965517,16,1.0,Xavi,4-3-3 Attacking,575000000.0,25.86522307261527,182.0,681.0,0
1329,H,2023-02-02,20:00,3886492.0,D,Valencia,1049.0,4,0,6,17,1,1,0.0953,0.213484,0.213484,21.526315789473685,5,12.0,Voro,4-3-3 Attacking,164000000.0,26.472030365254184,182.1818181818182,281.0,0
1330,H,2023-02-03,20:00,3886520.0,H,Cadiz,2687.0,15,3,3,12,1,0,0.8013999999999999,1.55348,1.55348,8.227272727272727,7,18.0,Sergio,4-3-3 Attacking,35200000.0,29.25294007840209,179.63636363636363,37.0,0
1331,D,2023-02-04,17:30,3886521.0,D,Getafe,3709.0,9,1,0,18,5,0,1.4962,1.13659,0.393315,17.2,4,19.0,Quique Sánchez Flores,5-3-2,99500000.0,27.350382676871387,181.8181818181818,210.0,0
1332,A,2023-02-04,20:00,3886523.0,D,Celta Vigo,940.0,9,7,5,13,3,0,0.6495,2.30434,2.30434,13.0,3,12.0,Carlos Carvalhal,4-4-2,101200000.0,25.795781220832556,179.54545454545453,122.0,0
1333,D,2023-02-04,13:00,3886526.0,A,Osasuna,331.0,9,3,3,17,5,1,0.6785,0.919455,0.919455,7.608695652173913,0,9.0,Jagoba Arrasate,4-1-4-1,81250000.0,27.949474208201107,181.8181818181818,81.0,0
1334,H,2023-02-04,15:15,3886524.0,H,Villarreal,1050.0,14,2,10,8,2,0,0.5114000000000001,1.48923,1.48923,6.923076923076923,7,6.0,Quique Setién,4-3-3 Attacking,156700000.0,29.211623421069007,182.63636363636363,275.0,0
1335,H,2023-02-05,20:00,3886522.0,D,Sevilla,368.0,3,1,3,10,2,0,0.0141,0.0413799,0.0413799,25.125,2,16.0,Jorge Sampaoli,5-4-1,104000000.0,28.443034036463192,184.27272727272728,527.0,0
1336,A,2023-02-05,17:30,3886527.0,D,Real Valladolid,366.0,7,2,4,14,5,0,0.9432,0.781504,0.781504,9.03225806451613,1,13.0,Pacheta,4-2-3-1,35000000.0,28.10154937464999,178.0,145.0,0
1337,H,2023-02-05,13:00,3886525.0,H,Real Madrid,418.0,20,1,12,14,5,0,2.4658999999999995,1.39842,0.655139,4.103448275862069,5,2.0,Carlo Ancelotti,4-3-3 Attacking,553000000.0,25.81942629581233,181.54545454545453,460.0,0
1338,H,2023-02-05,15:15,3886528.0,D,Valencia,1049.0,8,4,4,10,4,0,0.3515999999999999,0.877751,0.877751,23.428571428571427,4,17.0,Voro,4-1-4-1,153300000.0,25.22282371974364,180.8181818181818,297.0,0
1339,H,2023-02-06,20:00,3886529.0,D,Almeria,3302.0,14,5,7,9,3,0,1.3376,1.37549,1.37549,9.565217391304348,3,14.0,Rubi,4-3-3 Attacking,50300000.0,27.396926140252628,180.54545454545453,32.0,0
1340,H,2023-02-10,20:00,3886531.0,H,Girona,12321.0,7,1,6,11,4,0,0.7511,0.213596,0.213596,6.619047619047619,0,11.0,Míchel,4-4-2 double 6,65500000.0,26.90909090909091,181.63636363636363,40.0,0
1341,A,2023-02-11,15:15,3886533.0,A,Real Betis,150.0,12,7,2,10,3,0,2.2364999999999995,3.30673,3.30673,11.68421052631579,9,5.0,Manuel Pellegrini,4-2-3-1,140500000.0,28.989359716259102,180.45454545454547,329.0,0
1342,H,2023-02-11,17:30,3886538.0,H,Mallorca,237.0,6,0,2,14,2,0,0.0998,0.206824,0.206824,12.772727272727272,5,10.0,Javier Aguirre,5-4-1,66700000.0,28.373094393628275,182.45454545454547,265.0,0
1343,A,2023-02-11,20:00,3886534.0,D,Athletic Club,621.0,11,3,1,17,2,0,1.1071,1.34748,1.34748,6.653846153846154,4,7.0,Ernesto Valverde,4-2-3-1,146300000.0,28.045547881276832,182.36363636363637,103.0,0
1344,D,2023-02-12,13:00,3886530.0,A,Rayo Vallecano,367.0,19,4,6,19,4,0,1.7251,1.70522,0.962068,8.35,3,6.0,Andoni Iraola,4-2-3-1,68000000.0,28.530645261651422,179.63636363636363,135.0,0
1345,A,2023-02-12,15:15,3886535.0,D,Atletico Madrid,13.0,10,2,5,13,2,1,1.2355,0.955578,0.955578,8.166666666666666,6,4.0,Diego Simeone,4-3-3 Attacking,260500000.0,28.49853773878414,181.8181818181818,677.0,0
1346,D,2023-02-12,17:30,3886539.0,D,Osasuna,331.0,15,4,4,16,3,0,0.6926,1.03574,1.03574,9.454545454545457,4,9.0,Jagoba Arrasate,4-3-3 Attacking,65500000.0,28.317341795781218,181.0,57.0,0
1347,A,2023-02-12,20:00,3886536.0,A,Barcelona,131.0,7,4,2,18,4,0,1.6258,1.37827,1.37827,5.311111111111111,6,1.0,Xavi,4-3-3 Attacking,598000000.0,25.12923900192894,181.45454545454547,637.0,0
1348,A,2023-02-13,20:00,3886532.0,A,Real Sociedad,681.0,11,5,3,17,1,0,1.278,1.20722,1.20722,7.107142857142857,8,3.0,Imanol Alguacil,4-3-3 Attacking,233000000.0,26.263207018853837,182.72727272727272,233.0,0
1349,H,2023-02-15,20:00,3886537.0,H,Elche,1531.0,7,0,4,13,3,0,0.0479,0.619125,0.619125,23.36842105263158,5,20.0,Pablo Machín,3-5-2,27100000.0,28.14933731566175,183.9090909090909,58.0,0
1350,H,2023-02-17,20:00,3886558.0,H,Almeria,3302.0,16,4,7,8,1,0,0.3125,1.23696,1.23696,12.043478260869565,2,17.0,Rubi,4-3-3 Attacking,47000000.0,27.660257606869518,181.36363636363637,37.0,0
1351,A,2023-02-18,20:00,3886554.0,D,Real Madrid,418.0,11,6,5,7,2,0,2.5133,1.86475,1.86475,26.666666666666668,7,2.0,Carlo Ancelotti,4-3-3 Attacking,608000000.0,27.554228112749673,181.9090909090909,763.0,0
1352,H,2023-02-18,17:30,3886552.0,H,Villarreal,1050.0,8,4,4,8,0,1,0.3597,1.01893,1.01893,13.0,1,8.0,Quique Setién,4-1-4-1,156700000.0,30.8227241615332,183.1818181818182,266.0,0
1353,D,2023-02-18,13:00,3886557.0,H,Celta Vigo,940.0,18,4,7,12,5,1,1.1919,1.34253,1.34253,11.36,10,14.0,Carlos Carvalhal,4-4-2,101200000.0,25.834111131852406,179.54545454545453,122.0,0
1354,H,2023-02-18,15:15,3886550.0,H,Real Valladolid,366.0,17,3,6,15,5,0,0.5367000000000001,0.97905,0.97905,6.064516129032258,3,15.0,Pacheta,4-2-3-1,41000000.0,27.566672889054818,179.0909090909091,232.0,0
1355,A,2023-02-19,13:00,3886551.0,D,Espanyol,714.0,11,4,5,12,3,0,1.1995,1.35887,1.35887,7.476190476190476,7,13.0,Diego Martínez,3-5-2,58500000.0,27.143052703627653,180.9090909090909,91.0,0
1356,D,2023-02-19,15:15,3886555.0,A,Sevilla,368.0,7,2,3,6,1,0,0.5777,0.476153,0.476153,9.608695652173912,4,12.0,Jorge Sampaoli,5-4-1,108000000.0,28.3327733183996,182.45454545454547,289.0,0
1357,H,2023-02-19,17:30,3886556.0,D,Athletic Club,621.0,8,2,5,13,3,0,1.3054,1.00816,1.00816,18.05263157894737,6,7.0,Ernesto Valverde,4-2-3-1,134800000.0,27.782714205712157,182.8181818181818,79.0,0
1358,H,2023-02-19,20:00,3886549.0,H,Cadiz,2687.0,14,4,6,18,3,0,0.7783,1.404,1.404,17.428571428571427,1,18.0,Sergio,4-2-3-1,34000000.0,29.372161035405387,178.54545454545453,61.0,0
1359,H,2023-02-20,20:00,3886553.0,D,Valencia,1049.0,8,3,5,8,1,0,0.6333,1.09398,1.09398,8.5625,5,19.0,Rubén Baraja,4-3-3 Attacking,150000000.0,24.703378756766845,181.27272727272728,179.0,0
1360,A,2023-02-24,20:00,3886565.0,H,Real Betis,150.0,21,9,3,9,1,0,2.9386,4.05176,1.82192,3.727272727272727,9,5.0,Manuel Pellegrini,4-2-3-1,117500000.0,29.591935784954263,179.63636363636363,353.0,0
1361,H,2023-02-25,13:00,3886562.0,D,Mallorca,237.0,15,4,4,18,2,0,0.3732,0.557974,0.557974,8.578947368421053,5,10.0,Javier Aguirre,5-3-2,66900000.0,28.96944807417087,181.63636363636363,230.0,0
1362,H,2023-02-25,15:15,3886561.0,D,Rayo Vallecano,367.0,11,2,6,19,4,1,0.8572,0.407208,0.407208,4.739130434782608,2,6.0,Andoni Iraola,4-4-2,74000000.0,27.97759940265074,179.63636363636363,139.0,0
1363,D,2023-02-25,17:30,3886564.0,D,Atletico Madrid,13.0,7,2,4,8,3,1,0.3269999999999999,0.217661,0.217661,17.055555555555557,5,4.0,Diego Simeone,4-4-2,225500000.0,28.410428722543713,181.45454545454547,602.0,0
1364,H,2023-02-25,20:00,3886568.0,H,Real Sociedad,681.0,11,3,8,12,3,0,1.5288,0.817876,0.817876,5.0,2,3.0,Imanol Alguacil,4-1-4-1,276000000.0,25.724099309314912,183.63636363636363,274.0,0
1365,H,2023-02-26,17:30,3886563.0,H,Barcelona,131.0,14,1,7,11,3,0,1.5935,1.15571,1.15571,3.952380952380953,13,1.0,Xavi,4-3-3 Attacking,355000000.0,27.953456536618752,181.63636363636363,801.0,0
1366,A,2023-02-26,20:00,3886567.0,A,Osasuna,331.0,11,4,2,15,2,0,0.636,1.34283,1.34283,12.37037037037037,3,8.0,Jagoba Arrasate,4-3-3 Attacking,62700000.0,27.974612656337502,181.45454545454547,18.0,0
1367,A,2023-02-26,13:00,3886559.0,A,Girona,12321.0,8,4,3,8,5,0,1.3468999999999998,1.33877,1.33877,10.095238095238097,5,11.0,Míchel,4-1-4-1,88000000.0,26.7209258913571,181.8181818181818,103.0,0
1368,H,2023-02-26,15:15,3886560.0,H,Real Valladolid,366.0,6,3,4,5,3,1,0.2241,0.902118,0.902118,11.55,4,17.0,Pacheta,4-2-3-1,36800000.0,28.128181195943,180.72727272727272,186.0,0
1369,H,2023-02-27,20:00,3886566.0,D,Getafe,3709.0,8,3,6,13,1,0,0.3151,0.467981,0.467981,9.28125,3,19.0,Quique Sánchez Flores,4-2-3-1,90500000.0,27.68091593553606,182.63636363636363,267.0,0
1370,D,2023-03-03,20:00,3886577.0,D,Cadiz,2687.0,6,2,0,18,1,0,1.169,0.847252,0.847252,10.333333333333334,4,15.0,Sergio,4-2-3-1,32500000.0,30.088482359529586,179.36363636363637,37.0,0
1371,H,2023-03-04,20:00,3886569.0,H,Sevilla,368.0,8,1,3,11,4,1,0.4731999999999999,1.76791,1.02463,17.57894736842105,4,17.0,Jorge Sampaoli,4-3-3 Attacking,106500000.0,28.445522991724225,183.72727272727272,522.0,0
1372,A,2023-03-04,17:30,3886576.0,D,Elche,1531.0,15,6,7,14,3,0,1.3087,0.957134,0.957134,10.409090909090908,5,20.0,Pablo Machín,3-1-4-2,27200000.0,29.451309812706118,183.27272727272728,34.0,0
1373,H,2023-03-04,13:00,3886572.0,H,Girona,12321.0,9,7,3,11,4,0,0.5335,0.845978,0.845978,7.4375,3,11.0,Míchel,4-1-4-1,88000000.0,26.737352996079895,181.8181818181818,103.0,0
1374,A,2023-03-04,15:15,3886573.0,D,Villarreal,1050.0,16,6,10,10,4,0,2.678,2.37286,2.37286,8.538461538461538,21,6.0,Quique Setién,4-3-3 Attacking,174200000.0,28.870138759255802,180.8181818181818,242.0,0
1375,H,2023-03-05,13:00,3886578.0,H,Espanyol,714.0,12,2,6,11,2,0,0.9845,0.946065,0.946065,8.666666666666666,6,13.0,Diego Martínez,4-2-3-1,68500000.0,28.46120340986871,182.27272727272728,152.0,0
1376,H,2023-03-05,15:15,3886570.0,H,Valencia,1049.0,13,1,2,13,0,0,0.3608,0.629336,0.629336,10.555555555555555,5,19.0,Rubén Baraja,4-5-1,115000000.0,23.319519631634623,182.1818181818182,131.0,0
1377,D,2023-03-05,17:30,3886574.0,D,Athletic Club,621.0,16,3,9,17,0,1,1.7235999999999998,1.25683,1.25683,5.0,4,9.0,Ernesto Valverde,4-2-3-1,116000000.0,26.831186609420694,181.9090909090909,73.0,0
1378,D,2023-03-05,20:00,3886571.0,D,Real Madrid,418.0,15,5,3,13,4,0,1.823,1.14462,1.14462,7.566666666666666,15,2.0,Carlo Ancelotti,4-3-3 Attacking,698000000.0,27.165702196503016,183.54545454545453,563.0,0
1379,D,2023-03-06,20:00,3886575.0,D,Celta Vigo,940.0,6,0,4,12,2,0,0.9097,0.726128,0.726128,19.27777777777778,1,12.0,Carlos Carvalhal,4-4-2,101000000.0,26.59523365067513,178.54545454545453,121.0,0
1380,D,2023-03-10,20:00,3886584.0,H,Getafe,3709.0,16,10,6,16,5,1,2.1661,2.6986,1.21205,7.263157894736842,4,18.0,Quique Sánchez Flores,3-4-3,73500000.0,27.81656399726215,184.8181818181818,264.0,0
1381,H,2023-03-11,13:00,3886587.0,H,Espanyol,714.0,10,3,4,17,2,0,0.8685,1.10182,1.10182,10.6,2,15.0,Diego Martínez,4-4-2 double 6,55700000.0,27.908406446394125,185.27272727272728,153.0,0
1382,D,2023-03-11,15:15,3886582.0,A,Real Valladolid,366.0,5,1,3,11,6,2,0.0907,0.246865,0.246865,7.904761904761905,5,14.0,Pacheta,4-1-4-1,41800000.0,27.56592620247651,181.72727272727272,224.0,0
1383,H,2023-03-11,17:30,3886581.0,D,Rayo Vallecano,367.0,12,3,7,12,3,0,0.395,0.697265,0.697265,7.478260869565218,1,7.0,Andoni Iraola,4-2-3-1,65000000.0,29.21809470474768,180.27272727272728,154.0,0
1384,H,2023-03-11,20:00,3886588.0,D,Osasuna,331.0,7,0,3,19,5,0,0.2024,0.257674,0.257674,6.4,1,8.0,Jagoba Arrasate,4-3-3 Attacking,88300000.0,28.516209321137453,182.72727272727272,42.0,0
1385,D,2023-03-12,17:30,3886586.0,A,Real Betis,150.0,6,3,4,11,2,0,1.0814,1.03133,1.03133,15.36842105263158,5,5.0,Manuel Pellegrini,4-2-3-1,111700000.0,29.550121336568974,180.9090909090909,298.0,0
1386,D,2023-03-12,13:00,3886583.0,A,Real Sociedad,681.0,8,2,2,20,2,1,0.6003000000000001,0.683339,0.683339,4.129032258064516,6,4.0,Imanol Alguacil,4-3-1-2,250000000.0,27.270487212992347,182.63636363636363,167.0,0
1387,H,2023-03-12,15:15,3886589.0,D,Almeria,3302.0,13,5,4,11,4,0,0.4534,1.51939,1.51939,12.11111111111111,2,19.0,Rubi,4-2-3-1,52700000.0,26.197498599962667,180.36363636363637,58.0,0
1388,A,2023-03-12,20:00,3886580.0,A,Barcelona,131.0,10,2,3,7,1,0,0.9677,0.724931,0.724931,13.454545454545457,4,1.0,Xavi,4-3-3 Attacking,460000000.0,26.864289714392385,181.45454545454547,680.0,0
1389,A,2023-03-13,20:00,3886585.0,D,Atletico Madrid,13.0,14,4,3,12,3,0,2.6927,1.80682,1.80682,20.88235294117647,6,3.0,Diego Simeone,3-5-2 Attacking,261500000.0,29.123514404828573,180.45454545454547,765.0,0
1390,A,2023-03-17,20:00,3886596.0,A,Athletic Club,621.0,15,6,9,14,2,0,2.3022,2.34513,1.60185,7.8,10,7.0,Ernesto Valverde,4-2-3-1,128800000.0,28.254122332151084,184.36363636363637,88.0,0
1391,D,2023-03-18,13:00,3886595.0,D,Cadiz,2687.0,10,4,2,12,4,0,0.4346,1.13127,1.13127,24.0,6,15.0,Sergio,4-4-2,20700000.0,29.238753033414227,181.0,37.0,0
1392,D,2023-03-18,15:15,3886599.0,H,Girona,12321.0,12,4,5,16,2,0,1.1536,1.50856,1.50856,7.565217391304348,3,12.0,Míchel,4-1-4-1,88000000.0,26.474519320515217,181.63636363636363,99.0,0
1393,A,2023-03-18,17:30,3886597.0,A,Celta Vigo,940.0,8,4,1,12,2,0,1.2918,1.63211,0.888828,12.181818181818182,8,9.0,Carlos Carvalhal,4-4-2,94000000.0,27.351378258975796,178.1818181818182,95.0,0
1394,H,2023-03-18,20:00,3886590.0,H,Valencia,1049.0,9,1,2,9,0,0,0.1152,0.68946,0.68946,20.0,2,18.0,Rubén Baraja,4-1-4-1,154000000.0,23.972123701076473,181.27272727272728,173.0,0
1395,H,2023-03-19,13:00,3886592.0,D,Mallorca,237.0,5,1,4,15,2,0,0.7053,0.140478,0.140478,14.363636363636363,5,11.0,Javier Aguirre,3-5-2 flat,63400000.0,29.136705867712024,180.27272727272728,211.0,0
1396,A,2023-03-19,15:15,3886594.0,A,Villarreal,1050.0,12,6,1,7,2,0,1.7349,1.5875,1.5875,13.133333333333333,5,6.0,Quique Setién,4-3-3 Attacking,197200000.0,29.028187418331154,182.36363636363637,242.0,0
1397,H,2023-03-19,15:15,3886598.0,D,Elche,1531.0,4,3,3,16,1,0,0.047,0.0819691,0.0819691,11.772727272727272,0,20.0,Pablo Machín,3-5-2 Attacking,26200000.0,29.532947545267874,183.63636363636363,31.0,0
1398,H,2023-03-19,17:30,3886593.0,D,Sevilla,368.0,11,4,1,10,2,0,0.4839,0.81914,0.81914,11.818181818181818,2,14.0,Jorge Sampaoli,5-4-1,113000000.0,28.834546699023086,181.63636363636363,376.0,0
1399,H,2023-03-19,20:00,3886591.0,D,Real Madrid,418.0,11,3,1,13,3,0,0.5102,0.524212,0.524212,13.409090909090908,8,2.0,Carlo Ancelotti,4-2-3-1,531000000.0,29.46101673822413,182.63636363636363,750.0,0
1400,D,2023-03-31,20:00,3886602.0,D,Osasuna,331.0,11,2,3,17,3,0,1.3356,0.507781,0.507781,5.909090909090909,2,10.0,Jagoba Arrasate,4-3-3 Attacking,59000000.0,28.709601144919418,183.1818181818182,53.0,0
1401,D,2023-04-01,15:15,3886600.0,D,Getafe,3709.0,9,1,3,9,0,0,1.3073,0.723494,0.723494,12.35,1,14.0,Quique Sánchez Flores,5-3-2,76000000.0,28.304897019476076,183.63636363636363,264.0,0
1402,A,2023-04-01,17:30,3886603.0,D,Sevilla,368.0,11,5,4,14,4,0,2.1971,1.72869,1.72869,5.583333333333333,3,13.0,José Luis Mendilibar,4-2-3-1,108000000.0,28.9978221641466,182.54545454545453,468.0,0
1403,H,2023-04-01,13:00,3886606.0,D,Espanyol,714.0,5,1,2,16,2,1,0.8487,0.946182,0.946182,10.73913043478261,1,18.0,Diego Martínez,4-4-1-1,60700000.0,27.335200049779107,184.0909090909091,154.0,0
1404,A,2023-04-01,20:00,3886605.0,A,Barcelona,131.0,12,6,3,11,3,0,2.3129,1.61804,1.61804,8.15,11,1.0,Xavi,4-3-3 Attacking,394000000.0,26.889925953580985,181.45454545454547,507.0,0
1405,H,2023-04-02,20:00,3886601.0,D,Real Betis,150.0,6,2,1,11,2,0,0.3567,0.371436,0.371436,19.0,3,5.0,Manuel Pellegrini,4-4-2 double 6,138000000.0,27.46611909650924,183.8181818181818,199.0,0
1406,H,2023-04-02,17:30,3886607.0,D,Real Sociedad,681.0,16,3,4,19,3,0,0.3106,0.912497,0.912497,8.37037037037037,8,4.0,Imanol Alguacil,4-3-1-2,236000000.0,26.931989297492375,181.8181818181818,221.0,0
1407,D,2023-04-02,13:00,3886609.0,D,Almeria,3302.0,8,3,1,12,5,0,0.7497,1.23651,1.23651,11.478260869565217,1,19.0,Rubi,4-4-2 double 6,39800000.0,26.601704934353805,182.45454545454547,30.0,0
1408,H,2023-04-02,15:15,3886604.0,H,Real Valladolid,366.0,12,2,1,11,1,0,0.0318,0.719567,0.719567,19.1875,3,16.0,Pacheta,3-5-2,36500000.0,27.30981270611661,180.54545454545453,132.0,0
1409,D,2023-04-03,20:00,3886608.0,A,Rayo Vallecano,367.0,7,2,3,16,3,0,0.1848,0.645345,0.645345,6.967741935483871,6,8.0,Andoni Iraola,4-2-3-1,69000000.0,28.667537801008027,179.63636363636363,135.0,0
1410,D,2023-04-07,20:00,3886616.0,H,Celta Vigo,940.0,9,4,3,9,2,0,1.4304,0.611169,0.611169,9.076923076923077,7,10.0,Carlos Carvalhal,4-4-2 double 6,71500000.0,28.39001928940327,177.1818181818182,140.0,0
1411,H,2023-04-08,13:00,3886617.0,A,Elche,1531.0,7,1,2,7,3,0,0.5833999999999999,0.657812,0.657812,17.857142857142858,2,20.0,Sebastián Beccacece,4-3-3 Attacking,27000000.0,29.404019662746563,181.9090909090909,20.0,0
1412,A,2023-04-08,15:15,3886614.0,A,Athletic Club,621.0,12,7,7,18,4,0,2.5579,2.73876,2.73876,10.4,14,7.0,Ernesto Valverde,4-2-3-1,132800000.0,28.87088544583411,184.27272727272728,117.0,0
1413,H,2023-04-08,17:30,3886619.0,H,Getafe,3709.0,6,4,2,9,1,0,0.1183,0.243923,0.243923,18.0,1,15.0,Quique Sánchez Flores,3-4-3,77000000.0,28.880094580299918,181.8181818181818,266.0,0
1414,A,2023-04-08,20:00,3886612.0,D,Villarreal,1050.0,17,8,7,19,3,0,0.7246999999999999,1.24489,1.24489,8.264705882352942,9,5.0,Quique Setién,4-3-3 Attacking,201700000.0,27.274469541409996,181.36363636363637,362.0,0
1415,D,2023-04-09,13:00,3886618.0,H,Mallorca,237.0,14,6,2,20,5,0,2.1684,1.98329,1.24001,8.235294117647058,6,12.0,Javier Aguirre,5-4-1,69200000.0,27.595295874556655,181.0909090909091,210.0,0
1416,A,2023-04-09,15:15,3886611.0,D,Cadiz,2687.0,15,4,6,16,3,0,2.3062,2.85597,2.11269,5.3125,6,14.0,Sergio,4-4-2,22700000.0,29.85676062472777,180.63636363636363,37.0,0
1417,H,2023-04-09,17:30,3886613.0,D,Valencia,1049.0,11,4,7,11,2,0,0.9972,1.08869,1.08869,12.23076923076923,6,18.0,Rubén Baraja,4-3-3 Attacking,137500000.0,24.747931055939272,182.36363636363637,127.0,0
1418,A,2023-04-09,20:00,3886615.0,A,Atletico Madrid,13.0,14,4,2,7,0,0,2.5916,2.36535,2.36535,20.76923076923077,12,3.0,Diego Simeone,5-3-2,280500000.0,29.4500653350756,182.27272727272728,802.0,0
1419,D,2023-04-10,20:00,3886610.0,D,Girona,12321.0,5,0,2,14,2,0,0.8371,0.491057,0.491057,11.714285714285714,1,11.0,Míchel,4-1-4-1,74000000.0,27.307572646381683,181.45454545454547,95.0,0
1420,H,2023-04-14,20:00,3886627.0,H,Osasuna,331.0,8,4,3,16,3,0,0.6615,0.373133,0.373133,6.68,6,10.0,Jagoba Arrasate,4-3-3 Attacking,87800000.0,27.05668595606994,180.63636363636363,62.0,0
1421,H,2023-04-15,17:30,3886621.0,H,Espanyol,714.0,13,4,13,13,2,0,0.3933,0.616302,0.616302,11.1,5,19.0,Luis García,4-3-3 Attacking,63700000.0,27.914379939020595,184.27272727272728,148.0,0
1422,A,2023-04-15,20:00,3886623.0,D,Real Madrid,418.0,35,11,9,7,0,0,2.9402,4.49059,4.49059,8.38888888888889,28,2.0,Carlo Ancelotti,4-3-3 Attacking,508000000.0,28.25014000373343,183.54545454545453,567.0,0
1423,A,2023-04-15,13:00,3886624.0,A,Real Valladolid,366.0,14,7,5,18,6,0,1.6773,2.41465,2.41465,10.153846153846152,8,14.0,Paulo Pezzolano,3-4-1-2,47000000.0,26.426980275029553,182.63636363636363,257.0,0
1424,H,2023-04-15,15:15,3886620.0,H,Real Sociedad,681.0,13,4,2,14,2,0,1.9723,1.71232,1.71232,6.793103448275862,6,4.0,Imanol Alguacil,4-3-1-2,274000000.0,26.842386908095328,180.54545454545453,203.0,0
1425,H,2023-04-16,13:00,3886626.0,H,Elche,1531.0,13,5,4,14,3,1,0.7715000000000001,0.577847,0.577847,9.958333333333334,7,20.0,Sebastián Beccacece,4-2-3-1,26300000.0,28.405948603073856,182.72727272727272,20.0,0
1426,D,2023-04-16,15:15,3886625.0,D,Barcelona,131.0,15,3,5,12,1,0,1.6939,1.04627,1.04627,5.7368421052631575,2,1.0,Xavi,4-3-3 Attacking,433000000.0,27.726712712338994,181.0,700.0,0
1427,H,2023-04-16,17:30,3886629.0,H,Almeria,3302.0,2,0,2,8,3,0,0.0469,0.058186,0.058186,25.857142857142858,0,17.0,Rubi,3-4-2-1,43300000.0,26.442162902121833,183.45454545454547,36.0,0
1428,A,2023-04-16,20:00,3886628.0,D,Sevilla,368.0,6,3,2,17,4,0,2.2757,1.46976,1.46976,16.5625,4,13.0,José Luis Mendilibar,4-2-3-1,95000000.0,29.285296496795468,182.63636363636363,268.0,0
1429,A,2023-04-17,20:00,3886622.0,A,Mallorca,237.0,8,2,5,19,1,0,2.0299,1.18361,1.18361,11.857142857142858,3,11.0,Javier Aguirre,3-5-2,70500000.0,26.79036774313982,181.8181818181818,210.0,0
1430,D,2023-04-21,20:00,3886637.0,D,Cadiz,2687.0,11,2,3,22,2,0,1.0529,1.12699,1.12699,7.541666666666667,3,15.0,Sergio,4-4-2,30000000.0,29.972248148839526,180.36363636363637,37.0,0
1431,H,2023-04-22,20:00,3886635.0,H,Celta Vigo,940.0,12,2,3,10,2,0,0.6082000000000001,0.744532,0.744532,23.72222222222222,7,13.0,Carlos Carvalhal,4-4-2,88000000.0,27.86012071433016,179.1818181818182,165.0,0
1432,H,2023-04-22,17:30,3886639.0,H,Girona,12321.0,12,6,7,9,1,0,1.3232,1.0586,1.0586,8.043478260869565,8,11.0,Míchel,4-1-4-1,68000000.0,28.531143052703626,182.63636363636363,143.0,0
1433,H,2023-04-22,13:00,3886634.0,H,Real Betis,150.0,21,6,13,13,0,0,1.6096,1.99331,1.99331,6.2727272727272725,14,5.0,Manuel Pellegrini,4-2-3-1,131700000.0,28.685209383361336,183.45454545454547,320.0,0
1434,A,2023-04-22,15:15,3886632.0,A,Athletic Club,621.0,14,3,4,20,4,0,2.3413,1.83476,1.83476,9.615384615384617,8,7.0,Ernesto Valverde,4-2-3-1,149800000.0,28.745193205152137,184.8181818181818,139.0,0
1435,H,2023-04-22,17:30,3886638.0,D,Rayo Vallecano,367.0,7,2,3,19,2,0,0.8423,0.359842,0.359842,6.25,3,9.0,Andoni Iraola,4-2-3-1,55500000.0,28.356916184431586,179.9090909090909,129.0,0
1436,H,2023-04-23,20:00,3886631.0,H,Villarreal,1050.0,17,5,3,10,2,0,2.3139,2.13506,2.13506,9.692307692307692,10,6.0,Quique Setién,4-3-3 Attacking,184700000.0,28.58764233712899,181.9090909090909,347.0,0
1437,A,2023-04-23,13:00,3886630.0,A,Valencia,1049.0,5,3,6,6,1,0,1.5799,1.05313,1.05313,13.590909090909092,4,17.0,Rubén Baraja,5-3-2,143500000.0,25.996391014871506,183.8181818181818,298.0,0
1438,H,2023-04-23,15:15,3886633.0,H,Atletico Madrid,13.0,13,3,3,16,7,0,0.4169,0.714419,0.714419,13.384615384615383,10,3.0,Diego Simeone,5-3-2,274500000.0,29.472963723477072,180.36363636363637,813.0,0
1439,H,2023-04-23,17:30,3886636.0,A,Getafe,3709.0,3,1,2,18,3,0,0.1351,0.118861,0.118861,8.208333333333334,3,16.0,Quique Sánchez Flores,5-4-1,76000000.0,28.36512973679298,183.63636363636363,264.0,0
1440,H,2023-04-25,18:30,3886646.0,H,Real Madrid,418.0,18,3,8,6,2,0,0.8223,1.63006,1.63006,9.0,13,2.0,Carlo Ancelotti,4-3-3 Attacking,531000000.0,28.37956567730695,180.8181818181818,608.0,0
1441,D,2023-04-25,21:00,3886642.0,D,Real Sociedad,681.0,10,3,4,23,3,0,1.1975,0.607061,0.607061,7.933333333333334,5,4.0,Imanol Alguacil,4-4-2 double 6,234000000.0,26.5412233215108,181.9090909090909,232.0,0
1442,A,2023-04-25,18:30,3886644.0,D,Osasuna,331.0,6,4,2,15,1,1,0.9222,0.865548,0.865548,12.947368421052632,1,8.0,Jagoba Arrasate,4-1-4-1,46550000.0,27.37900566237322,179.45454545454547,57.0,0
1443,H,2023-04-26,18:30,3886641.0,D,Mallorca,237.0,6,2,8,9,0,0,0.1953,0.741129,0.741129,26.23076923076923,1,12.0,Javier Aguirre,3-5-2 Attacking,37100000.0,29.05506813515027,181.0909090909091,109.0,0
1444,A,2023-04-26,18:30,3886649.0,A,Almeria,3302.0,23,11,6,9,2,0,1.6799,2.08963,2.08963,5.739130434782608,8,16.0,Rubi,4-3-3 Attacking,36500000.0,27.76180698151951,180.45454545454547,24.0,0
1445,H,2023-04-26,21:00,3886643.0,D,Elche,1531.0,16,1,6,12,0,0,1.4221,1.48138,1.48138,10.88888888888889,1,20.0,Sebastián Beccacece,4-4-2 Diamond,23800000.0,29.305954825462013,182.36363636363637,30.0,0
1446,H,2023-04-26,21:00,3886647.0,H,Barcelona,131.0,10,5,9,14,4,0,1.4928,1.00988,1.00988,6.761904761904762,5,1.0,Xavi,4-3-3 Attacking,587000000.0,25.51900939580611,181.45454545454547,522.0,0
1447,H,2023-04-27,18:30,3886645.0,A,Real Valladolid,366.0,8,2,2,17,4,0,1.4684,0.993149,0.993149,6.541666666666667,3,14.0,Paulo Pezzolano,4-3-3 Attacking,47000000.0,26.952896521685023,182.9090909090909,257.0,0
1448,H,2023-04-27,18:30,3886648.0,A,Espanyol,714.0,13,4,2,10,4,1,0.055,1.12119,1.12119,10.5,7,19.0,Luis García,4-4-1-1,62500000.0,28.143114927509178,182.9090909090909,149.0,0
1449,A,2023-04-27,21:00,3886640.0,D,Sevilla,368.0,4,1,2,11,3,0,2.3336,1.00143,0.258149,8.846153846153847,4,11.0,José Luis Mendilibar,4-2-3-1,90000000.0,30.984506253500093,182.0909090909091,456.0,0
1450,A,2023-04-28,20:00,3886654.0,A,Real Sociedad,681.0,12,8,2,15,1,0,2.2156,2.09575,2.09575,10.333333333333334,15,4.0,Imanol Alguacil,4-3-3 Attacking,210000000.0,26.484724037085435,181.45454545454547,109.0,0
1451,H,2023-04-29,15:15,3886651.0,H,Rayo Vallecano,367.0,14,3,8,16,2,1,0.1127,0.565048,0.565048,5.162162162162162,5,10.0,Andoni Iraola,4-2-3-1,65500000.0,28.511978097193705,179.54545454545453,164.0,0
1452,H,2023-04-29,17:30,3886658.0,H,Almeria,3302.0,9,3,0,16,2,0,0.2872,1.375,1.375,25.357142857142858,3,17.0,Rubi,4-2-3-1,39200000.0,26.258726899383984,179.0,23.0,0
1453,H,2023-04-29,20:00,3886650.0,H,Real Betis,150.0,4,1,0,9,2,1,0.0578999999999999,0.231066,0.231066,24.857142857142858,1,6.0,Manuel Pellegrini,4-2-3-1,128200000.0,28.93435380499035,183.63636363636363,185.0,0
1454,H,2023-04-30,13:00,3886652.0,H,Valencia,1049.0,16,4,6,10,2,0,0.446,1.05204,1.05204,4.92,7,16.0,Rubén Baraja,5-4-1,103500000.0,23.737166324435318,183.72727272727272,176.0,0
1455,H,2023-04-30,15:15,3886657.0,H,Celta Vigo,940.0,14,5,9,11,4,0,0.3177999999999999,0.746823,0.746823,14.090909090909092,8,13.0,Carlos Carvalhal,4-4-2 double 6,65500000.0,27.186609420695664,180.0909090909091,174.0,0
1456,H,2023-04-30,17:30,3886653.0,H,Getafe,3709.0,7,2,3,23,5,0,0.1712,0.410072,0.410072,8.44,3,18.0,Pepe Bordalás,4-4-2,81300000.0,27.664488830813266,183.1818181818182,169.0,0
1457,A,2023-04-30,20:00,3886656.0,A,Atletico Madrid,13.0,9,6,1,8,1,0,2.2876,2.75586,2.75586,31.444444444444443,11,3.0,Diego Simeone,5-3-2,236500000.0,29.34179578122083,181.63636363636363,784.0,0
1458,A,2023-05-01,20:00,3886659.0,A,Girona,12321.0,9,3,1,11,1,0,0.5755999999999999,1.13007,1.13007,22.07692307692308,4,8.0,Míchel,5-4-1,78000000.0,25.853276087362328,181.45454545454547,91.0,0
1459,D,2023-05-01,18:00,3886655.0,D,Athletic Club,621.0,16,6,7,9,2,0,1.4369999999999998,1.3765,0.633225,5.954545454545454,4,7.0,Ernesto Valverde,4-2-3-1,90500000.0,28.596602576068697,184.0909090909091,46.0,0
1460,H,2023-05-02,18:30,3886665.0,H,Elche,1531.0,14,1,13,9,2,0,0.7428,1.01416,1.01416,6.866666666666666,3,20.0,Sebastián Beccacece,4-4-2,26100000.0,28.566237321884138,182.36363636363637,6.0,0
1461,H,2023-05-02,18:30,3886662.0,D,Osasuna,331.0,7,2,0,10,0,1,0.1828,0.355588,0.355588,20.428571428571427,3,10.0,Jagoba Arrasate,4-2-3-1,55600000.0,25.86721423682409,179.45454545454547,31.0,0
1462,H,2023-05-02,21:00,3886669.0,D,Real Madrid,418.0,10,5,6,9,5,1,0.3250999999999999,0.867228,0.867228,19.33333333333333,2,3.0,Carlo Ancelotti,4-3-3 Attacking,410500000.0,28.514467052454734,183.1818181818182,443.0,0
1463,D,2023-05-03,18:30,3886663.0,D,Villarreal,1050.0,11,4,6,13,2,0,1.0379,0.742844,0.742844,4.095238095238095,8,5.0,Quique Setién,4-3-3 Attacking,213200000.0,27.42778918548939,182.63636363636363,270.0,0
1464,H,2023-05-03,21:00,3886661.0,H,Cadiz,2687.0,2,1,2,9,2,0,0.0036,0.0260457,0.0260457,22.15384615384616,1,15.0,Sergio,4-1-4-1,25700000.0,28.83255553481426,180.63636363636363,61.0,0
1465,H,2023-05-03,21:00,3886667.0,H,Celta Vigo,940.0,7,1,5,14,5,1,0.0545,0.219098,0.219098,5.2,2,13.0,Carlos Carvalhal,4-4-2,97000000.0,27.562690560637176,177.72727272727272,91.0,0
1466,H,2023-05-04,18:30,3886666.0,H,Mallorca,237.0,8,2,5,13,0,0,0.7317,1.34254,0.599267,13.05,5,12.0,Javier Aguirre,5-4-1,70700000.0,26.956132163524362,182.0,210.0,0
1467,H,2023-05-04,18:30,3886668.0,A,Espanyol,714.0,7,3,0,11,2,0,0.1449,0.61847,0.61847,12.944444444444445,2,19.0,Luis García,5-3-2,65000000.0,28.457221081451063,182.1818181818182,83.0,0
1468,A,2023-05-04,21:00,3886660.0,A,Real Betis,150.0,12,2,2,7,3,0,1.1275,0.753982,0.753982,19.2,5,6.0,Manuel Pellegrini,4-2-3-1,92000000.0,30.98873747744384,180.9090909090909,387.0,0
1469,H,2023-05-04,21:00,3886664.0,D,Real Valladolid,366.0,7,4,4,15,0,0,0.5778,0.571427,0.571427,6.137931034482759,4,16.0,Paulo Pezzolano,3-4-1-2,37500000.0,27.82701760935847,181.0,215.0,0
1470,H,2023-05-12,20:00,3886676.0,H,Cadiz,2687.0,14,4,7,14,3,0,0.5294000000000001,0.611231,0.611231,9.466666666666669,2,16.0,Sergio,4-4-2,27200000.0,29.926949163088793,181.54545454545453,0.0,0
1471,D,2023-05-13,13:00,3886679.0,D,Girona,12321.0,13,6,4,13,3,1,0.4429,1.4691,1.4691,18.90909090909091,2,7.0,Míchel,4-1-4-1,78500000.0,26.957625536680975,181.54545454545453,149.0,0
1472,H,2023-05-13,15:15,3886678.0,D,Almeria,3302.0,8,3,1,7,0,0,0.422,0.507884,0.507884,14.5,3,15.0,Rubi,4-3-3 Attacking,37500000.0,28.29245224317093,180.9090909090909,27.0,0
1473,H,2023-05-13,17:30,3886672.0,H,Athletic Club,621.0,11,5,5,13,3,0,0.5728,1.82199,1.07871,8.96875,3,8.0,Ernesto Valverde,4-2-3-1,150500000.0,27.990044178955884,182.72727272727272,119.0,0
1474,H,2023-05-13,20:00,3886675.0,D,Getafe,3709.0,9,2,3,23,4,0,1.0284,0.586304,0.586304,22.17391304347826,2,18.0,Pepe Bordalás,4-3-3 Attacking,56200000.0,28.55329475452679,183.8181818181818,258.0,0
1475,A,2023-05-14,20:00,3886674.0,A,Barcelona,131.0,15,5,3,9,3,0,1.9518,3.6498,3.6498,7.095238095238095,14,1.0,Xavi,4-3-3 Attacking,615000000.0,26.14448385290274,182.0,681.0,0
1476,A,2023-05-14,17:30,3886677.0,D,Sevilla,368.0,17,5,3,16,1,0,2.0653,3.05781,3.05781,11.61111111111111,5,10.0,José Luis Mendilibar,4-2-3-1,84500000.0,29.084437807230415,182.9090909090909,266.0,0
1477,A,2023-05-14,13:00,3886671.0,A,Valencia,1049.0,12,5,4,19,5,1,1.8434,1.86638,1.86638,12.391304347826088,3,14.0,Rubén Baraja,4-2-3-1,129500000.0,24.75664239935287,181.9090909090909,158.0,0
1478,H,2023-05-14,15:15,3886673.0,H,Atletico Madrid,13.0,13,4,5,3,0,0,0.7961,1.44785,1.44785,15.63157894736842,5,3.0,Diego Simeone,3-5-2,246500000.0,29.380125692240686,181.63636363636363,784.0,0
1479,H,2023-05-15,20:00,3886670.0,H,Rayo Vallecano,367.0,16,4,5,9,2,1,0.6839999999999999,1.71956,1.71956,8.476190476190476,4,11.0,Andoni Iraola,4-2-3-1,71000000.0,28.716321324124195,179.27272727272728,122.0,0
1480,H,2023-05-19,20:00,3886683.0,D,Real Valladolid,366.0,6,2,3,18,4,1,0.1026,0.20683,0.20683,3.8620689655172415,5,18.0,Paulo Pezzolano,3-5-2,34000000.0,28.46593242486466,182.54545454545453,169.0,0
1481,A,2023-05-20,13:00,3886685.0,D,Villarreal,1050.0,10,5,1,11,1,0,1.7271,1.71579,1.71579,7.242424242424242,6,5.0,Quique Setién,4-2-3-1,170700000.0,26.728890548192396,182.72727272727272,300.0,0
1482,H,2023-05-20,15:15,3886680.0,H,Celta Vigo,940.0,8,3,5,12,1,0,0.577,0.283064,0.283064,9.5,2,14.0,Carlos Carvalhal,4-2-3-1,101000000.0,26.012569224068194,177.54545454545453,72.0,0
1483,H,2023-05-20,17:30,3886684.0,H,Mallorca,237.0,7,3,6,15,2,0,0.329,0.35959,0.35959,9.178571428571429,0,12.0,Javier Aguirre,5-3-2,74700000.0,26.89291269989422,182.72727272727272,207.0,0
1484,D,2023-05-20,17:30,3886687.0,D,Elche,1531.0,13,4,6,11,1,0,1.1445,1.34186,1.34186,6.666666666666667,3,20.0,Sebastián Beccacece,3-1-4-2,29900000.0,28.469665857756205,182.63636363636363,17.0,0
1485,A,2023-05-20,20:00,3886682.0,A,Real Sociedad,681.0,13,6,2,16,4,0,2.0116,2.8035,2.8035,14.96,6,4.0,Imanol Alguacil,4-2-3-1,214000000.0,26.615643083815566,183.9090909090909,179.0,0
1486,A,2023-05-21,13:00,3886688.0,D,Espanyol,714.0,10,6,4,11,2,0,0.9089,1.3061,1.3061,11.681818181818182,2,19.0,Luis García,4-2-3-1,59000000.0,28.63543027814075,181.1818181818182,17.0,0
1487,H,2023-05-21,15:15,3886681.0,H,Osasuna,331.0,12,2,10,11,2,0,0.4382,0.714505,0.714505,17.8,5,10.0,Jagoba Arrasate,4-3-3 Attacking,97500000.0,28.569224068197375,180.9090909090909,61.0,0
1488,H,2023-05-21,17:30,3886689.0,H,Real Madrid,418.0,13,5,9,4,2,1,1.7964,2.08896,2.08896,4.6,14,3.0,Carlo Ancelotti,4-3-3 Attacking,562000000.0,27.51291145541659,183.72727272727272,514.0,0
1489,D,2023-05-21,20:00,3886686.0,D,Real Betis,150.0,5,0,3,11,2,1,0.2427,0.114129,0.114129,6.129032258064516,6,6.0,Manuel Pellegrini,4-2-3-1,131000000.0,29.669591189098377,182.54545454545453,224.0,0
1490,H,2023-05-23,21:00,3886696.0,H,Barcelona,131.0,16,6,6,9,0,0,1.0135,1.72866,1.72866,8.933333333333334,8,1.0,Xavi,4-3-3 Attacking,403000000.0,26.361271856138387,180.72727272727272,485.0,0
1491,H,2023-05-23,18:30,3886699.0,H,Almeria,3302.0,2,2,2,8,1,1,0.1336,0.0996009,0.0996009,33.875,3,15.0,Rubi,4-2-3-1,42700000.0,26.805550370232094,180.0,30.0,0
1492,D,2023-05-23,18:30,3886691.0,H,Girona,12321.0,11,4,3,13,0,0,1.8217,1.40034,0.657063,10.11111111111111,2,9.0,Míchel,4-2-3-1,75000000.0,26.74581544396739,182.9090909090909,149.0,0
1493,D,2023-05-24,21:00,3886695.0,A,Atletico Madrid,13.0,16,7,1,9,3,0,1.2425,2.76349,2.76349,10.3125,7,3.0,Diego Simeone,5-3-2,244500000.0,29.280318586273413,181.1818181818182,717.0,0
1494,H,2023-05-24,18:30,3886697.0,H,Cadiz,2687.0,16,8,6,8,2,0,0.8341000000000001,2.09634,2.09634,14.75,9,17.0,Sergio,4-4-2 double 6,28400000.0,29.731068384045795,179.8181818181818,37.0,0
1495,A,2023-05-24,21:00,3886690.0,D,Getafe,3709.0,9,2,5,12,5,0,0.5748,0.344449,0.344449,12.333333333333334,1,16.0,Pepe Bordalás,4-2-3-1,69700000.0,29.500342231348395,183.0,261.0,0
1496,D,2023-05-24,18:30,3886692.0,D,Sevilla,368.0,9,3,5,10,4,1,0.981,0.889054,0.889054,16.31578947368421,1,10.0,José Luis Mendilibar,4-2-3-1,94500000.0,29.877418953394315,182.8181818181818,322.0,0
1497,H,2023-05-24,18:30,3886698.0,H,Rayo Vallecano,367.0,15,6,2,14,3,0,0.3669,0.446413,0.446413,11.486486486486486,2,12.0,Andoni Iraola,4-2-3-1,76000000.0,28.124447763051457,178.72727272727272,137.0,0
1498,H,2023-05-25,18:30,3886693.0,D,Valencia,1049.0,15,5,4,12,2,0,2.5229,2.073,2.073,6.555555555555555,7,13.0,Rubén Baraja,4-2-3-1,125000000.0,24.197871943251823,181.72727272727272,156.0,0
1499,H,2023-05-25,20:30,3886694.0,D,Athletic Club,621.0,10,5,6,13,3,0,0.9162,0.534145,0.534145,8.115384615384615,6,7.0,Ernesto Valverde,4-2-3-1,111800000.0,27.218468048036836,181.45454545454547,76.0,0
1500,A,2023-05-27,18:00,3886709.0,D,Real Madrid,418.0,6,3,1,10,4,0,1.1931,0.815661,0.815661,10.1,6,2.0,Carlo Ancelotti,4-3-3 Attacking,510000000.0,28.694667413353248,181.54545454545453,639.0,0
1501,H,2023-05-28,18:00,3886703.0,D,Osasuna,331.0,10,2,1,6,1,0,0.0818,0.432264,0.432264,17.7,4,8.0,Jagoba Arrasate,4-2-3-1,96000000.0,27.60998071059673,179.45454545454547,59.0,0
1502,D,2023-05-28,18:00,3886708.0,D,Espanyol,714.0,9,5,3,12,4,0,0.7989,1.78056,1.78056,7.32,5,19.0,Luis García,5-3-2,65000000.0,28.52292950034223,182.1818181818182,83.0,0
1503,A,2023-05-28,18:00,3886707.0,H,Real Betis,150.0,18,7,5,12,1,0,1.8382,2.32066,2.32066,11.862068965517242,12,6.0,Manuel Pellegrini,4-2-3-1,128000000.0,29.25443345155871,182.72727272727272,185.0,0
1504,H,2023-05-28,18:00,3886704.0,D,Celta Vigo,940.0,9,4,3,10,5,0,0.5558000000000001,0.599427,0.599427,11.764705882352942,5,16.0,Carlos Carvalhal,4-3-3 Attacking,92000000.0,25.702445398543958,180.36363636363637,167.0,0
1505,H,2023-05-28,18:00,3886705.0,D,Villarreal,1050.0,7,2,6,9,5,0,0.8841999999999999,0.622891,0.622891,5.666666666666667,6,5.0,Quique Setién,4-3-3 Attacking,213700000.0,26.93895837222326,182.27272727272728,328.0,0
1506,H,2023-05-28,18:00,3886701.0,H,Real Sociedad,681.0,10,5,4,10,2,0,1.4484,0.943774,0.943774,14.227272727272728,5,4.0,Imanol Alguacil,4-3-3 Attacking,264000000.0,26.89515275962915,182.9090909090909,270.0,0
1507,A,2023-05-28,18:00,3886700.0,D,Elche,1531.0,6,2,3,10,1,0,0.1765,0.769369,0.769369,12.363636363636363,2,20.0,Sebastián Beccacece,3-5-2 Attacking,20900000.0,29.058552672515713,182.0,16.0,0
1508,D,2023-05-28,18:00,3886706.0,D,Real Valladolid,366.0,8,2,4,16,4,0,0.4631999999999999,0.364363,0.364363,9.4,3,18.0,Paulo Pezzolano,4-3-3 Attacking,49000000.0,27.9659013129239,179.0909090909091,234.0,0
1509,H,2023-05-28,18:00,3886702.0,H,Mallorca,237.0,3,1,3,9,0,1,0.0084,0.124265,0.124265,26.75,2,12.0,Javier Aguirre,5-4-1,44000000.0,27.62142990479746,182.2,93.0,0
1510,D,2023-06-04,20:00,3844554.0,D,Getafe,3709.0,4,1,1,25,3,0,0.8564,0.27917,0.27917,12.666666666666666,3,15.0,Pepe Bordalás,4-2-3-1,51700000.0,28.281998631074604,185.0,148.0,0
1511,H,2023-06-04,20:00,3844553.0,H,Barcelona,131.0,9,2,4,9,2,0,2.1373,1.41678,1.41678,6.157894736842105,10,1.0,Xavi,4-3-3 Attacking,375000000.0,27.816812892788253,182.72727272727272,629.0,0
1512,D,2023-06-04,20:00,3844556.0,D,Almeria,3302.0,11,4,6,12,3,0,2.5844,2.03499,1.29171,13.0,6,17.0,Rubi,4-3-3 Attacking,49500000.0,26.349075975359344,181.63636363636363,52.0,0
1513,D,2023-06-04,20:00,3844555.0,A,Cadiz,2687.0,14,3,4,8,3,0,1.8861,2.22255,2.22255,12.08695652173913,4,16.0,Sergio,4-4-2,29700000.0,29.924460207827767,179.54545454545453,101.0,0
1514,D,2023-06-04,20:00,3844549.0,H,Valencia,1049.0,10,3,4,11,0,1,1.4967,0.845969,0.845969,12.0,4,14.0,Rubén Baraja,4-2-3-1,135000000.0,24.272291705556594,181.27272727272728,166.0,0
1515,H,2023-06-04,17:30,3844550.0,D,Rayo Vallecano,367.0,20,4,6,15,0,0,0.5336000000000001,1.04004,1.04004,6.4,2,12.0,Andoni Iraola,4-4-2 Diamond,69500000.0,27.86609420695663,178.72727272727272,122.0,0
1516,H,2023-06-04,17:30,3844551.0,H,Sevilla,368.0,9,4,2,13,1,0,0.2276,0.461529,0.461529,16.57894736842105,5,11.0,José Luis Mendilibar,4-2-3-1,73400000.0,26.99023085060046,182.54545454545453,223.0,0
1517,D,2023-06-04,17:30,3844552.0,D,Athletic Club,621.0,15,9,6,14,2,0,1.7335,2.17987,1.43659,16.625,9,8.0,Ernesto Valverde,4-2-3-1,139300000.0,27.645074979777238,185.27272727272728,129.0,0
1518,H,2023-06-04,17:30,3844557.0,D,Girona,12321.0,11,6,2,9,5,0,0.5253,0.822488,0.822488,10.266666666666667,4,10.0,Míchel,4-2-3-1,93500000.0,26.88345466990231,182.63636363636363,133.0,0
1519,D,2023-06-04,17:30,3844558.0,D,Atletico Madrid,13.0,9,3,1,12,2,1,0.7429,1.16068,1.16068,16.764705882352942,5,3.0,Diego Simeone,3-5-2 flat,165500000.0,28.55503702320951,181.1818181818182,543.0,0
1520,D,2024-08-15,18:00,4361545.0,H,Getafe,3709.0,9,2,6,12,1,0,1.5619,0.537517,0.537517,14.61111111111111,1,13.0,José Bordalás,4-1-4-1,32800000.0,27.532076410926514,182.8181818181818,143.0,0
1521,D,2024-08-15,20:30,4361546.0,H,Girona,12321.0,13,2,4,7,0,0,1.1868,1.54726,1.54726,9.909090909090908,4,15.0,Míchel,4-3-3 Attacking,116000000.0,28.323066392881586,181.0,181.0,0
1522,H,2024-08-16,18:00,4361552.0,A,Alaves,1108.0,10,2,3,23,2,0,2.2451000000000003,1.9391,1.9391,11.79310344827586,2,18.0,Luis García,4-2-3-1,44500000.0,26.591500217783587,180.36363636363637,35.0,0
1523,D,2024-08-16,20:30,4361548.0,D,Sevilla,368.0,16,5,3,13,0,0,1.9369,2.09987,2.09987,14.666666666666666,7,6.0,Xavier García Pimienta,4-2-3-1,87900000.0,26.360774065086183,184.45454545454547,277.0,0
1524,D,2024-08-17,18:00,4361553.0,A,Leganes,1244.0,10,4,4,12,2,0,1.0246,1.33949,1.33949,7.653846153846154,2,16.0,Borja Jiménez,4-2-3-1,18700000.0,27.320764109265134,180.72727272727272,52.0,0
1525,A,2024-08-17,20:30,4361550.0,D,Barcelona,131.0,18,8,8,13,3,0,2.5993,3.48824,2.74496,7.153846153846154,12,1.0,Hansi Flick,4-2-3-1,365500000.0,24.827079833239996,181.72727272727272,415.0,0
1526,A,2024-08-18,18:00,4361551.0,D,Rayo Vallecano,367.0,12,5,5,21,4,0,1.3795,1.60148,1.60148,7.151515151515151,2,3.0,Iñigo Pérez,4-2-3-1,35000000.0,29.139692614025265,179.0909090909091,63.0,0
1527,D,2024-08-18,20:30,4361547.0,A,Real Madrid,418.0,13,4,7,6,0,1,0.7009000000000001,0.608052,0.608052,16.727272727272727,12,9.0,Carlo Ancelotti,4-3-3 Attacking,1027000000.0,27.023085060046046,183.1818181818182,632.0,0
1528,D,2024-08-19,20:30,4361549.0,D,Atletico Madrid,13.0,10,5,3,10,3,0,1.7331,1.13868,1.13868,16.529411764705884,8,5.0,Diego Simeone,3-4-2-1,234500000.0,30.06010826955385,182.54545454545453,642.0,0
1529,H,2024-08-19,18:00,4364902.0,H,Espanyol,714.0,10,2,2,8,2,0,0.7329,0.515586,0.515586,11.85,1,20.0,Manolo González,5-3-2,38000000.0,26.26196254122332,182.27272727272728,22.0,0
1530,H,2024-08-23,18:00,4361555.0,H,Valencia,1049.0,13,5,7,11,0,0,1.1985,1.1544,1.1544,15.7,4,20.0,Rubén Baraja,4-2-3-1,187500000.0,23.32375085557837,184.1818181818182,120.0,0
1531,A,2024-08-23,20:30,4361558.0,D,Villarreal,1050.0,6,5,2,7,5,0,1.5042,1.39825,1.39825,23.266666666666666,4,4.0,Marcelino,4-4-2,105400000.0,26.233588451247588,183.0909090909091,175.0,0
1532,H,2024-08-24,16:00,4361562.0,D,Mallorca,237.0,11,2,4,8,1,0,0.845,0.427602,0.427602,9.3125,5,17.0,Jagoba Arrasate,4-2-3-1,55200000.0,30.03646319457408,183.54545454545453,206.0,0
1533,H,2024-08-24,18:00,4361561.0,D,Athletic Club,621.0,9,2,6,16,5,0,0.4659,1.09985,0.356575,19.105263157894736,4,15.0,Ernesto Valverde,4-2-3-1,204000000.0,27.47707049965777,183.45454545454547,77.0,0
1534,A,2024-08-24,20:30,4364903.0,D,Real Sociedad,681.0,8,4,4,18,2,0,0.5499,0.796104,0.796104,4.071428571428571,5,9.0,Imanol Alguacil,4-3-3 Attacking,228500000.0,26.822475266007096,181.0,217.0,0
1535,D,2024-08-24,20:30,4361556.0,D,Rayo Vallecano,367.0,3,1,2,18,2,0,0.8331999999999999,0.161076,0.161076,3.6538461538461537,2,8.0,Iñigo Pérez,4-2-3-1,26500000.0,30.497915499968887,180.54545454545453,76.0,0
1536,H,2024-08-25,16:00,4361557.0,D,Real Valladolid,366.0,8,2,5,15,1,0,0.2316,0.378528,0.378528,11.84,4,10.0,Paulo Pezzolano,4-1-4-1,33200000.0,27.075602016053764,181.0,129.0,0
1537,H,2024-08-25,18:00,4361560.0,D,Las Palmas,472.0,10,5,7,10,1,0,1.0356,1.23438,1.23438,8.590909090909092,4,14.0,Luis Carrión,4-2-3-1,70700000.0,28.01393814946176,181.0,158.0,0
1538,D,2024-08-25,18:15,4361559.0,D,Real Betis,150.0,13,3,8,13,4,0,2.3955,1.36012,1.36012,7.277777777777778,5,11.0,Manuel Pellegrini,4-2-3-1,67500000.0,30.73536183187107,180.72727272727272,316.0,0
1539,H,2024-08-25,20:30,4361554.0,H,Girona,12321.0,13,5,9,10,3,0,0.6107,0.596524,0.596524,11.333333333333334,7,18.0,Míchel,4-3-3 Attacking,142500000.0,27.85165826644266,182.0,244.0,0
1540,H,2024-08-26,20:30,4361569.0,A,Celta Vigo,940.0,18,8,4,6,3,0,1.0661,3.79183,3.79183,20.166666666666668,10,3.0,Claudio Giráldez,3-4-3,36000000.0,26.653972994835417,180.72727272727272,75.0,0
1541,A,2024-08-27,20:30,4361568.0,H,Barcelona,131.0,22,5,6,11,1,0,2.3057,1.51872,1.51872,9.4,8,1.0,Hansi Flick,4-2-3-1,403000000.0,25.076473150395124,182.72727272727272,449.0,0
1542,D,2024-08-27,18:00,4361566.0,D,Sevilla,368.0,16,7,9,10,1,1,0.9771,0.60976,0.60976,13.5,7,15.0,Xavier García Pimienta,4-3-3 Attacking,82900000.0,27.60276274033974,184.0909090909091,329.0,0
1543,A,2024-08-28,20:30,4361570.0,D,Alaves,1108.0,12,5,6,12,4,0,2.5331,2.62561,1.88233,11.733333333333333,2,10.0,Luis García,4-2-3-1,36300000.0,25.69224068197374,182.8181818181818,37.0,0
1544,D,2024-08-28,20:30,4364904.0,D,Espanyol,714.0,8,1,3,9,2,0,0.0927,0.855829,0.855829,25.83333333333333,1,19.0,Manolo González,5-3-2,46000000.0,24.983884014684836,182.72727272727272,92.0,0
1545,D,2024-08-28,18:00,4361571.0,D,Leganes,1244.0,8,1,4,19,5,0,0.6740999999999999,0.184577,0.184577,13.916666666666666,2,7.0,Borja Jiménez,4-2-3-1,18300000.0,26.92228237197436,181.72727272727272,57.0,0
1546,H,2024-08-28,18:00,4361563.0,H,Valencia,1049.0,2,0,3,9,3,0,0.2119,0.0996371,0.0996371,13.055555555555555,0,20.0,Rubén Baraja,4-4-2 double 6,150000000.0,25.040881090162404,184.27272727272728,81.0,0
1547,H,2024-08-29,18:00,4361565.0,H,Osasuna,331.0,1,0,0,9,0,0,0.0281,0.0199618,0.0199618,20.3125,1,13.0,Vicente Moreno,4-3-3 Defending,66700000.0,28.334515587082322,183.54545454545453,62.0,0
1548,D,2024-08-29,20:30,4361567.0,H,Real Madrid,418.0,25,8,6,13,2,0,2.7547,3.28322,2.53994,11.75,16,5.0,Carlo Ancelotti,4-3-3 Attacking,775000000.0,28.850476012693672,181.54545454545453,726.0,0
1549,A,2024-08-31,20:30,4364910.0,A,Mallorca,237.0,12,3,3,17,3,0,2.2209,1.48758,1.48758,10.172413793103448,8,9.0,Jagoba Arrasate,4-3-3 Attacking,52500000.0,27.861614087486775,182.1818181818182,151.0,0
1550,H,2024-08-31,18:15,4364911.0,D,Rayo Vallecano,367.0,17,5,7,16,2,0,0.7201,1.0088,1.0088,7.344827586206897,4,13.0,Iñigo Pérez,4-4-2,32500000.0,29.082944434073795,178.27272727272728,66.0,0
1551,D,2024-08-31,20:30,4364908.0,D,Villarreal,1050.0,9,3,3,11,5,1,1.147,0.885369,0.885369,18.846153846153847,3,3.0,Marcelino,4-4-2,82900000.0,28.243170929002552,184.72727272727272,162.0,0
1552,H,2024-08-31,16:00,4364906.0,H,Real Valladolid,366.0,5,2,1,12,3,0,0.0101999999999999,0.422493,0.422493,24.666666666666668,2,12.0,Paulo Pezzolano,4-1-4-1,22700000.0,26.84711592309128,181.36363636363637,118.0,0
1553,A,2024-08-31,18:00,4364905.0,D,Atletico Madrid,13.0,9,2,2,9,1,0,2.5737,1.58613,1.58613,33.55555555555556,6,2.0,Diego Simeone,3-4-2-1,328000000.0,28.09806483728455,180.8181818181818,485.0,0
1554,H,2024-09-01,16:00,4364909.0,H,Las Palmas,472.0,12,7,5,9,0,0,0.3288,0.547308,0.547308,6.5625,7,18.0,Luis Carrión,4-2-3-1,50800000.0,29.542405575259785,180.72727272727272,138.0,0
1555,H,2024-09-01,16:00,4364913.0,H,Celta Vigo,940.0,12,3,3,10,0,1,2.146,1.72329,1.72329,12.9,6,8.0,Claudio Giráldez,3-4-3,40200000.0,25.80299919108954,181.36363636363637,59.0,0
1556,A,2024-09-01,18:00,4364914.0,A,Girona,12321.0,11,4,5,14,2,0,2.5545,2.36355,1.62028,8.483870967741936,5,5.0,Míchel,4-3-3 Attacking,132500000.0,27.937278327422064,182.0,252.0,0
1557,D,2024-09-01,18:15,4364907.0,D,Real Sociedad,681.0,1,0,1,16,1,0,0.6042000000000001,0.0209183,0.0209183,4.785714285714286,0,14.0,Imanol Alguacil,4-3-3 Attacking,249000000.0,25.98643519382739,180.72727272727272,220.0,0
1558,H,2024-09-01,20:30,4364912.0,D,Real Betis,150.0,12,2,3,16,0,0,0.391,0.831429,0.831429,13.954545454545457,9,10.0,Manuel Pellegrini,4-2-3-1,79000000.0,27.97784829817684,180.9090909090909,202.0,0
1559,H,2024-09-13,20:00,4405320.0,D,Leganes,1244.0,3,0,1,18,2,0,0.1488999999999999,0.107021,0.107021,18.42105263157895,2,15.0,Borja Jiménez,4-2-3-1,27200000.0,28.215294630079025,181.27272727272728,63.0,0
1560,A,2024-09-14,20:00,4405327.0,D,Real Madrid,418.0,16,7,6,9,1,0,2.0381,2.2759,0.789346,20.615384615384617,5,4.0,Carlo Ancelotti,4-2-3-1,728000000.0,28.3840457967768,180.36363636363637,753.0,0
1561,H,2024-09-14,17:30,4405325.0,H,Getafe,3709.0,15,4,4,15,4,0,0.8067,0.971555,0.971555,8.071428571428571,1,18.0,José Bordalás,4-4-2,38000000.0,27.43276709601145,182.63636363636363,119.0,0
1562,H,2024-09-14,15:15,4405328.0,D,Alaves,1108.0,19,6,5,14,3,0,1.6648,2.3693,2.3693,8.15,10,11.0,Luis García,4-2-3-1,40900000.0,28.19961421193454,179.9090909090909,42.0,0
1563,A,2024-09-14,13:00,4405322.0,A,Villarreal,1050.0,21,4,6,10,3,0,2.7261,2.41884,2.41884,16.53846153846154,12,3.0,Marcelino,4-4-2,101900000.0,27.920104536120963,183.63636363636363,129.0,0
1564,H,2024-09-15,13:00,4405321.0,H,Real Valladolid,366.0,6,1,3,15,5,1,0.2854,0.382657,0.382657,10.2,3,17.0,Paulo Pezzolano,5-3-2,22100000.0,25.00205338809035,182.0909090909091,125.0,0
1565,A,2024-09-15,15:15,4405324.0,A,Barcelona,131.0,20,9,6,4,2,1,2.389,2.5936,2.5936,9.107142857142858,11,1.0,Hansi Flick,4-2-3-1,475500000.0,25.480430589260155,179.72727272727272,446.0,0
1566,A,2024-09-15,17:30,4405323.0,A,Athletic Club,621.0,9,4,3,12,2,1,1.6126,1.80432,1.80432,17.95,2,10.0,Ernesto Valverde,4-2-3-1,214100000.0,27.281936407193083,183.0909090909091,88.0,0
1567,H,2024-09-15,20:00,4405319.0,H,Valencia,1049.0,5,1,3,8,2,0,0.0395,0.18311,0.18311,20.5625,1,20.0,Rubén Baraja,4-2-3-1,154700000.0,25.01748491070873,183.45454545454547,110.0,0
1568,H,2024-09-16,20:00,4405326.0,A,Osasuna,331.0,5,2,4,15,2,0,0.5604,0.530311,0.530311,7.933333333333334,1,12.0,Vicente Moreno,4-3-3 Attacking,75000000.0,26.433700454234337,183.36363636363637,29.0,0
1569,H,2024-09-17,18:00,4405341.0,H,Real Sociedad,681.0,13,4,5,10,1,0,0.4331,0.499139,0.499139,6.965517241379311,8,16.0,Imanol Alguacil,4-3-3 Attacking,260000000.0,26.130296807914878,181.0,198.0,0
1570,H,2024-09-18,18:00,4361564.0,D,Getafe,3709.0,15,5,4,20,5,0,0.1639,0.864309,0.864309,12.173913043478262,5,18.0,José Bordalás,4-2-3-1,34600000.0,27.026320701885382,183.8181818181818,145.0,0
1571,A,2024-09-19,18:00,4405344.0,D,Athletic Club,621.0,10,4,7,11,0,0,1.9444,1.32325,1.32325,14.666666666666666,6,5.0,Ernesto Valverde,4-2-3-1,151800000.0,27.245597660382053,181.0909090909091,53.0,0
1572,H,2024-09-20,20:00,4405332.0,H,Sevilla,368.0,8,2,5,16,4,0,0.5211,0.623937,0.623937,7.615384615384615,3,17.0,Xavier García Pimienta,4-3-3 Attacking,87000000.0,25.553356978408313,183.8181818181818,202.0,0
1573,D,2024-09-21,13:00,4405336.0,D,Real Sociedad,681.0,14,4,7,12,4,0,1.734,1.3906,1.3906,4.428571428571429,9,15.0,Imanol Alguacil,4-3-3 Attacking,263000000.0,24.99607989546388,181.36363636363637,252.0,0
1574,H,2024-09-21,15:15,4405337.0,D,Las Palmas,472.0,11,4,4,11,5,0,0.8488,1.28282,1.28282,6.25,6,20.0,Luis Carrión,4-3-3 Attacking,78500000.0,25.759691369547628,180.27272727272728,106.0,0
1575,H,2024-09-21,17:30,4405335.0,D,Girona,12321.0,8,3,4,10,2,0,1.2687,0.387698,0.387698,5.954545454545454,2,12.0,Míchel,4-4-2 double 6,66700000.0,27.232157301972496,184.9090909090909,217.0,0
1576,H,2024-09-21,20:00,4405338.0,D,Espanyol,714.0,10,2,4,5,3,0,0.0047,0.318831,0.318831,31.846153846153847,3,13.0,Manolo González,5-3-2,40600000.0,25.538423246842136,182.45454545454547,87.0,0
1577,D,2024-09-22,20:00,4405333.0,H,Atletico Madrid,13.0,10,5,4,12,0,0,0.4759,0.554066,0.554066,14.3,7,3.0,Diego Simeone,3-5-2 flat,265300000.0,29.52498288843258,181.0,605.0,0
1578,H,2024-09-22,15:15,4405329.0,H,Celta Vigo,940.0,11,4,6,11,2,0,1.6861000000000002,1.21547,0.47219,6.727272727272728,8,8.0,Claudio Giráldez,3-4-3,43800000.0,26.994959865596414,181.72727272727272,75.0,0
1579,D,2024-09-22,13:00,4405331.0,D,Leganes,1244.0,6,3,2,17,2,0,0.8698,0.783211,0.783211,8.714285714285714,0,14.0,Borja Jiménez,3-4-3,22200000.0,28.185924957998882,182.1818181818182,199.0,0
1580,A,2024-09-22,17:30,4405334.0,A,Barcelona,131.0,17,10,3,12,1,0,2.403,4.1937,3.45042,5.647058823529412,10,1.0,Hansi Flick,4-3-3 Attacking,366000000.0,25.610602949411984,181.54545454545453,421.0,0
1581,A,2024-09-23,20:00,4405330.0,D,Mallorca,237.0,6,6,3,12,2,0,1.4214,1.4369,1.4369,16.59090909090909,2,9.0,Jagoba Arrasate,4-2-3-1,44000000.0,29.375147781718624,184.0909090909091,182.0,0
1582,H,2024-09-24,18:00,4405342.0,H,Real Valladolid,366.0,8,2,4,12,4,0,0.4296,0.411515,0.411515,11.9375,3,17.0,Paulo Pezzolano,4-3-3 Attacking,20300000.0,26.252504511231407,180.54545454545453,130.0,0
1583,D,2024-09-24,18:00,4405347.0,D,Osasuna,331.0,9,2,5,11,3,0,0.5872999999999999,0.377552,0.377552,10.95,3,6.0,Vicente Moreno,4-3-3 Attacking,62800000.0,26.71619687636115,184.0909090909091,32.0,0
1584,H,2024-09-24,20:00,4405348.0,H,Alaves,1108.0,12,3,4,10,0,0,0.653,0.853455,0.853455,23.818181818181817,4,8.0,Luis García,4-4-2 double 6,44500000.0,24.53487648559517,180.45454545454547,65.0,0
1585,D,2024-09-25,18:00,4405340.0,D,Rayo Vallecano,367.0,2,0,3,16,4,0,0.1644,0.377734,0.377734,13.44,2,9.0,Iñigo Pérez,4-2-3-1,32500000.0,28.698898637296995,179.36363636363637,100.0,0
1586,H,2024-09-25,20:00,4405339.0,H,Getafe,3709.0,7,1,5,14,1,0,0.4812,0.929851,0.929851,21.9375,2,19.0,José Bordalás,4-3-3 Attacking,34500000.0,26.737850787132103,183.63636363636363,142.0,0
1587,D,2024-09-26,18:00,4405346.0,D,Real Betis,150.0,14,5,4,10,2,0,2.4178,2.66646,2.66646,17.333333333333332,16,11.0,Manuel Pellegrini,4-2-3-1,123500000.0,26.422500155559703,181.9090909090909,163.0,0
1588,A,2024-09-26,18:00,4405343.0,D,Villarreal,1050.0,15,4,1,14,3,0,2.5983,1.96233,1.96233,15.61904761904762,4,4.0,Marcelino,4-4-2,105200000.0,27.06440171737913,184.27272727272728,165.0,0
1589,A,2024-09-26,20:00,4405345.0,D,Atletico Madrid,13.0,7,2,3,7,2,0,0.5736,0.778357,0.778357,16.0,1,3.0,Diego Simeone,4-4-2,257000000.0,28.867898699520875,181.9090909090909,647.0,0
1590,A,2024-09-27,20:00,4405354.0,D,Mallorca,237.0,14,6,4,9,2,0,2.2591,2.49026,2.49026,10.083333333333334,3,7.0,Jagoba Arrasate,4-4-2,43400000.0,28.18219152510734,182.72727272727272,151.0,0
1591,H,2024-09-28,20:00,4405353.0,H,Barcelona,131.0,12,5,8,3,2,0,0.2445999999999999,0.751814,0.751814,6.071428571428571,10,1.0,Hansi Flick,4-3-3 Attacking,232500000.0,23.799390205961046,182.36363636363637,360.0,0
1592,H,2024-09-28,17:30,4405352.0,H,Valencia,1049.0,9,4,4,12,0,0,0.0619,0.805963,0.805963,15.590909090909092,2,18.0,Rubén Baraja,4-4-2 double 6,163000000.0,24.58938460581171,183.9090909090909,101.0,0
1593,H,2024-09-28,13:00,4405356.0,H,Alaves,1108.0,9,1,2,24,6,0,0.1502,0.415348,0.415348,3.272727272727273,2,11.0,Luis García,4-2-3-1,36400000.0,27.428286976541596,183.36363636363637,31.0,0
1594,D,2024-09-28,15:15,4405357.0,H,Leganes,1244.0,13,3,5,7,1,0,1.0843,0.852356,0.852356,13.952380952380953,4,16.0,Borja Jiménez,4-2-3-1,28600000.0,27.870574326426482,182.0,215.0,0
1595,D,2024-09-29,20:00,4405350.0,D,Real Madrid,418.0,12,4,5,11,1,0,0.9475,0.660987,0.660987,17.25,7,2.0,Carlo Ancelotti,4-3-1-2,852000000.0,28.345218094704748,182.45454545454547,732.0,0
1596,H,2024-09-29,17:30,4405358.0,D,Espanyol,714.0,8,1,4,20,4,0,0.3533,0.569387,0.569387,11.545454545454543,0,17.0,Manolo González,4-2-3-1,42600000.0,25.142430464812392,183.0909090909091,92.0,0
1597,D,2024-09-29,13:00,4405351.0,A,Girona,12321.0,9,4,4,14,0,0,2.1415,1.41269,1.41269,20.73333333333333,13,12.0,Míchel,4-2-3-1,116800000.0,27.514155933047103,182.8181818181818,278.0,0
1598,D,2024-09-29,15:15,4405349.0,H,Sevilla,368.0,13,4,7,7,3,0,0.9153,1.24147,1.24147,8.777777777777779,4,13.0,Xavier García Pimienta,4-2-3-1,82500000.0,25.720614771949474,183.63636363636363,270.0,0
1599,H,2024-09-30,20:00,4405355.0,H,Las Palmas,472.0,7,3,2,10,3,0,0.0498,0.802357,0.802357,17.846153846153847,3,20.0,Luis Carrión,4-4-2 double 6,62500000.0,26.015804865907533,182.45454545454547,60.0,0
1600,D,2024-10-04,20:00,4405362.0,D,Valencia,1049.0,6,1,2,14,2,0,1.0919,0.703751,0.703751,12.26923076923077,5,18.0,Rubén Baraja,5-4-1,153500000.0,25.250700018667168,184.0,83.0,0
1601,H,2024-10-05,20:00,4405360.0,H,Villarreal,1050.0,10,1,5,11,1,0,2.2427,1.4618,1.4618,20.6875,3,4.0,Marcelino,4-3-3 Attacking,91200000.0,28.28622985501835,185.36363636363637,203.0,0
1602,H,2024-10-05,13:00,4405363.0,H,Mallorca,237.0,11,4,6,19,5,0,2.1481,1.79839,1.79839,5.833333333333333,4,7.0,Jagoba Arrasate,4-4-1-1,43300000.0,29.03963661253189,183.72727272727272,167.0,0
1603,D,2024-10-05,15:15,4405359.0,H,Osasuna,331.0,6,2,2,10,4,0,0.377,0.247706,0.247706,3.8947368421052633,2,5.0,Vicente Moreno,4-3-3 Attacking,68800000.0,27.297616825337567,182.9090909090909,64.0,0
1604,A,2024-10-05,17:30,4405367.0,A,Celta Vigo,940.0,8,1,2,13,8,2,1.2261000000000002,0.814163,0.814163,10.909090909090908,4,9.0,Claudio Giráldez,3-4-3,41600000.0,28.626221143674943,182.0909090909091,92.0,0
1605,A,2024-10-05,17:30,4405368.0,D,Rayo Vallecano,367.0,17,3,13,18,2,0,1.3731,1.64746,1.64746,6.571428571428571,7,8.0,Iñigo Pérez,4-4-2,35300000.0,29.065521747246592,178.36363636363637,103.0,0
1606,H,2024-10-06,17:30,4405366.0,D,Real Betis,150.0,11,3,1,15,3,0,0.3212,0.436615,0.436615,11.736842105263158,6,12.0,Manuel Pellegrini,4-2-3-1,130500000.0,27.05071246344347,181.9090909090909,293.0,0
1607,D,2024-10-06,20:00,4405365.0,A,Atletico Madrid,13.0,4,1,1,9,2,0,0.8543,0.561748,0.561748,29.0,4,3.0,Diego Simeone,5-3-2,266500000.0,29.075228672764606,179.72727272727272,675.0,0
1608,H,2024-10-06,13:00,4405364.0,D,Athletic Club,621.0,13,4,1,13,3,1,2.0731,3.15974,1.67318,13.592592592592592,9,6.0,Ernesto Valverde,4-2-3-1,149700000.0,27.905668595606993,183.45454545454547,47.0,0
1609,A,2024-10-06,15:15,4405361.0,A,Barcelona,131.0,14,8,3,8,2,0,2.547,2.49367,2.49367,4.916666666666667,9,1.0,Hansi Flick,4-2-3-1,400500000.0,24.04953020969448,180.1818181818182,364.0,0
1610,A,2024-10-18,20:00,4405374.0,D,Real Valladolid,366.0,12,4,6,14,2,0,2.7465,2.33646,0.849903,16.153846153846153,1,18.0,Paulo Pezzolano,4-4-2 double 6,12500000.0,25.45404766349325,180.27272727272728,123.0,0
1611,A,2024-10-19,20:00,4405371.0,A,Real Madrid,418.0,10,3,2,13,1,0,0.9066,1.19816,1.19816,14.904761904761903,6,2.0,Carlo Ancelotti,3-4-2-1,981500000.0,26.694045174537987,182.9090909090909,573.0,0
1612,A,2024-10-19,17:30,4405372.0,A,Real Sociedad,681.0,14,4,6,12,1,0,2.4718,1.86082,1.86082,10.333333333333334,3,11.0,Imanol Alguacil,4-1-4-1,295000000.0,25.28230975048223,181.9090909090909,209.0,0
1613,A,2024-10-19,15:15,4405375.0,A,Real Betis,150.0,11,7,2,8,1,1,1.804,2.79181,2.79181,10.444444444444445,8,7.0,Manuel Pellegrini,4-4-2,91800000.0,28.08412668782279,181.45454545454547,139.0,0
1614,H,2024-10-19,13:00,4405378.0,H,Espanyol,714.0,5,2,5,22,3,0,0.5391,0.500795,0.500795,10.48148148148148,3,14.0,Manolo González,4-2-3-1,35000000.0,25.060046045672326,182.8181818181818,97.0,0
1615,H,2024-10-20,13:00,4405373.0,D,Rayo Vallecano,367.0,10,2,2,13,1,0,0.1445,0.464955,0.464955,9.526315789473683,2,9.0,Iñigo Pérez,4-2-3-1,34800000.0,29.03366311990542,178.8181818181818,103.0,0
1616,H,2024-10-20,15:15,4405369.0,A,Leganes,1244.0,5,2,2,8,1,0,0.0024,0.271901,0.271901,18.0625,2,17.0,Borja Jiménez,4-4-1-1,23200000.0,28.250637794785636,182.72727272727272,193.0,0
1617,D,2024-10-20,17:30,4405376.0,H,Getafe,3709.0,21,4,5,21,3,0,2.0284,2.02638,1.2831,5.027027027027027,3,16.0,José Bordalás,4-2-3-1,37600000.0,27.723228174973553,182.72727272727272,148.0,0
1618,H,2024-10-20,20:00,4405370.0,H,Sevilla,368.0,7,1,5,14,2,0,0.0351,0.599652,0.599652,14.12,2,13.0,Xavier García Pimienta,4-2-3-1,95500000.0,26.55789932175969,183.0909090909091,216.0,0
1619,A,2024-10-21,20:00,4405377.0,D,Las Palmas,472.0,11,6,2,12,9,0,1.0998,1.56861,1.56861,16.214285714285715,6,19.0,Diego Martínez,4-2-3-1,69000000.0,27.728454981021716,181.0909090909091,152.0,0
1620,A,2024-10-25,20:00,4407515.0,A,Sevilla,368.0,6,3,2,9,0,0,1.2197,0.813306,0.813306,17.4,4,10.0,Xavier García Pimienta,4-3-3 Attacking,107000000.0,25.475950469790305,184.27272727272728,211.0,0
1621,A,2024-10-26,13:00,4407522.0,A,Villarreal,1050.0,21,9,6,13,3,0,2.5454,2.68435,2.68435,19.571428571428573,4,3.0,Marcelino,4-4-2,99700000.0,27.868583162217657,184.0909090909091,176.0,0
1622,H,2024-10-26,15:15,4407523.0,D,Alaves,1108.0,15,7,2,14,4,0,0.2922,0.871439,0.871439,8.476190476190476,9,17.0,Luis García,5-4-1,43000000.0,25.68502271171676,182.45454545454547,32.0,0
1623,H,2024-10-26,17:30,4407520.0,H,Girona,12321.0,8,3,5,14,5,1,1.1411,1.04715,1.04715,6.962962962962963,3,13.0,Míchel,4-2-3-1,78800000.0,25.453549872441044,184.36363636363637,125.0,0
1624,A,2024-10-26,20:00,4407518.0,D,Barcelona,131.0,15,7,3,17,5,0,2.1338,2.51566,2.51566,7.269230769230769,4,1.0,Hansi Flick,4-2-3-1,435500000.0,24.515711530085245,179.0,361.0,0
1625,H,2024-10-27,13:00,4407519.0,D,Celta Vigo,940.0,18,5,2,17,2,0,0.7159,0.767239,0.767239,8.25,4,11.0,Claudio Giráldez,3-4-3,44600000.0,28.957252193391824,182.36363636363637,102.0,0
1626,D,2024-10-27,15:15,4407514.0,A,Valencia,1049.0,2,1,2,20,7,0,0.1109,0.63831,0.63831,9.7,2,20.0,Rubén Baraja,5-4-1,159000000.0,24.834546699023086,183.36363636363637,121.0,0
1627,H,2024-10-27,17:30,4407517.0,H,Atletico Madrid,13.0,10,3,10,4,2,0,0.3378,0.555217,0.555217,14.333333333333334,6,4.0,Diego Simeone,4-4-2,279500000.0,29.620807665982205,179.54545454545453,789.0,0
1628,A,2024-10-27,20:00,4407521.0,A,Osasuna,331.0,10,4,4,14,4,0,0.8955,1.06487,1.06487,27.416666666666668,2,7.0,Vicente Moreno,4-3-3 Attacking,72100000.0,28.30439922842387,182.45454545454547,64.0,0
1629,D,2024-10-28,20:00,4407516.0,D,Athletic Club,621.0,20,1,14,12,1,0,1.4516,0.755466,0.755466,6.65,7,8.0,Ernesto Valverde,4-2-3-1,199600000.0,27.13931927073611,182.1818181818182,78.0,0
1630,H,2024-11-01,20:00,4407699.0,D,Mallorca,237.0,7,2,2,12,2,0,0.6952,0.708287,0.708287,8.0,3,8.0,Jagoba Arrasate,4-2-3-1,31400000.0,27.95470101424927,181.0,120.0,0
1631,H,2024-11-02,13:00,4407698.0,H,Real Valladolid,366.0,7,4,2,12,5,0,0.0447,0.204092,0.204092,5.958333333333333,0,19.0,Paulo Pezzolano,4-2-3-1,14500000.0,25.8082259971377,180.0909090909091,124.0,0
1632,H,2024-11-02,15:15,4407697.0,D,Leganes,1244.0,8,5,1,15,4,0,0.2556,0.320545,0.320545,11.208333333333334,2,15.0,Borja Jiménez,4-3-1-2,19600000.0,28.31186609420696,181.1818181818182,189.0,0
1633,H,2024-11-03,13:00,4407695.0,H,Las Palmas,472.0,1,1,1,13,1,0,0.146,0.0329044,0.0329044,10.961538461538462,0,18.0,Diego Martínez,4-3-3 Attacking,69000000.0,27.72571713023458,180.0,144.0,0
1634,H,2024-11-03,15:15,4407703.0,H,Espanyol,714.0,10,3,5,14,3,0,0.5455,0.787359,0.787359,21.571428571428573,2,17.0,Manolo González,4-1-4-1,32000000.0,25.32959990044179,182.0,77.0,0
1635,A,2024-11-03,17:30,4407702.0,A,Real Sociedad,681.0,9,3,9,17,1,0,1.9446,1.21835,0.475072,15.294117647058824,0,11.0,Imanol Alguacil,4-1-4-1,302500000.0,25.59566921784581,181.45454545454547,244.0,0
1636,D,2024-11-03,20:00,4407694.0,D,Real Betis,150.0,7,4,2,8,0,0,0.1471,1.54499,1.54499,18.23529411764705,4,7.0,Manuel Pellegrini,4-4-2,101300000.0,27.346649243979837,180.63636363636363,107.0,0
1637,H,2024-11-04,20:00,4407696.0,H,Getafe,3709.0,10,2,2,11,4,1,0.2592,0.424746,0.424746,14.695652173913045,4,16.0,José Bordalás,4-2-3-1,32800000.0,28.67624914442163,183.0,161.0,0
1638,A,2024-11-08,20:00,4407672.0,A,Las Palmas,472.0,11,3,4,13,3,0,0.5736,1.25211,1.25211,13.666666666666666,4,16.0,Diego Martínez,4-3-3 Attacking,70700000.0,27.58061103851658,179.8181818181818,144.0,0
1639,H,2024-11-09,13:00,4407671.0,H,Osasuna,331.0,2,0,3,16,2,0,0.0088,0.0678926,0.0678926,16.652173913043477,1,5.0,Vicente Moreno,4-3-3 Attacking,73300000.0,27.60674506875739,183.0,64.0,0
1640,H,2024-11-09,15:15,4407673.0,H,Alaves,1108.0,9,3,2,21,3,0,0.6005,0.608571,0.608571,9.6875,4,15.0,Luis García,4-3-3 Attacking,46700000.0,27.04374338871259,181.0,24.0,0
1641,H,2024-11-09,20:00,4407666.0,D,Sevilla,368.0,13,2,6,10,1,1,0.733,0.539924,0.539924,8.08,5,13.0,Xavier García Pimienta,4-3-3 Attacking,91500000.0,26.058614896397238,183.9090909090909,245.0,0
1642,D,2024-11-10,13:00,4407664.0,D,Celta Vigo,940.0,3,2,0,8,0,0,0.7885,0.941675,0.941675,38.0,5,12.0,Claudio Giráldez,5-4-1,48300000.0,29.22133034658702,180.9090909090909,78.0,0
1643,A,2024-11-10,15:15,4407669.0,D,Atletico Madrid,13.0,9,2,2,16,3,0,1.5447,0.93863,0.93863,12.826086956521738,3,3.0,Diego Simeone,4-4-1-1,261000000.0,27.9659013129239,178.54545454545453,578.0,0
1644,A,2024-11-10,17:30,4407665.0,A,Girona,12321.0,3,2,2,16,3,0,1.6891,0.521025,0.521025,8.5,0,10.0,Míchel,4-2-3-1,92200000.0,28.877854520564995,184.45454545454547,233.0,0
1645,D,2024-11-10,17:30,4407668.0,D,Athletic Club,621.0,17,1,5,12,4,0,1.8261,1.487,1.487,8.666666666666666,2,6.0,Ernesto Valverde,4-2-3-1,141700000.0,25.06850849355983,181.0,62.0,0
1646,H,2024-11-10,20:00,4407670.0,H,Barcelona,131.0,11,0,6,6,1,0,0.4076999999999999,0.514102,0.514102,9.866666666666667,7,1.0,Hansi Flick,4-3-3 Attacking,385500000.0,25.481177275838466,179.0909090909091,400.0,0
1647,H,2024-11-22,20:00,4407645.0,D,Real Valladolid,366.0,6,3,2,15,2,0,1.4072,0.729169,0.729169,11.384615384615383,2,20.0,Paulo Pezzolano,5-4-1,15800000.0,26.002115611971874,182.8181818181818,79.0,0
1648,H,2024-11-23,13:00,4407650.0,D,Real Betis,150.0,7,3,4,16,2,0,0.8235999999999999,1.05242,1.05242,9.68,5,9.0,Manuel Pellegrini,4-2-3-1,69800000.0,26.07404641901562,180.27272727272728,95.0,0
1649,H,2024-11-23,15:15,4407652.0,A,Alaves,1108.0,4,1,0,19,3,0,0.3639,0.785902,0.0426241,19.25,0,16.0,Luis García,4-2-3-1,52000000.0,26.763735921846806,181.36363636363637,29.0,0
1650,H,2024-11-23,17:30,4407653.0,H,Espanyol,714.0,9,1,3,19,3,0,0.0732,0.488285,0.488285,16.966666666666665,9,19.0,Manolo González,5-4-1,36500000.0,25.428162528778547,182.45454545454547,61.0,0
1651,A,2024-11-23,17:30,4407647.0,D,Mallorca,237.0,10,3,3,18,2,1,1.5899,1.45816,1.45816,11.954545454545457,2,8.0,Jagoba Arrasate,4-2-3-1,53400000.0,28.831062161657645,183.8181818181818,150.0,0
1652,D,2024-11-23,20:00,4407649.0,A,Barcelona,131.0,9,4,1,9,5,1,0.8954,1.93782,1.93782,13.6875,7,1.0,Hansi Flick,4-3-3 Attacking,375500000.0,25.463754589011263,179.63636363636363,401.0,0
1653,D,2024-11-24,13:00,4407646.0,H,Villarreal,1050.0,17,7,8,13,5,0,2.3746,2.68193,1.93865,8.952380952380953,13,4.0,Marcelino,4-2-3-1,106300000.0,26.300043556717068,184.63636363636363,137.0,0
1654,H,2024-11-24,15:15,4407651.0,H,Rayo Vallecano,367.0,9,1,3,14,5,1,0.7826,0.862262,0.862262,10.545454545454543,1,13.0,Iñigo Pérez,4-3-3 Attacking,36800000.0,28.880592371352122,180.36363636363637,76.0,0
1655,A,2024-11-24,17:30,4407648.0,A,Real Madrid,418.0,16,9,4,11,0,0,2.9008000000000003,2.73014,2.73014,9.875,15,2.0,Carlo Ancelotti,4-4-2,869000000.0,25.405761931429286,182.0909090909091,523.0,0
1656,H,2024-11-24,20:00,4407644.0,H,Real Sociedad,681.0,6,1,4,9,4,0,0.631,0.799084,0.799084,6.739130434782608,6,10.0,Imanol Alguacil,4-1-4-1,277500000.0,25.20141870449879,180.63636363636363,241.0,0
1657,H,2024-11-29,20:00,4407655.0,D,Valencia,1049.0,7,1,6,14,0,0,1.9746,1.33443,0.59115,10.115384615384617,1,19.0,Rubén Baraja,5-4-1,163500000.0,24.748179951465374,184.1818181818182,117.0,0
1658,A,2024-11-30,13:00,4407654.0,D,Las Palmas,472.0,5,3,0,11,0,0,0.3727,0.599185,0.599185,20.3125,5,15.0,Diego Martínez,4-2-3-1,87300000.0,28.08288221019227,179.54545454545453,142.0,0
1659,D,2024-11-30,15:15,4407656.0,D,Leganes,1244.0,6,3,8,15,4,0,1.4591,1.3688,1.3688,9.31578947368421,3,14.0,Borja Jiménez,4-2-3-1,26200000.0,28.544583411113184,182.9090909090909,166.0,0
1660,H,2024-11-30,17:30,4407657.0,H,Celta Vigo,940.0,16,2,5,7,2,0,1.4011,1.55998,0.816704,4.588235294117647,11,12.0,Claudio Giráldez,3-4-3,45300000.0,27.693609607367307,182.27272727272728,107.0,0
1661,A,2024-11-30,20:00,4407659.0,A,Atletico Madrid,13.0,13,9,5,11,2,0,2.9095,3.40487,3.40487,25.142857142857142,17,3.0,Diego Simeone,4-4-2,318000000.0,28.032854209445585,179.72727272727272,530.0,0
1662,H,2024-12-01,20:00,4407660.0,H,Real Betis,150.0,7,2,4,10,2,0,0.6853,0.366137,0.366137,8.571428571428571,3,10.0,Manuel Pellegrini,4-2-3-1,78300000.0,26.379690125070002,181.0909090909091,169.0,0
1663,A,2024-12-01,17:30,4407658.0,H,Athletic Club,621.0,12,7,7,8,0,0,1.251,0.556919,0.556919,10.238095238095235,1,5.0,Ernesto Valverde,4-2-3-1,169600000.0,27.965403521871693,181.54545454545453,74.0,0
1664,D,2024-12-01,13:00,4407662.0,H,Girona,12321.0,13,6,5,13,6,0,0.3447,0.516301,0.516301,11.8,8,8.0,Míchel,4-3-3 Attacking,104300000.0,27.483043992284237,183.63636363636363,116.0,0
1665,H,2024-12-01,15:15,4407661.0,H,Getafe,3709.0,8,3,3,26,6,0,0.059,0.34657,0.34657,11.628571428571428,3,18.0,José Bordalás,4-4-2,31500000.0,28.76236699645324,184.9090909090909,84.0,0
1666,D,2024-12-02,20:00,4407663.0,D,Osasuna,331.0,7,3,1,15,1,0,1.3253,1.04839,1.04839,18.714285714285715,1,7.0,Vicente Moreno,4-3-3 Attacking,81800000.0,27.482795096758135,181.72727272727272,64.0,0
1667,A,2024-12-03,18:00,4407720.0,D,Barcelona,131.0,20,9,5,13,3,0,2.9861,5.38074,4.63746,6.461538461538462,13,3.0,Hansi Flick,4-2-3-1,480500000.0,24.027627403397425,179.0909090909091,292.0,0
1668,H,2024-12-04,20:00,4407714.0,D,Real Madrid,418.0,10,5,2,9,3,0,1.269,1.97732,1.23405,12.125,5,2.0,Carlo Ancelotti,4-4-2 double 6,777500000.0,26.882956878850106,182.27272727272728,509.0,0
1669,H,2024-12-06,20:00,4407686.0,H,Mallorca,237.0,9,4,3,12,0,1,1.2435,1.09038,1.09038,13.272727272727272,1,7.0,Jagoba Arrasate,4-2-3-1,43200000.0,28.000248895526102,183.0,136.0,0
1670,A,2024-12-07,17:30,4407691.0,A,Rayo Vallecano,367.0,6,1,4,12,2,0,1.3596,1.02294,1.02294,11.0,3,12.0,Iñigo Pérez,4-2-3-1,38000000.0,29.061539418828946,180.0909090909091,103.0,0
1671,H,2024-12-07,13:00,4407688.0,D,Real Valladolid,366.0,9,2,3,13,3,0,1.3868999999999998,1.30835,1.30835,17.57894736842105,1,20.0,Álvaro Rubio,4-1-4-1,18500000.0,27.243606496173232,181.63636363636363,73.0,0
1672,D,2024-12-07,15:15,4407690.0,A,Barcelona,131.0,9,3,4,14,2,0,0.5269999999999999,1.54117,1.54117,9.333333333333334,6,2.0,Hansi Flick,4-3-3 Attacking,465500000.0,25.086180075913138,179.45454545454547,402.0,0
1673,A,2024-12-07,20:00,4407687.0,A,Real Madrid,418.0,10,7,3,7,2,0,2.1103,1.16034,1.16034,19.866666666666667,2,1.0,Carlo Ancelotti,4-2-3-1,758500000.0,28.20907224192645,181.45454545454547,715.0,0
1674,A,2024-12-08,13:00,4407689.0,A,Real Sociedad,681.0,15,5,3,15,2,0,2.4092,1.74462,1.74462,6.097560975609756,8,8.0,Imanol Alguacil,4-2-3-1,298000000.0,26.11013627030054,180.72727272727272,239.0,0
1675,H,2024-12-08,15:15,4407684.0,H,Villarreal,1050.0,11,1,3,10,1,0,0.8841,0.796459,0.796459,12.823529411764708,5,5.0,Marcelino,4-4-2,104700000.0,28.3666231099496,182.9090909090909,183.0,0
1676,D,2024-12-08,17:30,4407692.0,A,Alaves,1108.0,6,3,3,14,3,0,0.8012,1.50067,1.50067,10.666666666666666,2,16.0,Eduardo Coudet,4-2-3-1,44500000.0,27.05842822475266,183.0909090909091,24.0,0
1677,H,2024-12-08,20:00,4407685.0,A,Sevilla,368.0,4,3,3,8,3,0,0.3116,0.635773,0.635773,24.3125,2,13.0,Xavier García Pimienta,4-3-3 Attacking,116500000.0,25.071744135399168,184.72727272727272,192.0,0
1678,H,2024-12-09,20:00,4407693.0,H,Espanyol,714.0,9,1,3,15,6,0,1.9919,1.17303,1.17303,5.7407407407407405,6,18.0,Manolo González,4-1-4-1,28500000.0,26.60543836724535,183.1818181818182,71.0,0
1679,H,2024-12-13,20:00,4407712.0,H,Valencia,1049.0,14,2,7,10,3,0,1.3702,0.657242,0.657242,9.166666666666666,2,20.0,Rubén Baraja,4-4-2 double 6,123000000.0,25.17528467425798,182.9090909090909,156.0,0
1680,H,2024-12-14,15:15,4407711.0,D,Girona,12321.0,13,1,4,14,2,0,0.7779,0.939735,0.939735,6.956521739130435,6,10.0,Míchel,5-4-1,99200000.0,28.65534192022898,182.72727272727272,169.0,0
1681,H,2024-12-14,17:30,4407710.0,D,Celta Vigo,940.0,10,2,4,9,3,0,1.7587000000000002,0.928845,0.928845,14.529411764705882,6,13.0,Claudio Giráldez,3-4-3,40800000.0,27.227428286976544,181.0909090909091,79.0,0
1682,D,2024-12-14,13:00,4407708.0,D,Osasuna,331.0,6,0,4,13,1,0,1.0817,0.213917,0.213917,9.428571428571429,4,7.0,Vicente Moreno,4-4-2,70300000.0,27.566423993528716,185.45454545454547,61.0,0
1683,D,2024-12-14,20:00,4407706.0,D,Real Madrid,418.0,13,6,3,8,2,0,0.9915,1.15429,1.15429,8.1,8,1.0,Carlo Ancelotti,4-2-3-1,681500000.0,27.661004293447828,179.9090909090909,648.0,0
1684,A,2024-12-15,20:00,4407705.0,A,Leganes,1244.0,6,4,2,13,2,0,0.4246,0.77236,0.77236,17.05,3,15.0,Borja Jiménez,5-4-1,21400000.0,27.834733370667664,181.0909090909091,168.0,0
1685,A,2024-12-15,17:30,4407709.0,A,Real Betis,150.0,10,4,5,10,2,1,1.4230999999999998,1.6735,1.6735,13.363636363636363,2,9.0,Manuel Pellegrini,4-2-3-1,97300000.0,27.158484226246035,180.54545454545453,189.0,0
1686,D,2024-12-15,15:15,4407707.0,A,Athletic Club,621.0,9,2,4,17,2,0,1.2998,0.843706,0.843706,8.3,4,4.0,Ernesto Valverde,4-2-3-1,196300000.0,26.55789932175969,181.9090909090909,134.0,0
1687,D,2024-12-15,17:30,4407713.0,D,Las Palmas,472.0,9,3,6,12,3,0,0.9818,0.840973,0.840973,6.0588235294117645,2,14.0,Diego Martínez,4-3-3 Attacking,73500000.0,27.67743139817062,180.72727272727272,154.0,0
1688,H,2024-12-15,13:00,4407704.0,D,Getafe,3709.0,7,1,3,15,1,0,0.2219,0.238672,0.238672,8.290322580645162,2,16.0,José Bordalás,4-5-1,23600000.0,27.390703752100055,186.72727272727272,156.0,0
1689,D,2024-12-18,20:30,4407667.0,H,Valencia,1049.0,14,4,7,11,0,0,1.2776,1.78128,1.78128,10.727272727272728,8,20.0,Rubén Baraja,4-2-3-1,99500000.0,25.720614771949474,182.36363636363637,149.0,0
1690,D,2024-12-18,20:30,4407700.0,D,Rayo Vallecano,367.0,18,3,7,15,3,0,0.9498,1.85712,1.85712,6.851851851851852,11,9.0,Iñigo Pérez,4-2-3-1,30500000.0,30.182067077344286,178.72727272727272,63.0,0
1691,H,2024-12-20,20:00,4407677.0,H,Real Valladolid,366.0,1,1,1,7,1,0,0.0853,0.0119855,0.0119855,34.8,1,19.0,Diego Cocca,5-4-1,13100000.0,25.637732561757204,182.8181818181818,82.0,0
1692,A,2024-12-21,17:30,4407680.0,D,Athletic Club,621.0,13,8,4,13,1,0,2.0882,1.18093,1.18093,11.952380952380953,6,4.0,Ernesto Valverde,4-2-3-1,251600000.0,27.205276585153385,182.63636363636363,137.0,0
1693,A,2024-12-21,20:00,4407681.0,H,Atletico Madrid,13.0,5,4,3,8,3,0,0.1253,0.710716,0.710716,22.071428571428573,2,2.0,Diego Simeone,4-4-2,318000000.0,28.09034907597536,179.72727272727272,530.0,0
1694,A,2024-12-21,13:00,4407676.0,D,Mallorca,237.0,9,2,0,13,3,0,2.4214,2.06274,1.31946,7.684210526315789,2,6.0,Jagoba Arrasate,4-2-3-1,35500000.0,30.600460456723287,182.45454545454547,221.0,0
1695,H,2024-12-21,15:15,4407675.0,H,Real Sociedad,681.0,7,1,7,13,5,0,0.4476,0.314488,0.314488,7.583333333333333,4,7.0,Imanol Alguacil,4-1-4-1,221000000.0,25.38784145354987,180.36363636363637,148.0,0
1696,D,2024-12-22,13:00,4407682.0,A,Alaves,1108.0,11,3,4,15,1,0,1.4912,1.54294,0.799667,10.307692307692308,2,16.0,Eduardo Coudet,5-3-2,49000000.0,26.6694045174538,182.54545454545453,33.0,0
1697,H,2024-12-22,15:15,4407678.0,H,Sevilla,368.0,10,5,6,14,2,0,0.5216000000000001,1.41183,1.41183,15.035714285714286,3,13.0,Xavier García Pimienta,4-4-2,120000000.0,24.615518636052517,184.54545454545453,149.0,0
1698,H,2024-12-22,17:30,4407683.0,D,Espanyol,714.0,9,2,2,16,2,0,1.2578,0.878983,0.878983,14.0,1,18.0,Manolo González,4-1-4-1,36500000.0,26.368489826395372,183.0,89.0,0
1699,A,2024-12-22,17:30,4407679.0,D,Villarreal,1050.0,18,9,5,15,2,0,2.77,4.01011,2.52355,8.619047619047619,7,5.0,Marcelino,4-2-3-1,114200000.0,27.19656524173978,184.1818181818182,169.0,0
1700,D,2024-12-22,20:00,4407674.0,H,Rayo Vallecano,367.0,10,4,5,14,4,0,0.5766,0.878426,0.878426,6.4375,3,14.0,Iñigo Pérez,4-2-3-1,32600000.0,30.266442660693176,179.45454545454547,100.0,0
1701,A,2025-01-03,20:00,4407701.0,H,Real Madrid,418.0,17,5,5,9,3,1,2.318,2.69157,1.94829,9.615384615384617,7,2.0,Carlo Ancelotti,4-2-3-1,964500000.0,27.58085993404268,182.54545454545453,564.0,0
1702,H,2025-01-10,20:00,4407722.0,D,Celta Vigo,940.0,23,7,3,9,3,1,2.6764,3.25801,3.25801,15.157894736842104,9,12.0,Claudio Giráldez,4-2-3-1,44300000.0,28.748428846991477,180.54545454545453,78.0,0
1703,D,2025-01-11,20:00,4407717.0,D,Valencia,1049.0,5,1,1,8,2,0,1.6939000000000002,1.08107,1.08107,17.0,0,20.0,Carlos Corberán,4-2-3-1,157500000.0,25.28604318337378,182.8181818181818,127.0,0
1704,D,2025-01-11,17:30,4407719.0,D,Leganes,1244.0,14,6,4,19,2,1,2.0458000000000003,1.92496,1.92496,9.615384615384617,6,16.0,Borja Jiménez,5-4-1,22900000.0,29.04312114989733,182.54545454545453,196.0,0
1705,H,2025-01-11,15:15,4407721.0,D,Real Betis,150.0,14,3,8,10,4,0,0.8652,1.03813,1.03813,7.74074074074074,9,10.0,Manuel Pellegrini,4-2-3-1,93800000.0,28.2048410179827,182.8181818181818,407.0,0
1706,A,2025-01-11,13:00,4407718.0,D,Girona,12321.0,3,1,3,11,4,0,0.3999,0.625652,0.625652,10.705882352941176,6,8.0,Míchel,4-4-1-1,115000000.0,27.596540352187166,183.27272727272728,218.0,0
1707,A,2025-01-12,13:00,4407723.0,D,Getafe,3709.0,12,3,5,17,3,0,1.1671,1.39575,1.39575,10.0,7,15.0,José Bordalás,4-4-2,35000000.0,27.493746499906663,184.54545454545453,151.0,0
1708,H,2025-01-12,15:15,4407715.0,D,Osasuna,331.0,6,1,0,14,0,0,0.1642,0.391974,0.391974,13.807692307692308,0,11.0,Vicente Moreno,5-3-2,51100000.0,28.171240121958807,184.45454545454547,20.0,0
1709,H,2025-01-13,20:00,4407716.0,D,Villarreal,1050.0,15,5,7,6,2,0,1.6794,1.22527,1.22527,17.0625,5,5.0,Marcelino,4-4-2,81900000.0,27.052703627652292,185.0,90.0,0
1710,H,2025-01-17,20:00,4407726.0,H,Real Valladolid,366.0,11,4,7,16,2,0,1.7294,1.72021,1.72021,13.733333333333333,5,20.0,Diego Cocca,4-3-3 Attacking,14300000.0,25.610105158359776,182.0909090909091,74.0,0
1711,A,2025-01-18,17:30,4407733.0,D,Alaves,1108.0,9,5,3,24,5,0,2.3775,1.6539,0.910626,6.048780487804878,2,17.0,Eduardo Coudet,4-2-3-1,43000000.0,26.986995208761126,180.63636363636363,78.0,0
1712,D,2025-01-18,20:00,4407729.0,D,Barcelona,131.0,21,5,10,9,2,0,2.7008,3.50383,3.50383,2.9444444444444446,21,3.0,Hansi Flick,4-3-3 Attacking,550500000.0,23.923589073486404,179.8181818181818,388.0,0
1713,A,2025-01-18,13:00,4407724.0,H,Sevilla,368.0,14,6,4,15,4,0,2.6342,3.09224,2.34896,14.304347826086955,5,10.0,Xavier García Pimienta,4-2-3-1,121000000.0,27.614211934540478,184.1818181818182,317.0,0
1714,H,2025-01-18,15:15,4407728.0,D,Atletico Madrid,13.0,19,4,9,6,3,0,2.762,3.0563,2.31302,21.33333333333333,11,2.0,Diego Simeone,4-4-2,333000000.0,27.713272353929437,179.0909090909091,493.0,0
1715,A,2025-01-19,13:00,4407727.0,D,Athletic Club,621.0,14,6,4,6,0,0,2.7736,2.49675,2.49675,13.551724137931034,4,4.0,Ernesto Valverde,4-2-3-1,200000000.0,26.718685831622178,181.1818181818182,130.0,0
1716,H,2025-01-19,15:15,4407732.0,H,Las Palmas,472.0,6,2,2,13,1,1,0.0056,1.06201,1.06201,26.416666666666668,1,15.0,Diego Martínez,4-5-1,88200000.0,27.508929126998943,181.54545454545453,145.0,0
1717,D,2025-01-19,17:30,4407725.0,A,Rayo Vallecano,367.0,8,3,3,13,2,0,1.4502,0.797534,0.797534,11.05,2,9.0,Iñigo Pérez,4-4-2,38800000.0,28.78551428038081,178.54545454545453,79.0,0
1718,H,2025-01-19,20:00,4407731.0,H,Real Sociedad,681.0,9,3,7,12,4,0,0.5444,0.758224,0.758224,5.590909090909091,12,7.0,Imanol Alguacil,5-4-1,243500000.0,26.61962541223322,182.8181818181818,162.0,0
1719,H,2025-01-20,20:00,4407730.0,H,Mallorca,237.0,9,2,5,12,3,0,0.2061,0.390989,0.390989,12.625,3,6.0,Jagoba Arrasate,4-4-2,53500000.0,30.4050774687325,184.9090909090909,240.0,0
1720,D,2025-01-24,20:00,4407747.0,D,Osasuna,331.0,16,4,2,17,8,0,2.5547,2.53692,2.53692,13.733333333333333,5,11.0,Vicente Moreno,4-1-4-1,71600000.0,28.03160973181507,183.0909090909091,62.0,0
1721,A,2025-01-25,20:00,4407752.0,A,Real Madrid,418.0,20,4,7,12,3,0,2.8263000000000003,2.45677,1.7135,11.166666666666666,10,1.0,Carlo Ancelotti,4-2-3-1,814000000.0,26.289838840146846,182.0,524.0,0
1722,D,2025-01-25,17:30,4407753.0,A,Espanyol,714.0,6,1,1,14,4,0,1.5156,1.27943,1.27943,22.88235294117647,0,18.0,Manolo González,4-4-2,30500000.0,26.168377823408626,182.45454545454547,89.0,0
1723,A,2025-01-25,13:00,4407749.0,D,Real Betis,150.0,8,3,4,18,2,0,1.12,0.59491,0.59491,5.96969696969697,4,10.0,Manuel Pellegrini,4-2-3-1,97600000.0,25.673075726463818,181.63636363636363,119.0,0
1724,D,2025-01-25,15:15,4407745.0,A,Villarreal,1050.0,11,1,6,14,2,0,1.4247,1.78456,1.04128,15.19047619047619,7,5.0,Marcelino,4-4-2 double 6,125400000.0,25.72385041378881,184.72727272727272,128.0,0
1725,H,2025-01-26,13:00,4407751.0,D,Girona,12321.0,12,5,1,9,1,0,0.4831999999999999,1.56182,1.56182,12.291666666666666,5,9.0,Míchel,4-2-3-1,102400000.0,28.42386908095327,182.63636363636363,206.0,0
1726,A,2025-01-26,15:15,4407750.0,D,Getafe,3709.0,13,4,2,15,6,0,1.962,2.01027,2.01027,5.482758620689655,2,14.0,José Bordalás,4-4-2 double 6,31300000.0,27.638852591624666,185.0909090909091,137.0,0
1727,D,2025-01-26,17:30,4407744.0,D,Leganes,1244.0,5,2,1,8,1,0,0.9255,1.57401,1.57401,15.076923076923077,2,15.0,Borja Jiménez,5-4-1,19900000.0,28.568975172671273,181.1818181818182,104.0,0
1728,H,2025-01-26,20:00,4407746.0,H,Valencia,1049.0,7,2,4,12,1,0,0.1183999999999999,1.30328,1.30328,16.62962962962963,4,19.0,Carlos Corberán,4-4-2,157000000.0,25.530209694480742,182.8181818181818,130.0,0
1729,D,2025-01-27,20:00,4407748.0,H,Celta Vigo,940.0,5,2,4,14,3,0,0.4024,0.155093,0.155093,9.517241379310343,1,13.0,Claudio Giráldez,5-4-1,25500000.0,28.23197063032792,179.9090909090909,75.0,0
1730,A,2025-01-31,20:00,4407779.0,D,Rayo Vallecano,367.0,19,3,9,19,4,0,2.4714,2.39088,2.39088,5.724137931034483,7,6.0,Iñigo Pérez,4-2-3-1,36800000.0,29.10360276274034,179.45454545454547,105.0,0
1731,D,2025-02-01,13:00,4407775.0,D,Sevilla,368.0,13,1,5,12,6,0,1.2667,0.871043,0.871043,10.133333333333333,4,12.0,Xavier García Pimienta,4-3-3 Attacking,121000000.0,27.652541845560325,184.1818181818182,317.0,0
1732,H,2025-02-01,15:15,4407778.0,H,Real Valladolid,366.0,8,2,6,14,2,0,0.0747,0.747261,0.747261,13.45,4,20.0,Diego Cocca,4-1-4-1,15000000.0,26.73411735424056,181.9090909090909,90.0,0
1733,H,2025-02-01,17:30,4407774.0,H,Mallorca,237.0,10,1,4,14,3,0,0.4304,0.421783,0.421783,15.1875,4,9.0,Jagoba Arrasate,5-3-2,51200000.0,29.59044241179765,185.8181818181818,226.0,0
1734,H,2025-02-01,20:00,4407780.0,D,Real Madrid,418.0,21,7,8,3,0,0,2.1444,1.52796,1.52796,12.0,18,1.0,Carlo Ancelotti,4-2-3-1,957500000.0,27.279945242984255,181.54545454545453,556.0,0
1735,H,2025-02-02,13:00,4407783.0,D,Alaves,1108.0,3,0,2,20,2,0,0.3379,0.126278,0.126278,12.129032258064516,1,18.0,Eduardo Coudet,4-2-3-1,37500000.0,26.761495862111875,180.45454545454547,76.0,0
1736,H,2025-02-02,15:15,4407782.0,H,Celta Vigo,940.0,3,2,2,17,2,0,0.3105,0.51501,0.51501,8.586206896551724,4,13.0,Claudio Giráldez,5-4-1,36300000.0,26.645261651421812,179.8181818181818,58.0,0
1737,H,2025-02-02,17:30,4407777.0,H,Real Sociedad,681.0,13,3,5,8,3,0,2.2869,2.35115,2.35115,10.529411764705882,13,11.0,Imanol Alguacil,4-1-4-1,258700000.0,25.397797274593987,181.0909090909091,241.0,0
1738,D,2025-02-02,20:00,4407781.0,H,Athletic Club,621.0,12,4,7,20,1,0,1.7281000000000002,1.75905,1.75905,6.75,3,4.0,Ernesto Valverde,4-4-2 double 6,182800000.0,27.089042374463318,183.0,106.0,0
1739,H,2025-02-03,20:00,4407776.0,H,Las Palmas,472.0,10,2,3,12,2,0,0.6594,1.31791,1.31791,13.15,6,16.0,Diego Martínez,4-2-3-1,91500000.0,27.145541658888682,179.9090909090909,138.0,0
1740,H,2025-02-07,20:00,4407766.0,D,Real Valladolid,366.0,8,3,2,15,2,0,0.1823,0.610157,0.610157,15.947368421052632,2,20.0,Diego Cocca,4-4-1-1,15200000.0,25.649679547010145,182.45454545454547,82.0,0
1741,H,2025-02-08,13:00,4407771.0,A,Real Betis,150.0,12,5,7,11,5,0,1.1474,1.51159,1.51159,17.57894736842105,6,11.0,Manuel Pellegrini,4-2-3-1,98400000.0,27.62815008400224,180.8181818181818,173.0,0
1742,H,2025-02-08,15:15,4407764.0,H,Girona,12321.0,3,1,2,12,4,0,0.0056,0.0558089,0.0558089,15.615384615384617,2,9.0,Míchel,4-3-3 Attacking,121900000.0,26.899383983572896,183.72727272727272,183.0,0
1743,A,2025-02-08,17:30,4407767.0,D,Villarreal,1050.0,9,4,5,12,3,0,0.9104,1.26021,1.26021,14.11111111111111,4,5.0,Marcelino,4-4-2,115400000.0,26.137016987119658,183.9090909090909,111.0,0
1744,D,2025-02-08,20:00,4407769.0,A,Atletico Madrid,13.0,10,1,1,13,3,0,0.7348,1.62463,0.881351,22.692307692307693,4,2.0,Diego Simeone,4-4-2,326000000.0,28.235704063219465,179.27272727272728,509.0,0
1745,A,2025-02-09,13:00,4407768.0,A,Getafe,3709.0,4,3,3,16,6,0,0.8005,0.825065,0.081787,16.214285714285715,0,14.0,José Bordalás,4-4-2,43900000.0,29.15039512164769,182.54545454545453,155.0,0
1746,H,2025-02-09,15:15,4407772.0,H,Leganes,1244.0,12,4,3,9,1,0,0.2822,0.417562,0.417562,6.833333333333333,3,15.0,Borja Jiménez,4-5-1 flat,22300000.0,29.45653661875428,183.1818181818182,210.0,0
1747,H,2025-02-09,17:30,4407773.0,H,Espanyol,714.0,4,1,0,17,2,0,0.6743000000000001,0.872507,0.129229,13.454545454545457,0,17.0,Manolo González,4-2-3-1,49000000.0,26.27540289963288,184.0,83.0,0
1748,A,2025-02-09,20:00,4407770.0,D,Barcelona,131.0,10,6,6,6,2,1,2.1788,1.93199,1.93199,9.6,11,3.0,Hansi Flick,4-3-3 Attacking,591000000.0,26.79260780287474,181.45454545454547,544.0,0
1749,D,2025-02-10,20:00,4407765.0,D,Osasuna,331.0,19,4,11,11,4,0,1.9279,1.81967,1.81967,7.833333333333333,7,7.0,Vicente Moreno,4-1-4-1,82300000.0,28.413664364383052,182.63636363636363,65.0,0
1750,A,2025-02-14,20:00,4407759.0,A,Getafe,3709.0,10,6,3,23,3,0,1.0686,0.95535,0.95535,10.4,4,13.0,José Bordalás,4-4-2,43900000.0,29.164084375583347,182.54545454545453,155.0,0
1751,D,2025-02-15,13:00,4407763.0,H,Alaves,1108.0,16,7,2,15,5,0,0.9868,1.4212,0.677922,8.857142857142858,5,19.0,Eduardo Coudet,4-2-3-1,51000000.0,27.49847551490262,180.9090909090909,32.0,0
1752,D,2025-02-15,15:15,4407757.0,A,Real Madrid,418.0,17,6,2,7,1,1,2.1201000000000003,2.73344,2.73344,22.444444444444443,8,2.0,Carlo Ancelotti,4-4-2,928000000.0,26.503391201543153,180.8181818181818,664.0,0
1753,D,2025-02-15,17:30,4407754.0,D,Celta Vigo,940.0,11,4,7,18,5,0,2.0859,1.45388,0.710601,7.3478260869565215,15,14.0,Claudio Giráldez,3-4-3,37800000.0,25.875925580237695,181.45454545454547,38.0,0
1754,D,2025-02-15,20:00,4407761.0,H,Valencia,1049.0,12,3,5,17,5,0,1.0502,0.740954,0.740954,14.8,2,18.0,Carlos Corberán,4-2-3-1,161000000.0,25.634496919917865,182.8181818181818,127.0,0
1755,H,2025-02-16,20:00,4407756.0,D,Real Sociedad,681.0,5,1,5,15,2,2,0.0812,0.20529,0.20529,13.789473684210526,2,10.0,Imanol Alguacil,4-4-2 double 6,249000000.0,26.87598780411922,181.36363636363637,214.0,0
1756,H,2025-02-16,17:30,4407762.0,H,Las Palmas,472.0,9,4,5,13,4,0,0.536,1.04401,1.04401,11.157894736842104,7,17.0,Diego Martínez,4-2-3-1,68500000.0,27.17889365938647,179.8181818181818,156.0,0
1757,D,2025-02-16,13:00,4407758.0,D,Athletic Club,621.0,14,4,7,8,1,0,1.0734,0.896815,0.896815,6.375,4,4.0,Ernesto Valverde,4-2-3-1,182600000.0,27.396428349200423,182.63636363636363,112.0,0
1758,A,2025-02-16,15:15,4407760.0,A,Sevilla,368.0,11,6,2,10,2,0,2.1584,1.4827,1.4827,20.15,3,12.0,Xavier García Pimienta,4-3-3 Attacking,110500000.0,26.505880156804178,184.27272727272728,326.0,0
1759,H,2025-02-17,20:00,4407755.0,H,Rayo Vallecano,367.0,9,4,5,9,3,0,0.4204,1.30941,1.30941,16.59090909090909,2,6.0,Iñigo Pérez,4-2-3-1,43000000.0,28.913944371849915,180.36363636363637,103.0,0
1760,H,2025-02-21,20:00,4407535.0,D,Osasuna,331.0,18,1,4,13,0,0,0.396,0.838476,0.838476,13.19047619047619,5,11.0,Vicente Moreno,5-4-1,67300000.0,28.41590442411798,183.8181818181818,59.0,0
1761,A,2025-02-22,13:00,4407537.0,D,Espanyol,714.0,9,2,0,17,2,0,0.5476,0.495881,0.495881,11.894736842105264,4,15.0,Manolo González,4-2-3-1,50500000.0,25.131976852716072,183.72727272727272,88.0,0
1762,A,2025-02-22,15:15,4407536.0,D,Villarreal,1050.0,10,5,5,12,4,0,1.5754,0.79404,0.79404,9.96,2,5.0,Marcelino,4-4-2 double 6,129000000.0,25.251695600771576,185.36363636363637,137.0,0
1763,A,2025-02-22,17:30,4407538.0,A,Atletico Madrid,13.0,11,3,0,16,3,0,2.0542,2.31785,2.31785,12.523809523809524,12,3.0,Diego Simeone,4-4-2,316800000.0,29.05656150830689,179.45454545454547,535.0,0
1764,A,2025-02-22,20:00,4407539.0,D,Barcelona,131.0,15,5,3,4,1,0,2.3322,1.66486,1.66486,8.277777777777779,12,1.0,Hansi Flick,4-2-3-1,458500000.0,24.770580548814635,180.0,443.0,0
1765,H,2025-02-23,13:00,4407534.0,H,Real Valladolid,366.0,5,3,4,5,3,1,0.0013,0.598765,0.598765,19.181818181818183,0,20.0,Álvaro Rubio,5-4-1,16000000.0,26.060606060606062,182.63636363636363,71.0,0
1766,H,2025-02-23,15:15,4407541.0,H,Girona,12321.0,6,2,5,7,2,0,0.1851,0.325619,0.325619,31.166666666666668,5,13.0,Míchel,3-4-1-2,109300000.0,28.852467176902493,183.0909090909091,245.0,0
1767,A,2025-02-23,17:30,4407540.0,A,Real Betis,150.0,13,6,5,20,0,1,2.4637,2.34571,1.60243,5.633333333333334,6,7.0,Manuel Pellegrini,4-2-3-1,98100000.0,28.919917864476385,181.63636363636363,278.0,0
1768,H,2025-02-23,20:00,4407543.0,H,Leganes,1244.0,8,2,3,13,3,0,0.5443,0.256673,0.256673,12.0,5,16.0,Borja Jiménez,4-5-1 flat,23700000.0,28.274780660817623,182.36363636363637,189.0,0
1769,D,2025-02-24,20:00,4407542.0,H,Mallorca,237.0,13,2,4,12,3,0,1.413,1.64957,1.64957,10.16,6,6.0,Jagoba Arrasate,5-3-2,40300000.0,30.64327048721299,184.0,202.0,0
1770,D,2025-02-28,20:00,4407741.0,A,Las Palmas,472.0,4,3,4,8,1,1,0.1498,0.163235,0.163235,21.5,5,17.0,Diego Martínez,4-2-3-1,62500000.0,27.941260655839713,180.45454545454547,166.0,0
1771,H,2025-03-01,17:30,4407735.0,D,Real Madrid,418.0,9,2,2,12,4,0,0.5136000000000001,1.05072,1.05072,10.047619047619047,5,3.0,Carlo Ancelotti,4-3-3 Attacking,713500000.0,29.63599029307448,180.27272727272728,764.0,0
1772,H,2025-03-01,20:00,4407738.0,D,Athletic Club,621.0,15,3,2,8,3,0,1.0017,1.54329,1.54329,13.875,5,4.0,Ernesto Valverde,4-2-3-1,187600000.0,27.703814323937525,180.72727272727272,133.0,0
1773,D,2025-03-01,13:00,4407739.0,D,Celta Vigo,940.0,10,6,2,17,0,0,2.0174000000000003,1.64758,0.904306,12.916666666666666,5,12.0,Claudio Giráldez,5-4-1,40800000.0,26.412295438989485,180.45454545454547,63.0,0
1774,D,2025-03-01,15:15,4407737.0,D,Sevilla,368.0,10,5,6,9,0,0,0.3074,0.807803,0.807803,16.31578947368421,1,10.0,Xavier García Pimienta,4-2-3-1,134500000.0,26.43394934976044,184.54545454545453,257.0,0
1775,H,2025-03-02,13:00,4407740.0,D,Getafe,3709.0,9,0,6,15,1,0,1.3285,0.585024,0.585024,8.586206896551724,0,14.0,José Bordalás,4-2-3-1,43500000.0,29.28454981021716,183.0909090909091,171.0,0
1776,H,2025-03-02,15:15,4407734.0,H,Real Sociedad,681.0,0,0,0,6,0,1,0.0127,0.0,0.0,24.444444444444443,0,9.0,Imanol Alguacil,4-1-4-1,168200000.0,24.981892850476015,179.8181818181818,79.0,0
1777,D,2025-03-02,17:30,4407742.0,H,Alaves,1108.0,19,7,9,14,2,0,1.1885,1.63763,1.63763,7.36,3,19.0,Eduardo Coudet,4-2-3-1,48500000.0,27.048472403708544,181.9090909090909,32.0,0
1778,D,2025-03-02,20:00,4407736.0,H,Valencia,1049.0,12,5,3,7,1,0,1.6027,1.54983,1.54983,15.466666666666669,4,18.0,Carlos Corberán,4-2-3-1,134500000.0,25.644950532014185,184.45454545454547,127.0,0
1779,H,2025-03-08,15:15,4407790.0,H,Villarreal,1050.0,24,2,6,13,1,0,2.3602,2.63287,2.63287,4.523809523809524,16,5.0,Marcelino,4-4-2 double 6,134000000.0,26.641777114056378,183.72727272727272,185.0,0
1780,H,2025-03-08,17:30,4407789.0,D,Real Valladolid,366.0,11,4,4,10,3,0,0.3014,0.645621,0.645621,17.928571428571427,1,20.0,Álvaro Rubio,4-4-2 double 6,15800000.0,25.79354116109763,182.72727272727272,131.0,0
1781,H,2025-03-08,13:00,4407787.0,H,Leganes,1244.0,12,6,5,9,2,0,1.2602,0.99815,0.99815,15.192307692307692,7,17.0,Borja Jiménez,5-4-1,23900000.0,28.332275527347395,182.27272727272728,191.0,0
1782,H,2025-03-09,13:00,4407792.0,D,Atletico Madrid,13.0,4,2,4,14,2,1,1.0031,1.02142,0.278141,5.916666666666667,2,3.0,Diego Simeone,4-4-2,331000000.0,28.659324248646634,178.8181818181818,574.0,0
1783,H,2025-03-09,15:15,4407793.0,H,Rayo Vallecano,367.0,20,6,6,17,1,0,1.0371,1.21003,1.21003,12.73913043478261,4,9.0,Iñigo Pérez,4-2-3-1,36800000.0,30.781407504200107,180.54545454545453,87.0,0
1784,D,2025-03-09,17:30,4407784.0,D,Mallorca,237.0,9,2,3,13,3,0,1.3924,1.02509,1.02509,9.75,0,7.0,Jagoba Arrasate,5-4-1,54400000.0,29.54464563499471,184.63636363636363,206.0,0
1785,H,2025-03-09,17:30,4407786.0,D,Las Palmas,472.0,8,1,1,14,8,1,0.1854,0.426529,0.426529,17.526315789473685,3,19.0,Diego Martínez,5-4-1,42200000.0,27.384730259473585,180.9090909090909,92.0,0
1786,A,2025-03-09,20:00,4407788.0,D,Sevilla,368.0,9,4,3,12,1,0,1.5335,1.01162,1.01162,24.75,3,8.0,Xavier García Pimienta,4-2-3-1,125500000.0,26.646755024578432,184.1818181818182,212.0,0
1787,D,2025-03-10,20:00,4407791.0,D,Girona,12321.0,18,4,9,13,3,0,2.4739,1.58787,0.844596,6.538461538461538,15,12.0,Míchel,4-3-3 Attacking,127500000.0,27.13508804679236,182.1818181818182,323.0,0
1788,D,2025-03-14,20:00,4407532.0,A,Alaves,1108.0,9,3,5,22,5,0,0.9715,1.49888,1.49888,10.25,5,17.0,Eduardo Coudet,4-4-2,44100000.0,26.273411735424055,183.27272727272728,25.0,0
1789,D,2025-03-15,20:00,4407525.0,D,Valencia,1049.0,12,2,4,5,1,0,1.4325,1.21975,1.21975,30.0,3,16.0,Carlos Corberán,5-4-1,135500000.0,25.421442349573763,185.54545454545453,156.0,0
1790,A,2025-03-15,17:30,4407531.0,A,Real Madrid,418.0,9,5,4,3,1,0,0.7016,1.10001,1.10001,15.666666666666666,7,2.0,Carlo Ancelotti,4-2-3-1,856500000.0,26.007093522493935,180.72727272727272,467.0,0
1791,A,2025-03-15,13:00,4407529.0,D,Celta Vigo,940.0,10,1,4,15,3,0,2.2071,1.81654,1.07326,9.08,8,8.0,Claudio Giráldez,5-4-1,45300000.0,28.831062161657645,179.72727272727272,65.0,0
1792,H,2025-03-15,15:15,4407533.0,D,Espanyol,714.0,2,0,2,12,2,0,0.0621,0.184342,0.184342,17.642857142857142,3,15.0,Manolo González,4-3-3,52000000.0,25.478439425051338,183.9090909090909,84.0,0
1793,A,2025-03-16,13:00,4407528.0,H,Real Betis,150.0,21,6,7,5,1,0,2.2679000000000005,2.92809,2.18481,13.461538461538462,4,6.0,Manuel Pellegrini,4-2-3-1,116600000.0,28.465434633812457,179.72727272727272,156.0,0
1794,A,2025-03-16,15:15,4407527.0,D,Athletic Club,621.0,9,4,6,12,2,0,2.4111,1.64488,0.901598,14.083333333333334,3,4.0,Ernesto Valverde,4-2-3-1,133000000.0,28.48260842511356,183.1818181818182,89.0,0
1795,A,2025-03-16,17:30,4407530.0,H,Getafe,3709.0,7,4,2,15,3,1,0.505,0.900928,0.900928,14.157894736842104,8,11.0,José Bordalás,4-2-3-1,44400000.0,28.731255055690372,182.54545454545453,144.0,0
1796,D,2025-03-16,17:30,4407526.0,A,Real Sociedad,681.0,8,4,4,9,2,0,1.6827,0.905535,0.905535,12.0,4,12.0,Imanol Alguacil,4-1-4-1,206700000.0,25.209134465807974,179.36363636363637,125.0,0
1797,A,2025-03-16,20:00,4407524.0,H,Barcelona,131.0,13,6,6,11,3,0,2.1636,2.16215,2.16215,5.333333333333333,11,1.0,Hansi Flick,4-2-3-1,473500000.0,26.163648808412667,180.45454545454547,486.0,0
1798,H,2025-03-27,20:00,4407785.0,H,Osasuna,331.0,4,0,4,14,3,0,0.0110999999999999,0.53356,0.53356,12.363636363636363,1,14.0,Vicente Moreno,4-4-2,55000000.0,27.11915873312177,184.0909090909091,19.0,0
1799,H,2025-03-29,13:00,4407559.0,H,Real Valladolid,366.0,12,5,6,10,3,0,1.3466,1.29525,1.29525,17.0,5,20.0,Álvaro Rubio,4-2-3-1,11700000.0,25.262647003920105,181.0909090909091,59.0,0
1800,D,2025-03-29,15:15,4407561.0,A,Atletico Madrid,13.0,13,2,3,14,1,0,1.2801,0.994468,0.994468,11.35,5,3.0,Diego Simeone,4-4-2,281500000.0,28.53960550059113,182.45454545454547,437.0,0
1801,A,2025-03-29,17:30,4407560.0,A,Rayo Vallecano,367.0,11,5,5,12,5,0,0.5809,0.681703,0.681703,9.055555555555555,1,8.0,Iñigo Pérez,4-2-3-1,35300000.0,29.61707423309066,180.72727272727272,94.0,0
1802,H,2025-03-29,20:00,4407563.0,A,Leganes,1244.0,10,4,3,13,4,0,0.595,2.38359,2.38359,30.3,6,18.0,Borja Jiménez,4-2-3-1,27200000.0,28.870387654781904,182.9090909090909,166.0,0
1803,H,2025-03-30,17:30,4407562.0,D,Mallorca,237.0,8,2,5,15,5,0,1.1675,0.657805,0.657805,6.161290322580645,1,9.0,Jagoba Arrasate,5-3-2,43500000.0,28.059983821790805,182.63636363636363,72.0,0
1804,H,2025-03-30,20:00,4407556.0,H,Sevilla,368.0,6,2,2,22,4,0,1.3087999999999995,0.867589,0.867589,8.382352941176471,4,11.0,Xavier García Pimienta,4-3-3 Attacking,139900000.0,26.5414722170369,184.72727272727272,265.0,0
1805,D,2025-03-30,17:30,4407554.0,D,Osasuna,331.0,5,2,4,12,1,0,1.1229,0.564979,0.564979,18.73333333333333,2,14.0,Vicente Moreno,5-4-1,75700000.0,28.05002800074669,184.8181818181818,69.0,0
1806,H,2025-03-30,15:15,4407555.0,H,Girona,12321.0,4,2,2,11,1,0,0.1659999999999999,0.490847,0.490847,12.083333333333334,2,13.0,Míchel,3-4-3,112000000.0,26.84114243046481,181.63636363636363,314.0,0
1807,A,2025-03-30,13:00,4407558.0,A,Villarreal,1050.0,9,3,1,21,4,0,1.7322,1.38471,1.38471,6.333333333333333,9,5.0,Marcelino,4-4-2,95500000.0,26.003857880654596,185.63636363636363,117.0,0
1808,D,2025-03-31,20:00,4407557.0,H,Las Palmas,472.0,4,2,2,5,0,0,0.8523000000000001,0.52734,0.52734,44.625,2,19.0,Diego Martínez,5-3-2,86300000.0,26.5330097691494,182.0,161.0,0
1809,A,2025-04-04,20:00,4407553.0,A,Espanyol,714.0,15,7,4,10,2,0,2.877,3.48741,2.74413,16.941176470588236,8,16.0,Manolo González,4-2-3-1,48500000.0,25.296745690996204,183.45454545454547,40.0,0
1810,A,2025-04-05,13:00,4407552.0,D,Alaves,1108.0,14,3,5,16,4,0,0.6632,0.805674,0.805674,8.416666666666666,4,17.0,Eduardo Coudet,4-2-3-1,52000000.0,26.971812581668846,182.1818181818182,34.0,0
1811,A,2025-04-05,15:15,4407545.0,A,Valencia,1049.0,10,2,4,13,4,0,0.225,1.08997,1.08997,18.61111111111111,5,14.0,Carlos Corberán,5-4-1,145000000.0,24.1704934353805,185.9090909090909,167.0,0
1812,A,2025-04-05,17:30,4407550.0,H,Celta Vigo,940.0,10,4,2,11,0,0,1.7571,1.12056,1.12056,11.0,3,7.0,Claudio Giráldez,5-4-1,37700000.0,28.21255677929189,179.1818181818182,82.0,0
1813,D,2025-04-05,20:00,4407544.0,D,Real Betis,150.0,6,2,3,12,1,0,0.3483,0.249939,0.249939,41.2,2,6.0,Manuel Pellegrini,4-2-3-1,132600000.0,28.139381494617634,180.72727272727272,142.0,0
1814,A,2025-04-06,13:00,4407546.0,A,Real Sociedad,681.0,13,8,4,10,2,0,2.1299,2.81501,2.81501,16.583333333333332,9,8.0,Imanol Alguacil,4-1-4-1,172200000.0,25.746499906664177,179.36363636363637,114.0,0
1815,A,2025-04-06,15:15,4407549.0,D,Atletico Madrid,13.0,13,5,7,12,4,0,1.7698000000000005,1.23653,0.493255,11.173913043478262,6,3.0,Diego Simeone,4-4-2,344500000.0,28.33949349760438,180.0,475.0,0
1816,A,2025-04-06,17:30,4407551.0,A,Getafe,3709.0,16,9,4,17,1,0,2.8471,2.80288,2.80288,12.416666666666666,7,11.0,José Bordalás,4-2-3-1,43800000.0,29.05208138883704,182.27272727272728,65.0,0
1817,D,2025-04-06,20:00,4407548.0,D,Athletic Club,621.0,11,2,5,13,1,0,0.8865999999999999,0.998653,0.998653,13.25,8,4.0,Ernesto Valverde,4-2-3-1,218600000.0,26.532760873623296,182.63636363636363,137.0,0
1818,D,2025-04-07,20:00,4407547.0,D,Osasuna,331.0,14,6,8,14,3,0,1.2519,2.07408,2.07408,14.1875,6,13.0,Vicente Moreno,5-4-1,78000000.0,27.881774625101116,185.72727272727272,66.0,0
1819,H,2025-04-11,20:00,4407632.0,H,Sevilla,368.0,12,5,3,18,2,0,0.8708,0.910522,0.910522,9.56,7,14.0,Xavier García Pimienta,4-2-3-1,130400000.0,26.4478874992222,185.0909090909091,249.0,0
1820,A,2025-04-12,17:30,4407633.0,A,Espanyol,714.0,5,3,5,10,2,0,1.3281999999999998,0.780846,0.780846,24.727272727272727,3,15.0,Manolo González,4-3-3 Attacking,48500000.0,25.31864849729326,183.45454545454547,40.0,0
1821,A,2025-04-12,20:00,4407629.0,D,Barcelona,131.0,12,3,8,4,1,0,1.8188,1.10105,1.10105,9.526315789473683,8,1.0,Hansi Flick,4-2-3-1,501000000.0,26.74183311554975,181.63636363636363,478.0,0
1822,A,2025-04-12,13:00,4407631.0,A,Mallorca,237.0,7,3,2,12,1,0,1.5029,0.801126,0.801126,22.846153846153847,4,8.0,Jagoba Arrasate,5-3-2,49600000.0,29.749735548503512,184.36363636363637,158.0,0
1823,A,2025-04-12,15:15,4407627.0,H,Las Palmas,472.0,10,5,2,15,2,0,1.2578,1.54225,1.54225,8.166666666666666,11,18.0,Diego Martínez,4-4-2 double 6,64200000.0,26.358036214299048,181.8181818181818,93.0,0
1824,H,2025-04-13,20:00,4407624.0,A,Rayo Vallecano,367.0,11,3,1,7,3,0,1.2447,1.81883,0.99063,12.473684210526317,6,10.0,Iñigo Pérez,4-3-3 Attacking,38500000.0,30.44166511106963,180.54545454545453,88.0,0
1825,A,2025-04-13,17:30,4407626.0,D,Villarreal,1050.0,8,2,5,13,4,0,0.8954,1.32607,1.32607,12.428571428571429,4,5.0,Marcelino,4-4-2,94400000.0,27.788438802812518,184.36363636363637,87.0,0
1826,A,2025-04-13,15:15,4407628.0,A,Real Madrid,418.0,11,4,4,12,4,1,1.9654000000000005,1.26541,1.26541,14.333333333333334,3,2.0,Carlo Ancelotti,4-3-3 Attacking,709000000.0,26.518822724161534,181.54545454545453,507.0,0
1827,H,2025-04-13,13:00,4407630.0,H,Girona,12321.0,18,8,4,15,0,0,0.3911,0.57428,0.57428,6.55,7,16.0,Míchel,4-2-3-1,86700000.0,29.284798705743263,182.72727272727272,288.0,0
1828,H,2025-04-14,20:00,4407625.0,H,Real Valladolid,366.0,6,3,1,8,1,0,0.1311,1.38016,0.636887,32.666666666666664,1,20.0,Álvaro Rubio,4-1-4-1,16300000.0,28.657830875490014,181.45454545454547,135.0,0
1829,H,2025-04-18,20:00,4407636.0,H,Getafe,3709.0,9,4,8,15,2,1,1.7191999999999998,0.736613,0.736613,11.545454545454543,4,12.0,José Bordalás,4-2-3-1,45100000.0,27.503453425424677,184.63636363636363,148.0,0
1830,D,2025-04-19,13:00,4407635.0,H,Valencia,1049.0,10,3,2,13,1,0,2.4743,2.06284,2.06284,10.954545454545457,3,14.0,Carlos Corberán,4-4-2 double 6,151500000.0,25.554352560512722,182.8181818181818,127.0,0
1831,H,2025-04-19,15:15,4407634.0,D,Celta Vigo,940.0,11,8,1,13,2,0,1.3607,2.50499,2.50499,14.695652173913045,2,8.0,Claudio Giráldez,4-1-4-1,31900000.0,26.319208512226997,180.54545454545453,48.0,0
1832,D,2025-04-19,17:30,4407643.0,D,Leganes,1244.0,15,1,4,15,1,0,1.2106,0.951824,0.951824,8.185185185185185,8,19.0,Borja Jiménez,4-2-3-1,18800000.0,27.270487212992347,182.0,167.0,0
1833,H,2025-04-19,20:00,4407638.0,D,Atletico Madrid,13.0,7,2,4,13,1,0,1.2562000000000002,0.757145,0.757145,11.31578947368421,3,3.0,Diego Simeone,4-4-2,354000000.0,28.076162030987494,181.1818181818182,459.0,0
1834,H,2025-04-20,20:00,4407637.0,D,Athletic Club,621.0,3,1,1,15,2,0,0.0837,0.132511,0.132511,22.4375,1,4.0,Ernesto Valverde,4-2-3-1,127000000.0,26.79982577313173,182.72727272727272,66.0,0
1835,D,2025-04-20,17:30,4407642.0,D,Alaves,1108.0,11,3,6,11,2,0,0.9204,1.30312,1.30312,8.454545454545455,5,18.0,Eduardo Coudet,4-2-3-1,36800000.0,28.692925144670525,182.45454545454547,23.0,0
1836,A,2025-04-20,13:00,4407640.0,A,Osasuna,331.0,11,6,2,17,0,0,2.1125000000000003,2.36202,1.61874,10.774193548387096,3,11.0,Vicente Moreno,5-4-1,78000000.0,27.917366685333832,185.72727272727272,66.0,0
1837,D,2025-04-20,15:15,4407641.0,D,Real Sociedad,681.0,4,4,4,12,1,0,1.5707,2.29777,1.5545,16.3125,1,9.0,Imanol Alguacil,4-1-4-1,155500000.0,25.924211312301665,179.72727272727272,217.0,0
1838,A,2025-04-21,20:00,4407639.0,A,Real Betis,150.0,17,9,9,11,2,0,2.1892,2.28252,2.28252,24.692307692307693,5,6.0,Manuel Pellegrini,4-2-3-1,134100000.0,28.515462634559142,179.63636363636363,151.0,0
1839,D,2025-04-22,18:00,4407623.0,A,Espanyol,714.0,8,3,4,7,1,0,0.6396999999999999,0.344156,0.344156,18.473684210526315,1,12.0,Manolo González,4-2-3-1,48500000.0,25.456785514280384,183.0,40.0,0
1840,H,2025-04-22,20:30,4407616.0,D,Mallorca,237.0,4,0,2,7,1,0,0.0608999999999999,0.326579,0.326579,17.9,0,9.0,Jagoba Arrasate,5-4-1,44500000.0,28.818119594300295,184.0,169.0,0
1841,A,2025-04-23,20:30,4407619.0,A,Real Madrid,418.0,14,7,4,7,1,0,0.8271000000000001,1.74803,1.74803,10.357142857142858,5,2.0,Carlo Ancelotti,4-4-2 double 6,564000000.0,26.26196254122332,179.0909090909091,461.0,0
1842,H,2025-04-23,20:30,4407621.0,D,Real Sociedad,681.0,6,0,6,17,5,0,0.9264,0.472083,0.472083,6.941176470588236,2,10.0,Imanol Alguacil,4-1-4-1,217500000.0,24.731255055690372,180.8181818181818,179.0,0
1843,H,2025-04-23,18:00,4407618.0,H,Villarreal,1050.0,4,1,3,10,1,1,0.0754,0.5946,0.5946,18.466666666666665,1,5.0,Marcelino,4-4-2,67900000.0,27.29288781034161,184.72727272727272,172.0,0
1844,H,2025-04-23,18:00,4407614.0,H,Las Palmas,472.0,10,2,3,9,3,0,0.3094,1.01774,1.01774,12.789473684210526,3,18.0,Diego Martínez,4-2-3-1,68200000.0,25.793292265571527,180.54545454545453,106.0,0
1845,D,2025-04-24,18:00,4407622.0,D,Girona,12321.0,8,3,5,18,2,0,1.7521999999999998,0.764098,0.764098,7.705882352941177,3,16.0,Míchel,5-4-1,89300000.0,30.056125941136205,181.63636363636363,329.0,0
1846,H,2025-04-24,18:00,4407620.0,H,Sevilla,368.0,12,3,4,13,2,1,1.8621,0.934425,0.934425,24.5,7,15.0,Joaquín Caparrós,4-2-3-1,113200000.0,25.997635492502024,185.0,211.0,0
1847,H,2025-04-24,20:30,4407615.0,H,Rayo Vallecano,367.0,12,5,3,15,2,0,0.2317,1.13186,1.13186,8.862068965517242,10,11.0,Iñigo Pérez,4-2-3-1,40200000.0,30.12805674817995,178.9090909090909,100.0,0
1848,H,2025-04-24,20:30,4407617.0,D,Real Valladolid,366.0,10,5,4,7,0,0,0.4104,0.839722,0.839722,16.68421052631579,2,20.0,Álvaro Rubio,4-1-4-1,15700000.0,26.199987555223696,181.72727272727272,77.0,0
1849,H,2025-04-27,15:15,4407743.0,D,Espanyol,714.0,12,1,6,11,0,0,1.5124999999999995,1.53522,1.53522,18.0,3,15.0,Manolo González,4-2-3-1,53500000.0,25.485408499782217,184.36363636363637,84.0,0
1850,H,2025-05-02,20:00,4407611.0,H,Getafe,3709.0,12,1,3,13,2,1,0.9714,0.8041,0.8041,8.23076923076923,7,13.0,José Bordalás,4-4-2,48800000.0,28.597349262647004,182.36363636363637,190.0,0
1851,D,2025-05-03,13:00,4407606.0,D,Atletico Madrid,13.0,9,2,5,13,2,0,0.7977000000000001,0.391409,0.391409,4.523809523809524,1,3.0,Diego Simeone,4-4-2,372000000.0,28.289963287909902,179.9090909090909,458.0,0
1852,H,2025-05-03,15:15,4407612.0,H,Osasuna,331.0,11,4,8,18,1,0,0.7635,1.41412,0.670841,9.923076923076923,7,8.0,Vicente Moreno,5-4-1,70800000.0,28.554788127683402,184.45454545454547,68.0,0
1853,A,2025-05-03,17:30,4407605.0,D,Valencia,1049.0,10,5,5,6,1,0,1.2826,1.6731,1.6731,20.5,2,12.0,Carlos Corberán,4-4-2,150000000.0,26.585028934104912,184.0,124.0,0
1854,A,2025-05-03,20:00,4407609.0,H,Barcelona,131.0,24,7,8,15,2,0,2.3689,2.21168,2.21168,2.5357142857142856,13,1.0,Hansi Flick,4-2-3-1,344500000.0,23.726214921286786,181.36363636363637,241.0,0
1855,H,2025-05-04,13:00,4407610.0,H,Celta Vigo,940.0,14,7,6,11,1,0,0.814,2.13071,2.13071,18.75,13,7.0,Claudio Giráldez,3-4-2-1,40900000.0,26.63804368116483,180.63636363636363,32.0,0
1856,D,2025-05-04,15:15,4407613.0,D,Leganes,1244.0,9,3,2,12,5,0,0.3406,0.804853,0.804853,10.0,2,19.0,Borja Jiménez,4-4-2,20700000.0,29.22730383921349,183.63636363636363,140.0,0
1857,A,2025-05-04,17:30,4407607.0,H,Real Betis,150.0,20,10,7,10,0,0,1.4923,1.05631,1.05631,11.166666666666666,14,6.0,Manuel Pellegrini,4-2-3-1,124100000.0,28.930620372098815,182.1818181818182,351.0,0
1858,D,2025-05-04,20:00,4407608.0,D,Athletic Club,621.0,3,1,3,13,2,0,0.6471,0.232928,0.232928,17.7,4,4.0,Ernesto Valverde,4-2-3-1,164000000.0,27.88799701325369,181.8181818181818,101.0,0
1859,H,2025-05-05,20:00,4407604.0,H,Mallorca,237.0,9,1,2,14,2,0,0.3881,0.488126,0.488126,17.666666666666668,5,10.0,Jagoba Arrasate,5-4-1,49600000.0,29.812706116607554,184.36363636363637,158.0,0
1860,A,2025-05-09,20:00,4407600.0,D,Rayo Vallecano,367.0,16,5,8,9,3,0,1.59,1.00781,1.00781,9.642857142857142,4,9.0,Iñigo Pérez,4-2-3-1,41400000.0,31.144297181258164,177.0909090909091,84.0,0
1861,H,2025-05-10,13:00,4407601.0,H,Getafe,3709.0,10,3,6,20,5,0,0.115,0.590071,0.590071,6.971428571428572,3,13.0,José Bordalás,4-4-2,37200000.0,28.067948478626093,183.9090909090909,96.0,0
1862,H,2025-05-10,15:15,4407597.0,D,Sevilla,368.0,19,10,6,16,2,0,2.4907,2.61391,1.87064,10.433333333333334,5,16.0,Joaquín Caparrós,4-4-2 double 6,89400000.0,26.498662186547197,184.45454545454547,235.0,0
1863,A,2025-05-10,17:30,4407598.0,D,Villarreal,1050.0,14,5,3,10,3,0,2.7488,2.28245,2.28245,30.363636363636363,9,5.0,Marcelino,4-2-3-1,152500000.0,25.87318772945056,184.0,186.0,0
1864,H,2025-05-10,17:30,4407599.0,D,Real Valladolid,366.0,16,7,10,12,1,0,2.0943,2.76393,2.76393,18.07692307692308,6,20.0,Álvaro Rubio,4-1-4-1,17200000.0,25.147408375334454,183.36363636363637,92.0,0
1865,H,2025-05-10,20:00,4407594.0,H,Real Sociedad,681.0,6,1,3,12,1,0,0.2922,0.298675,0.298675,22.944444444444443,6,12.0,Imanol Alguacil,4-1-4-1,178000000.0,24.76012693671831,180.9090909090909,179.0,0
1866,H,2025-05-11,13:00,4407603.0,H,Espanyol,714.0,12,6,8,18,2,0,1.0386,1.57739,1.57739,10.263157894736842,6,14.0,Manolo González,5-4-1,54000000.0,26.361271856138387,184.0,83.0,0
1867,H,2025-05-11,15:15,4407595.0,H,Real Madrid,418.0,9,5,2,15,3,0,0.578,2.5616,1.81832,12.166666666666666,2,2.0,Carlo Ancelotti,4-2-3-1,870000000.0,26.27117167568913,181.0909090909091,465.0,0
1868,H,2025-05-11,17:30,4407602.0,D,Alaves,1108.0,4,1,2,12,1,0,0.7299,0.642793,0.642793,10.076923076923077,0,17.0,Eduardo Coudet,4-1-4-1,50000000.0,26.45261651421816,181.72727272727272,34.0,0
1869,D,2025-05-11,20:00,4407596.0,D,Osasuna,331.0,16,5,7,12,2,0,2.6632,2.2272,2.2272,13.36842105263158,3,10.0,Vicente Moreno,4-2-3-1,78500000.0,28.627714516831556,182.36363636363637,64.0,0
1870,A,2025-05-13,18:00,4407580.0,D,Girona,12321.0,13,5,4,19,0,0,1.5880999999999998,1.56752,1.56752,10.576923076923077,3,13.0,Míchel,4-2-3-1,62100000.0,29.985688507249083,181.0909090909091,228.0,0
1871,A,2025-05-13,19:00,4407579.0,A,Celta Vigo,940.0,6,2,1,11,1,0,0.2713,1.29945,1.29945,25.0,3,7.0,Claudio Giráldez,5-4-1,41700000.0,26.589011262522558,180.54545454545453,55.0,0
1872,H,2025-05-13,20:30,4407582.0,D,Las Palmas,472.0,14,3,2,15,6,0,0.8078,0.399067,0.399067,10.5625,2,19.0,Diego Martínez,4-4-2,57300000.0,26.7293883392446,181.1818181818182,69.0,0
1873,H,2025-05-14,18:00,4407583.0,H,Leganes,1244.0,23,6,6,11,1,0,0.6617000000000001,1.19032,1.19032,7.607142857142857,8,18.0,Borja Jiménez,3-4-2-1,21000000.0,27.018604940576196,181.63636363636363,167.0,0
1874,H,2025-05-14,20:30,4407581.0,A,Mallorca,237.0,4,2,0,15,3,0,0.0837,0.475193,0.475193,20.5,2,10.0,Jagoba Arrasate,5-3-2,48400000.0,28.289963287909902,183.9090909090909,185.0,0
1875,H,2025-05-14,18:00,4407574.0,D,Valencia,1049.0,10,3,4,10,3,0,0.3075,0.584778,0.584778,13.416666666666666,2,11.0,Carlos Corberán,4-4-2 double 6,148500000.0,25.982701760935846,184.9090909090909,108.0,0
1876,D,2025-05-15,18:00,4407578.0,H,Real Betis,150.0,10,3,7,18,3,0,1.2363,1.17134,0.428058,9.041666666666666,3,6.0,Manuel Pellegrini,4-2-3-1,131600000.0,29.319644079397673,180.1818181818182,311.0,0
1877,H,2025-05-15,18:00,4407577.0,H,Atletico Madrid,13.0,9,5,5,11,1,0,1.5503,1.34093,1.34093,8.263157894736842,8,3.0,Diego Simeone,4-4-2,359000000.0,28.66604442785141,181.0,522.0,0
1878,A,2025-05-15,20:30,4407575.0,D,Barcelona,131.0,12,4,3,10,2,0,0.6825000000000001,0.735877,0.735877,4.76,10,1.0,Hansi Flick,4-2-3-1,531000000.0,27.127870076535373,183.45454545454547,592.0,0
1879,A,2025-05-15,20:30,4407576.0,D,Athletic Club,621.0,9,2,5,7,0,0,1.8794,1.33336,1.33336,8.333333333333334,5,4.0,Ernesto Valverde,3-4-2-1,110600000.0,27.865845311430522,183.36363636363637,79.0,0
1880,A,2025-05-18,18:00,4407591.0,A,Alaves,1108.0,14,4,9,24,2,0,1.6885,1.22692,0.48364,4.390243902439025,4,14.0,Eduardo Coudet,4-1-3-2,47000000.0,27.59131354613901,181.27272727272728,27.0,0
1881,H,2025-05-18,18:00,4407584.0,H,Real Betis,150.0,12,7,4,9,1,0,0.0326,0.821908,0.821908,15.15,7,6.0,Manuel Pellegrini,4-2-3-1,93100000.0,27.582353307199302,182.0,208.0,0
1882,A,2025-05-18,18:00,4407585.0,H,Villarreal,1050.0,7,3,3,9,0,0,1.6946,1.96183,1.96183,16.333333333333332,5,5.0,Marcelino,4-4-2,149000000.0,26.783647563935038,183.36363636363637,150.0,0
1883,A,2025-05-18,18:00,4407586.0,A,Rayo Vallecano,367.0,7,2,2,17,3,0,0.4147,0.906857,0.906857,12.181818181818182,0,8.0,Iñigo Pérez,4-4-2,39800000.0,30.89291269989422,177.27272727272728,114.0,0
1884,A,2025-05-18,18:00,4407592.0,A,Leganes,1244.0,11,4,2,12,2,0,1.8344000000000005,1.06274,1.06274,14.28,3,18.0,Borja Jiménez,4-4-2 double 6,23400000.0,28.056001493373152,182.45454545454547,186.0,0
1885,A,2025-05-18,18:00,4407588.0,D,Getafe,3709.0,10,4,4,9,2,0,2.0398,1.55977,1.55977,12.344827586206897,6,13.0,José Bordalás,4-4-2,58800000.0,29.251695600771576,184.9090909090909,102.0,0
1886,H,2025-05-18,18:00,4407593.0,H,Espanyol,714.0,16,6,6,5,1,0,0.4116,0.572332,0.572332,10.411764705882351,11,17.0,Manolo González,4-2-3-1,64000000.0,25.031423060170493,182.9090909090909,40.0,0
1887,A,2025-05-18,18:00,4407590.0,D,Real Madrid,418.0,16,6,7,9,1,0,2.5986,1.95992,1.95992,8.91304347826087,13,2.0,Carlo Ancelotti,4-4-2 double 6,683000000.0,25.446580797710165,181.45454545454547,518.0,0
1888,H,2025-05-18,18:00,4407589.0,H,Girona,12321.0,9,5,2,9,3,0,1.2029,1.64512,1.64512,11.608695652173912,2,15.0,Míchel,4-2-3-1,81200000.0,26.169124509986933,182.63636363636363,338.0,0
1889,A,2025-05-18,18:00,4407587.0,D,Athletic Club,621.0,10,4,3,16,1,0,2.08,1.16214,1.16214,11.5625,2,4.0,Ernesto Valverde,4-2-3-1,189800000.0,28.06645510546948,182.63636363636363,79.0,0
1890,D,2025-05-23,20:00,4407565.0,H,Valencia,1049.0,9,2,2,12,2,0,0.8968,0.647724,0.647724,11.4,5,12.0,Carlos Corberán,4-2-3-1,143000000.0,24.05824155310808,185.8181818181818,147.0,0
1891,D,2025-05-24,20:00,4407572.0,D,Mallorca,237.0,9,2,2,14,2,0,0.4684,0.747939,0.747939,14.61111111111111,5,10.0,Jagoba Arrasate,4-4-2,39300000.0,27.513658141994895,184.0,100.0,0
1892,A,2025-05-24,20:00,4407571.0,D,Celta Vigo,940.0,15,8,6,10,4,0,2.2125,1.30818,1.30818,9.1,7,7.0,Claudio Giráldez,5-4-1,44700000.0,28.58764233712899,180.1818181818182,71.0,0
1893,D,2025-05-24,20:00,4407567.0,D,Osasuna,331.0,19,5,9,6,2,0,1.5928,1.88098,1.88098,9.5,5,9.0,Vicente Moreno,4-2-3-1,78500000.0,28.66330657706428,182.36363636363637,64.0,0
1894,H,2025-05-24,17:30,4407568.0,H,Real Valladolid,366.0,6,2,4,16,1,0,0.3689,0.479375,0.479375,12.714285714285714,1,20.0,Álvaro Rubio,4-4-2,17400000.0,26.251011138074794,181.54545454545453,108.0,0
1895,H,2025-05-24,17:30,4407569.0,D,Las Palmas,472.0,10,4,6,11,2,0,0.5265,0.735505,0.735505,13.444444444444445,2,19.0,Diego Martínez,4-2-3-1,33925000.0,25.75546014560388,181.3,69.0,0
1896,H,2025-05-24,15:15,4407566.0,H,Real Sociedad,681.0,9,1,4,7,0,0,0.4117,1.18496,1.18496,28.181818181818183,1,11.0,Imanol Alguacil,4-2-3-1,104800000.0,23.128865658639786,180.0,141.0,0
1897,A,2025-05-25,13:00,4407570.0,D,Atletico Madrid,13.0,19,11,8,11,1,0,2.995,3.10637,3.10637,10.545454545454543,25,3.0,Diego Simeone,4-4-2,236500000.0,30.894654968576944,179.9090909090909,624.0,0
1898,H,2025-05-25,15:15,4407573.0,H,Sevilla,368.0,17,6,5,14,1,0,1.6406,1.64829,1.64829,14.608695652173912,16,17.0,Joaquín Caparrós,4-2-3-1,64000000.0,26.433202663182133,183.9090909090909,174.0,0
1899,A,2025-05-25,20:00,4407564.0,A,Barcelona,131.0,13,4,6,10,0,0,2.8474000000000004,3.36402,2.62074,4.708333333333333,6,1.0,Hansi Flick,4-2-3-1,543000000.0,24.106278389645947,180.1818181818182,366.0,0
1900,A,2025-08-15,18:00,4645606.0,A,Rayo Vallecano,367.0,16,5,4,17,1,0,2.8498,3.25355,2.51027,7.266666666666667,4,2.0,Iñigo Pérez,4-2-3-1,35500000.0,29.70493435380499,178.54545454545453,91.0,0
1901,H,2025-08-15,20:30,4645612.0,H,Real Oviedo,2497.0,5,4,1,8,2,1,0.2935,0.85578,0.112502,40.42857142857143,0,19.0,Veljko Paunovic,4-2-3-1,1800000.0,28.0394250513347,182.8,160.0,0
1902,D,2025-08-16,20:30,4645611.0,D,Real Sociedad,681.0,13,3,7,11,2,0,0.9418,1.04897,1.04897,12.1,4,12.0,Sergio Francisco,4-2-3-1,101000000.0,26.28909215356854,180.72727272727272,200.0,0
1903,H,2025-08-16,20:30,4645605.0,H,Levante,3368.0,7,3,1,13,1,0,0.5727,0.74203,0.74203,20.08333333333333,2,15.0,Julián Calero,5-4-1,0.0,27.40780287474333,179.1,40.0,0
1904,A,2025-08-16,18:30,4645608.0,A,Barcelona,131.0,24,8,6,17,1,0,2.444,2.0243,2.0243,4.033333333333333,19,1.0,Hansi Flick,4-2-3-1,85000000.0,23.745877667848923,181.45454545454547,293.0,0
1905,A,2025-08-17,16:00,4645614.0,D,Getafe,3709.0,10,3,3,17,2,0,2.0608,1.50131,1.50131,16.210526315789473,6,4.0,José Bordalás,5-3-2,40800000.0,26.272167257793544,181.54545454545453,118.0,0
1906,H,2025-08-17,18:30,4645613.0,H,Sevilla,368.0,12,6,1,12,2,0,0.31,0.901645,0.901645,10.047619047619047,4,13.0,Matías Almeyda,4-1-4-1,63900000.0,25.946611909650926,185.63636363636363,277.0,0
1907,H,2025-08-17,20:30,4645607.0,A,Atletico Madrid,13.0,15,4,3,11,3,0,1.1873,1.29319,1.29319,13.22222222222222,17,14.0,Diego Simeone,4-2-3-1,291000000.0,26.247775496235455,180.9090909090909,343.0,0
1908,D,2025-08-18,20:00,4645609.0,A,Real Betis,150.0,12,4,3,13,1,0,1.8589,1.59562,1.59562,21.31578947368421,8,9.0,Manuel Pellegrini,4-2-3-1,36000000.0,28.83056437060544,180.9090909090909,239.0,0
1909,H,2025-08-19,20:00,4645610.0,D,Osasuna,331.0,2,0,0,12,0,1,0.2705,0.201044,0.201044,20.846153846153847,2,16.0,Alessio Lisci,3-4-2-1,66500000.0,29.290025511791427,184.1818181818182,67.0,0
1910,H,2025-08-22,20:30,4645521.0,H,Alaves,1108.0,11,5,2,17,3,0,0.8793000000000001,1.43838,1.43838,9.758620689655173,0,9.0,Eduardo Coudet,4-2-3-1,25000000.0,27.63063903926327,181.54545454545453,21.0,0
1911,A,2025-08-23,20:30,4645522.0,H,Barcelona,131.0,26,10,11,8,1,0,1.2446,2.48128,2.48128,4.388888888888889,21,2.0,Hansi Flick,4-2-3-1,125000000.0,23.690871756580176,181.63636363636363,294.0,0
1912,D,2025-08-23,16:00,4645523.0,A,Celta Vigo,940.0,8,2,4,12,3,0,1.5911,0.917413,0.917413,16.333333333333332,2,15.0,Claudio Giráldez,5-4-1,17500000.0,26.640283740899758,180.63636363636363,72.0,0
1913,D,2025-08-23,18:30,4645518.0,D,Elche,1531.0,6,2,2,7,3,0,0.3244,0.313268,0.313268,15.055555555555555,1,12.0,Eder Sarabia,3-4-1-2,5500000.0,26.932735984070685,182.36363636363637,16.0,0
1914,H,2025-08-24,16:00,4645519.0,H,Valencia,1049.0,4,1,4,13,1,1,1.0278,0.589594,0.589594,16.428571428571427,4,14.0,Carlos Corberán,4-4-2,46000000.0,27.230415033289777,182.72727272727272,86.0,0
1915,D,2025-08-24,18:30,4645524.0,A,Espanyol,714.0,14,3,2,18,2,0,1.749,1.87234,1.12906,11.615384615384617,7,6.0,Manolo González,4-2-3-1,30200000.0,27.536805425922466,181.27272727272728,33.0,0
1916,H,2025-08-24,18:30,4645516.0,H,Girona,12321.0,5,2,1,9,2,0,0.0314,0.140267,0.140267,13.347826086956522,4,20.0,Míchel,4-2-3-1,90200000.0,25.156866405326365,182.45454545454547,249.0,0
1917,A,2025-08-24,20:30,4645520.0,A,Real Madrid,418.0,26,10,9,7,1,0,2.4608,1.82072,1.82072,7.827586206896552,8,3.0,Xabi Alonso,4-2-3-1,180000000.0,25.877418953394315,183.9090909090909,539.0,0
1918,H,2025-08-25,18:30,4645517.0,D,Rayo Vallecano,367.0,6,1,6,13,4,0,0.3715,0.493587,0.493587,10.27777777777778,0,8.0,Iñigo Pérez,4-2-3-1,35500000.0,29.732312861676313,178.54545454545453,91.0,0
1919,A,2025-08-25,20:30,4645515.0,D,Getafe,3709.0,9,6,3,24,2,0,1.863,1.32944,1.32944,13.173913043478262,4,4.0,José Bordalás,5-3-2,41300000.0,27.175906913073234,183.0,121.0,0
1920,D,2025-08-27,20:00,4645543.0,A,Real Betis,150.0,7,2,4,11,2,0,1.153,0.714458,0.714458,13.608695652173912,3,8.0,Manuel Pellegrini,4-2-3-1,33500000.0,28.617509800261338,181.0909090909091,237.0,0
1921,H,2025-08-29,18:30,4645529.0,D,Levante,3368.0,11,1,2,17,2,0,0.9999,0.969663,0.969663,18.166666666666668,4,19.0,Julián Calero,5-4-1,2500000.0,27.860095824777552,177.5,141.0,0
1922,H,2025-08-29,20:30,4645525.0,H,Getafe,3709.0,11,1,6,7,0,0,0.7041999999999999,0.757418,0.757418,12.05,2,6.0,José Bordalás,5-3-2,41300000.0,27.186858316221766,183.0,121.0,0
1923,D,2025-08-30,16:00,4645527.0,D,Atletico Madrid,13.0,15,6,6,17,3,0,1.3203,0.960547,0.960547,5.5,9,15.0,Diego Simeone,4-4-2,315000000.0,27.132101300479125,182.63636363636363,380.0,0
1924,H,2025-08-30,18:00,4645532.0,H,Real Sociedad,681.0,18,6,10,18,1,0,1.7485,0.92221,0.92221,9.64,7,16.0,Sergio Francisco,4-4-2,107000000.0,25.632256860182938,180.54545454545453,184.0,0
1925,A,2025-08-30,18:30,4645531.0,A,Sevilla,368.0,13,4,3,14,2,0,1.0413,1.62032,1.62032,14.263157894736842,6,12.0,Matías Almeyda,4-2-3-1,27900000.0,26.900628461203407,182.9090909090909,283.0,0
1926,H,2025-08-30,20:30,4645526.0,H,Mallorca,237.0,9,5,5,7,0,0,0.4232,0.549872,0.549872,19.363636363636363,3,18.0,Jagoba Arrasate,5-3-2,26600000.0,27.412108767344908,182.54545454545453,155.0,0
1927,D,2025-08-31,20:30,4645534.0,A,Barcelona,131.0,12,3,4,8,1,0,1.7538,2.35774,1.61447,8.4,4,4.0,Hansi Flick,4-2-3-1,85000000.0,25.251446705245474,181.0909090909091,422.0,0
1928,H,2025-08-31,18:30,4645530.0,D,Osasuna,331.0,10,3,3,14,3,0,1.3569,1.38167,1.38167,11.894736842105264,7,13.0,Alessio Lisci,5-4-1,62500000.0,28.974425984692925,183.1818181818182,71.0,0
1929,A,2025-08-31,18:00,4645533.0,D,Athletic Club,621.0,15,6,10,16,4,1,1.6892,1.11141,1.11141,8.548387096774194,6,2.0,Ernesto Valverde,4-2-3-1,142000000.0,27.059423806857072,182.63636363636363,142.0,0
1930,D,2025-08-31,16:00,4645528.0,D,Villarreal,1050.0,8,3,5,8,1,0,1.4243,0.96978,0.96978,21.63157894736842,7,3.0,Marcelino,4-4-2,70000000.0,25.578495426544706,185.1818181818182,207.0,0
1931,D,2025-09-12,20:00,4645574.0,H,Elche,1531.0,5,2,2,19,3,0,1.8297,0.781151,0.781151,6.357142857142857,1,8.0,Eder Sarabia,5-3-2,9000000.0,28.655989048596854,182.4,75.0,0
1932,H,2025-09-13,13:00,4645570.0,H,Real Oviedo,2497.0,5,1,3,18,5,1,0.7325,0.369812,0.369812,7.9,1,16.0,Veljko Paunovic,4-2-3-1,13800000.0,27.787941011760314,182.27272727272728,78.0,0
1933,A,2025-09-13,15:15,4645565.0,A,Real Madrid,418.0,16,6,4,7,1,1,1.0202,2.54171,2.54171,14.5625,6,1.0,Xabi Alonso,4-2-3-1,50000000.0,26.441416215543526,182.72727272727272,465.0,0
1934,A,2025-09-13,17:30,4645572.0,D,Alaves,1108.0,4,2,6,21,3,0,0.4545,0.090756,0.090756,9.73076923076923,0,7.0,Eduardo Coudet,4-2-3-1,24500000.0,28.173480181693733,180.9090909090909,27.0,0
1935,H,2025-09-13,20:00,4645566.0,H,Villarreal,1050.0,8,1,3,15,4,0,0.6283,0.668177,0.668177,21.764705882352946,3,6.0,Marcelino,4-4-2,128000000.0,26.963599029307446,183.72727272727272,261.0,0
1936,D,2025-09-14,13:00,4645568.0,A,Girona,12321.0,13,8,3,9,3,0,1.0583,1.41213,1.41213,22.466666666666665,11,20.0,Míchel,4-3-3 Attacking,96900000.0,27.09003795656773,182.0,338.0,0
1937,D,2025-09-14,15:15,4645573.0,H,Real Betis,150.0,28,9,12,11,2,0,2.1837,2.19546,2.19546,6.85,16,11.0,Manuel Pellegrini,4-2-3-1,56000000.0,26.467799141310433,181.36363636363637,64.0,0
1938,H,2025-09-14,17:30,4645571.0,H,Rayo Vallecano,367.0,19,6,6,7,2,0,0.971,0.979149,0.979149,10.928571428571429,8,13.0,Iñigo Pérez,4-2-3-1,39000000.0,29.787069877418954,178.54545454545453,91.0,0
1939,H,2025-09-14,20:00,4645567.0,H,Valencia,1049.0,2,1,4,8,1,0,0.0227,0.12495,0.12495,23.0625,1,14.0,Carlos Corberán,5-4-1,49200000.0,26.943936282745316,183.1818181818182,108.0,0
1940,H,2025-09-15,20:00,4645569.0,H,Mallorca,237.0,24,10,9,16,1,0,0.897,2.03185,1.28857,8.727272727272727,3,19.0,Jagoba Arrasate,3-5-2 flat,25200000.0,27.933295999004418,183.8181818181818,193.0,0
1941,H,2025-09-19,20:00,4645487.0,D,Real Sociedad,681.0,11,5,5,20,7,0,0.266,0.606673,0.606673,9.862068965517242,7,18.0,Sergio Francisco,4-1-4-1,107000000.0,26.10416277767407,180.0,172.0,0
1942,H,2025-09-20,20:00,4645490.0,D,Athletic Club,621.0,11,5,6,6,1,1,0.3373,0.499198,0.499198,11.68421052631579,3,6.0,Ernesto Valverde,4-2-3-1,58500000.0,27.819550743575384,181.9090909090909,119.0,0
1943,A,2025-09-20,17:30,4645485.0,D,Sevilla,368.0,9,3,4,19,7,0,1.2405,0.891992,0.891992,7.84,4,9.0,Matías Almeyda,5-4-1,38100000.0,27.268496048783526,183.36363636363637,224.0,0
1944,H,2025-09-20,17:30,4645494.0,A,Osasuna,331.0,6,3,0,11,3,1,0.4844999999999999,1.95599,1.21271,23.454545454545453,5,13.0,Alessio Lisci,5-4-1,49100000.0,29.230041690000622,183.8181818181818,59.0,0
1945,A,2025-09-20,13:00,4645489.0,A,Levante,3368.0,14,7,4,17,3,0,2.9764,4.50183,4.50183,8.863636363636363,10,15.0,Julián Calero,4-4-2,6000000.0,26.712214547943503,178.54545454545453,153.0,0
1946,H,2025-09-20,15:15,4645493.0,H,Espanyol,714.0,8,1,3,20,0,0,0.552,0.969443,0.969443,15.241379310344827,2,4.0,Manolo González,4-2-3-1,34000000.0,27.06539729948354,181.45454545454547,34.0,0
1947,D,2025-09-21,13:00,4645492.0,D,Celta Vigo,940.0,9,5,7,10,1,0,1.3304,1.28175,1.28175,20.428571428571427,10,16.0,Claudio Giráldez,5-4-1,25500000.0,25.431647066143988,177.9090909090909,39.0,0
1948,D,2025-09-21,15:15,4645491.0,D,Atletico Madrid,13.0,12,7,6,6,0,1,2.5861,2.08772,1.34445,22.444444444444443,9,12.0,Diego Simeone,4-4-2,298000000.0,27.96963474581544,180.45454545454547,439.0,0
1949,H,2025-09-21,17:30,4645488.0,H,Real Oviedo,2497.0,12,4,3,18,2,0,0.9763,1.10565,1.10565,16.666666666666668,3,17.0,Veljko Paunovic,4-2-3-1,18600000.0,28.436064961732313,184.45454545454547,242.0,0
1950,H,2025-09-21,20:00,4645486.0,H,Getafe,3709.0,3,2,2,15,4,0,0.0664,0.215949,0.215949,14.51851851851852,0,7.0,José Bordalás,5-3-2,28100000.0,29.262149212867897,181.63636363636363,149.0,0
1951,A,2025-09-23,20:30,4645539.0,A,Real Madrid,418.0,24,10,7,9,1,0,2.6885,4.06315,3.31987,15.31578947368421,15,1.0,Xabi Alonso,3-4-2-1,185000000.0,24.725779354116106,182.36363636363637,386.0,0
1952,D,2025-09-23,18:00,4645536.0,A,Girona,12321.0,6,3,1,15,2,0,0.5544,0.856618,0.856618,26.25,3,20.0,Míchel,4-2-3-1,55900000.0,27.012133656897518,182.36363636363637,219.0,0
1953,D,2025-09-23,18:00,4645538.0,A,Valencia,1049.0,5,2,3,9,4,0,0.1800999999999999,1.00785,1.00785,10.826086956521738,0,11.0,Carlos Corberán,4-4-2 double 6,47200000.0,27.944496297679052,181.8181818181818,87.0,0
1954,A,2025-09-23,20:30,4645540.0,A,Villarreal,1050.0,12,5,3,14,3,0,2.4582,2.40523,2.40523,10.647058823529411,6,3.0,Marcelino,4-3-3 Attacking,89000000.0,25.9702569846307,185.27272727272728,162.0,0
1955,D,2025-09-24,18:00,4645541.0,D,Alaves,1108.0,10,4,7,20,3,0,1.9597,1.21176,1.21176,4.6,2,10.0,Eduardo Coudet,4-4-2,20000000.0,27.231161719868087,180.0,38.0,0
1956,H,2025-09-24,20:30,4645537.0,D,Rayo Vallecano,367.0,9,3,6,12,4,0,0.0958999999999999,1.61988,1.61988,14.476190476190476,2,14.0,Iñigo Pérez,4-2-3-1,32200000.0,28.68744944309626,178.63636363636363,92.0,0
1957,H,2025-09-24,20:30,4645535.0,D,Mallorca,237.0,7,3,2,15,2,0,0.1686,0.641137,0.641137,14.25,1,19.0,Jagoba Arrasate,5-3-2,26300000.0,27.68614274158422,183.0,138.0,0
1958,D,2025-09-25,18:30,4645544.0,H,Elche,1531.0,12,4,3,13,2,0,1.2308,1.05089,1.05089,10.263157894736842,2,5.0,Eder Sarabia,5-3-2,5500000.0,26.04268558272665,183.54545454545453,76.0,0
1959,A,2025-09-25,20:30,4645542.0,H,Barcelona,131.0,22,10,9,6,0,0,1.8209,2.07001,2.07001,4.5,22,2.0,Hansi Flick,4-2-3-1,70000000.0,24.76510484724037,182.36363636363637,313.0,0
1960,D,2025-09-26,20:00,4645584.0,D,Espanyol,714.0,20,5,4,11,1,0,1.2116000000000002,0.949116,0.949116,9.84375,1,7.0,Manolo González,4-4-2,31200000.0,26.33339555721486,181.27272727272728,35.0,0
1961,H,2025-09-27,17:30,4645581.0,H,Alaves,1108.0,12,3,8,18,3,0,0.8887,0.566415,0.566415,5.896551724137931,6,11.0,Eduardo Coudet,4-1-4-1,30000000.0,27.41484661813204,180.27272727272728,34.0,0
1962,H,2025-09-27,20:00,4645582.0,D,Athletic Club,621.0,16,4,5,11,0,0,1.1277,1.56287,1.56287,9.272727272727272,5,10.0,Ernesto Valverde,4-2-3-1,42500000.0,28.727272727272727,183.9090909090909,151.0,0
1963,D,2025-09-27,13:00,4645579.0,A,Levante,3368.0,11,3,2,16,3,0,1.7206,1.27833,1.27833,5.730769230769231,2,15.0,Julián Calero,4-4-2,6000000.0,26.21317901810715,179.27272727272728,201.0,0
1964,H,2025-09-27,15:15,4645576.0,D,Real Madrid,418.0,6,2,2,14,4,0,0.3117999999999999,1.02797,1.02797,9.470588235294118,5,2.0,Xabi Alonso,4-2-3-1,330000000.0,25.94710970070313,184.45454545454547,547.0,0
1965,H,2025-09-28,20:00,4645578.0,H,Osasuna,331.0,12,1,5,7,1,0,0.8069,0.578485,0.578485,26.416666666666668,5,13.0,Alessio Lisci,5-3-2,54400000.0,28.629954576566487,186.8181818181818,63.0,0
1966,H,2025-09-28,17:30,4645577.0,D,Real Sociedad,681.0,7,2,1,12,2,0,0.1971,0.957079,0.957079,26.384615384615383,5,18.0,Sergio Francisco,4-3-3 Attacking,79800000.0,26.956629954576567,180.63636363636363,165.0,0
1967,H,2025-09-28,15:15,4645583.0,D,Celta Vigo,940.0,8,2,2,20,3,0,0.0572,0.821768,0.821768,11.56,5,17.0,Claudio Giráldez,4-3-3 Attacking,25500000.0,25.620060979403892,182.0,60.0,0
1968,A,2025-09-28,13:00,4645580.0,D,Sevilla,368.0,4,1,4,15,2,0,0.4175999999999999,0.579597,0.579597,14.38095238095238,6,9.0,Matías Almeyda,5-4-1,38100000.0,28.972683716010206,182.72727272727272,387.0,0
1969,A,2025-09-30,19:00,4645575.0,H,Real Oviedo,2497.0,10,4,4,12,4,1,0.7811,0.997143,0.997143,11.033333333333331,10,14.0,Veljko Paunovic,4-3-3 Attacking,17000000.0,27.937527222948166,182.54545454545453,130.0,0
1970,H,2025-10-03,20:00,4645512.0,D,Getafe,3709.0,6,2,6,14,4,0,1.4655,0.856515,0.856515,11.333333333333334,3,11.0,José Bordalás,5-3-2,31500000.0,29.449318648497293,182.36363636363637,53.0,0
1971,A,2025-10-04,13:00,4645513.0,A,Levante,3368.0,14,5,3,10,2,0,1.8391,1.62121,1.62121,14.909090909090908,11,13.0,Julián Calero,4-4-2,6000000.0,26.232343973617073,179.27272727272728,201.0,0
1972,H,2025-10-04,15:15,4645507.0,H,Valencia,1049.0,19,6,7,12,1,0,2.1949,2.22808,2.22808,13.055555555555555,5,15.0,Carlos Corberán,4-2-3-1,46000000.0,26.615394188289464,182.0,84.0,0
1973,H,2025-10-04,17:30,4645506.0,H,Mallorca,237.0,7,2,2,13,6,1,0.2156,0.213773,0.213773,16.0,2,20.0,Jagoba Arrasate,4-2-3-1,44700000.0,27.868832057743763,182.9090909090909,158.0,0
1974,H,2025-10-04,20:00,4645508.0,D,Villarreal,1050.0,9,2,0,14,4,1,0.0598,0.956644,0.956644,23.33333333333333,1,3.0,Marcelino,4-4-2,97000000.0,25.622301039138822,185.54545454545453,214.0,0
1975,D,2025-10-05,20:00,4645509.0,A,Atletico Madrid,13.0,6,1,3,10,3,1,0.2403,0.710823,0.710823,19.625,3,5.0,Diego Simeone,4-4-2,288000000.0,28.818368489826398,180.8181818181818,530.0,0
1976,A,2025-10-05,17:30,4645514.0,D,Rayo Vallecano,367.0,7,2,5,21,2,0,1.2502,0.684504,0.684504,9.11111111111111,2,14.0,Iñigo Pérez,4-2-3-1,33000000.0,30.095949225312676,177.8181818181818,90.0,0
1977,A,2025-10-05,17:30,4645511.0,H,Real Betis,150.0,12,3,5,4,6,0,0.8617999999999999,1.43721,1.43721,23.90909090909091,5,4.0,Manuel Pellegrini,4-2-3-1,70500000.0,27.74985999626657,180.1818181818182,292.0,0
1978,H,2025-10-05,15:15,4645510.0,H,Barcelona,131.0,17,8,6,9,5,0,1.0983,2.4823,1.73902,7.476190476190476,10,2.0,Hansi Flick,4-2-3-1,40000000.0,27.325244228734984,184.0,613.0,0
1979,H,2025-10-05,13:00,4645505.0,D,Elche,1531.0,6,3,4,9,1,1,0.1866,0.661537,0.661537,12.75,4,7.0,Eder Sarabia,3-4-1-2,9000000.0,26.654719681413724,181.72727272727272,26.0,0
1980,A,2025-10-17,20:00,4645603.0,D,Espanyol,714.0,19,10,5,8,1,0,2.8953,4.46256,4.46256,16.714285714285715,9,6.0,Manolo González,4-4-2,5200000.0,28.20658328666542,181.8181818181818,32.0,0
1981,A,2025-10-18,13:00,4645604.0,H,Mallorca,237.0,7,6,2,13,1,0,1.9135,1.95555,1.95555,11.0,2,16.0,Jagoba Arrasate,4-2-3-1,44200000.0,27.305332586646752,181.45454545454547,97.0,0
1982,H,2025-10-18,15:15,4645597.0,D,Girona,12321.0,11,4,5,7,2,0,0.9067,1.69375,1.69375,40.5,7,20.0,Míchel,4-2-3-1,82400000.0,27.794910086491196,181.0,285.0,0
1983,D,2025-10-18,17:30,4645602.0,H,Real Betis,150.0,16,3,6,10,1,0,1.2399,0.895532,0.895532,11.31578947368421,12,5.0,Manuel Pellegrini,4-2-3-1,70500000.0,27.38921037894344,181.0909090909091,179.0,0
1984,H,2025-10-18,20:00,4645596.0,D,Osasuna,331.0,9,2,2,11,3,0,0.5234,0.981492,0.981492,13.904761904761903,7,13.0,Alessio Lisci,3-4-3,51400000.0,28.525916246655466,184.72727272727272,63.0,0
1985,A,2025-10-19,20:00,4645599.0,D,Real Madrid,418.0,23,10,4,11,1,0,2.4999,2.14595,2.14595,4.2105263157894735,13,1.0,Xabi Alonso,4-2-3-1,380000000.0,25.917740028622987,183.8181818181818,595.0,0
1986,A,2025-10-19,17:30,4645600.0,A,Rayo Vallecano,367.0,10,5,4,18,1,0,2.4455,2.53118,2.53118,9.0,5,11.0,Iñigo Pérez,4-2-3-1,31000000.0,27.972870387654783,179.72727272727272,69.0,0
1987,D,2025-10-19,13:00,4645601.0,D,Athletic Club,621.0,4,1,2,20,3,0,0.7152999999999999,0.240214,0.240214,12.642857142857142,6,8.0,Ernesto Valverde,4-2-3-1,58500000.0,28.23346400348454,182.63636363636363,137.0,0
1988,D,2025-10-19,15:15,4645598.0,H,Real Sociedad,681.0,17,7,10,20,3,0,2.3755,2.13562,2.13562,7.121212121212121,10,18.0,Sergio Francisco,4-2-3-1,88000000.0,27.030303030303028,180.72727272727272,164.0,0
1989,D,2025-10-20,20:00,4645595.0,D,Valencia,1049.0,5,2,0,20,2,0,0.6589,0.318076,0.318076,15.882352941176473,3,14.0,Carlos Corberán,4-4-2,45000000.0,26.478003857880655,181.36363636363637,95.0,0
1990,H,2025-10-24,20:00,4645557.0,H,Sevilla,368.0,6,1,9,14,3,0,0.2359,0.247146,0.247146,8.0,5,11.0,Matías Almeyda,4-2-3-1,29400000.0,29.1085806732624,182.9090909090909,464.0,0
1991,D,2025-10-25,13:00,4645556.0,A,Real Oviedo,2497.0,10,5,4,16,3,0,1.3386,2.22406,1.48078,13.916666666666666,1,19.0,Luis Carrión,4-3-3 Attacking,20600000.0,28.78700765353743,184.36363636363637,204.0,0
1992,H,2025-10-25,15:15,4645563.0,D,Elche,1531.0,13,4,2,15,2,0,0.9325,1.11414,1.11414,7.15,5,8.0,Eder Sarabia,4-2-3-1,11500000.0,27.330968825835352,181.9090909090909,62.0,0
1993,A,2025-10-25,17:30,4645555.0,D,Getafe,3709.0,8,3,5,14,3,0,2.1314,1.00378,1.00378,8.866666666666667,3,10.0,José Bordalás,4-2-3-1,35600000.0,29.563810590504637,182.0,142.0,0
1994,A,2025-10-25,20:00,4645558.0,A,Villarreal,1050.0,12,5,5,14,4,0,2.6958,2.62387,1.88059,14.541666666666666,12,3.0,Marcelino,4-4-2,120000000.0,26.510609171800137,184.36363636363637,201.0,0
1995,D,2025-10-26,13:00,4645564.0,A,Levante,3368.0,13,5,4,13,2,0,1.7187,2.3579,2.3579,11.37037037037037,8,15.0,Julián Calero,4-4-2,8500000.0,27.34490697529712,182.63636363636363,200.0,0
1996,H,2025-10-26,15:15,4645561.0,H,Barcelona,131.0,15,6,4,9,5,1,0.2299,1.12434,1.12434,8.38888888888889,8,2.0,Hansi Flick,4-2-3-1,100000000.0,24.893037147657267,181.27272727272728,428.0,0
1997,A,2025-10-26,17:30,4645562.0,H,Celta Vigo,940.0,11,5,2,13,4,0,0.7801,1.54054,1.54054,18.066666666666663,1,13.0,Claudio Giráldez,5-4-1,13500000.0,27.441976230477255,180.27272727272728,82.0,0
1998,H,2025-10-26,20:00,4645559.0,D,Alaves,1108.0,12,2,5,11,3,0,1.247,1.41466,1.41466,10.181818181818182,3,12.0,Eduardo Coudet,4-4-2,28500000.0,27.704063219463627,179.63636363636363,39.0,0
1999,A,2025-10-27,20:00,4645560.0,A,Atletico Madrid,13.0,9,4,5,18,1,0,0.9804,0.876554,0.876554,12.578947368421051,6,4.0,Diego Simeone,4-2-3-1,276000000.0,27.976106029494122,180.54545454545453,491.0,0
2000,H,2025-10-31,20:00,4645588.0,D,Girona,12321.0,8,4,3,15,1,0,1.4967,1.54366,0.800378,4.043478260869565,2,20.0,Míchel,4-1-4-1,99900000.0,27.76504262335885,182.1818181818182,392.0,0
2001,H,2025-11-01,20:00,4645589.0,H,Valencia,1049.0,4,1,1,7,1,0,0.0495,0.292177,0.292177,25.5,2,18.0,Carlos Corberán,4-4-2,50000000.0,27.12861676311368,180.9090909090909,80.0,0
2002,H,2025-11-01,17:30,4645590.0,D,Athletic Club,621.0,11,4,2,8,3,0,0.6817,1.13112,1.13112,11.27777777777778,7,11.0,Ernesto Valverde,4-2-3-1,48500000.0,28.533383112438557,181.9090909090909,135.0,0
2003,H,2025-11-01,15:15,4645585.0,D,Sevilla,368.0,10,2,4,12,3,0,0.0901,0.376887,0.376887,12.454545454545457,2,13.0,Matías Almeyda,4-2-3-1,55200000.0,27.4198245286541,182.8181818181818,270.0,0
2004,H,2025-11-01,13:00,4645593.0,H,Rayo Vallecano,367.0,13,3,5,11,1,0,0.3134,1.08632,1.08632,11.583333333333334,6,10.0,Iñigo Pérez,4-2-3-1,33500000.0,29.020969448074172,179.63636363636363,89.0,0
2005,A,2025-11-02,13:00,4645591.0,A,Celta Vigo,940.0,20,6,4,12,3,0,1.8801,1.92474,1.92474,6.8,20,12.0,Claudio Giráldez,5-4-1,28500000.0,27.346151452927632,179.1818181818182,78.0,0
2006,H,2025-11-02,15:15,4645594.0,H,Espanyol,714.0,18,2,6,12,2,0,0.574,1.04283,1.04283,9.88888888888889,9,6.0,Manolo González,4-4-2,5200000.0,28.282745317652914,181.72727272727272,24.0,0
2007,H,2025-11-02,17:30,4645586.0,H,Elche,1531.0,9,3,3,16,1,0,0.1810999999999999,0.549079,0.549079,8.607142857142858,4,9.0,Eder Sarabia,4-1-4-1,14000000.0,27.25505569037397,180.45454545454547,71.0,0
2008,H,2025-11-02,20:00,4645587.0,H,Mallorca,237.0,14,1,5,8,3,0,0.2268,0.749852,0.749852,15.857142857142858,3,17.0,Jagoba Arrasate,4-2-3-1,40200000.0,27.73368178706988,185.0,152.0,0
2009,D,2025-11-03,20:00,4645592.0,D,Osasuna,331.0,11,5,2,17,1,0,1.1939000000000002,0.626317,0.626317,8.866666666666667,4,15.0,Alessio Lisci,4-4-2,49700000.0,28.794972310372717,184.8181818181818,55.0,0
2010,D,2025-11-07,20:00,4645547.0,D,Real Sociedad,681.0,13,5,3,15,3,0,1.9762,1.47221,0.728937,11.0,4,14.0,Sergio Francisco,4-3-3 Attacking,117000000.0,26.418020036089853,180.0,183.0,0
2011,H,2025-11-08,13:00,4645550.0,H,Alaves,1108.0,14,5,1,15,3,0,1.9503,2.00772,2.00772,13.772727272727272,7,10.0,Eduardo Coudet,4-4-2,26500000.0,27.76877605625039,178.9090909090909,25.0,0
2012,H,2025-11-08,15:15,4645554.0,D,Osasuna,331.0,9,3,6,13,3,0,1.0636,0.967352,0.967352,7.32,6,16.0,Alessio Lisci,4-2-3-1,47400000.0,27.551739157488644,182.9090909090909,19.0,0
2013,H,2025-11-08,17:30,4645546.0,D,Levante,3368.0,6,3,4,6,1,0,0.3622999999999999,1.29112,1.29112,31.9,3,19.0,Julián Calero,4-5-1 flat,6000000.0,27.074357538423246,180.36363636363637,194.0,0
2014,A,2025-11-08,20:00,4645548.0,A,Villarreal,1050.0,9,3,2,9,2,0,2.3381,1.47118,1.47118,30.08333333333333,6,3.0,Marcelino,4-4-2,79500000.0,26.374463319021842,185.0909090909091,197.0,0
2015,H,2025-11-09,13:00,4645545.0,H,Real Oviedo,2497.0,5,2,4,8,1,0,0.094,0.182696,0.182696,13.555555555555555,4,20.0,Luis Carrión,4-2-3-1,20600000.0,28.827826519818306,183.54545454545453,203.0,0
2016,D,2025-11-09,15:15,4645549.0,D,Real Madrid,418.0,21,5,8,7,2,0,0.7092,0.841463,0.841463,13.5625,8,1.0,Xabi Alonso,4-2-3-1,390000000.0,24.66330657706428,183.45454545454547,466.0,0
2017,H,2025-11-09,17:30,4645553.0,H,Getafe,3709.0,14,3,14,8,2,0,0.6022,0.539674,0.539674,6.4,3,8.0,José Bordalás,4-3-3 Attacking,31000000.0,28.263082571090784,183.0909090909091,59.0,0
2018,D,2025-11-09,17:30,4645552.0,D,Real Betis,150.0,9,2,2,10,3,0,1.1262,1.58932,1.58932,9.538461538461538,7,5.0,Manuel Pellegrini,4-2-3-1,68000000.0,27.778482981768402,180.63636363636363,234.0,0
2019,A,2025-11-09,20:00,4645551.0,A,Barcelona,131.0,21,9,5,10,5,1,2.8989,3.42936,2.68608,11.16,8,2.0,Hansi Flick,4-3-3 Attacking,100000000.0,26.364258602451624,183.1818181818182,527.0,0
2020,H,2025-11-21,20:00,4645502.0,D,Levante,3368.0,8,1,0,15,3,0,0.5828,0.67426,0.67426,10.964285714285714,5,19.0,Julián Calero,4-5-1,6000000.0,26.671893472714828,179.0,157.0,0
2021,A,2025-11-22,13:00,4645504.0,D,Celta Vigo,940.0,7,4,2,15,2,0,2.3879,1.32351,0.580235,9.40625,5,12.0,Claudio Giráldez,3-4-3,31800000.0,27.416091095762553,177.63636363636363,91.0,0
2022,H,2025-11-22,15:15,4645500.0,H,Athletic Club,621.0,13,2,7,9,2,1,0.5819,1.04615,1.04615,18.75,5,8.0,Ernesto Valverde,4-2-3-1,102500000.0,27.959430029245222,181.72727272727272,156.0,0
2023,A,2025-11-22,17:30,4645498.0,H,Real Sociedad,681.0,19,9,3,7,2,0,1.7521,1.76546,1.76546,11.36842105263158,11,9.0,Sergio Francisco,4-2-3-1,63000000.0,26.60543836724535,182.36363636363637,176.0,0
2024,H,2025-11-22,20:00,4645503.0,D,Mallorca,237.0,9,3,1,8,2,0,0.5421,1.38464,1.38464,22.58333333333333,2,16.0,Jagoba Arrasate,4-2-3-1,32500000.0,27.21274345093647,183.27272727272728,114.0,0
2025,D,2025-11-23,13:00,4645499.0,D,Rayo Vallecano,367.0,11,3,6,13,2,1,1.7597,0.922998,0.922998,7.833333333333333,5,13.0,Iñigo Pérez,4-2-3-1,33500000.0,29.017982701760936,177.9090909090909,76.0,0
2026,D,2025-11-23,15:15,4645495.0,A,Girona,12321.0,11,4,0,16,4,0,1.3101000000000005,1.48903,1.48903,13.61904761904762,6,18.0,Míchel,4-1-4-1,104900000.0,27.04897019476075,182.36363636363637,285.0,0
2027,A,2025-11-23,17:30,4645501.0,D,Atletico Madrid,13.0,13,6,7,17,3,0,2.1559,1.47677,1.47677,5.047619047619048,7,4.0,Diego Simeone,4-1-4-1,219000000.0,28.068695165204407,180.8181818181818,405.0,0
2028,D,2025-11-23,20:00,4645496.0,D,Real Madrid,418.0,20,7,8,8,0,0,2.6343,3.88258,3.88258,9.956521739130435,9,1.0,Xabi Alonso,3-4-1-2,305000000.0,25.203658764233715,182.72727272727272,379.0,0
2029,H,2025-11-24,20:00,4645497.0,D,Sevilla,368.0,22,6,13,7,1,0,1.8209,1.80002,1.80002,6.666666666666667,10,11.0,Matías Almeyda,4-2-3-1,43200000.0,26.895650550681353,184.54545454545453,251.0,0
2030,H,2025-11-28,20:00,4645767.0,D,Elche,1531.0,9,4,5,11,2,0,0.5524,0.448894,0.448894,7.428571428571429,4,11.0,Eder Sarabia,5-3-2,15500000.0,25.474705992159787,182.27272727272728,78.0,0
2031,D,2025-11-29,13:00,4645761.0,D,Osasuna,331.0,14,2,8,15,4,0,1.3038,1.11108,1.11108,10.130434782608695,4,17.0,Alessio Lisci,5-4-1,55600000.0,27.251820048534626,184.1818181818182,66.0,0
2032,H,2025-11-29,15:15,4645764.0,H,Alaves,1108.0,9,2,4,17,3,0,1.0941,2.09256,2.09256,15.615384615384617,3,14.0,Eduardo Coudet,4-1-4-1,31000000.0,27.857880654595235,179.36363636363637,32.0,0
2033,A,2025-11-29,17:30,4645765.0,A,Athletic Club,621.0,14,4,2,19,2,0,2.5091,2.80864,2.80864,7.171428571428572,9,8.0,Ernesto Valverde,4-2-3-1,69000000.0,27.27098500404455,182.8181818181818,116.0,0
2034,H,2025-11-29,20:00,4645768.0,H,Real Oviedo,2497.0,12,1,2,8,1,0,0.431,0.921985,0.921985,11.961538461538462,4,20.0,Luis Carrión,4-2-3-1,15600000.0,29.986684089353492,182.27272727272728,302.0,0
2035,D,2025-11-30,20:00,4645760.0,H,Real Madrid,418.0,25,4,5,13,0,0,2.2422,2.21359,1.47031,8.258064516129032,19,2.0,Xabi Alonso,4-3-3 Attacking,365000000.0,26.938958372223258,182.9090909090909,597.0,0
2036,A,2025-11-30,17:30,4645769.0,D,Espanyol,714.0,9,2,3,15,2,0,1.2821,0.599243,0.599243,13.88888888888889,0,6.0,Manolo González,4-4-2,21200000.0,27.391948229730573,182.0,33.0,0
2037,A,2025-11-30,15:15,4645766.0,D,Real Betis,150.0,9,4,4,22,3,0,1.735,1.17861,1.17861,8.26923076923077,4,5.0,Manuel Pellegrini,4-2-3-1,51500000.0,26.79932798207952,181.36363636363637,88.0,0
2038,A,2025-11-30,13:00,4645763.0,A,Villarreal,1050.0,10,5,2,18,7,0,1.5692,1.63038,1.63038,15.318181818181818,7,3.0,Marcelino,4-4-2,75500000.0,27.336195631883516,184.45454545454547,171.0,0
2039,D,2025-12-01,20:00,4645762.0,H,Valencia,1049.0,10,2,5,9,1,0,0.4351,0.897663,0.897663,19.0,5,15.0,Carlos Corberán,4-2-3-1,53000000.0,26.290585526725156,181.1818181818182,104.0,0
2040,H,2025-12-02,20:00,4645831.0,D,Atletico Madrid,13.0,7,2,4,9,1,0,0.2838,1.35018,1.35018,12.8,6,4.0,Diego Simeone,4-2-3-1,262000000.0,27.031298612407443,180.54545454545453,468.0,0
2041,A,2025-12-03,18:00,4645837.0,A,Real Madrid,418.0,13,8,7,4,0,0,2.4056,2.36743,2.36743,11.9375,6,2.0,Xabi Alonso,4-4-2 double 6,460000000.0,26.827950967581355,185.0909090909091,605.0,0
2042,D,2025-12-05,20:00,4645776.0,D,Mallorca,237.0,13,6,5,12,1,0,0.5689,0.617185,0.617185,21.071428571428573,7,17.0,Jagoba Arrasate,4-2-3-1,38100000.0,28.364134154688568,185.27272727272728,165.0,0
2043,H,2025-12-06,13:00,4645774.0,H,Getafe,3709.0,6,0,3,15,4,1,0.7202,0.282254,0.282254,10.423076923076923,0,8.0,José Bordalás,4-4-2,31600000.0,29.968016924895775,182.0909090909091,164.0,0
2044,H,2025-12-06,15:15,4645778.0,H,Real Sociedad,681.0,10,1,8,16,2,0,0.7623,1.09935,1.09935,6.888888888888889,3,14.0,Sergio Francisco,4-1-4-1,88800000.0,26.790118847613712,180.8181818181818,140.0,0
2045,A,2025-12-06,17:30,4645772.0,A,Barcelona,131.0,16,8,7,9,2,0,1.7489,3.30288,2.55961,12.285714285714286,8,1.0,Hansi Flick,4-2-3-1,140000000.0,23.33669342293572,181.54545454545453,280.0,0
2046,H,2025-12-06,20:00,4645779.0,D,Atletico Madrid,13.0,7,3,6,12,2,0,1.0011,0.771885,0.771885,12.9375,3,4.0,Diego Simeone,4-1-4-1,317000000.0,26.445896335013376,180.36363636363637,376.0,0
2047,H,2025-12-07,13:00,4645770.0,H,Girona,12321.0,8,4,2,13,3,0,0.7135,0.781043,0.781043,17.0,0,18.0,Míchel,4-4-2 double 6,98300000.0,27.999502208947796,181.54545454545453,365.0,0
2048,D,2025-12-07,15:15,4645777.0,D,Sevilla,368.0,4,1,2,18,6,0,0.8225,0.635478,0.635478,8.1,1,13.0,Matías Almeyda,5-4-1,33200000.0,27.122643270487217,184.8181818181818,257.0,0
2049,H,2025-12-07,17:30,4645771.0,H,Rayo Vallecano,367.0,6,2,2,22,8,1,0.2828,0.285545,0.285545,4.958333333333333,3,12.0,Iñigo Pérez,4-2-3-1,34900000.0,28.718312488333023,179.27272727272728,69.0,0
2050,A,2025-12-07,20:00,4645773.0,D,Celta Vigo,940.0,7,5,1,12,1,0,0.7943,1.60908,1.60908,24.08333333333333,7,10.0,Claudio Giráldez,3-4-2-1,30000000.0,26.877978968328044,180.45454545454547,77.0,0
2051,H,2025-12-08,20:00,4645775.0,H,Levante,3368.0,11,5,3,7,2,0,0.4633,0.544977,0.544977,9.157894736842104,5,20.0,Álvaro del Moral,4-4-2 double 6,2000000.0,26.268309377138944,178.9,197.0,0
2052,A,2025-12-12,20:00,4645785.0,H,Girona,12321.0,14,3,3,5,2,0,1.4657,1.16894,1.16894,22.75,9,18.0,Míchel,4-3-3 Defending,106300000.0,28.272540601082696,182.0909090909091,393.0,0
2053,H,2025-12-13,13:00,4645788.0,H,Valencia,1049.0,13,2,7,11,1,0,0.8010999999999999,1.26068,1.26068,12.75,6,17.0,Carlos Corberán,5-3-2,37200000.0,26.4478874992222,181.45454545454547,88.0,0
2054,H,2025-12-13,15:15,4645783.0,D,Elche,1531.0,9,0,1,13,0,0,0.1444,0.311674,0.311674,9.52,7,11.0,Eder Sarabia,4-1-4-1,10000000.0,26.52628958994462,181.0,15.0,0
2055,H,2025-12-13,17:30,4645789.0,D,Osasuna,331.0,3,2,1,8,3,0,0.1656,0.228217,0.228217,20.058823529411764,1,16.0,Alessio Lisci,5-4-1,56100000.0,27.130359031796402,185.45454545454547,65.0,0
2056,A,2025-12-13,20:00,4645784.0,D,Espanyol,714.0,6,4,4,17,1,0,1.83,0.75472,0.75472,7.208333333333333,2,5.0,Manolo González,4-4-2 double 6,25200000.0,28.75539792172236,183.0909090909091,27.0,0
2057,H,2025-12-14,13:00,4645786.0,H,Real Oviedo,2497.0,5,1,3,12,2,1,0.2086,0.416975,0.416975,10.76,0,19.0,Luis Carrión,4-2-3-1,14000000.0,28.614523053948105,182.45454545454547,210.0,0
2058,H,2025-12-14,15:15,4645781.0,D,Athletic Club,621.0,14,2,4,13,2,0,1.1082,1.66561,0.92233,10.1875,3,7.0,Ernesto Valverde,4-2-3-1,112500000.0,27.825524236201854,182.36363636363637,114.0,0
2059,A,2025-12-14,20:00,4645787.0,A,Real Madrid,418.0,13,6,7,13,1,0,1.8633,1.90656,1.90656,12.692307692307692,4,3.0,Xabi Alonso,4-4-2,280000000.0,25.657893099371538,183.9090909090909,565.0,0
2060,D,2025-12-15,20:00,4645782.0,D,Real Betis,150.0,13,6,3,7,1,0,0.4284,0.788766,0.788766,18.46153846153846,8,6.0,Manuel Pellegrini,4-2-3-1,59500000.0,28.318337377885634,181.0909090909091,187.0,0
2061,D,2025-12-19,20:00,4645845.0,A,Mallorca,237.0,4,2,3,12,3,0,0.131,0.199412,0.199412,18.866666666666667,2,13.0,Jagoba Arrasate,4-2-3-1,42100000.0,27.756331279945243,183.45454545454547,149.0,0
2062,D,2025-12-20,13:00,4645844.0,D,Celta Vigo,940.0,6,2,3,7,1,0,1.3682,0.600009,0.600009,20.46153846153846,1,7.0,Claudio Giráldez,5-4-1,15000000.0,26.406321946363015,178.54545454545453,47.0,0
2063,D,2025-12-20,15:15,4645849.0,A,Real Sociedad,681.0,18,6,10,13,2,0,1.6465,1.62986,1.62986,8.19047619047619,6,16.0,Ion Ansotegi,4-1-4-1,120800000.0,26.186298301288037,180.27272727272728,166.0,0
2064,H,2025-12-20,17:30,4645841.0,D,Alaves,1108.0,7,3,0,11,2,0,0.2832,0.718671,0.718671,12.666666666666666,2,14.0,Eduardo Coudet,4-3-3 Attacking,31000000.0,27.793914504386784,179.72727272727272,33.0,0
2065,H,2025-12-20,20:00,4645840.0,H,Sevilla,368.0,14,5,5,19,5,1,0.22,1.51418,1.51418,12.333333333333334,9,10.0,Matías Almeyda,5-3-2,54400000.0,28.28647875054446,183.9090909090909,421.0,0
2066,H,2025-12-21,20:00,4645847.0,H,Getafe,3709.0,15,3,5,12,1,0,0.2026,1.24726,0.503982,8.26923076923077,3,11.0,José Bordalás,5-3-2,31600000.0,30.00908468670276,182.0909090909091,164.0,0
2067,H,2025-12-21,17:30,4645848.0,H,Rayo Vallecano,367.0,18,8,5,11,3,0,0.176,1.14923,1.14923,6.916666666666667,4,15.0,Iñigo Pérez,4-2-3-1,17700000.0,30.14871507684649,176.8181818181818,61.0,0
2068,A,2025-12-21,13:00,4645842.0,A,Atletico Madrid,13.0,14,6,4,14,0,0,1.4323,1.26201,1.26201,12.64,12,4.0,Diego Simeone,4-4-2,311000000.0,27.358347333706675,182.9090909090909,445.0,0
2069,A,2025-12-21,15:15,4645843.0,A,Barcelona,131.0,19,5,10,8,1,0,2.1114,3.27381,2.53053,5.052631578947368,17,1.0,Hansi Flick,4-2-3-1,90000000.0,24.189907286416528,181.45454545454547,275.0,0
2070,A,2025-12-22,20:00,4645846.0,D,Espanyol,714.0,10,5,4,9,2,0,0.7494000000000001,0.908988,0.908988,15.411764705882351,1,5.0,Manolo González,4-2-3-1,25200000.0,27.835231161719868,181.72727272727272,33.0,0
2071,D,2026-01-02,20:00,4645854.0,H,Getafe,3709.0,12,4,2,10,4,0,1.3186,0.663898,0.663898,15.88888888888889,1,10.0,José Bordalás,4-2-3-1,26600000.0,29.797274593989176,181.0909090909091,116.0,0
2072,H,2026-01-03,13:00,4645858.0,H,Valencia,1049.0,16,5,4,9,3,0,0.7891,1.79296,1.04968,14.411764705882351,7,18.0,Carlos Corberán,5-3-2,23000000.0,26.314479497231037,182.9090909090909,87.0,0
2073,D,2026-01-03,15:15,4645850.0,H,Athletic Club,621.0,16,6,9,19,3,0,1.92,1.554,1.554,6.875,12,8.0,Ernesto Valverde,4-2-3-1,102500000.0,27.11642088233464,182.8181818181818,137.0,0
2074,A,2026-01-03,17:30,4645859.0,A,Villarreal,1050.0,12,4,2,11,3,0,2.1051,2.635,2.635,19.894736842105264,8,3.0,Marcelino,4-4-2,93500000.0,27.213241241988673,183.27272727272728,137.0,0
2075,A,2026-01-03,20:00,4645852.0,D,Barcelona,131.0,15,6,7,14,0,0,2.1528,2.94252,2.94252,4.96,7,1.0,Hansi Flick,4-2-3-1,130000000.0,24.72777051832493,182.45454545454547,338.0,0
2076,A,2026-01-04,13:00,4645856.0,A,Levante,3368.0,6,4,1,10,4,0,1.3397,1.65102,1.65102,14.789473684210526,0,19.0,Luís Castro,4-2-3-1,6000000.0,26.173853524982892,179.9090909090909,179.0,0
2077,H,2026-01-04,15:15,4645853.0,H,Real Betis,150.0,13,5,8,12,1,0,0.2632,0.974623,0.974623,18.476190476190474,5,6.0,Manuel Pellegrini,4-2-3-1,51500000.0,28.216041316657332,180.27272727272728,191.0,0
2078,D,2026-01-04,17:30,4645857.0,D,Real Oviedo,2497.0,18,6,7,20,3,1,2.3882000000000003,3.21906,3.21906,7.666666666666667,11,20.0,Guillermo Almada,4-2-3-1,4000000.0,28.392010453612098,180.8181818181818,138.0,0
2079,A,2026-01-04,17:30,4645855.0,A,Girona,12321.0,9,4,6,14,1,0,1.323,1.45714,0.713867,13.5,7,17.0,Míchel,4-1-4-1,98300000.0,28.738721921473463,181.0909090909091,373.0,0
2080,D,2026-01-04,20:00,4645851.0,D,Atletico Madrid,13.0,10,2,6,13,2,0,1.1118,1.37325,1.37325,11.444444444444445,5,4.0,Diego Simeone,4-4-2,311000000.0,27.097753717876923,182.36363636363637,410.0,0
2081,A,2026-01-09,20:00,4645838.0,A,Real Sociedad,681.0,12,5,4,17,1,0,2.2986,1.25801,1.25801,3.4651162790697674,4,11.0,Pellegrino Matarazzo,4-2-3-1,116000000.0,26.63928815879535,181.45454545454547,246.0,0
2082,D,2026-01-10,20:00,4645834.0,D,Elche,1531.0,5,1,6,14,3,0,0.1609,0.244413,0.244413,7.5,5,9.0,Eder Sarabia,4-1-4-1,15500000.0,27.39120154315226,182.0909090909091,21.0,0
2083,H,2026-01-10,17:30,4645839.0,H,Osasuna,331.0,13,1,1,13,6,0,1.5146,1.22674,1.22674,11.95,8,15.0,Alessio Lisci,4-2-3-1,39400000.0,29.266380436811644,182.63636363636363,64.0,0
2084,H,2026-01-10,15:15,4645830.0,D,Alaves,1108.0,16,5,6,14,2,0,0.9222,0.844572,0.844572,7.696969696969697,3,16.0,Eduardo Coudet,4-2-3-1,29500000.0,27.894468296932363,180.9090909090909,35.0,0
2085,D,2026-01-10,13:00,4645832.0,D,Real Betis,150.0,15,6,2,8,1,0,2.4955,2.70809,2.70809,12.333333333333334,15,6.0,Manuel Pellegrini,4-3-3 Attacking,51500000.0,28.00099558210441,179.0909090909091,146.0,0
2086,H,2026-01-11,13:00,4645836.0,H,Mallorca,237.0,9,2,5,14,5,0,0.6212000000000001,1.05743,1.05743,11.105263157894736,0,17.0,Jagoba Arrasate,4-4-2,40500000.0,28.138634808039328,182.8181818181818,180.0,0
2087,D,2026-01-11,15:15,4645835.0,D,Espanyol,714.0,19,3,3,9,1,0,1.6797,1.58922,1.58922,9.193548387096774,6,5.0,Manolo González,4-4-2,25200000.0,28.881339057930436,181.63636363636363,23.0,0
2088,A,2026-01-12,20:00,4645833.0,D,Celta Vigo,940.0,9,7,1,16,3,0,2.7841,2.07629,1.33301,17.8,3,7.0,Claudio Giráldez,4-4-2,31800000.0,27.755335697840835,181.72727272727272,95.0,0
2089,A,2026-01-16,20:00,4645879.0,A,Girona,12321.0,7,4,4,17,5,0,1.8785,1.82377,0.33721,7.548387096774194,5,11.0,Míchel,4-2-3-1,96900000.0,27.49523987306328,180.8181818181818,237.0,0
2090,H,2026-01-17,20:00,4645876.0,D,Villarreal,1050.0,9,3,3,13,2,1,1.1973,1.17907,1.17907,14.523809523809524,4,3.0,Marcelino,4-4-2,105500000.0,27.29736792981146,183.45454545454547,176.0,0
2091,H,2026-01-17,13:00,4645875.0,D,Levante,3368.0,10,0,0,14,1,0,0.3402,0.787501,0.787501,25.73333333333333,8,19.0,Luís Castro,4-2-3-1,2000000.0,25.613589695725217,178.36363636363637,157.0,0
2092,H,2026-01-17,15:15,4645873.0,D,Athletic Club,621.0,21,11,7,10,5,2,0.8277,2.28242,2.28242,14.090909090909092,9,10.0,Ernesto Valverde,4-2-3-1,72500000.0,27.638603696098563,181.9090909090909,111.0,0
2093,H,2026-01-17,17:30,4645871.0,D,Real Oviedo,2497.0,13,5,6,15,4,0,0.9066,1.36173,1.36173,10.333333333333334,5,20.0,Guillermo Almada,4-2-3-1,0.0,27.730595482546203,180.2,56.0,0
2094,H,2026-01-18,17:30,4645877.0,H,Rayo Vallecano,367.0,14,3,7,14,3,1,0.8952,1.31932,1.31932,13.857142857142858,4,13.0,Iñigo Pérez,4-2-3-1,20900000.0,29.383610229606123,179.0,26.0,0
2095,H,2026-01-18,20:00,4645874.0,H,Barcelona,131.0,25,9,8,8,3,0,2.6286,3.92031,3.92031,5.3,16,1.0,Hansi Flick,4-3-3 Attacking,90000000.0,24.072179702569848,180.63636363636363,323.0,0
2096,A,2026-01-18,13:00,4645870.0,D,Valencia,1049.0,7,1,3,18,3,1,1.4978,0.746856,0.746856,8.473684210526315,5,17.0,Carlos Corberán,4-4-2,29200000.0,28.400472901499597,182.1818181818182,134.0,0
2097,H,2026-01-18,15:15,4645872.0,D,Alaves,1108.0,8,0,6,5,1,0,0.9606,1.21004,1.21004,25.25,0,18.0,Eduardo Coudet,4-1-4-1,29500000.0,27.916371103229423,180.9090909090909,35.0,0
2098,D,2026-01-19,20:00,4645878.0,H,Sevilla,368.0,25,8,7,12,1,0,2.165,2.4961,1.75282,4.727272727272728,10,14.0,Matías Almeyda,5-3-2,53000000.0,26.04268558272665,184.9090909090909,217.0,0
2099,H,2026-01-23,20:00,4645790.0,A,Elche,1531.0,6,3,1,13,3,0,0.1134,0.632971,0.632971,7.130434782608695,4,11.0,Eder Sarabia,4-3-3 Attacking,19500000.0,25.73305954825462,181.0,33.0,0
2100,H,2026-01-24,17:30,4645798.0,D,Athletic Club,621.0,15,3,5,12,1,0,1.7433999999999998,1.91259,1.91259,9.8,11,13.0,Ernesto Valverde,4-2-3-1,58500000.0,27.68365378632319,180.9090909090909,94.0,0
2101,A,2026-01-24,20:00,4645794.0,D,Real Madrid,418.0,14,4,6,10,1,0,1.9193,1.62206,0.878783,10.434782608695652,11,2.0,Álvaro Arbeloa,4-3-3 Attacking,390000000.0,24.14137265882646,184.1818181818182,446.0,0
2102,A,2026-01-24,13:00,4645793.0,A,Osasuna,331.0,14,5,3,15,2,0,1.9862,1.36861,1.36861,11.91304347826087,5,9.0,Alessio Lisci,4-2-3-1,55800000.0,27.934291581108827,180.8181818181818,72.0,0
2103,H,2026-01-24,15:15,4645791.0,H,Espanyol,714.0,16,6,7,10,5,0,0.6143,1.75941,1.75941,6.724137931034483,8,5.0,Manolo González,4-4-2,6200000.0,27.827266504884573,182.63636363636363,30.0,0
2104,H,2026-01-25,20:00,4645795.0,H,Real Betis,150.0,18,4,4,11,1,0,1.4749,1.78662,1.78662,5.441176470588236,4,6.0,Manuel Pellegrini,4-2-3-1,53900000.0,27.59330471034783,180.9090909090909,163.0,0
2105,H,2026-01-25,17:30,4645799.0,H,Celta Vigo,940.0,17,4,9,13,1,0,0.9918,1.63115,1.63115,8.625,10,7.0,Claudio Giráldez,5-4-1,24000000.0,25.56430838155684,180.27272727272728,73.0,0
2106,H,2026-01-25,13:00,4645796.0,H,Mallorca,237.0,6,1,3,7,1,0,0.4554,0.367893,0.367893,21.0,1,18.0,Jagoba Arrasate,4-4-2 double 6,43100000.0,28.512973679298113,184.72727272727272,163.0,0
2107,H,2026-01-25,15:15,4645797.0,D,Real Oviedo,2497.0,12,3,1,21,2,0,0.2084,0.486404,0.486404,11.805555555555555,0,20.0,Guillermo Almada,4-2-3-1,15000000.0,27.619936531640846,181.54545454545453,55.0,0
2108,D,2026-01-26,20:00,4645792.0,D,Getafe,3709.0,8,2,4,15,3,0,1.4355,1.1089,1.1089,15.523809523809524,4,17.0,José Bordalás,5-3-2,33900000.0,29.058801568041815,183.54545454545453,112.0,0
2109,A,2026-01-30,20:00,4645809.0,D,Alaves,1108.0,11,7,2,15,1,0,1.4669,1.32248,1.32248,10.333333333333334,6,10.0,Eduardo Coudet,4-4-2,27500000.0,27.574388650364007,181.0909090909091,41.0,0
2110,H,2026-01-31,13:00,4645803.0,D,Girona,12321.0,9,1,4,16,1,0,0.6892,0.664225,0.664225,5.230769230769231,7,12.0,Míchel,4-3-3 Attacking,94900000.0,27.86858316221766,178.45454545454547,281.0,0
2111,D,2026-01-31,15:15,4645808.0,H,Villarreal,1050.0,5,4,2,7,2,0,0.4417999999999999,0.911128,0.16785,9.478260869565217,1,4.0,Marcelino,4-4-2,107500000.0,27.35784954265447,184.0,196.0,0
2112,D,2026-01-31,17:30,4645800.0,D,Atletico Madrid,13.0,10,4,7,12,1,0,1.4893999999999998,0.615283,0.615283,10.333333333333334,9,3.0,Diego Simeone,4-4-2,169000000.0,27.730695040756643,183.63636363636363,383.0,0
2113,A,2026-01-31,20:00,4645801.0,A,Barcelona,131.0,30,8,8,9,1,0,2.9956,7.11049,7.11049,8.037037037037036,24,1.0,Hansi Flick,4-3-3 Attacking,90000000.0,24.648372845498102,180.8181818181818,320.0,0
2114,D,2026-02-01,20:00,4645805.0,A,Real Sociedad,681.0,9,6,3,14,2,1,1.988,1.58578,1.58578,11.470588235294118,2,8.0,Pellegrino Matarazzo,4-2-3-1,97000000.0,25.949349760438054,180.54545454545453,152.0,0
2115,D,2026-02-01,17:30,4645802.0,D,Celta Vigo,940.0,5,1,3,14,2,0,0.9908,0.256881,0.256881,12.071428571428571,4,7.0,Claudio Giráldez,5-4-1,20000000.0,26.0638417024454,184.9090909090909,77.0,0
2116,H,2026-02-01,15:15,4645806.0,D,Valencia,1049.0,15,4,5,13,4,0,1.1347,1.88674,1.14346,13.22222222222222,8,17.0,Carlos Corberán,4-4-2,16200000.0,28.80791487773007,181.1818181818182,147.0,0
2117,H,2026-02-01,13:00,4645804.0,H,Rayo Vallecano,367.0,11,4,4,18,8,2,0.5514,1.06935,1.06935,17.27777777777778,7,18.0,Iñigo Pérez,4-2-3-1,34400000.0,29.038392134901372,179.72727272727272,102.0,0
2118,H,2026-02-02,20:00,4645807.0,D,Sevilla,368.0,15,5,8,8,1,0,0.3039,1.24318,1.24318,5.590909090909091,7,15.0,Matías Almeyda,5-3-2,57500000.0,26.469541409993155,183.9090909090909,149.0,0
2119,A,2026-02-06,20:00,4645810.0,A,Osasuna,331.0,8,2,3,14,2,0,0.6065,1.00253,1.00253,16.45,6,9.0,Alessio Lisci,4-3-3 Attacking,48100000.0,28.131167942256237,179.8181818181818,79.0,0
2120,H,2026-02-07,15:15,4645819.0,H,Mallorca,237.0,9,4,3,9,0,0,0.4131,1.01087,1.01087,17.333333333333332,2,17.0,Jagoba Arrasate,4-2-3-1,38700000.0,27.19332959990044,182.8181818181818,170.0,0
2121,H,2026-02-07,20:00,4645811.0,H,Elche,1531.0,11,5,4,8,4,0,0.8433,1.08664,1.08664,7.952380952380952,7,16.0,Eder Sarabia,3-1-4-2,15500000.0,26.23184618256487,182.63636363636363,83.0,0
2122,A,2026-02-08,20:00,4645814.0,D,Real Madrid,418.0,11,6,8,13,1,0,1.7696,1.04576,1.04576,9.65,10,2.0,Álvaro Arbeloa,4-4-2,233000000.0,24.467674693547384,184.1818181818182,405.0,0
2123,A,2026-02-08,17:30,4645818.0,A,Real Betis,150.0,8,4,3,3,1,0,1.529,0.839838,0.839838,85.0,2,5.0,Manuel Pellegrini,4-3-3 Attacking,54900000.0,29.300230228361645,180.9090909090909,282.0,0
2124,A,2026-02-08,13:00,4645816.0,D,Getafe,3709.0,17,5,3,20,5,0,0.611,1.7859,1.04262,5.534883720930233,6,11.0,José Bordalás,5-3-2,33900000.0,29.09439362827453,183.54545454545453,112.0,0
2125,H,2026-02-08,15:15,4645817.0,H,Levante,3368.0,6,3,3,10,1,1,0.1799,0.615311,0.615311,15.944444444444445,3,19.0,Luís Castro,4-2-3-1,5000000.0,25.432393752722295,179.45454545454547,149.0,0
2126,D,2026-02-08,15:15,4645813.0,A,Girona,12321.0,15,6,7,13,3,0,2.5059,2.60199,1.85871,7.892857142857143,9,12.0,Míchel,4-2-3-1,93400000.0,27.043992284238694,179.54545454545453,238.0,0
2127,H,2026-02-09,20:00,4645812.0,H,Espanyol,714.0,9,2,8,11,3,0,0.7207,0.744747,0.744747,12.416666666666666,5,6.0,Manolo González,4-2-3-1,25200000.0,28.06745068757389,182.0909090909091,33.0,0
2128,D,2026-02-13,20:00,4645885.0,D,Osasuna,331.0,6,2,3,18,4,0,0.3753,0.81264,0.81264,8.607142857142858,6,10.0,Alessio Lisci,4-2-3-1,34400000.0,28.96720801443594,182.45454545454547,65.0,0
2129,D,2026-02-14,13:00,4645884.0,A,Celta Vigo,940.0,14,5,2,11,0,0,2.5211,2.81494,2.81494,17.071428571428573,12,7.0,Claudio Giráldez,5-4-1,20000000.0,26.665422189036153,182.0909090909091,53.0,0
2130,H,2026-02-14,15:15,4645886.0,H,Villarreal,1050.0,8,2,4,17,3,0,0.6836,0.969388,0.969388,6.0,5,3.0,Marcelino,4-4-2,42500000.0,26.238317466243544,185.36363636363637,201.0,0
2131,D,2026-02-14,17:30,4645889.0,H,Alaves,1108.0,12,1,3,13,0,0,2.2465,1.38983,1.38983,4.888888888888889,6,15.0,Eduardo Coudet,4-4-2,29000000.0,27.414348827079834,180.54545454545453,38.0,0
2132,H,2026-02-14,20:00,4645888.0,H,Real Sociedad,681.0,13,3,6,9,1,0,0.5028,1.66018,0.91703,17.263157894736842,6,8.0,Pellegrino Matarazzo,4-2-3-1,75000000.0,25.935660506502394,180.9090909090909,153.0,0
2133,A,2026-02-15,13:00,4645880.0,H,Athletic Club,621.0,13,4,3,20,3,0,1.6692,1.20566,0.462511,7.771428571428571,2,9.0,Ernesto Valverde,4-2-3-1,42500000.0,28.763362578557647,182.8181818181818,150.0,0
2134,H,2026-02-15,15:15,4645881.0,H,Atletico Madrid,13.0,9,3,8,13,3,0,0.1855,0.752854,0.752854,11.473684210526317,4,4.0,Diego Simeone,4-1-4-1,87000000.0,27.189098375956693,182.63636363636363,447.0,0
2135,A,2026-02-15,17:30,4645887.0,D,Valencia,1049.0,5,2,2,10,2,0,0.7408,0.743814,0.743814,14.411764705882351,2,16.0,Carlos Corberán,4-4-2,26000000.0,27.908655341920227,180.9090909090909,155.0,0
2136,A,2026-02-15,20:00,4645883.0,A,Real Betis,150.0,17,8,3,10,3,0,2.374,2.04841,2.04841,50.85714285714285,7,5.0,Manuel Pellegrini,4-3-3 Attacking,54900000.0,29.319395183871567,180.9090909090909,282.0,0
2137,H,2026-02-16,20:00,4645882.0,D,Barcelona,131.0,27,4,7,6,2,0,1.2641999999999998,2.69655,1.95328,7.833333333333333,13,2.0,Hansi Flick,4-3-3 Attacking,30000000.0,24.841266878227863,181.63636363636363,316.0,0
2138,A,2026-02-18,19:00,4645780.0,D,Villarreal,1050.0,15,6,2,20,4,0,2.5097,2.40024,2.40024,9.875,12,2.0,Marcelino,4-4-2,101000000.0,26.155684151577375,184.0909090909091,172.0,0
2139,H,2026-02-20,20:00,4645865.0,D,Elche,1531.0,2,2,1,9,3,0,0.0849999999999999,0.783583,0.0403051,10.27777777777778,2,17.0,Eder Sarabia,3-1-4-2,12300000.0,28.524671769024952,182.54545454545453,83.0,0
2140,D,2026-02-21,13:00,4645863.0,D,Real Oviedo,2497.0,14,6,6,16,1,0,0.7229000000000001,1.75088,1.75088,10.15625,1,20.0,Guillermo Almada,4-2-3-1,18100000.0,27.622674382427977,182.63636363636363,101.0,0
2141,D,2026-02-21,15:15,4645868.0,D,Rayo Vallecano,367.0,12,3,5,13,3,0,0.7618999999999999,1.30345,1.30345,9.434782608695652,7,12.0,Iñigo Pérez,4-2-3-1,23400000.0,28.726277145168318,179.54545454545453,80.0,0
2142,H,2026-02-21,17:30,4645861.0,H,Real Madrid,418.0,15,5,7,10,4,0,1.1684,2.02307,2.02307,8.95,4,2.0,Álvaro Arbeloa,4-4-2,230000000.0,27.110198494182068,182.36363636363637,597.0,0
2143,H,2026-02-21,20:00,4645866.0,D,Espanyol,714.0,8,2,3,10,1,0,0.1827,1.04114,1.04114,22.0,3,7.0,Manolo González,5-4-1,20000000.0,27.72123701076473,182.0,28.0,0
2144,A,2026-02-22,13:00,4645860.0,D,Sevilla,368.0,6,1,2,18,1,0,1.2283,0.283172,0.283172,2.96875,3,13.0,Matías Almeyda,5-3-2,32100000.0,28.49604878352312,184.9090909090909,303.0,0
2145,H,2026-02-22,15:15,4645867.0,H,Levante,3368.0,5,2,6,10,1,0,0.0309,0.602552,0.602552,23.55555555555556,3,19.0,Luís Castro,4-1-4-1,2000000.0,26.286354302781408,177.8181818181818,142.0,0
2146,H,2026-02-22,17:30,4645869.0,D,Mallorca,237.0,1,0,2,10,5,0,0.0253,0.0207331,0.0207331,24.0,0,18.0,Jagoba Arrasate,4-2-3-1,43700000.0,28.890050401344034,182.0,115.0,0
2147,H,2026-02-22,20:00,4645862.0,H,Valencia,1049.0,8,3,4,16,4,0,0.9853,1.91256,1.16929,7.782608695652174,5,16.0,Carlos Corberán,3-4-2-1,25000000.0,28.5968514715948,182.72727272727272,206.0,0
2148,D,2026-02-23,20:00,4645864.0,D,Girona,12321.0,10,5,6,6,2,0,1.3336,2.05717,2.05717,10.23076923076923,7,11.0,Míchel,4-2-3-1,94800000.0,27.999502208947796,181.45454545454547,373.0,0
2149,H,2026-02-27,20:00,4645828.0,D,Alaves,1108.0,17,7,6,16,6,1,0.4905,1.29855,1.29855,8.833333333333334,7,16.0,Eduardo Coudet,4-4-2 double 6,29500000.0,27.650799576877606,181.63636363636363,36.0,0
2150,D,2026-02-28,13:00,4645829.0,H,Athletic Club,621.0,8,2,4,17,3,0,0.5317000000000001,0.428457,0.428457,6.291666666666667,4,9.0,Ernesto Valverde,4-2-3-1,52500000.0,28.588886814759505,184.0909090909091,153.0,0
2151,H,2026-02-28,15:15,4645824.0,H,Villarreal,1050.0,6,1,2,9,1,0,0.2453,1.36182,1.36182,26.125,8,4.0,Marcelino,4-4-2,114000000.0,26.074544210067824,184.0,171.0,0
2152,A,2026-02-28,17:30,4645827.0,A,Real Sociedad,681.0,12,2,7,22,2,0,1.4943,0.929702,0.929702,9.5,3,8.0,Pellegrino Matarazzo,4-3-3 Attacking,85000000.0,26.959865596415906,181.1818181818182,202.0,0
2153,A,2026-02-28,20:00,4645820.0,D,Atletico Madrid,13.0,12,1,3,6,2,0,0.8465,0.853142,0.853142,12.058823529411764,7,3.0,Diego Simeone,4-4-2,107000000.0,27.489117043121148,181.7,435.0,0
2154,A,2026-03-01,20:00,4645821.0,H,Celta Vigo,940.0,7,5,6,8,2,0,0.6459999999999999,0.697106,0.697106,17.58823529411765,4,6.0,Claudio Giráldez,5-4-1,20000000.0,25.17155124136644,180.9090909090909,65.0,0
2155,D,2026-03-01,17:30,4645825.0,H,Sevilla,368.0,14,6,3,15,3,0,0.6238999999999999,0.656164,0.656164,16.333333333333332,9,13.0,Matías Almeyda,3-4-2-1,49100000.0,28.91668222263705,183.63636363636363,478.0,0
2156,D,2026-03-01,13:00,4645826.0,D,Espanyol,714.0,9,4,1,23,6,1,0.6,0.834858,0.834858,16.772727272727273,3,7.0,Manolo González,4-2-3-1,25200000.0,28.456723290398852,181.9090909090909,28.0,0
2157,H,2026-03-01,15:15,4645823.0,D,Osasuna,331.0,8,0,4,13,3,0,0.3728,0.259132,0.259132,10.142857142857142,4,10.0,Alessio Lisci,4-2-3-1,30400000.0,29.310434944931863,181.9090909090909,66.0,0
2158,A,2026-03-02,20:00,4645822.0,A,Getafe,3709.0,9,3,2,17,6,1,0.3427,0.476324,0.476324,16.166666666666668,3,11.0,José Bordalás,5-4-1,33500000.0,29.07298861302968,184.54545454545453,22.0,0
2159,H,2026-03-04,18:00,4645815.0,H,Real Oviedo,2497.0,8,2,2,10,2,0,0.3829,1.01052,1.01052,9.043478260869565,6,20.0,Guillermo Almada,4-2-3-1,15000000.0,27.81332835542281,182.36363636363637,54.0,0
2160,A,2026-03-06,20:00,4645954.0,D,Real Madrid,418.0,14,3,6,12,2,0,1.0166,0.637644,0.637644,11.178571428571429,9,2.0,Álvaro Arbeloa,4-4-2,190000000.0,26.692551801381367,182.1818181818182,453.0,0
2161,A,2026-03-07,20:00,4645952.0,D,Barcelona,131.0,7,2,4,9,1,0,0.785,0.560009,0.560009,8.9375,2,1.0,Hansi Flick,4-2-3-1,70000000.0,24.275278451869827,183.54545454545453,302.0,0
2162,D,2026-03-07,13:00,4645950.0,A,Mallorca,237.0,8,4,0,12,5,1,0.2821,1.03165,1.03165,13.25,4,18.0,Martín Demichelis,4-3-1-2,40500000.0,28.654346338124572,183.27272727272728,181.0,0
2163,D,2026-03-07,15:15,4645949.0,D,Girona,12321.0,22,5,3,9,2,0,2.2155,1.917,1.917,9.052631578947368,9,15.0,Míchel,4-2-3-1,76800000.0,27.590566859560703,179.8181818181818,367.0,0
2164,H,2026-03-07,17:30,4645953.0,D,Real Sociedad,681.0,7,3,1,10,1,0,0.0504,0.313932,0.313932,12.8125,4,8.0,Pellegrino Matarazzo,4-2-3-1,98000000.0,25.3305954825462,182.36363636363637,161.0,0
2165,H,2026-03-08,13:00,4645958.0,H,Elche,1531.0,13,6,6,16,2,0,0.9217,1.62051,1.62051,6.071428571428571,7,17.0,Eder Sarabia,3-5-2 flat,11500000.0,26.877978968328044,183.54545454545453,32.0,0
2166,H,2026-03-08,15:15,4645957.0,H,Real Betis,150.0,14,5,8,8,2,0,1.7324,1.24912,1.24912,4.882352941176471,3,5.0,Manuel Pellegrini,4-3-3 Attacking,39500000.0,27.303341422437935,179.9090909090909,86.0,0
2167,D,2026-03-08,17:30,4645951.0,H,Rayo Vallecano,367.0,9,2,2,15,3,0,0.4395,0.211673,0.211673,5.142857142857143,1,13.0,Iñigo Pérez,4-2-3-1,25900000.0,28.947794163399916,180.36363636363637,71.0,0
2168,H,2026-03-08,20:00,4645956.0,A,Alaves,1108.0,10,4,2,17,6,2,0.7248,1.60795,0.864674,11.12,4,16.0,Quique Sánchez Flores,4-4-2 double 6,27500000.0,28.363885259162466,181.63636363636363,41.0,0
2169,D,2026-03-09,20:00,4645955.0,D,Real Oviedo,2497.0,6,3,0,13,2,0,0.8654,0.886689,0.886689,13.80952380952381,3,20.0,Guillermo Almada,4-2-3-1,16600000.0,27.618443158484226,183.72727272727272,51.0,0
2170,D,2026-03-13,20:00,4645922.0,H,Villarreal,1050.0,10,4,2,11,1,0,2.0408,0.873846,0.873846,8.4,5,4.0,Marcelino,4-4-2,67500000.0,26.395370543214487,185.72727272727272,212.0,0
2171,H,2026-03-14,20:00,4645919.0,H,Elche,1531.0,11,1,4,21,3,0,1.0772,1.3711,1.3711,8.7,5,18.0,Eder Sarabia,5-3-2,12500000.0,26.501151141808226,182.63636363636363,98.0,0
2172,H,2026-03-14,17:30,4645927.0,H,Valencia,1049.0,13,2,7,11,2,0,0.3856,0.486871,0.486871,11.8125,3,14.0,Carlos Corberán,4-2-3-1,22000000.0,28.405699707547754,181.63636363636363,222.0,0
2173,H,2026-03-14,13:00,4645928.0,H,Athletic Club,621.0,20,9,9,16,2,0,1.1720000000000002,1.97271,1.97271,9.181818181818182,12,10.0,Ernesto Valverde,4-2-3-1,48500000.0,29.101611598531516,181.72727272727272,160.0,0
2174,H,2026-03-14,15:15,4645924.0,H,Getafe,3709.0,7,3,3,11,3,1,0.9576,1.58248,1.58248,13.16,4,9.0,José Bordalás,5-3-2,33900000.0,29.64096820359654,184.54545454545453,111.0,0
2175,H,2026-03-15,13:00,4645920.0,A,Espanyol,714.0,10,2,6,14,3,1,0.7468999999999999,1.35243,1.35243,18.705882352941178,3,8.0,Manolo González,4-2-3-1,24000000.0,27.979092775807352,183.0,57.0,0
2176,H,2026-03-15,15:15,4645925.0,H,Sevilla,368.0,8,4,4,14,1,0,0.1185999999999999,1.04304,1.04304,17.48,7,15.0,Matías Almeyda,4-2-3-1,43300000.0,27.68365378632319,184.36363636363637,433.0,0
2177,D,2026-03-15,17:30,4645926.0,A,Celta Vigo,940.0,7,3,4,16,3,0,0.4861,0.646702,0.646702,12.55,2,6.0,Claudio Giráldez,5-4-1,14000000.0,26.491444216290212,180.8181818181818,51.0,0
2178,H,2026-03-15,20:00,4645923.0,H,Osasuna,331.0,13,5,5,11,0,0,0.1536,0.615126,0.615126,13.318181818181818,5,11.0,Alessio Lisci,4-2-3-1,54100000.0,28.532636425860243,181.63636363636363,80.0,0
2179,D,2026-03-16,20:00,4645921.0,A,Levante,3368.0,19,5,6,13,5,0,1.1828,1.45599,1.45599,12.823529411764708,12,19.0,Luís Castro,4-3-3 Attacking,6000000.0,25.664862174102424,181.36363636363637,135.0,0
2180,H,2026-03-20,20:00,4645911.0,H,Real Sociedad,681.0,11,4,5,11,2,0,0.1612,0.894953,0.894953,9.24,11,7.0,Pellegrino Matarazzo,4-2-3-1,107000000.0,26.73088171240122,180.1818181818182,136.0,0
2181,H,2026-03-21,13:00,4645914.0,D,Mallorca,237.0,11,4,2,11,2,0,1.3496,1.51939,0.776109,9.045454545454543,2,18.0,Martín Demichelis,4-2-3-1,35200000.0,27.9487275216228,182.0,173.0,0
2182,A,2026-03-21,15:15,4645915.0,A,Getafe,3709.0,10,5,9,20,7,0,1.8698,2.06384,2.06384,8.7,3,8.0,José Bordalás,5-4-1,35100000.0,30.209196689689506,184.0909090909091,108.0,0
2183,H,2026-03-21,17:30,4645916.0,D,Real Oviedo,2497.0,10,2,1,18,3,0,0.3703999999999999,1.33569,0.59241,5.24,4,20.0,Guillermo Almada,4-2-3-1,8100000.0,27.896210565615082,181.54545454545453,85.0,0
2184,H,2026-03-21,17:30,4645910.0,D,Girona,12321.0,5,0,2,7,1,0,0.136,0.232115,0.232115,11.64,6,13.0,Míchel,4-2-3-1,89800000.0,27.277705183249335,181.36363636363637,391.0,0
2185,A,2026-03-21,20:00,4645917.0,A,Valencia,1049.0,9,4,3,6,1,0,2.3730999999999995,1.7133,1.7133,20.923076923076923,6,12.0,Carlos Corberán,4-3-3 Attacking,41000000.0,28.075415344409183,181.0909090909091,213.0,0
2186,H,2026-03-22,17:30,4645912.0,H,Real Betis,150.0,11,3,5,6,1,0,0.3825,0.591202,0.591202,10.666666666666666,5,5.0,Manuel Pellegrini,4-4-2,74000000.0,27.230415033289777,180.0909090909091,163.0,0
2187,H,2026-03-22,20:00,4645909.0,A,Atletico Madrid,13.0,13,7,1,15,4,0,0.3715999999999999,1.40234,1.40234,18.0,6,4.0,Diego Simeone,4-4-2,260000000.0,28.71482795096758,181.0909090909091,463.0,0
2188,A,2026-03-22,15:15,4645918.0,H,Alaves,1108.0,14,6,1,16,2,0,1.3482,1.67221,1.67221,12.043478260869565,5,15.0,Quique Sánchez Flores,4-4-2,29500000.0,27.71377014498165,181.63636363636363,36.0,0
2189,H,2026-03-22,13:00,4645913.0,H,Rayo Vallecano,367.0,8,4,9,11,4,0,1.5952,2.19631,2.19631,12.192307692307692,3,14.0,Iñigo Pérez,4-2-3-1,39900000.0,29.251695600771576,181.0909090909091,98.0,0
2190,H,2026-04-03,20:00,4645900.0,D,Elche,1531.0,9,4,4,9,4,1,0.6422,0.601974,0.601974,12.588235294117649,4,18.0,Eder Sarabia,3-4-3,13300000.0,27.965403521871693,183.63636363636363,18.0,0
2191,H,2026-04-04,13:00,4645901.0,H,Levante,3368.0,8,4,5,15,3,0,0.0451,0.320219,0.320219,11.2,3,19.0,Luís Castro,4-2-3-1,6000000.0,26.287100989359715,180.72727272727272,140.0,0
2192,H,2026-04-04,15:15,4645906.0,H,Real Madrid,418.0,15,6,4,13,2,0,1.7059,1.51454,1.51454,9.11111111111111,12,2.0,Álvaro Arbeloa,4-4-2,180000000.0,25.311181631510177,182.63636363636363,382.0,0
2193,D,2026-04-04,17:30,4645904.0,D,Espanyol,714.0,8,1,3,18,3,0,0.1129999999999999,0.144091,0.144091,27.714285714285715,1,10.0,Manolo González,4-4-1-1,32000000.0,26.706738846369237,181.9090909090909,35.0,0
2194,A,2026-04-04,20:00,4645903.0,D,Barcelona,131.0,22,8,9,11,2,0,2.542,2.68584,2.68584,10.526315789473683,13,1.0,Hansi Flick,4-2-3-1,70000000.0,24.88158795345654,182.9090909090909,317.0,0
2195,H,2026-04-05,13:00,4645908.0,H,Athletic Club,621.0,5,0,3,11,1,0,0.3016,0.524379,0.524379,4.65,7,11.0,Ernesto Valverde,4-2-3-1,43000000.0,28.912948789745506,184.9090909090909,148.0,0
2196,A,2026-04-05,15:15,4645899.0,H,Celta Vigo,940.0,9,5,0,21,3,0,2.0585,1.457,1.457,7.875,9,6.0,Claudio Giráldez,5-4-1,29000000.0,26.371227677182503,180.0909090909091,72.0,0
2197,H,2026-04-05,17:30,4645907.0,H,Sevilla,368.0,9,0,9,12,3,1,1.329,0.840736,0.840736,14.095238095238097,4,17.0,Luis García,4-2-3-1,50900000.0,26.627341173542405,186.72727272727272,277.0,0
2198,D,2026-04-05,20:00,4645902.0,D,Osasuna,331.0,8,5,1,17,5,0,1.3272,1.61149,0.868217,9.947368421052632,4,9.0,Alessio Lisci,4-2-3-1,57400000.0,30.015058179329227,182.45454545454547,68.0,0
2199,H,2026-04-06,20:00,4645905.0,H,Villarreal,1050.0,9,0,4,9,2,0,1.0417999999999998,0.443518,0.443518,12.666666666666666,7,3.0,Marcelino,4-4-2,100500000.0,26.589757949100864,184.0,185.0,0
2200,D,2026-04-10,20:00,4645940.0,D,Girona,12321.0,10,2,1,13,1,0,0.3655,0.46667,0.46667,20.5,6,12.0,Míchel,4-2-3-1,79900000.0,27.58558894903864,180.8181818181818,310.0,0
2201,H,2026-04-11,20:00,4645947.0,H,Atletico Madrid,13.0,13,2,6,12,4,0,0.6807000000000001,0.855474,0.855474,7.333333333333333,6,4.0,Diego Simeone,4-2-3-1,40600000.0,24.282607042360635,181.44444444444446,130.0,0
2202,H,2026-04-11,17:30,4645942.0,H,Espanyol,714.0,10,2,5,18,6,0,0.2439,1.13134,1.13134,15.515151515151516,5,10.0,Manolo González,4-2-3-1,32000000.0,28.584655590815757,181.72727272727272,28.0,0
2203,H,2026-04-11,15:15,4645944.0,D,Valencia,1049.0,22,8,9,18,1,0,2.5058,2.76889,2.76889,7.9655172413793105,1,14.0,Carlos Corberán,4-4-2,39000000.0,28.513471470350318,181.1818181818182,205.0,0
2204,D,2026-04-11,13:00,4645946.0,D,Alaves,1108.0,12,2,5,18,4,0,1.2523,1.206,1.206,11.5,10,17.0,Quique Sánchez Flores,3-4-1-2,26000000.0,27.909153132972435,181.0,16.0,0
2205,D,2026-04-12,13:00,4645948.0,D,Real Betis,150.0,8,3,3,12,4,0,0.4014,0.411183,0.411183,17.5,3,5.0,Manuel Pellegrini,4-2-3-1,68000000.0,27.476323813079457,181.8181818181818,165.0,0
2206,H,2026-04-12,15:15,4645945.0,H,Rayo Vallecano,367.0,17,3,7,11,4,0,0.98,1.97051,1.97051,10.944444444444445,8,13.0,Iñigo Pérez,4-3-3 Attacking,24600000.0,29.29301225810466,181.27272727272728,70.0,0
2207,A,2026-04-12,17:30,4645943.0,A,Real Oviedo,2497.0,8,5,1,13,2,0,2.2051,2.12846,2.12846,18.0,0,20.0,Guillermo Almada,4-2-3-1,8100000.0,28.04579677680294,182.36363636363637,84.0,0
2208,A,2026-04-12,20:00,4645941.0,A,Villarreal,1050.0,12,6,3,8,3,0,1.5280999999999998,1.55144,1.55144,18.9375,6,3.0,Marcelino,4-4-2,50000000.0,26.41777114056375,185.27272727272728,157.0,0
2209,H,2026-04-13,20:00,4645939.0,D,Getafe,3709.0,5,1,2,24,7,1,0.0372,0.290983,0.290983,7.275862068965517,3,8.0,José Bordalás,5-4-1,23900000.0,28.85893846058117,185.1818181818182,105.0,0
2210,H,2026-04-21,18:00,4645930.0,H,Osasuna,331.0,8,3,4,11,2,0,2.2483,1.39553,0.65225,8.65,8,9.0,Alessio Lisci,4-2-3-1,56600000.0,28.91170431211499,181.72727272727272,73.0,0
2211,D,2026-04-21,18:00,4645933.0,D,Valencia,1049.0,10,3,4,12,2,0,0.8169,1.39393,1.39393,15.72222222222222,7,12.0,Carlos Corberán,4-4-2,50000000.0,27.714765727086057,181.0909090909091,205.0,0
2212,A,2026-04-21,20:30,4645937.0,D,Real Betis,150.0,7,3,1,18,3,0,0.9256,1.24954,1.24954,10.633333333333333,3,5.0,Manuel Pellegrini,4-2-3-1,41500000.0,28.427851409370916,181.54545454545453,221.0,0
2213,H,2026-04-21,20:30,4645935.0,H,Alaves,1108.0,19,5,6,12,1,0,1.4727,1.62967,1.62967,14.391304347826088,12,16.0,Quique Sánchez Flores,5-3-2,26500000.0,28.051521373903302,180.0,20.0,0
2214,H,2026-04-22,18:00,4645936.0,D,Atletico Madrid,13.0,6,3,3,12,2,1,0.1045,0.846836,0.846836,12.571428571428571,3,4.0,Diego Simeone,4-4-2 double 6,37000000.0,25.865023956194385,180.9,239.0,0
2215,A,2026-04-22,19:00,4645929.0,A,Getafe,3709.0,5,0,3,22,5,0,0.1689,0.215233,0.215233,14.63157894736842,2,7.0,José Bordalás,5-3-2,31100000.0,28.56972185924958,182.36363636363637,116.0,0
2216,H,2026-04-22,20:30,4645931.0,H,Celta Vigo,940.0,6,3,3,10,1,0,0.9428,1.07392,1.07392,14.689655172413794,2,6.0,Claudio Giráldez,5-4-1,20000000.0,25.33557339306826,180.54545454545453,56.0,0
2217,D,2026-04-23,20:30,4645934.0,A,Villarreal,1050.0,7,3,0,11,1,0,1.8689,3.25021,1.76366,18.157894736842103,10,3.0,Marcelino,4-4-2,54000000.0,26.80779042996702,184.36363636363637,195.0,0
2218,H,2026-04-23,18:00,4645932.0,H,Sevilla,368.0,7,0,6,16,4,0,0.5891,0.444478,0.444478,9.6,3,18.0,Luis García,5-4-1,29000000.0,25.87542778918549,185.27272727272728,231.0,0
2219,H,2026-04-23,19:00,4645938.0,D,Espanyol,714.0,15,4,5,15,4,0,1.1297,1.68535,0.942201,6.225806451612903,7,13.0,Manolo González,4-4-2,20200000.0,29.197934167133347,181.45454545454547,32.0,0
2220,D,2026-04-24,20:00,4645971.0,A,Real Madrid,418.0,12,8,6,8,2,0,1.4173,1.09576,1.09576,17.57894736842105,13,2.0,Álvaro Arbeloa,4-4-2,350000000.0,26.267189347271483,182.8181818181818,439.0,0
2221,H,2026-04-25,13:00,4645970.0,A,Mallorca,237.0,4,2,4,14,1,0,0.3725,0.221499,0.221499,11.75,2,17.0,Martín Demichelis,4-3-1-2,40700000.0,27.96714579055441,183.45454545454547,174.0,0
2222,A,2026-04-25,15:15,4645976.0,A,Barcelona,131.0,13,4,3,8,2,0,2.4745,2.05171,2.05171,4.533333333333333,4,1.0,Hansi Flick,4-2-3-1,80000000.0,25.629519009395803,180.45454545454547,418.0,0
2223,H,2026-04-25,17:30,4645969.0,D,Girona,12321.0,7,4,4,8,2,0,0.7076,1.38799,1.38799,8.5,4,13.0,Míchel,4-2-3-1,81300000.0,28.753655653039633,180.63636363636363,398.0,0
2224,H,2026-04-25,20:00,4645975.0,A,Athletic Club,621.0,12,4,4,12,0,0,0.4164,0.970599,0.970599,16.565217391304348,5,12.0,Ernesto Valverde,4-2-3-1,65500000.0,28.305394810528284,183.54545454545453,126.0,0
2225,D,2026-04-26,13:00,4645974.0,D,Real Sociedad,681.0,13,8,4,12,4,0,0.8938,2.39684,1.65356,9.666666666666666,7,7.0,Pellegrino Matarazzo,4-4-2,142000000.0,25.776118474270426,181.27272727272728,227.0,0
2226,A,2026-04-26,15:15,4645978.0,A,Elche,1531.0,4,4,1,14,0,1,1.1862,0.621829,0.621829,13.6,2,16.0,Eder Sarabia,5-3-2,9000000.0,27.561197187480555,182.8181818181818,79.0,0
2227,H,2026-04-26,17:30,4645973.0,D,Sevilla,368.0,8,2,4,13,2,0,0.3011,0.553816,0.553816,14.1,3,18.0,Luis García,4-4-2,29000000.0,26.49617323128617,183.0909090909091,227.0,0
2228,H,2026-04-26,20:00,4645977.0,H,Celta Vigo,940.0,9,3,5,16,6,0,1.0345,2.05297,1.30969,12.5,14,6.0,Claudio Giráldez,3-4-2-1,29000000.0,26.20620994337627,181.54545454545453,61.0,0
2229,D,2026-04-27,20:00,4645972.0,D,Levante,3368.0,8,4,4,15,3,0,1.8828,1.38559,1.38559,9.583333333333334,2,19.0,Luís Castro,4-1-4-1,9000000.0,25.994150955136583,182.45454545454547,143.0,0
2230,A,2026-05-01,20:00,4646006.0,A,Mallorca,237.0,8,4,2,25,2,0,1.0391,1.30537,1.30537,8.516129032258064,8,15.0,Martín Demichelis,4-3-1-2,42500000.0,28.496546574575323,181.36363636363637,178.0,0
2231,A,2026-05-02,17:30,4646001.0,H,Athletic Club,621.0,9,4,7,13,4,0,1.5962,0.895921,0.895921,6.5,4,8.0,Ernesto Valverde,4-2-3-1,63000000.0,28.333520004977913,184.0909090909091,165.0,0
2232,A,2026-05-02,20:00,4646008.0,D,Barcelona,131.0,13,4,7,10,2,0,1.5606,1.56763,1.56763,4.92,16,1.0,Hansi Flick,4-2-3-1,80000000.0,25.452305394810526,180.63636363636363,391.0,0
2233,H,2026-05-02,13:00,4645999.0,H,Levante,3368.0,12,3,3,7,1,0,0.3619,0.801231,0.801231,20.4375,6,19.0,Luís Castro,4-2-3-1,6000000.0,26.079273225063783,182.45454545454547,176.0,0
2234,A,2026-05-02,15:15,4646007.0,D,Atletico Madrid,13.0,20,5,7,12,3,0,2.1345,1.80568,1.80568,11.0,8,4.0,Diego Simeone,4-3-3 Defending,35600000.0,25.49121606205795,180.22222222222223,137.0,0
2235,H,2026-05-03,17:30,4646002.0,H,Real Oviedo,2497.0,17,5,4,4,0,0,0.7939,1.14971,1.14971,15.941176470588236,4,20.0,Guillermo Almada,4-2-3-1,6600000.0,28.14684836040072,181.63636363636363,39.0,0
2236,A,2026-05-03,20:00,4646004.0,D,Real Madrid,418.0,15,5,6,16,4,0,1.6706,1.5023,1.5023,6.111111111111111,10,2.0,Álvaro Arbeloa,4-2-3-1,350000000.0,26.191525107336194,183.54545454545453,387.0,0
2237,H,2026-05-03,13:00,4646003.0,H,Elche,1531.0,15,4,2,15,1,0,1.5101,1.64767,0.904389,6.0,7,14.0,Eder Sarabia,3-4-1-2,9800000.0,29.08219774749549,182.63636363636363,72.0,0
2238,A,2026-05-03,15:15,4646005.0,A,Rayo Vallecano,367.0,10,6,1,22,5,0,0.9579,0.954171,0.954171,3.588235294117647,2,11.0,Iñigo Pérez,4-4-2,5600000.0,29.36295190093958,182.1818181818182,90.0,0
2239,H,2026-05-04,20:00,4646000.0,D,Real Sociedad,681.0,6,0,3,11,1,0,0.3792,0.166837,0.166837,11.647058823529411,4,9.0,Pellegrino Matarazzo,4-2-3-1,100000000.0,25.842822475266008,180.9090909090909,164.0,0
2240,H,2026-05-08,20:00,3607576.0,D,Osasuna,331.0,5,3,1,13,0,1,0.0655999999999999,0.500111,0.500111,25.33333333333333,0,10.0,Jagoba Arrasate,5-3-2,61500000.0,27.509426918051147,182.63636363636363,55.0,0
2241,A,2026-05-09,17:30,4407754.0,D,Celta Vigo,940.0,3,1,0,13,2,0,0.0771999999999999,0.292392,0.292392,20.066666666666663,2,14.0,Claudio Giráldez,3-4-3,37800000.0,25.875925580237695,181.45454545454547,38.0,0
2242,D,2026-05-09,20:00,4407660.0,A,Real Betis,150.0,14,6,3,9,3,1,0.7746,1.78903,1.78903,25.4375,2,10.0,Manuel Pellegrini,4-2-3-1,78300000.0,26.379690125070002,181.0909090909091,169.0,0
2243,D,2026-05-09,13:00,3610329.0,D,Alaves,1108.0,12,4,3,13,6,0,1.6475,2.45633,1.71305,15.6,7,19.0,José Luis Mendilibar,4-4-2,32600000.0,28.917180013689254,182.72727272727272,28.0,0
2244,H,2026-05-09,15:15,4407753.0,D,Espanyol,714.0,10,5,6,17,5,0,0.5001,0.402373,0.402373,9.625,4,18.0,Manolo González,4-4-2,30500000.0,26.168377823408626,182.45454545454547,89.0,0
2245,H,2026-05-10,20:00,4407595.0,H,Real Madrid,418.0,8,1,8,9,4,0,0.4975,0.562101,0.562101,29.07692307692308,4,2.0,Carlo Ancelotti,4-2-3-1,870000000.0,26.27117167568913,181.0909090909091,465.0,0
2246,D,2026-05-10,13:00,4405322.0,D,Villarreal,1050.0,7,2,4,13,0,0,0.9135,0.9943,0.251022,21.08333333333333,3,3.0,Marcelino,4-4-2,101900000.0,27.920104536120963,183.63636363636363,129.0,0
2247,A,2026-05-10,15:15,4361563.0,D,Valencia,1049.0,7,3,5,7,3,0,1.9138,1.49759,0.754312,12.235294117647058,2,20.0,Rubén Baraja,4-4-2 double 6,150000000.0,25.040881090162404,184.27272727272728,81.0,0
2248,D,2026-05-11,20:00,4407751.0,D,Girona,12321.0,9,5,5,9,1,0,0.8760999999999999,1.12895,1.12895,18.6875,3,9.0,Míchel,4-2-3-1,102400000.0,28.42386908095327,182.63636363636363,206.0,0
